data_inversa,horario,br,km,municipio,uf,tipo_acidente,causa_acidente,condicao_metereologica,data,hora
2025-01-16,12:30:00,116,173,SAO JOAO DE MERITI,RJ,Colisão lateral mesmo sentido,Acessar a via sem observar a presença dos outros veículos,Céu Claro,2025-01-16,12
2025-01-16,10:30:00,20,"159,2",ALVORADA DO NORTE,GO,Saída de leito carroçável,Velocidade Incompatível,Nublado,2025-01-16,10
2025-01-16,12:42:00,153,523,HIDROLANDIA,GO,Saída de leito carroçável,Velocidade Incompatível,Chuva,2025-01-16,12
2025-01-16,08:15:00,435,35,VILHENA,RO,Saída de leito carroçável,Problema com o freio,Céu Claro,2025-01-16,8
2025-01-16,11:30:00,282,"375,1",HERVAL DOESTE,SC,Colisão lateral sentido oposto,Reação tardia ou ineficiente do condutor,Céu Claro,2025-01-16,11
2025-01-16,07:20:00,381,"234,9",BELO ORIENTE,MG,Colisão frontal,Transitar na contramão,Céu Claro,2025-01-16,7
2025-01-16,12:50:00,116,565,BARRA DO TURVO,SP,Colisão com objeto,Reação tardia ou ineficiente do condutor,Garoa/Chuvisco,2025-01-16,12
2025-01-16,14:20:00,376,665,TIJUCAS DO SUL,PR,Colisão transversal,Manobra de mudança de faixa,Garoa/Chuvisco,2025-01-16,14
2025-01-16,12:04:00,364,"528,6",ARIQUEMES,RO,Colisão transversal,Avarias e/ou desgaste excessivo no pneu,Garoa/Chuvisco,2025-01-16,12
2025-01-16,14:00:00,116,282,EMBU DAS ARTES,SP,Colisão traseira,Reação tardia ou ineficiente do condutor,Nublado,2025-01-16,14
2025-01-16,14:45:00,290,200,RIO PARDO,RS,Colisão traseira,Condutor deixou de manter distância do veículo da frente,Céu Claro,2025-01-16,14
2025-01-16,11:00:00,364,535,ARIQUEMES,RO,Colisão lateral mesmo sentido,Reação tardia ou ineficiente do condutor,Nublado,2025-01-16,11
2025-01-16,12:00:00,116,"21,9",AGUAS VERMELHAS,MG,Tombamento,Velocidade Incompatível,Nublado,2025-01-16,12
2025-01-16,15:00:00,470,"225,8",GARIBALDI,RS,Colisão transversal,Desrespeitar a preferência no cruzamento,Céu Claro,2025-01-16,15
2025-01-16,15:35:00,60,"4,8",SANTO ANTONIO DO DESCOBERTO,GO,Saída de leito carroçável,Pista Escorregadia,Chuva,2025-01-16,15
2025-01-16,14:50:00,277,619,CEU AZUL,PR,Colisão lateral mesmo sentido,Ultrapassagem Indevida,Céu Claro,2025-01-16,14
2025-01-16,15:15:00,373,313,GUARAPUAVA,PR,Colisão transversal,Acessar a via sem observar a presença dos outros veículos,Céu Claro,2025-01-16,15
2025-01-16,16:10:00,376,614,SAO JOSE DOS PINHAIS,PR,Colisão traseira,Reação tardia ou ineficiente do condutor,Garoa/Chuvisco,2025-01-16,16
2025-01-16,14:00:00,153,"187,9",FRUTAL,MG,Colisão lateral sentido oposto,Velocidade Incompatível,Chuva,2025-01-16,14
2025-01-16,15:40:00,262,792,UBERABA,MG,Colisão transversal,Transitar na contramão,Céu Claro,2025-01-16,15
2025-01-16,18:10:00,262,446,NOVA SERRANA,MG,Colisão lateral sentido oposto,Transitar na contramão,Nublado,2025-01-16,18
2025-01-16,17:50:00,116,"59,5",CAMPINA GRANDE DO SUL,PR,Colisão com objeto,Reação tardia ou ineficiente do condutor,Chuva,2025-01-16,17
2025-01-16,18:00:00,116,513,CAJATI,SP,Saída de leito carroçável,Reação tardia ou ineficiente do condutor,Garoa/Chuvisco,2025-01-16,18
2025-01-04,14:50:00,381,"89,7",GUARULHOS,SP,Colisão lateral mesmo sentido,Acessar a via sem observar a presença dos outros veículos,Céu Claro,2025-01-04,14
2025-01-16,18:30:00,324,"519,5",FEIRA DE SANTANA,BA,Colisão traseira,Ausência de reação do condutor,Nublado,2025-01-16,18
2025-01-16,17:35:00,163,"533,1",DIAMANTINO,MT,Tombamento,Avarias e/ou desgaste excessivo no pneu,Céu Claro,2025-01-16,17
2025-01-16,15:10:00,153,"518,8",CACAPAVA DO SUL,RS,Saída de leito carroçável,Velocidade Incompatível,Nublado,2025-01-16,15
2025-01-16,18:30:00,280,"12,5",SAO FRANCISCO DO SUL,SC,Colisão traseira,Conversão proibida,Garoa/Chuvisco,2025-01-16,18
2025-01-16,15:15:00,280,11,SAO FRANCISCO DO SUL,SC,Colisão lateral mesmo sentido,Condutor deixou de manter distância do veículo da frente,Garoa/Chuvisco,2025-01-16,15
2025-01-16,17:40:00,376,"496,4",PONTA GROSSA,PR,Saída de leito carroçável,Mal súbito do condutor,Sol,2025-01-16,17
2025-01-16,22:10:00,101,330,GUARAPARI,ES,Colisão lateral mesmo sentido,Ingestão de álcool pelo condutor,Nublado,2025-01-16,22
2025-01-16,23:20:00,101,"187,1",BIGUACU,SC,Engavetamento,Reação tardia ou ineficiente do condutor,Chuva,2025-01-16,23
2025-01-16,17:49:00,163,31,MUNDO NOVO,MS,Colisão lateral sentido oposto,Manobra de mudança de faixa,Céu Claro,2025-01-16,17
2025-01-17,01:00:00,153,453,UNIAO DA VITORIA,PR,Colisão traseira,Condutor deixou de manter distância do veículo da frente,Céu Claro,2025-01-17,1
2025-01-17,00:05:00,116,"64,1",CABROBO,PE,Colisão frontal,Transitar na contramão,Nublado,2025-01-17,0
2025-01-17,02:30:00,101,232,PALHOCA,SC,Colisão traseira,Condutor deixou de manter distância do veículo da frente,Nublado,2025-01-17,2
2025-01-17,02:20:00,50,"52,9",ARAGUARI,MG,Saída de leito carroçável,Condutor Dormindo,Chuva,2025-01-17,2
2025-01-17,05:30:00,381,84,SAO PAULO,SP,Colisão traseira,Manobra de mudança de faixa,Céu Claro,2025-01-17,5
2025-01-17,06:20:00,116,225,GUARULHOS,SP,Colisão traseira,Reação tardia ou ineficiente do condutor,Nublado,2025-01-17,6
2025-01-17,05:00:00,104,"12,8",CUITE,PB,Saída de leito carroçável,Reação tardia ou ineficiente do condutor,Céu Claro,2025-01-17,5
2025-01-17,08:20:00,101,"193,1",BIGUACU,SC,Saída de leito carroçável,Acumulo de água sobre o pavimento,Chuva,2025-01-17,8
2025-01-17,10:45:00,116,"19,5",ITAITINGA,CE,Engavetamento,Condutor deixou de manter distância do veículo da frente,Nublado,2025-01-17,10
2025-01-17,10:30:00,381,7,VARGEM,SP,Colisão traseira,Estacionar ou parar em local proibido,Nublado,2025-01-17,10
2025-01-17,07:50:00,262,"896,6",CAMPO FLORIDO,MG,Incêndio,Demais falhas mecânicas ou elétricas,Céu Claro,2025-01-17,7
2025-01-17,09:20:00,280,98,CORUPA,SC,Colisão traseira,Ausência de reação do condutor,Céu Claro,2025-01-17,9
2025-01-17,11:15:00,280,"28,8",ARAQUARI,SC,Colisão lateral mesmo sentido,Trafegar com motocicleta (ou similar) entre as faixas,Nublado,2025-01-17,11
2025-01-17,11:30:00,116,295,BARRA MANSA,RJ,Engavetamento,Reação tardia ou ineficiente do condutor,Sol,2025-01-17,11
2025-01-17,09:00:00,116,"491,8",MILAGRES,CE,Tombamento,Acessar a via sem observar a presença dos outros veículos,Chuva,2025-01-17,9
2025-01-17,13:00:00,101,17,JOINVILLE,SC,Colisão com objeto,Velocidade Incompatível,Céu Claro,2025-01-17,13
2025-01-17,14:15:00,381,2,BETIM,MG,Colisão lateral mesmo sentido,Condutor deixou de manter distância do veículo da frente,Céu Claro,2025-01-17,14
2025-01-17,13:30:00,408,62,CARPINA,PE,Colisão lateral mesmo sentido,Reação tardia ou ineficiente do condutor,Céu Claro,2025-01-17,13
2025-01-17,11:55:00,373,172,PONTA GROSSA,PR,Colisão traseira,Ausência de reação do condutor,Céu Claro,2025-01-17,11
2025-01-17,12:26:00,222,642,ACAILANDIA,MA,Colisão lateral sentido oposto,Condutor Dormindo,Céu Claro,2025-01-17,12
2025-01-17,16:00:00,226,"182,1",CURRAIS NOVOS,RN,Colisão com objeto,Reação tardia ou ineficiente do condutor,Céu Claro,2025-01-17,16
2025-01-17,16:15:00,40,589,ITABIRITO,MG,Colisão lateral mesmo sentido,Ultrapassagem Indevida,Céu Claro,2025-01-17,16
2025-01-17,15:49:00,230,26,JOAO PESSOA,PB,Colisão traseira,Ausência de reação do condutor,Céu Claro,2025-01-17,15
2025-01-17,16:50:00,101,38,IGARASSU,PE,Engavetamento,Condutor deixou de manter distância do veículo da frente,Nublado,2025-01-17,16
2025-01-17,13:48:00,163,"185,9",JUTI,MS,Saída de leito carroçável,Reação tardia ou ineficiente do condutor,Céu Claro,2025-01-17,13
2025-01-17,15:00:00,364,"15,9",VILHENA,RO,Colisão transversal,Desrespeitar a preferência no cruzamento,Sol,2025-01-17,15
2025-01-17,11:00:00,262,562,CORREGO DANTA,MG,Tombamento,Acostamento em desnível,Sol,2025-01-17,11
2025-01-17,14:50:00,153,353,REBOUCAS,PR,Tombamento,Ultrapassagem Indevida,Garoa/Chuvisco,2025-01-17,14
2025-01-17,14:00:00,116,"138,8",SAO JOSE DOS CAMPOS,SP,Colisão com objeto,Entrada inopinada do pedestre,Céu Claro,2025-01-17,14
2025-01-17,17:45:00,101,"331,8",TUBARAO,SC,Colisão transversal,Acessar a via sem observar a presença dos outros veículos,Céu Claro,2025-01-17,17
2025-01-17,18:00:00,369,"149,7",LONDRINA,PR,Colisão traseira,Condutor deixou de manter distância do veículo da frente,Nublado,2025-01-17,18
2025-01-17,17:45:00,163,117,RONDONOPOLIS,MT,Colisão transversal,Reação tardia ou ineficiente do condutor,Nublado,2025-01-17,17
2025-01-17,15:00:00,116,528,ITATIM,BA,Engavetamento,Condutor usando celular,Céu Claro,2025-01-17,15
2025-01-17,15:05:00,280,30,ARAQUARI,SC,Saída de leito carroçável,Demais falhas mecânicas ou elétricas,Nublado,2025-01-17,15
2025-01-13,10:53:00,101,142,LINHARES,ES,Colisão traseira,Falta de acostamento,Céu Claro,2025-01-13,10
2025-01-17,18:15:00,153,"798,8",TALISMA,TO,Saída de leito carroçável,Ausência de reação do condutor,Nublado,2025-01-17,18
2025-01-17,19:00:00,423,59,AGUA BRANCA,AL,Colisão frontal,Transitar na contramão,Céu Claro,2025-01-17,19
2025-01-07,22:15:00,116,"58,9",CAMPINA GRANDE DO SUL,PR,Colisão com objeto,Chuva,Chuva,2025-01-07,22
2025-01-17,21:20:00,101,"144,8",LINHARES,ES,Colisão transversal,Condutor desrespeitou a iluminação vermelha do semáforo,Céu Claro,2025-01-17,21
2025-01-17,22:10:00,116,193,QUEIMADOS,RJ,Colisão traseira,Condutor deixou de manter distância do veículo da frente,Nublado,2025-01-17,22
2025-01-17,21:30:00,226,108,CAXIAS,MA,Saída de leito carroçável,Ausência de reação do condutor,Ignorado,2025-01-17,21
2025-01-18,01:20:00,163,854,SINOP,MT,Colisão transversal,Acessar a via sem observar a presença dos outros veículos,Nublado,2025-01-18,1
2025-01-18,03:15:00,101,49,JOINVILLE,SC,Colisão com objeto,Ausência de reação do condutor,Nublado,2025-01-18,3
2025-01-18,03:00:00,381,482,BETIM,MG,Colisão traseira,Ausência de reação do condutor,Ignorado,2025-01-18,3
2025-01-18,03:00:00,101,"59,9",SANTA RITA,PB,Atropelamento de Pedestre,Transitar no Acostamento,Nublado,2025-01-18,3
2025-01-18,04:20:00,381,888,CAMBUI,MG,Colisão traseira,Reação tardia ou ineficiente do condutor,Céu Claro,2025-01-18,4
2025-01-18,05:20:00,392,"8,6",RIO GRANDE,RS,Tombamento,Demais falhas na via,Céu Claro,2025-01-18,5
2025-01-18,03:40:00,70,46,BARRA DO GARCAS,MT,Saída de leito carroçável,Ultrapassagem Indevida,Céu Claro,2025-01-18,3
2025-01-17,13:50:00,435,89,COLORADO DO OESTE,RO,Colisão com objeto,Ausência de reação do condutor,Céu Claro,2025-01-17,13
2025-01-18,05:00:00,116,511,CAJATI,SP,Tombamento,Reação tardia ou ineficiente do condutor,Garoa/Chuvisco,2025-01-18,5
2025-01-17,23:30:00,381,"403,5",BOM JESUS DO AMPARO,MG,Tombamento,Demais falhas mecânicas ou elétricas,Nublado,2025-01-17,23
2025-01-02,23:40:00,153,"606,6",MORRINHOS,GO,Colisão traseira,Condutor Dormindo,Nublado,2025-01-02,23
2025-01-15,07:10:00,476,348,PAULA FREITAS,PR,Colisão com objeto,Ausência de reação do condutor,Céu Claro,2025-01-15,7
2025-01-18,06:22:00,116,"23,1",ANTONINA,PR,Colisão lateral mesmo sentido,Manobra de mudança de faixa,Garoa/Chuvisco,2025-01-18,6
2025-01-18,08:30:00,116,525,CAJATI,SP,Colisão traseira,Reação tardia ou ineficiente do condutor,Nublado,2025-01-18,8
2025-01-18,10:40:00,116,212,GUARULHOS,SP,Colisão traseira,Velocidade Incompatível,Sol,2025-01-18,10
2025-01-18,10:40:00,158,136,PALMITOS,SC,Tombamento,Avarias e/ou desgaste excessivo no pneu,Sol,2025-01-18,10
2025-01-18,09:30:00,101,"250,7",RIO BONITO,RJ,Colisão com objeto,Condutor Dormindo,Céu Claro,2025-01-18,9
2025-01-18,15:05:00,153,719,FIGUEIROPOLIS,TO,Colisão lateral sentido oposto,Ingestão de álcool pelo condutor,Chuva,2025-01-18,15
2025-01-18,11:05:00,317,343,BRASILEIA,AC,Colisão traseira,Condutor deixou de manter distância do veículo da frente,Céu Claro,2025-01-18,11
2025-01-18,15:35:00,163,740,SORRISO,MT,Colisão traseira,Ausência de reação do condutor,Nublado,2025-01-18,15
2025-01-18,15:50:00,101,66,MARUIM,SE,Colisão transversal,Acessar a via sem observar a presença dos outros veículos,Céu Claro,2025-01-18,15
2025-01-18,17:32:00,101,65,RECIFE,PE,Colisão lateral mesmo sentido,Manobra de mudança de faixa,Céu Claro,2025-01-18,17
2025-01-18,18:35:00,50,"194,5",DELTA,MG,Tombamento,Ingestão de álcool pelo condutor,Céu Claro,2025-01-18,18
2025-01-18,17:20:00,282,"452,5",PONTE SERRADA,SC,Colisão lateral mesmo sentido,Manobra de mudança de faixa,Sol,2025-01-18,17
2025-01-18,21:18:00,116,674,JEQUIE,BA,Incêndio,Demais falhas mecânicas ou elétricas,Céu Claro,2025-01-18,21
2025-01-18,20:20:00,153,"455,3",UNIAO DA VITORIA,PR,Colisão lateral sentido oposto,Ingestão de álcool pelo condutor,Nublado,2025-01-18,20
2025-01-18,06:45:00,376,326,ORTIGUEIRA,PR,Colisão com objeto,Velocidade Incompatível,Nublado,2025-01-18,6
2025-01-18,22:30:00,470,118,IBIRAMA,SC,Atropelamento de Pedestre,Pedestre andava na pista,Nublado,2025-01-18,22
2025-01-18,20:50:00,163,782,SORRISO,MT,Eventos atípicos,Ingestão de álcool pelo condutor,Chuva,2025-01-18,20
2025-01-18,13:00:00,343,300,ALTOS,PI,Tombamento,Ausência de reação do condutor,Nublado,2025-01-18,13
2025-01-19,00:01:00,304,241,RIACHUELO,RN,Colisão frontal,Transitar na contramão,Chuva,2025-01-19,0
2025-01-19,07:32:00,101,6,RIO REAL,BA,Colisão transversal,Demais falhas mecânicas ou elétricas,Céu Claro,2025-01-19,7
2025-01-19,09:15:00,386,"238,7",SOLEDADE,RS,Colisão transversal,Retorno proibido,Sol,2025-01-19,9
2025-01-19,06:00:00,163,648,LUCAS DO RIO VERDE,MT,Saída de leito carroçável,Ultrapassagem Indevida,Chuva,2025-01-19,6
2025-01-19,08:22:00,101,798,ITAMARAJU,BA,Colisão lateral mesmo sentido,Manobra de mudança de faixa,Nublado,2025-01-19,8
2025-01-19,07:00:00,104,"4,1",TAQUARITINGA DO NORTE,PE,Atropelamento de Pedestre,Suicídio (presumido),Céu Claro,2025-01-19,7
2025-01-19,09:05:00,222,"270,1",COREAU,CE,Colisão lateral sentido oposto,Reação tardia ou ineficiente do condutor,Céu Claro,2025-01-19,9
2025-01-19,09:40:00,116,33,CACHOEIRA DE PAJEU,MG,Colisão com objeto,Ausência de reação do condutor,Sol,2025-01-19,9
2025-01-19,13:00:00,381,938,EXTREMA,MG,Colisão traseira,Estacionar ou parar em local proibido,Chuva,2025-01-19,13
2025-01-19,11:15:00,381,656,SANTO ANTONIO DO AMPARO,MG,Colisão com objeto,Mal súbito do condutor,Nublado,2025-01-19,11
2025-01-19,13:20:00,101,124,SAO JOSE DE MIPIBU,RN,Colisão lateral mesmo sentido,Manobra de mudança de faixa,Céu Claro,2025-01-19,13
2025-01-19,09:30:00,116,262,VOLTA REDONDA,RJ,Eventos atípicos,Mal súbito do condutor,Céu Claro,2025-01-19,9
2025-01-19,12:50:00,101,158,PORTO BELO,SC,Colisão lateral mesmo sentido,Acesso irregular,Sol,2025-01-19,12
2025-01-19,10:30:00,242,351,LENCOIS,BA,Tombamento,Velocidade Incompatível,Céu Claro,2025-01-19,10
2025-01-19,14:45:00,277,135,BALSA NOVA,PR,Tombamento,Velocidade Incompatível,Chuva,2025-01-19,14
2025-01-19,11:30:00,116,728,MANOEL VITORINO,BA,Colisão com objeto,Reação tardia ou ineficiente do condutor,Céu Claro,2025-01-19,11
2025-01-19,15:50:00,364,587,DIAMANTINO,MT,Saída de leito carroçável,Reação tardia ou ineficiente do condutor,Chuva,2025-01-19,15
2025-01-19,14:30:00,116,"222,8",CATUJI,MG,Saída de leito carroçável,Reação tardia ou ineficiente do condutor,Sol,2025-01-19,14
2025-01-19,08:30:00,10,156,PARAGOMINAS,PA,Tombamento,Avarias e/ou desgaste excessivo no pneu,Céu Claro,2025-01-19,8
2025-01-19,17:20:00,116,347,MIRACATU,SP,Colisão lateral mesmo sentido,Mal súbito do condutor,Céu Claro,2025-01-19,17
2025-01-19,14:20:00,364,59,VILHENA,RO,Saída de leito carroçável,Reação tardia ou ineficiente do condutor,Chuva,2025-01-19,14
2025-01-19,09:50:00,10,"299,9",IRITUIA,PA,Tombamento,Carga excessiva e/ou mal acondicionada,Nublado,2025-01-19,9
2025-01-19,19:20:00,101,"135,8",BALNEARIO CAMBORIU,SC,Colisão lateral mesmo sentido,Ingestão de álcool pelo condutor,Nublado,2025-01-19,19
2025-01-19,20:04:00,101,46,IGARASSU,PE,Colisão lateral mesmo sentido,Manobra de mudança de faixa,Céu Claro,2025-01-19,20
2025-01-19,22:20:00,386,240,SOLEDADE,RS,Colisão lateral sentido oposto,Transitar na contramão,Nublado,2025-01-19,22
2025-01-19,19:40:00,376,"100,3",PARANAVAI,PR,Tombamento,Ausência de reação do condutor,Chuva,2025-01-19,19
2025-01-19,22:40:00,116,"164,3",JACAREI,SP,Colisão lateral mesmo sentido,Reação tardia ou ineficiente do condutor,Nublado,2025-01-19,22
2025-01-19,20:30:00,324,625,SALVADOR,BA,Colisão traseira,Condutor deixou de manter distância do veículo da frente,Céu Claro,2025-01-19,20
2025-01-19,23:53:00,364,480,JANGADA,MT,Tombamento,Ausência de reação do condutor,Céu Claro,2025-01-19,23
2025-01-20,01:00:00,392,136,CANGUCU,RS,Tombamento,Condutor Dormindo,Nevoeiro/Neblina,2025-01-20,1
2025-01-19,21:20:00,316,56,MONSENHOR GIL,PI,Colisão lateral sentido oposto,Transitar na contramão,Nublado,2025-01-19,21
2025-01-20,03:00:00,101,29,JOAQUIM GOMES,AL,Tombamento,Acostamento em desnível,Céu Claro,2025-01-20,3
2025-01-20,04:30:00,101,"23,6",GOIANA,PE,Saída de leito carroçável,Demais falhas mecânicas ou elétricas,Céu Claro,2025-01-20,4
2025-01-20,05:20:00,163,567,BANDEIRANTES,MS,Saída de leito carroçável,Condutor Dormindo,Céu Claro,2025-01-20,5
2025-01-20,07:00:00,40,7,BRASILIA,DF,Colisão lateral mesmo sentido,Manobra de mudança de faixa,Céu Claro,2025-01-20,7
2025-01-20,06:00:00,230,590,VITORIA DO XINGU,PA,Tombamento,Avarias e/ou desgaste excessivo no pneu,Céu Claro,2025-01-20,6
2025-01-20,07:45:00,376,"3,3",APUCARANA,PR,Colisão lateral mesmo sentido,Ultrapassagem Indevida,Céu Claro,2025-01-20,7
2025-01-20,07:10:00,468,"66,8",CAMPO NOVO,RS,Colisão frontal,Transitar na contramão,Céu Claro,2025-01-20,7
2025-01-20,09:15:00,232,409,SERRA TALHADA,PE,Colisão transversal,Acessar a via sem observar a presença dos outros veículos,Céu Claro,2025-01-20,9
2025-01-20,09:54:00,472,571,URUGUAIANA,RS,Colisão transversal,Acessar a via sem observar a presença dos outros veículos,Céu Claro,2025-01-20,9
2025-01-20,09:45:00,290,"418,5",SAO GABRIEL,RS,Colisão traseira,Ausência de reação do condutor,Céu Claro,2025-01-20,9
2025-01-20,07:35:00,116,"29,8",VITORIA DA CONQUISTA,BA,Tombamento,Carga excessiva e/ou mal acondicionada,Céu Claro,2025-01-20,7
2025-01-20,08:35:00,116,41,SALGUEIRO,PE,Colisão frontal,Ultrapassagem Indevida,Nublado,2025-01-20,8
2025-01-20,10:20:00,381,357,JOAO MONLEVADE,MG,Colisão transversal,Conversão proibida,Sol,2025-01-20,10
2025-01-20,09:10:00,232,"266,1",SERTANIA,PE,Engavetamento,Frear bruscamente,Nublado,2025-01-20,9
2025-01-20,11:00:00,20,27,FORMOSA,GO,Colisão lateral mesmo sentido,Ultrapassagem Indevida,Céu Claro,2025-01-20,11
2025-01-20,11:59:00,40,483,SETE LAGOAS,MG,Colisão lateral mesmo sentido,Reação tardia ou ineficiente do condutor,Céu Claro,2025-01-20,11
2025-01-20,12:40:00,230,"58,6",CRUZ DO ESPIRITO SANTO,PB,Colisão traseira,Ultrapassagem Indevida,Céu Claro,2025-01-20,12
2025-01-20,08:00:00,116,"871,5",VITORIA DA CONQUISTA,BA,Colisão lateral sentido oposto,Transitar na contramão,Céu Claro,2025-01-20,8
2025-01-20,06:30:00,116,"71,6",MEDINA,MG,Colisão lateral sentido oposto,Ausência de reação do condutor,Céu Claro,2025-01-20,6
2025-01-20,09:35:00,101,430,MANGARATIBA,RJ,Colisão traseira,Condutor deixou de manter distância do veículo da frente,Sol,2025-01-20,9
2025-01-20,13:10:00,428,189,PETROLINA,PE,Colisão frontal,Acesso irregular,Céu Claro,2025-01-20,13
2025-01-20,09:00:00,423,62,LAJEDO,PE,Colisão frontal,Transitar na contramão,Céu Claro,2025-01-20,9
2025-01-20,10:56:00,116,"93,4",CAMPESTRE DA SERRA,RS,Colisão lateral sentido oposto,Mal súbito do condutor,Sol,2025-01-20,10
2025-01-20,13:40:00,40,574,ITABIRITO,MG,Colisão transversal,Acessar a via sem observar a presença dos outros veículos,Céu Claro,2025-01-20,13
2025-01-20,13:07:00,364,1253,COMODORO,MT,Colisão traseira,Condutor deixou de manter distância do veículo da frente,Nublado,2025-01-20,13
2025-01-20,15:00:00,452,192,ITUMBIARA,GO,Derramamento de carga,Reação tardia ou ineficiente do condutor,Céu Claro,2025-01-20,15
2025-01-20,16:05:00,101,"45,2",TERRA DE AREIA,RS,Colisão lateral mesmo sentido,Manobra de mudança de faixa,Céu Claro,2025-01-20,16
2025-01-20,05:30:00,242,840,BARREIRAS,BA,Saída de leito carroçável,Pista Escorregadia,Céu Claro,2025-01-20,5
2025-01-16,17:40:00,153,"662,8",GOIATUBA,GO,Saída de leito carroçável,Velocidade Incompatível,Nublado,2025-01-16,17
2025-01-20,13:20:00,277,"426,5",VIRMOND,PR,Derramamento de carga,Ingestão de álcool pelo condutor,Céu Claro,2025-01-20,13
2025-01-20,08:30:00,222,4,CAUCAIA,CE,Colisão lateral mesmo sentido,Manobra de mudança de faixa,Céu Claro,2025-01-20,8
2025-01-20,15:50:00,381,"929,9",ITAPEVA,MG,Tombamento,Velocidade Incompatível,Céu Claro,2025-01-20,15
2025-01-20,16:00:00,116,564,BARRA DO TURVO,SP,Tombamento,Reação tardia ou ineficiente do condutor,Céu Claro,2025-01-20,16
2025-01-20,16:20:00,163,"420,2",CAMPO GRANDE,MS,Colisão transversal,Acessar a via sem observar a presença dos outros veículos,Céu Claro,2025-01-20,16
2025-01-20,16:25:00,20,272,CANINDE,CE,Colisão transversal,Acessar a via sem observar a presença dos outros veículos,Céu Claro,2025-01-20,16
2025-01-20,12:24:00,364,271,SENA MADUREIRA,AC,Incêndio,Demais falhas mecânicas ou elétricas,Céu Claro,2025-01-20,12
2025-01-20,17:20:00,116,"140,2",SAO JOSE DOS CAMPOS,SP,Colisão traseira,Condutor deixou de manter distância do veículo da frente,Céu Claro,2025-01-20,17
2025-01-20,15:07:00,381,"700,8",LAVRAS,MG,Tombamento,Velocidade Incompatível,Céu Claro,2025-01-20,15
2025-01-20,15:52:00,364,"67,5",CACHOEIRA ALTA,GO,Colisão frontal,Ausência de reação do condutor,Céu Claro,2025-01-20,15
2025-01-20,13:30:00,470,"353,6",CAMPOS NOVOS,SC,Tombamento,Reação tardia ou ineficiente do condutor,Céu Claro,2025-01-20,13
2025-01-20,18:00:00,316,155,PALMEIRA DOS INDIOS,AL,Colisão transversal,Ingestão de álcool pelo condutor,Ignorado,2025-01-20,18
2025-01-20,17:40:00,324,525,FEIRA DE SANTANA,BA,Colisão lateral mesmo sentido,Reação tardia ou ineficiente do condutor,Céu Claro,2025-01-20,17
2025-01-20,17:00:00,70,159,GENERAL CARNEIRO,MT,Tombamento,Ausência de reação do condutor,Céu Claro,2025-01-20,17
2025-01-20,17:50:00,101,"99,7",JAGUARE,ES,Colisão traseira,Acesso irregular,Céu Claro,2025-01-20,17
2025-01-20,18:30:00,386,"251,6",SOLEDADE,RS,Colisão traseira,Condutor deixou de manter distância do veículo da frente,Céu Claro,2025-01-20,18
2025-01-20,17:50:00,364,5,VILHENA,RO,Colisão traseira,Transitar no Acostamento,Céu Claro,2025-01-20,17
2025-01-20,20:05:00,282,56,RANCHO QUEIMADO,SC,Colisão frontal,Transitar na contramão,Garoa/Chuvisco,2025-01-20,20
2025-01-20,20:00:00,381,526,BRUMADINHO,MG,Colisão traseira,Pista Escorregadia,Nublado,2025-01-20,20
2025-01-20,18:10:00,163,602,NOVA MUTUM,MT,Saída de leito carroçável,Ultrapassagem Indevida,Nublado,2025-01-20,18
2025-01-20,16:30:00,101,"13,4",CAMPOS DOS GOYTACAZES,RJ,Colisão traseira,Condutor deixou de manter distância do veículo da frente,Céu Claro,2025-01-20,16
2025-01-20,22:45:00,116,2,CAMPINA GRANDE DO SUL,PR,Tombamento,Velocidade Incompatível,Nublado,2025-01-20,22
2025-01-21,01:15:00,116,468,MILAGRES,CE,Colisão traseira,Condutor Dormindo,Chuva,2025-01-21,1
2025-01-21,01:30:00,282,46,AGUAS MORNAS,SC,Colisão frontal,Condutor Dormindo,Nublado,2025-01-21,1
2025-01-21,00:10:00,20,154,ALVORADA DO NORTE,GO,Colisão frontal,Objeto estático sobre o leito carroçável,Chuva,2025-01-21,0
2025-01-21,02:30:00,101,309,VIANA,ES,Colisão traseira,Velocidade Incompatível,Céu Claro,2025-01-21,2
2025-01-21,01:00:00,116,504,PELOTAS,RS,Saída de leito carroçável,Reação tardia ou ineficiente do condutor,Chuva,2025-01-21,1
2025-01-21,05:35:00,153,501,GOIANIA,GO,Colisão transversal,Reação tardia ou ineficiente do condutor,Céu Claro,2025-01-21,5
2025-01-21,04:15:00,101,30,JOAQUIM GOMES,AL,Tombamento,Velocidade Incompatível,Céu Claro,2025-01-21,4
2025-01-21,06:10:00,376,651,TIJUCAS DO SUL,PR,Tombamento,Velocidade Incompatível,Céu Claro,2025-01-21,6
2025-01-21,07:15:00,60,393,RIO VERDE,GO,Colisão lateral mesmo sentido,Ausência de sinalização,Céu Claro,2025-01-21,7
2025-01-21,05:40:00,277,247,IRATI,PR,Saída de leito carroçável,Condutor Dormindo,Nublado,2025-01-21,5
2025-01-21,06:10:00,116,877,VITORIA DA CONQUISTA,BA,Colisão frontal,Ultrapassagem Indevida,Céu Claro,2025-01-21,6
2025-01-21,08:00:00,153,"501,3",GOIANIA,GO,Tombamento,Objeto estático sobre o leito carroçável,Sol,2025-01-21,8
2025-01-21,08:22:00,116,427,CRISTAL,RS,Colisão transversal,Acessar a via sem observar a presença dos outros veículos,Céu Claro,2025-01-21,8
2025-01-17,22:00:00,116,696,JEQUIE,BA,Saída de leito carroçável,Curva acentuada,Céu Claro,2025-01-17,22