data_inversa,horario,br,km,municipio,uf,tipo_acidente,causa_acidente,condicao_metereologica,data,hora
2025-01-30,00:00:00,101,159,CANGUARETAMA,RN,Incêndio,Demais falhas mecânicas ou elétricas,Chuva,2025-01-30,0
2025-01-29,23:00:00,262,"594,5",CAMPOS ALTOS,MG,Tombamento,Velocidade Incompatível,Chuva,2025-01-29,23
2025-01-30,01:10:00,116,320,JUQUITIBA,SP,Engavetamento,Condutor deixou de manter distância do veículo da frente,Nublado,2025-01-30,1
2025-01-29,16:20:00,101,277,IMBITUBA,SC,Colisão com objeto,Ausência de reação do condutor,Garoa/Chuvisco,2025-01-29,16
2025-01-30,05:15:00,20,39,BRASILIA,DF,Queda de ocupante de veículo,Reação tardia ou ineficiente do condutor,Chuva,2025-01-30,5
2025-01-30,02:30:00,381,651,SANTO ANTONIO DO AMPARO,MG,Colisão lateral mesmo sentido,Ausência de reação do condutor,Nublado,2025-01-30,2
2025-01-30,00:30:00,373,"227,9",IMBITUVA,PR,Saída de leito carroçável,Reação tardia ou ineficiente do condutor,Céu Claro,2025-01-30,0
2025-01-30,03:40:00,116,890,VITORIA DA CONQUISTA,BA,Tombamento,Demais falhas mecânicas ou elétricas,Nublado,2025-01-30,3
2025-01-30,07:00:00,116,864,VITORIA DA CONQUISTA,BA,Saída de leito carroçável,Reação tardia ou ineficiente do condutor,Céu Claro,2025-01-30,7
2025-01-30,06:55:00,153,75,PORANGATU,GO,Colisão traseira,Ausência de reação do condutor,Garoa/Chuvisco,2025-01-30,6
2025-01-30,00:10:00,493,90,SEROPEDICA,RJ,Tombamento,Reação tardia ou ineficiente do condutor,Nublado,2025-01-30,0
2025-01-30,07:25:00,153,"61,4",SAO JOSE DO RIO PRETO,SP,Colisão lateral mesmo sentido,Ausência de reação do condutor,Nublado,2025-01-30,7
2025-01-30,06:50:00,101,67,CAMPOS DOS GOYTACAZES,RJ,Colisão transversal,Acesso irregular,Céu Claro,2025-01-30,6
2025-01-30,07:45:00,153,"499,8",GOIANIA,GO,Colisão traseira,Trafegar com motocicleta (ou similar) entre as faixas,Nublado,2025-01-30,7
2025-01-30,08:30:00,116,119,CURITIBA,PR,Colisão lateral mesmo sentido,Manobra de mudança de faixa,Nublado,2025-01-30,8
2025-01-30,09:30:00,364,152,PIMENTA BUENO,RO,Saída de leito carroçável,Faixas de trânsito com largura insuficiente,Céu Claro,2025-01-30,9
2025-01-30,11:30:00,116,"456,9",REGISTRO,SP,Colisão lateral mesmo sentido,Acessar a via sem observar a presença dos outros veículos,Nublado,2025-01-30,11
2025-01-30,11:00:00,101,"8,1",PEDRO CANARIO,ES,Tombamento,Velocidade Incompatível,Céu Claro,2025-01-30,11
2025-01-30,10:00:00,101,83,CAMPOS DOS GOYTACAZES,RJ,Tombamento,Reação tardia ou ineficiente do condutor,Céu Claro,2025-01-30,10
2025-01-30,09:30:00,20,2,BRASILIA,DF,Colisão lateral mesmo sentido,Manobra de mudança de faixa,Chuva,2025-01-30,9
2025-01-30,07:00:00,158,"544,9",AGUA BOA,MT,Tombamento,Acostamento em desnível,Nublado,2025-01-30,7
2025-01-30,12:50:00,40,"88,6",CRISTALINA,GO,Colisão transversal,Desrespeitar a preferência no cruzamento,Céu Claro,2025-01-30,12
2025-01-30,13:45:00,116,"6,9",MAFRA,SC,Colisão transversal,Acesso irregular,Céu Claro,2025-01-30,13
2025-01-30,13:35:00,386,"234,2",SOLEDADE,RS,Colisão frontal,Acesso irregular,Céu Claro,2025-01-30,13
2025-01-30,12:32:00,277,342,GUARAPUAVA,PR,Capotamento,Reação tardia ou ineficiente do condutor,Céu Claro,2025-01-30,12
2025-01-30,13:00:00,116,"375,9",ICO,CE,Colisão transversal,Ausência de reação do condutor,Céu Claro,2025-01-30,13
2025-01-30,14:50:00,316,56,CASTANHAL,PA,Colisão traseira,Manobra de mudança de faixa,Céu Claro,2025-01-30,14
2025-01-30,15:00:00,116,543,MILAGRES,BA,Colisão traseira,Condutor deixou de manter distância do veículo da frente,Céu Claro,2025-01-30,15
2025-01-30,12:30:00,163,839,SONORA,MS,Saída de leito carroçável,Ingestão de álcool pelo condutor,Céu Claro,2025-01-30,12
2025-01-30,12:30:00,153,468,BARROLANDIA,TO,Saída de leito carroçável,Demais falhas mecânicas ou elétricas,Nublado,2025-01-30,12
2025-01-30,14:00:00,290,86,PORTO ALEGRE,RS,Colisão traseira,Condutor deixou de manter distância do veículo da frente,Céu Claro,2025-01-30,14
2025-01-30,13:30:00,376,602,CURITIBA,PR,Tombamento,Reação tardia ou ineficiente do condutor,Sol,2025-01-30,13
2025-01-30,11:30:00,116,115,CURITIBA,PR,Tombamento,Reação tardia ou ineficiente do condutor,Céu Claro,2025-01-30,11
2025-01-30,16:10:00,116,276,TEOFILO OTONI,MG,Colisão lateral mesmo sentido,Manobra de mudança de faixa,Nublado,2025-01-30,16
2025-01-30,16:10:00,116,"20,3",LAVRINHAS,SP,Colisão traseira,Demais falhas mecânicas ou elétricas,Nublado,2025-01-30,16
2025-01-30,15:35:00,476,145,CURITIBA,PR,Colisão traseira,Reação tardia ou ineficiente do condutor,Céu Claro,2025-01-30,15
2025-01-30,14:00:00,277,"226,8",TEIXEIRA SOARES,PR,Colisão traseira,Ausência de sinalização,Céu Claro,2025-01-30,14
2025-01-30,17:28:00,101,"74,5",MESSIAS,AL,Colisão lateral mesmo sentido,Manobra de mudança de faixa,Céu Claro,2025-01-30,17
2025-01-30,17:15:00,101,"42,1",JOINVILLE,SC,Colisão traseira,Trafegar com motocicleta (ou similar) entre as faixas,Nublado,2025-01-30,17
2025-01-30,15:50:00,40,"529,8",CONTAGEM,MG,Colisão com objeto,Chuva,Chuva,2025-01-30,15
2025-01-30,17:00:00,116,"163,6",JACAREI,SP,Colisão traseira,Demais falhas mecânicas ou elétricas,Chuva,2025-01-30,17
2025-01-30,16:30:00,116,"698,2",MURIAE,MG,Tombamento,Velocidade Incompatível,Sol,2025-01-30,16
2025-01-30,18:10:00,373,181,PONTA GROSSA,PR,Colisão frontal,Acessar a via sem observar a presença dos outros veículos,Chuva,2025-01-30,18
2025-01-30,18:30:00,158,332,SANTA MARIA,RS,Saída de leito carroçável,Reação tardia ou ineficiente do condutor,Nublado,2025-01-30,18
2025-01-30,18:00:00,101,112,ITAJAI,SC,Colisão lateral mesmo sentido,Trafegar com motocicleta (ou similar) entre as faixas,Céu Claro,2025-01-30,18
2025-01-30,18:25:00,163,1067,GUARANTA DO NORTE,MT,Saída de leito carroçável,Reação tardia ou ineficiente do condutor,Nublado,2025-01-30,18
2025-01-30,21:50:00,101,85,NATAL,RN,Colisão lateral mesmo sentido,Reação tardia ou ineficiente do condutor,Céu Claro,2025-01-30,21
2025-01-30,21:00:00,153,"758,8",ALVORADA,TO,Colisão transversal,Acessar a via sem observar a presença dos outros veículos,Nublado,2025-01-30,21
2025-01-30,20:00:00,364,397,CUIABA,MT,Saída de leito carroçável,Acumulo de água sobre o pavimento,Chuva,2025-01-30,20
2025-01-30,23:20:00,116,"324,6",JUQUITIBA,SP,Colisão traseira,Reação tardia ou ineficiente do condutor,Chuva,2025-01-30,23
2025-01-31,00:10:00,476,192,LAPA,PR,Colisão frontal,Velocidade Incompatível,Chuva,2025-01-31,0
2025-01-31,00:01:00,40,"440,7",PARAOPEBA,MG,Colisão traseira,Ausência de reação do condutor,Nublado,2025-01-31,0
2025-01-31,02:00:00,174,1024,PRESIDENTE FIGUEIREDO,AM,Saída de leito carroçável,Condutor Dormindo,Céu Claro,2025-01-31,2
2025-01-31,03:40:00,60,68,ABADIANIA,GO,Saída de leito carroçável,Ingestão de álcool pelo condutor,Céu Claro,2025-01-31,3
2025-01-30,23:30:00,251,"290,1",SALINAS,MG,Engavetamento,Ausência de reação do condutor,Céu Claro,2025-01-30,23
2025-01-31,05:50:00,40,"779,8",JUIZ DE FORA,MG,Atropelamento de Animal,Animais na Pista,Nublado,2025-01-31,5
2025-01-30,17:00:00,116,554,MANHUACU,MG,Tombamento,Ausência de reação do condutor,Nublado,2025-01-30,17
2025-01-30,22:00:00,262,24,REDUTO,MG,Colisão frontal,Transitar na contramão,Nublado,2025-01-30,22
2025-01-31,07:03:00,365,599,UBERLANDIA,MG,Saída de leito carroçável,Reação tardia ou ineficiente do condutor,Céu Claro,2025-01-31,7
2025-01-31,05:30:00,364,"89,2",ALTO GARCAS,MT,Saída de leito carroçável,Ausência de reação do condutor,Chuva,2025-01-31,5
2025-01-30,17:30:00,153,"509,5",GENERAL CARNEIRO,PR,Saída de leito carroçável,Velocidade Incompatível,Chuva,2025-01-30,17
2025-01-31,06:00:00,20,41,FORMOSA,GO,Colisão traseira,Reação tardia ou ineficiente do condutor,Céu Claro,2025-01-31,6
2025-01-30,19:45:00,364,"579,9",DIAMANTINO,MT,Saída de leito carroçável,Reação tardia ou ineficiente do condutor,Chuva,2025-01-30,19
2025-01-31,06:27:00,101,269,SERRA,ES,Colisão lateral mesmo sentido,Acessar a via sem observar a presença dos outros veículos,Céu Claro,2025-01-31,6
2025-01-31,07:50:00,80,"99,9",VILA PROPICIO,GO,Colisão traseira,Velocidade Incompatível,Nublado,2025-01-31,7
2025-01-31,08:45:00,163,"680,7",RIO VERDE DE MATO GROSSO,MS,Colisão transversal,Velocidade Incompatível,Céu Claro,2025-01-31,8
2025-01-08,13:39:00,319,54,PORTO VELHO,RO,Tombamento,Reação tardia ou ineficiente do condutor,Nublado,2025-01-08,13
2025-01-31,09:10:00,163,"206,3",CAARAPO,MS,Colisão traseira,Ausência de reação do condutor,Céu Claro,2025-01-31,9
2025-01-31,10:55:00,230,"25,4",JOAO PESSOA,PB,Colisão com objeto,Ausência de reação do condutor,Céu Claro,2025-01-31,10
2025-01-30,16:30:00,10,160,PARAGOMINAS,PA,Incêndio,Problema com o freio,Céu Claro,2025-01-30,16
2025-01-31,08:50:00,364,134,PEDRA PRETA,MT,Colisão lateral mesmo sentido,Ultrapassagem Indevida,Céu Claro,2025-01-31,8
2025-01-31,12:10:00,101,105,PENHA,SC,Colisão lateral mesmo sentido,Trafegar com motocicleta (ou similar) entre as faixas,Céu Claro,2025-01-31,12
2025-01-31,11:17:00,262,"320,9",CAMPO GRANDE,MS,Colisão transversal,Acessar a via sem observar a presença dos outros veículos,Céu Claro,2025-01-31,11
2025-01-31,12:25:00,376,3,MANDAGUARI,PR,Colisão transversal,Demais falhas mecânicas ou elétricas,Céu Claro,2025-01-31,12
2025-01-31,12:10:00,406,162,CEARA-MIRIM,RN,Tombamento,Demais falhas mecânicas ou elétricas,Céu Claro,2025-01-31,12
2025-01-31,11:30:00,465,6,SEROPEDICA,RJ,Colisão lateral mesmo sentido,Manobra de mudança de faixa,Nublado,2025-01-31,11
2025-01-31,12:45:00,153,703,CARIRI DO TOCANTINS,TO,Colisão lateral mesmo sentido,Transitar na contramão,Chuva,2025-01-31,12
2025-01-31,15:00:00,101,189,ARACRUZ,ES,Colisão lateral sentido oposto,Condutor Dormindo,Céu Claro,2025-01-31,15
2025-01-31,11:30:00,393,241,VASSOURAS,RJ,Colisão lateral mesmo sentido,Manobra de mudança de faixa,Céu Claro,2025-01-31,11
2025-01-31,15:15:00,381,616,OLIVEIRA,MG,Saída de leito carroçável,Curva acentuada,Chuva,2025-01-31,15
2025-01-31,15:50:00,290,78,GRAVATAI,RS,Colisão lateral mesmo sentido,Demais falhas mecânicas ou elétricas,Céu Claro,2025-01-31,15
2025-01-31,14:00:00,153,526,HIDROLANDIA,GO,Atropelamento de Pedestre,Reação tardia ou ineficiente do condutor,Chuva,2025-01-31,14
2025-01-31,15:30:00,40,"590,8",ITABIRITO,MG,Colisão lateral mesmo sentido,Ausência de reação do condutor,Chuva,2025-01-31,15
2025-01-31,15:20:00,232,412,SERRA TALHADA,PE,Colisão transversal,Acessar a via sem observar a presença dos outros veículos,Céu Claro,2025-01-31,15
2025-01-31,16:40:00,232,181,BELO JARDIM,PE,Colisão frontal,Acesso irregular,Céu Claro,2025-01-31,16
2025-01-31,15:55:00,369,"481,9",CORBELIA,PR,Colisão traseira,Ausência de reação do condutor,Céu Claro,2025-01-31,15
2025-01-31,16:15:00,40,515,RIBEIRAO DAS NEVES,MG,Saída de leito carroçável,Carga excessiva e/ou mal acondicionada,Chuva,2025-01-31,16
2025-01-31,17:15:00,116,212,GUARULHOS,SP,Colisão transversal,Trafegar com motocicleta (ou similar) entre as faixas,Céu Claro,2025-01-31,17
2025-01-31,15:30:00,153,240,TIBAGI,PR,Tombamento,Velocidade Incompatível,Nublado,2025-01-31,15
2025-01-30,13:40:00,40,"459,7",CAETANOPOLIS,MG,Saída de leito carroçável,Chuva,Chuva,2025-01-30,13
2025-01-31,18:27:00,232,"90,1",SAIRE,PE,Colisão transversal,Avarias e/ou desgaste excessivo no pneu,Céu Claro,2025-01-31,18
2025-01-31,18:45:00,20,5,FORMOSA,GO,Saída de leito carroçável,Pista Escorregadia,Chuva,2025-01-31,18
2025-01-31,17:10:00,163,"238,6",TOLEDO,PR,Saída de leito carroçável,Pista esburacada,Nublado,2025-01-31,17
2025-01-31,17:40:00,101,65,CAMPOS DOS GOYTACAZES,RJ,Colisão lateral mesmo sentido,Ultrapassagem Indevida,Céu Claro,2025-01-31,17
2025-01-31,19:00:00,101,294,ITABORAI,RJ,Colisão transversal,Trafegar com motocicleta (ou similar) entre as faixas,Chuva,2025-01-31,19
2025-01-31,17:51:00,280,"46,2",GUARAMIRIM,SC,Colisão transversal,Acessar a via sem observar a presença dos outros veículos,Nublado,2025-01-31,17
2025-01-31,19:30:00,324,519,FEIRA DE SANTANA,BA,Colisão traseira,Condutor deixou de manter distância do veículo da frente,Céu Claro,2025-01-31,19
2025-01-31,14:45:00,163,256,TOLEDO,PR,Colisão lateral mesmo sentido,Reação tardia ou ineficiente do condutor,Céu Claro,2025-01-31,14
2025-01-31,20:40:00,101,"44,9",UBATUBA,SP,Colisão lateral mesmo sentido,Acessar a via sem observar a presença dos outros veículos,Nublado,2025-01-31,20
2025-01-31,20:00:00,381,"495,5",BETIM,MG,Colisão traseira,Condutor deixou de manter distância do veículo da frente,Céu Claro,2025-01-31,20
2025-01-31,20:15:00,262,558,CORREGO DANTA,MG,Colisão lateral sentido oposto,Reação tardia ou ineficiente do condutor,Chuva,2025-01-31,20
2025-01-31,20:00:00,163,343,GUAIRA,PR,Colisão transversal,Acessar a via sem observar a presença dos outros veículos,Céu Claro,2025-01-31,20
2025-01-31,22:40:00,277,388,CANDOI,PR,Saída de leito carroçável,Ausência de reação do condutor,Céu Claro,2025-01-31,22
2025-02-01,00:30:00,70,18,BARRA DO GARCAS,MT,Colisão frontal,Ultrapassagem Indevida,Nublado,2025-02-01,0
2025-02-01,01:30:00,116,74,APARECIDA,SP,Colisão traseira,Entrada inopinada do pedestre,Garoa/Chuvisco,2025-02-01,1
2025-02-01,03:10:00,101,49,CAMPOS DOS GOYTACAZES,RJ,Colisão frontal,Ultrapassagem Indevida,Céu Claro,2025-02-01,3
2025-02-01,02:50:00,381,485,BETIM,MG,Colisão traseira,Ingestão de álcool pelo condutor,Nublado,2025-02-01,2
2025-02-01,04:43:00,470,140,RIO DO SUL,SC,Colisão lateral sentido oposto,Ingestão de álcool pelo condutor,Nublado,2025-02-01,4
2025-02-01,05:20:00,343,"1,7",TERESINA,PI,Colisão transversal,Acessar a via sem observar a presença dos outros veículos,Céu Claro,2025-02-01,5
2025-02-01,03:40:00,163,756,SORRISO,MT,Colisão lateral sentido oposto,Transitar na contramão,Chuva,2025-02-01,3
2025-02-01,03:00:00,50,93,UBERLANDIA,MG,Colisão com objeto,Objeto estático sobre o leito carroçável,Céu Claro,2025-02-01,3
2025-02-01,06:20:00,376,"494,1",PONTA GROSSA,PR,Colisão traseira,Velocidade Incompatível,Nublado,2025-02-01,6
2025-02-01,06:15:00,470,"83,9",RODEIO,SC,Colisão frontal,Transitar na contramão,Nublado,2025-02-01,6
2025-02-01,08:15:00,50,15,UBERLANDIA,MG,Tombamento,Velocidade Incompatível,Nublado,2025-02-01,8
2025-02-01,07:20:00,10,257,IMPERATRIZ,MA,Colisão lateral mesmo sentido,Conversão proibida,Céu Claro,2025-02-01,7
2025-01-31,18:30:00,60,392,RIO VERDE,GO,Saída de leito carroçável,Falta de elemento de contenção que evite a saída do leito carroçável,Nublado,2025-01-31,18
2025-02-01,08:30:00,470,"49,6",BLUMENAU,SC,Colisão transversal,Manobra de mudança de faixa,Céu Claro,2025-02-01,8
2025-02-01,09:00:00,20,403,CAUCAIA,CE,Colisão transversal,Desrespeitar a preferência no cruzamento,Céu Claro,2025-02-01,9
2025-02-01,09:00:00,381,"924,8",CAMANDUCAIA,MG,Colisão lateral mesmo sentido,Velocidade Incompatível,Chuva,2025-02-01,9
2025-02-01,09:30:00,116,216,GUARULHOS,SP,Colisão traseira,Manobra de mudança de faixa,Garoa/Chuvisco,2025-02-01,9
2025-01-31,23:30:00,163,147,ALTAMIRA,PA,Colisão frontal,Transitar na contramão,Nublado,2025-01-31,23
2025-02-01,08:55:00,101,515,ANGRA DOS REIS,RJ,Colisão lateral sentido oposto,Reação tardia ou ineficiente do condutor,Céu Claro,2025-02-01,8
2025-02-01,11:00:00,101,"110,5",SOORETAMA,ES,Colisão frontal,Transitar na contramão,Céu Claro,2025-02-01,11
2025-02-01,07:50:00,262,"90,2",ABRE CAMPO,MG,Colisão frontal,Transitar na contramão,Nublado,2025-02-01,7
2025-02-01,07:50:00,20,60,TAUA,CE,Colisão traseira,Reação tardia ou ineficiente do condutor,Céu Claro,2025-02-01,7
2025-02-01,10:30:00,116,516,CAJATI,SP,Queda de ocupante de veículo,Acumulo de óleo sobre o pavimento,Nublado,2025-02-01,10
2025-02-01,09:55:00,364,228,CACOAL,RO,Saída de leito carroçável,Reação tardia ou ineficiente do condutor,Chuva,2025-02-01,9
2025-02-01,11:20:00,316,"2,3",TERESINA,PI,Colisão traseira,Manobra de mudança de faixa,Sol,2025-02-01,11
2025-02-01,10:30:00,222,661,ACAILANDIA,MA,Colisão traseira,Ausência de reação do condutor,Nublado,2025-02-01,10
2025-02-01,14:30:00,116,278,EMBU DAS ARTES,SP,Colisão com objeto,Ausência de reação do condutor,Nublado,2025-02-01,14
2025-02-01,14:50:00,365,610,UBERLANDIA,MG,Engavetamento,Condutor deixou de manter distância do veículo da frente,Nublado,2025-02-01,14
2025-02-01,15:40:00,277,"1,9",PARANAGUA,PR,Colisão transversal,Ingestão de álcool pelo condutor,Nublado,2025-02-01,15
2025-02-01,14:00:00,116,22,ANTONINA,PR,Colisão com objeto,Velocidade Incompatível,Garoa/Chuvisco,2025-02-01,14
2025-02-01,14:45:00,364,18,VILHENA,RO,Colisão traseira,Reação tardia ou ineficiente do condutor,Chuva,2025-02-01,14
2025-02-01,15:30:00,20,317,CANINDE,CE,Colisão lateral sentido oposto,Transitar na contramão,Céu Claro,2025-02-01,15
2025-02-01,15:40:00,364,743,PORTO VELHO,RO,Colisão lateral mesmo sentido,Acessar a via sem observar a presença dos outros veículos,Nublado,2025-02-01,15
2025-02-01,09:00:00,116,283,TEOFILO OTONI,MG,Colisão lateral mesmo sentido,Reação tardia ou ineficiente do condutor,Céu Claro,2025-02-01,9
2025-02-01,18:10:00,153,"679,1",PANAMA,GO,Saída de leito carroçável,Chuva,Chuva,2025-02-01,18
2025-02-01,19:20:00,116,501,BREJO SANTO,CE,Colisão frontal,Transitar na contramão,Céu Claro,2025-02-01,19
2025-02-01,16:35:00,423,91,DELMIRO GOUVEIA,AL,Colisão frontal,Mal súbito do condutor,Céu Claro,2025-02-01,16
2025-02-01,15:15:00,280,142,RIO NEGRINHO,SC,Colisão frontal,Acesso irregular,Chuva,2025-02-01,15
2025-02-01,17:00:00,153,113,SANTA TEREZA DE GOIAS,GO,Tombamento,Reação tardia ou ineficiente do condutor,Chuva,2025-02-01,17
2025-02-01,23:05:00,381,438,SABARA,MG,Colisão lateral sentido oposto,Ingestão de álcool pelo condutor,Nublado,2025-02-01,23
2025-02-01,21:20:00,116,397,GOVERNADOR VALADARES,MG,Colisão frontal,Ingestão de álcool pelo condutor,Céu Claro,2025-02-01,21
2025-02-02,00:45:00,116,158,MANDIRITUBA,PR,Colisão frontal,Reação tardia ou ineficiente do condutor,Garoa/Chuvisco,2025-02-02,0
2025-02-02,03:10:00,135,31,BACABEIRA,MA,Colisão traseira,Condutor deixou de manter distância do veículo da frente,Nublado,2025-02-02,3
2025-02-02,02:00:00,262,789,UBERABA,MG,Saída de leito carroçável,Condutor Dormindo,Chuva,2025-02-02,2
2025-02-02,05:30:00,158,"132,5",APARECIDA DO TABOADO,MS,Colisão lateral sentido oposto,Transitar na contramão,Céu Claro,2025-02-02,5
2025-02-02,04:50:00,153,"353,4",REBOUCAS,PR,Saída de leito carroçável,Condutor Dormindo,Nublado,2025-02-02,4
2025-02-02,06:15:00,116,147,DUQUE DE CAXIAS,RJ,Atropelamento de Pedestre,Entrada inopinada do pedestre,Nublado,2025-02-02,6
2025-02-02,06:00:00,381,"2,1",BETIM,MG,Tombamento,Curva acentuada,Chuva,2025-02-02,6
2025-02-02,06:00:00,406,103,JOAO CAMARA,RN,Colisão com objeto,Reação tardia ou ineficiente do condutor,Céu Claro,2025-02-02,6
2025-02-01,20:15:00,364,473,ARIQUEMES,RO,Tombamento,Acostamento em desnível,Céu Claro,2025-02-01,20
2025-02-02,09:40:00,381,"734,6",CARMO DA CACHOEIRA,MG,Colisão com objeto,Reação tardia ou ineficiente do condutor,Nublado,2025-02-02,9
2025-02-02,11:00:00,282,"605,9",MARAVILHA,SC,Colisão frontal,Ausência de reação do condutor,Sol,2025-02-02,11
2025-02-02,13:22:00,80,"0,4",PADRE BERNARDO,GO,Saída de leito carroçável,Ausência de reação do condutor,Sol,2025-02-02,13
2025-02-02,06:00:00,222,"474,5",SANTA LUZIA,MA,Tombamento,Ausência de reação do condutor,Céu Claro,2025-02-02,6
2025-02-02,15:40:00,277,"419,9",CANTAGALO,PR,Colisão frontal,Transitar na contramão,Céu Claro,2025-02-02,15
2025-02-02,15:20:00,101,116,ITAJAI,SC,Saída de leito carroçável,Demais falhas mecânicas ou elétricas,Céu Claro,2025-02-02,15
2025-02-02,16:20:00,153,24,JACAREZINHO,PR,Colisão transversal,Acessar a via sem observar a presença dos outros veículos,Céu Claro,2025-02-02,16
2025-02-02,16:30:00,304,288,MACAIBA,RN,Incêndio,Demais falhas mecânicas ou elétricas,Céu Claro,2025-02-02,16
2025-02-02,17:25:00,280,28,ARAQUARI,SC,Colisão transversal,Acessar a via sem observar a presença dos outros veículos,Nublado,2025-02-02,17
2025-02-02,15:00:00,364,473,ARIQUEMES,RO,Colisão lateral mesmo sentido,Acessar a via sem observar a presença dos outros veículos,Céu Claro,2025-02-02,15
2025-02-02,19:00:00,101,204,CRISTINAPOLIS,SE,Colisão transversal,Acessar a via sem observar a presença dos outros veículos,Céu Claro,2025-02-02,19
2025-02-02,19:25:00,116,512,PELOTAS,RS,Colisão lateral mesmo sentido,Manobra de mudança de faixa,Céu Claro,2025-02-02,19
2025-02-02,19:03:00,428,"186,9",PETROLINA,PE,Atropelamento de Pedestre,Velocidade Incompatível,Céu Claro,2025-02-02,19
2025-02-02,20:00:00,153,644,DUERE,TO,Colisão lateral sentido oposto,Transitar na contramão,Chuva,2025-02-02,20
2025-02-02,19:15:00,163,"370,7",NOVA ALVORADA DO SUL,MS,Colisão transversal,Acessar a via sem observar a presença dos outros veículos,Céu Claro,2025-02-02,19
2025-02-02,19:55:00,153,508,APARECIDA DE GOIANIA,GO,Colisão lateral mesmo sentido,Ingestão de álcool pelo condutor,Nublado,2025-02-02,19
2025-02-02,16:40:00,116,719,MANOEL VITORINO,BA,Colisão traseira,Ausência de reação do condutor,Ignorado,2025-02-02,16
2025-02-02,19:50:00,116,29,SALGUEIRO,PE,Colisão lateral sentido oposto,Retorno proibido,Céu Claro,2025-02-02,19
2025-02-02,19:50:00,277,149,BALSA NOVA,PR,Saída de leito carroçável,Reação tardia ou ineficiente do condutor,Céu Claro,2025-02-02,19
2025-01-19,12:15:00,285,"155,2",MUITOS CAPOES,RS,Tombamento,Reação tardia ou ineficiente do condutor,Céu Claro,2025-01-19,12
2025-02-02,17:30:00,40,269,SAO GONCALO DO ABAETE,MG,Colisão com objeto,Velocidade Incompatível,Chuva,2025-02-02,17
2025-02-02,20:00:00,70,505,CUIABA,MT,Colisão frontal,Reação tardia ou ineficiente do condutor,Céu Claro,2025-02-02,20
2025-02-02,20:00:00,70,514,VARZEA GRANDE,MT,Colisão transversal,Ingestão de álcool pelo condutor,Céu Claro,2025-02-02,20
2025-01-05,17:00:00,116,251,PIRAI,RJ,Engavetamento,Condutor deixou de manter distância do veículo da frente,Sol,2025-01-05,17
2025-02-03,00:40:00,101,65,ARAQUARI,SC,Colisão lateral mesmo sentido,Ausência de reação do condutor,Chuva,2025-02-03,0
2025-02-03,01:45:00,101,93,RIO LARGO,AL,Colisão traseira,Reação tardia ou ineficiente do condutor,Chuva,2025-02-03,1
2025-02-03,01:25:00,101,80,RIO LARGO,AL,Colisão lateral mesmo sentido,Condutor Dormindo,Nublado,2025-02-03,1
2025-02-03,03:00:00,476,"163,7",ARAUCARIA,PR,Colisão lateral sentido oposto,Transitar na contramão,Nublado,2025-02-03,3
2025-02-03,05:30:00,101,405,ITAGUAI,RJ,Atropelamento de Animal,Animais na Pista,Céu Claro,2025-02-03,5
2025-02-02,20:00:00,364,"347,9",SANTO ANTONIO DO LEVERGER,MT,Saída de leito carroçável,Demais falhas mecânicas ou elétricas,Céu Claro,2025-02-02,20
2025-02-03,05:15:00,116,"2,8",QUELUZ,SP,Colisão com objeto,Condutor Dormindo,Nublado,2025-02-03,5
2025-02-03,07:35:00,101,"83,7",BAYEUX,PB,Colisão lateral mesmo sentido,Manobra de mudança de faixa,Céu Claro,2025-02-03,7
2025-02-03,05:00:00,232,"71,8",GRAVATA,PE,Colisão traseira,Condutor Dormindo,Céu Claro,2025-02-03,5
2025-02-03,07:18:00,153,11,JACAREZINHO,PR,Colisão transversal,Acessar a via sem observar a presença dos outros veículos,Céu Claro,2025-02-03,7
2025-01-22,09:40:00,40,"8,3",LUZIANIA,GO,Colisão transversal,Manobra de mudança de faixa,Céu Claro,2025-01-22,9
2025-02-03,08:30:00,20,145,SAO DESIDERIO,BA,Colisão transversal,Reação tardia ou ineficiente do condutor,Chuva,2025-02-03,8
2025-02-03,08:00:00,101,"232,1",FUNDAO,ES,Colisão com objeto,Reação tardia ou ineficiente do condutor,Céu Claro,2025-02-03,8
2025-02-03,09:00:00,392,67,PELOTAS,RS,Colisão transversal,Acessar a via sem observar a presença dos outros veículos,Céu Claro,2025-02-03,9
2025-01-25,15:43:00,251,437,GRAO MOGOL,MG,Colisão frontal,Condutor Dormindo,Céu Claro,2025-01-25,15
2025-02-03,06:52:00,364,"252,3",CACOAL,RO,Saída de leito carroçável,Ausência de reação do condutor,Nublado,2025-02-03,6
2025-02-03,04:00:00,230,202,ITUPIRANGA,PA,Colisão com objeto,Condutor Dormindo,Ignorado,2025-02-03,4
2025-02-03,08:45:00,101,"201,3",CRISTINAPOLIS,SE,Saída de leito carroçável,Acessar a via sem observar a presença dos outros veículos,Nublado,2025-02-03,8
2025-02-03,11:05:00,101,72,RECIFE,PE,Colisão traseira,Reação tardia ou ineficiente do condutor,Céu Claro,2025-02-03,11
2025-02-03,10:20:00,343,342,TERESINA,PI,Colisão com objeto,Demais falhas mecânicas ou elétricas,Céu Claro,2025-02-03,10
2025-02-03,10:45:00,364,"424,5",JARU,RO,Tombamento,Reação tardia ou ineficiente do condutor,Sol,2025-02-03,10
2025-02-02,16:30:00,222,"429,9",SANTA LUZIA,MA,Tombamento,Reação tardia ou ineficiente do condutor,Céu Claro,2025-02-02,16