data_inversa,horario,br,km,municipio,uf,tipo_acidente,causa_acidente,condicao_metereologica,data,hora
2025-01-28,09:18:00,101,82,JABOATAO DOS GUARARAPES,PE,Incêndio,Avarias e/ou desgaste excessivo no pneu,Céu Claro,2025-01-28,9
2025-02-03,07:25:00,40,"606,7",CONGONHAS,MG,Incêndio,Problema com o freio,Céu Claro,2025-02-03,7
2025-02-03,15:30:00,365,768,ITUIUTABA,MG,Engavetamento,Ausência de reação do condutor,Céu Claro,2025-02-03,15
2025-01-17,07:42:00,381,"485,5",BETIM,MG,Colisão lateral mesmo sentido,Manobra de mudança de faixa,Céu Claro,2025-01-17,7
2025-02-03,15:00:00,153,497,GOIANIA,GO,Colisão transversal,Manobra de mudança de faixa,Céu Claro,2025-02-03,15
2025-02-03,15:10:00,319,64,PORTO VELHO,RO,Colisão com objeto,Reação tardia ou ineficiente do condutor,Céu Claro,2025-02-03,15
2025-02-03,15:20:00,493,84,JAPERI,RJ,Saída de leito carroçável,Ausência de reação do condutor,Céu Claro,2025-02-03,15
2025-02-03,03:30:00,381,412,NOVA UNIAO,MG,Colisão com objeto,Velocidade Incompatível,Nublado,2025-02-03,3
2025-02-03,16:20:00,101,277,IMBITUBA,SC,Colisão lateral mesmo sentido,Manobra de mudança de faixa,Céu Claro,2025-02-03,16
2025-02-03,16:30:00,101,327,RIO DE JANEIRO,RJ,Colisão traseira,Condutor deixou de manter distância do veículo da frente,Céu Claro,2025-02-03,16
2025-02-03,17:05:00,116,"516,6",PELOTAS,RS,Colisão traseira,Condutor deixou de manter distância do veículo da frente,Sol,2025-02-03,17
2025-02-03,17:50:00,116,127,FAZENDA RIO GRANDE,PR,Colisão traseira,Manobra de mudança de faixa,Nublado,2025-02-03,17
2025-02-03,17:00:00,448,"20,5",CANOAS,RS,Colisão com objeto,Demais falhas mecânicas ou elétricas,Céu Claro,2025-02-03,17
2025-02-03,17:45:00,381,"354,5",BETIM,MG,Colisão com objeto,Demais falhas mecânicas ou elétricas,Céu Claro,2025-02-03,17
2025-02-03,18:10:00,163,"499,9",CUIABA,MT,Colisão transversal,Conversão proibida,Nublado,2025-02-03,18
2025-02-03,15:30:00,174,578,COMODORO,MT,Saída de leito carroçável,Ausência de reação do condutor,Chuva,2025-02-03,15
2025-02-03,18:45:00,70,520,VARZEA GRANDE,MT,Colisão traseira,Reação tardia ou ineficiente do condutor,Garoa/Chuvisco,2025-02-03,18
2025-02-03,16:30:00,262,480,BOM DESPACHO,MG,Colisão lateral sentido oposto,Ausência de reação do condutor,Sol,2025-02-03,16
2025-02-03,22:05:00,101,27,JOINVILLE,SC,Engavetamento,Condutor deixou de manter distância do veículo da frente,Nublado,2025-02-03,22
2025-02-03,21:40:00,101,"26,2",JOINVILLE,SC,Colisão lateral mesmo sentido,Reação tardia ou ineficiente do condutor,Nublado,2025-02-03,21
2025-02-03,16:55:00,381,"734,1",CARMO DA CACHOEIRA,MG,Saída de leito carroçável,Ausência de reação do condutor,Céu Claro,2025-02-03,16
2025-02-03,22:45:00,101,181,TEOTONIO VILELA,AL,Tombamento,Velocidade Incompatível,Céu Claro,2025-02-03,22
2025-02-03,21:35:00,116,"314,9",JAGUARIBE,CE,Colisão traseira,Acesso irregular,Céu Claro,2025-02-03,21
2025-02-04,01:40:00,277,"239,3",FERNANDES PINHEIRO,PR,Colisão frontal,Acessar a via sem observar a presença dos outros veículos,Nublado,2025-02-04,1
2025-02-04,05:00:00,163,736,COXIM,MS,Tombamento,Ausência de reação do condutor,Nevoeiro/Neblina,2025-02-04,5
2025-02-04,07:30:00,116,"165,4",JACAREI,SP,Incêndio,Demais falhas mecânicas ou elétricas,Sol,2025-02-04,7
2025-02-04,08:10:00,101,"84,8",BAYEUX,PB,Tombamento,Demais falhas na via,Nublado,2025-02-04,8
2025-02-04,09:10:00,251,"473,6",FRANCISCO SA,MG,Colisão lateral sentido oposto,Velocidade Incompatível,Sol,2025-02-04,9
2025-02-03,19:12:00,163,695,SORRISO,MT,Colisão traseira,Reação tardia ou ineficiente do condutor,Céu Claro,2025-02-03,19
2025-02-04,09:30:00,116,248,SAO LEOPOLDO,RS,Colisão lateral mesmo sentido,Ausência de reação do condutor,Céu Claro,2025-02-04,9
2025-02-04,09:00:00,153,"64,9",MONTE ALEGRE DE MINAS,MG,Saída de leito carroçável,Condutor usando celular,Céu Claro,2025-02-04,9
2025-02-04,09:05:00,277,306,PRUDENTOPOLIS,PR,Atropelamento de Pedestre,Pedestre andava na pista,Nublado,2025-02-04,9
2025-02-04,10:15:00,116,"247,9",SAO LEOPOLDO,RS,Engavetamento,Ausência de reação do condutor,Céu Claro,2025-02-04,10
2025-01-16,05:00:00,40,493,ESMERALDAS,MG,Colisão com objeto,Objeto estático sobre o leito carroçável,Nublado,2025-01-16,5
2025-02-04,10:50:00,116,247,SAO LEOPOLDO,RS,Colisão lateral mesmo sentido,Reação tardia ou ineficiente do condutor,Céu Claro,2025-02-04,10
2025-01-31,15:55:00,364,139,PEDRA PRETA,MT,Colisão lateral sentido oposto,Problema com o freio,Nublado,2025-01-31,15
2025-02-04,07:30:00,316,250,BELEM DE SAO FRANCISCO,PE,Capotamento,Curva acentuada,Céu Claro,2025-02-04,7
2025-01-10,07:30:00,376,"303,4",MAUA DA SERRA,PR,Tombamento,Velocidade Incompatível,Sol,2025-01-10,7
2025-02-04,13:02:00,316,63,CASTANHAL,PA,Tombamento,Ausência de reação do condutor,Céu Claro,2025-02-04,13
2025-02-04,10:20:00,101,38,JOINVILLE,SC,Colisão com objeto,Objeto estático sobre o leito carroçável,Nublado,2025-02-04,10
2025-02-04,11:10:00,476,239,LAPA,PR,Saída de leito carroçável,Ausência de reação do condutor,Céu Claro,2025-02-04,11
2025-02-01,09:45:00,163,764,SORRISO,MT,Colisão frontal,Condutor deixou de manter distância do veículo da frente,Chuva,2025-02-01,9
2025-02-04,10:32:00,116,141,SANTA CECILIA,SC,Colisão frontal,Acessar a via sem observar a presença dos outros veículos,Sol,2025-02-04,10
2025-02-04,14:00:00,40,"750,1",SANTOS DUMONT,MG,Tombamento,Velocidade Incompatível,Céu Claro,2025-02-04,14
2025-02-04,15:00:00,101,"143,7",LINHARES,ES,Colisão transversal,Desrespeitar a preferência no cruzamento,Céu Claro,2025-02-04,15
2025-02-04,15:00:00,277,539,IBEMA,PR,Colisão lateral sentido oposto,Transitar na contramão,Céu Claro,2025-02-04,15
2025-02-04,15:00:00,290,"23,6",SANTO ANTONIO DA PATRULHA,RS,Saída de leito carroçável,Reação tardia ou ineficiente do condutor,Céu Claro,2025-02-04,15
2025-02-04,12:25:00,364,"276,5",PRESIDENTE MEDICI,RO,Incêndio,Demais falhas mecânicas ou elétricas,Céu Claro,2025-02-04,12
2025-02-04,15:30:00,470,162,NOVA PRATA,RS,Colisão traseira,Ingestão de álcool pelo condutor,Sol,2025-02-04,15
2025-02-04,18:20:00,369,"86,1",CORNELIO PROCOPIO,PR,Colisão transversal,Acessar a via sem observar a presença dos outros veículos,Chuva,2025-02-04,18
2025-02-04,16:45:00,290,91,PORTO ALEGRE,RS,Colisão traseira,Manobra de mudança de faixa,Céu Claro,2025-02-04,16
2025-02-04,17:20:00,101,209,CASIMIRO DE ABREU,RJ,Colisão traseira,Reação tardia ou ineficiente do condutor,Céu Claro,2025-02-04,17
2025-02-04,15:30:00,101,"119,5",PEDRAS DE FOGO,PB,Saída de leito carroçável,Reação tardia ou ineficiente do condutor,Chuva,2025-02-04,15
2025-02-04,12:36:00,135,"29,8",BACABEIRA,MA,Colisão lateral mesmo sentido,Ausência de reação do condutor,Nublado,2025-02-04,12
2025-02-04,16:20:00,153,1,ARAPORA,MG,Tombamento,Velocidade Incompatível,Nublado,2025-02-04,16
2025-02-04,18:00:00,448,21,CANOAS,RS,Colisão lateral mesmo sentido,Manobra de mudança de faixa,Sol,2025-02-04,18
2025-02-04,18:48:00,101,"270,5",SERRA,ES,Colisão traseira,Acessar a via sem observar a presença dos outros veículos,Céu Claro,2025-02-04,18
2025-02-04,19:55:00,290,86,PORTO ALEGRE,RS,Colisão traseira,Condutor deixou de manter distância do veículo da frente,Céu Claro,2025-02-04,19
2025-02-04,19:00:00,230,"158,8",CAMPINA GRANDE,PB,Colisão transversal,Ingestão de álcool pelo condutor,Chuva,2025-02-04,19
2025-02-04,19:40:00,324,537,CONCEICAO DO JACUIPE,BA,Colisão transversal,Acessar a via sem observar a presença dos outros veículos,Céu Claro,2025-02-04,19
2025-02-04,20:50:00,277,135,BALSA NOVA,PR,Incêndio,Demais falhas mecânicas ou elétricas,Garoa/Chuvisco,2025-02-04,20
2025-02-04,18:55:00,277,475,NOVA LARANJEIRAS,PR,Atropelamento de Pedestre,Pedestre cruzava a pista fora da faixa,Nublado,2025-02-04,18
2025-02-04,17:10:00,452,147,BOM JESUS DE GOIAS,GO,Colisão lateral sentido oposto,Ultrapassagem Indevida,Chuva,2025-02-04,17
2025-02-04,22:30:00,40,"766,7",JUIZ DE FORA,MG,Colisão com objeto,Reação tardia ou ineficiente do condutor,Céu Claro,2025-02-04,22
2025-02-04,23:14:00,324,539,AMELIA RODRIGUES,BA,Colisão com objeto,Demais falhas mecânicas ou elétricas,Céu Claro,2025-02-04,23
2025-02-04,20:20:00,251,"228,4",SANTA CRUZ DE SALINAS,MG,Saída de leito carroçável,Curva acentuada,Céu Claro,2025-02-04,20
2025-01-22,03:00:00,262,449,DOIS IRMAOS DO BURITI,MS,Colisão traseira,Ausência de reação do condutor,Céu Claro,2025-01-22,3
2025-02-05,01:50:00,381,4,BETIM,MG,Colisão com objeto,Condutor Dormindo,Céu Claro,2025-02-05,1
2025-02-05,01:20:00,116,128,RUSSAS,CE,Atropelamento de Animal,Animais na Pista,Céu Claro,2025-02-05,1
2025-02-05,01:30:00,153,"98,1",JAPIRA,PR,Colisão traseira,Ingestão de álcool pelo condutor,Chuva,2025-02-05,1
2025-02-05,02:50:00,60,"269,9",JANDAIA,GO,Tombamento,Condutor Dormindo,Nublado,2025-02-05,2
2025-02-05,04:00:00,259,"8,5",JOAO NEIVA,ES,Tombamento,Ausência de reação do condutor,Céu Claro,2025-02-05,4
2025-02-05,05:15:00,116,"776,7",LEOPOLDINA,MG,Tombamento,Velocidade Incompatível,Céu Claro,2025-02-05,5
2025-02-05,06:22:00,230,24,SANTA TEREZINHA DO TOCANTINS,TO,Atropelamento de Pedestre,Ausência de reação do condutor,Nevoeiro/Neblina,2025-02-05,6
2025-02-05,06:30:00,290,"170,3",BUTIA,RS,Saída de leito carroçável,Reação tardia ou ineficiente do condutor,Céu Claro,2025-02-05,6
2025-02-05,04:30:00,365,92,JEQUITAI,MG,Tombamento,Velocidade Incompatível,Céu Claro,2025-02-05,4
2025-01-25,02:30:00,280,"187,2",MAFRA,SC,Tombamento,Reação tardia ou ineficiente do condutor,Nevoeiro/Neblina,2025-01-25,2
2025-02-05,07:51:00,277,679,MEDIANEIRA,PR,Tombamento,Avarias e/ou desgaste excessivo no pneu,Céu Claro,2025-02-05,7
2025-02-05,09:15:00,381,"689,4",LAVRAS,MG,Colisão traseira,Ausência de reação do condutor,Sol,2025-02-05,9
2025-02-05,07:50:00,50,19,UBERLANDIA,MG,Tombamento,Manobra de mudança de faixa,Sol,2025-02-05,7
2025-02-05,09:15:00,116,442,REGISTRO,SP,Saída de leito carroçável,Frear bruscamente,Céu Claro,2025-02-05,9
2025-02-05,06:10:00,60,"43,8",ALEXANIA,GO,Saída de leito carroçável,Reação tardia ou ineficiente do condutor,Nublado,2025-02-05,6
2025-01-14,10:55:00,101,"70,8",OSORIO,RS,Colisão traseira,Condutor deixou de manter distância do veículo da frente,Sol,2025-01-14,10
2025-02-05,12:00:00,393,179,PARAIBA DO SUL,RJ,Colisão traseira,Velocidade Incompatível,Céu Claro,2025-02-05,12
2025-02-05,11:40:00,376,"592,2",CURITIBA,PR,Colisão traseira,Ausência de reação do condutor,Nublado,2025-02-05,11
2025-01-14,06:00:00,381,700,LAVRAS,MG,Tombamento,Curva acentuada,Nublado,2025-01-14,6
2025-02-05,12:25:00,280,122,SAO BENTO DO SUL,SC,Colisão transversal,Reação tardia ou ineficiente do condutor,Céu Claro,2025-02-05,12
2025-02-05,12:00:00,476,169,CONTENDA,PR,Tombamento,Mal súbito do condutor,Nublado,2025-02-05,12
2025-02-05,11:00:00,381,824,CAREACU,MG,Incêndio,Demais falhas mecânicas ou elétricas,Céu Claro,2025-02-05,11
2025-02-05,13:00:00,101,"37,8",JOAQUIM GOMES,AL,Colisão transversal,Chuva,Chuva,2025-02-05,13
2025-02-05,10:00:00,163,95,GUARACIABA,SC,Colisão traseira,Conversão proibida,Céu Claro,2025-02-05,10
2025-02-05,14:20:00,116,"488,8",CAJATI,SP,Colisão traseira,Ausência de reação do condutor,Céu Claro,2025-02-05,14
2025-02-05,13:33:00,381,61,MAIRIPORA,SP,Colisão lateral mesmo sentido,Pista Escorregadia,Chuva,2025-02-05,13
2025-02-05,15:50:00,472,517,URUGUAIANA,RS,Colisão lateral sentido oposto,Demais falhas mecânicas ou elétricas,Céu Claro,2025-02-05,15
2025-02-05,13:00:00,101,181,JUNQUEIRO,AL,Colisão com objeto,Velocidade Incompatível,Chuva,2025-02-05,13
2025-02-05,12:50:00,381,513,IGARAPE,MG,Colisão lateral sentido oposto,Problema com o freio,Céu Claro,2025-02-05,12
2025-02-05,16:00:00,101,202,SAO JOSE,SC,Colisão lateral mesmo sentido,Trafegar com motocicleta (ou similar) entre as faixas,Nublado,2025-02-05,16
2025-02-05,16:25:00,381,"525,5",BRUMADINHO,MG,Colisão com objeto,Problema com o freio,Céu Claro,2025-02-05,16
2025-02-05,17:00:00,40,3,BRASILIA,DF,Colisão lateral mesmo sentido,Acessar a via sem observar a presença dos outros veículos,Céu Claro,2025-02-05,17
2025-02-05,16:30:00,153,"42,4",SANTO ANTONIO DA PLATINA,PR,Colisão transversal,Desrespeitar a preferência no cruzamento,Céu Claro,2025-02-05,16
2025-02-05,17:00:00,101,346,JAGUARUNA,SC,Colisão lateral mesmo sentido,Acessar a via sem observar a presença dos outros veículos,Céu Claro,2025-02-05,17
2025-02-05,17:00:00,116,220,GUARULHOS,SP,Colisão lateral mesmo sentido,Reação tardia ou ineficiente do condutor,Nublado,2025-02-05,17
2025-02-05,14:03:00,163,"106,2",SAO JOSE DO CEDRO,SC,Colisão transversal,Acessar a via sem observar a presença dos outros veículos,Céu Claro,2025-02-05,14
2025-02-05,18:16:00,153,702,CARIRI DO TOCANTINS,TO,Colisão transversal,Acessar a via sem observar a presença dos outros veículos,Céu Claro,2025-02-05,18
2025-02-05,17:20:00,369,"234,5",JANDAIA DO SUL,PR,Colisão frontal,Transitar na contramão,Nublado,2025-02-05,17
2025-02-05,19:30:00,316,"266,6",SANTA INES,MA,Colisão frontal,Ingestão de álcool pelo condutor,Céu Claro,2025-02-05,19
2025-02-05,20:30:00,364,278,MINEIROS,GO,Colisão traseira,Reação tardia ou ineficiente do condutor,Céu Claro,2025-02-05,20
2025-02-05,20:00:00,230,36,SANTA RITA,PB,Colisão traseira,Ausência de reação do condutor,Chuva,2025-02-05,20
2025-02-05,21:15:00,101,"1,3",GARUVA,SC,Colisão lateral mesmo sentido,Manobra de mudança de faixa,Garoa/Chuvisco,2025-02-05,21
2025-02-05,22:45:00,101,"512,5",ITABUNA,BA,Colisão traseira,Ausência de reação do condutor,Céu Claro,2025-02-05,22
2025-02-05,08:55:00,70,95,GENERAL CARNEIRO,MT,Tombamento,Demais falhas mecânicas ou elétricas,Nublado,2025-02-05,8
2025-02-05,23:20:00,101,184,UMBAUBA,SE,Colisão traseira,Ausência de reação do condutor,Nublado,2025-02-05,23
2025-02-06,01:40:00,153,53,MONTE ALEGRE DE MINAS,MG,Saída de leito carroçável,Condutor Dormindo,Céu Claro,2025-02-06,1
2025-02-06,00:30:00,40,"442,7",PARAOPEBA,MG,Colisão lateral mesmo sentido,Manobra de mudança de faixa,Céu Claro,2025-02-06,0
2025-02-05,23:38:00,470,"112,7",LAGOA VERMELHA,RS,Incêndio,Demais falhas mecânicas ou elétricas,Céu Claro,2025-02-05,23
2025-02-06,02:30:00,476,"97,9",BOCAIUVA DO SUL,PR,Saída de leito carroçável,Ausência de reação do condutor,Garoa/Chuvisco,2025-02-06,2
2025-02-06,04:55:00,116,222,GUARULHOS,SP,Engavetamento,Ausência de reação do condutor,Céu Claro,2025-02-06,4
2025-02-06,04:15:00,101,261,RIO BONITO,RJ,Colisão traseira,Ausência de reação do condutor,Ignorado,2025-02-06,4
2025-02-05,19:30:00,365,446,GUIMARANIA,MG,Colisão frontal,Manobra de mudança de faixa,Céu Claro,2025-02-05,19
2025-01-21,12:40:00,324,554,AMELIA RODRIGUES,BA,Engavetamento,Ausência de sinalização,Céu Claro,2025-01-21,12
2025-02-05,23:20:00,373,"213,5",IMBITUVA,PR,Tombamento,Ausência de reação do condutor,Nublado,2025-02-05,23
2025-02-06,06:10:00,376,"343,8",ORTIGUEIRA,PR,Colisão frontal,Velocidade Incompatível,Chuva,2025-02-06,6
2025-02-06,05:00:00,410,26,TUCANO,BA,Colisão frontal,Ultrapassagem Indevida,Nublado,2025-02-06,5
2025-02-06,07:15:00,101,72,SANTA RITA,PB,Colisão com objeto,Condutor Dormindo,Nublado,2025-02-06,7
2025-02-06,08:30:00,369,"482,9",CORBELIA,PR,Colisão lateral mesmo sentido,Manobra de mudança de faixa,Céu Claro,2025-02-06,8
2025-01-25,18:40:00,101,35,PALHOCA,SC,Colisão transversal,Sistema de drenagem ineficiente,Chuva,2025-01-25,18
2025-02-06,07:45:00,101,"396,7",MARACAJA,SC,Colisão com objeto,Reação tardia ou ineficiente do condutor,Céu Claro,2025-02-06,7
2025-02-06,09:40:00,116,"13,9",FORTALEZA,CE,Colisão lateral mesmo sentido,Manobra de mudança de faixa,Nublado,2025-02-06,9
2025-02-06,09:50:00,101,118,SAO JOSE DE MIPIBU,RN,Colisão lateral mesmo sentido,Ausência de reação do condutor,Nublado,2025-02-06,9
2025-02-06,10:15:00,470,"45,9",GASPAR,SC,Colisão frontal,Ultrapassagem Indevida,Garoa/Chuvisco,2025-02-06,10
2025-02-06,09:57:00,163,"238,9",TOLEDO,PR,Colisão lateral mesmo sentido,Reação tardia ou ineficiente do condutor,Céu Claro,2025-02-06,9
2025-02-06,10:00:00,20,142,SAO DESIDERIO,BA,Tombamento,Reação tardia ou ineficiente do condutor,Sol,2025-02-06,10
2025-02-06,10:15:00,290,"161,8",ARROIO DOS RATOS,RS,Colisão transversal,Reação tardia ou ineficiente do condutor,Nublado,2025-02-06,10
2025-02-06,11:20:00,101,"12,3",DOM PEDRO DE ALCANTARA,RS,Colisão lateral mesmo sentido,Desrespeitar a preferência no cruzamento,Céu Claro,2025-02-06,11
2025-02-06,11:20:00,290,375,VILA NOVA DO SUL,RS,Colisão transversal,Acessar a via sem observar a presença dos outros veículos,Céu Claro,2025-02-06,11
2025-02-06,09:10:00,158,199,CAIAPONIA,GO,Saída de leito carroçável,Ausência de reação do condutor,Nublado,2025-02-06,9
2025-02-06,11:45:00,116,"180,9",SAO CRISTOVAO DO SUL,SC,Tombamento,Ausência de reação do condutor,Nublado,2025-02-06,11
2025-02-06,13:55:00,101,"195,3",JOAO NEIVA,ES,Tombamento,Velocidade Incompatível,Céu Claro,2025-02-06,13
2025-02-06,13:40:00,381,396,BOM JESUS DO AMPARO,MG,Colisão com objeto,Velocidade Incompatível,Sol,2025-02-06,13
2025-02-06,10:40:00,424,"89,3",GARANHUNS,PE,Colisão lateral mesmo sentido,Demais falhas mecânicas ou elétricas,Nublado,2025-02-06,10
2025-02-06,13:55:00,230,21,JOAO PESSOA,PB,Colisão lateral mesmo sentido,Trafegar com motocicleta (ou similar) entre as faixas,Nublado,2025-02-06,13
2025-02-06,14:00:00,116,212,SEROPEDICA,RJ,Colisão lateral mesmo sentido,Manobra de mudança de faixa,Céu Claro,2025-02-06,14
2025-02-06,13:35:00,376,457,TIBAGI,PR,Colisão lateral mesmo sentido,Reação tardia ou ineficiente do condutor,Chuva,2025-02-06,13
2025-02-06,14:00:00,381,671,PERDOES,MG,Saída de leito carroçável,Demais falhas mecânicas ou elétricas,Sol,2025-02-06,14
2025-02-06,14:35:00,316,"24,3",TERESINA,PI,Colisão traseira,Estacionar ou parar em local proibido,Sol,2025-02-06,14
2025-02-06,15:00:00,163,74,ITAQUIRAI,MS,Colisão lateral sentido oposto,Ausência de reação do condutor,Nublado,2025-02-06,15
2025-02-06,16:00:00,116,205,QUEIMADOS,RJ,Incêndio,Demais falhas mecânicas ou elétricas,Céu Claro,2025-02-06,16
2025-02-06,14:00:00,376,"662,1",TIJUCAS DO SUL,PR,Colisão transversal,Acessar a via sem observar a presença dos outros veículos,Céu Claro,2025-02-06,14
2025-02-06,15:00:00,116,311,RESENDE,RJ,Colisão traseira,Frear bruscamente,Céu Claro,2025-02-06,15
2025-02-06,17:30:00,50,"66,7",UBERLANDIA,MG,Colisão lateral mesmo sentido,Acessar a via sem observar a presença dos outros veículos,Céu Claro,2025-02-06,17
2025-02-06,17:30:00,101,51,PAULISTA,PE,Colisão lateral mesmo sentido,Acesso irregular,Chuva,2025-02-06,17
2025-02-06,17:30:00,163,834,SINOP,MT,Colisão traseira,Pista Escorregadia,Chuva,2025-02-06,17
2025-02-06,17:45:00,101,451,SAO JOAO DO SUL,SC,Colisão transversal,Desrespeitar a preferência no cruzamento,Nublado,2025-02-06,17
2025-02-05,23:00:00,349,822,SAO FELIX DO CORIBE,BA,Incêndio,Demais falhas mecânicas ou elétricas,Céu Claro,2025-02-05,23
2025-02-06,18:55:00,153,"93,7",CONCORDIA,SC,Colisão frontal,Transitar na contramão,Ignorado,2025-02-06,18
2025-02-06,19:50:00,364,202,RONDONOPOLIS,MT,Tombamento,Manobra de mudança de faixa,Céu Claro,2025-02-06,19
2025-02-06,21:30:00,324,546,AMELIA RODRIGUES,BA,Saída de leito carroçável,Demais falhas mecânicas ou elétricas,Céu Claro,2025-02-06,21
2025-02-06,19:40:00,20,"212,3",POSSE,GO,Atropelamento de Animal,Animais na Pista,Céu Claro,2025-02-06,19
2025-02-06,19:40:00,468,"63,4",CAMPO NOVO,RS,Colisão frontal,Acessar a via sem observar a presença dos outros veículos,Garoa/Chuvisco,2025-02-06,19
2025-02-06,20:20:00,116,234,PIRAI,RJ,Tombamento,Velocidade Incompatível,Céu Claro,2025-02-06,20
2025-02-06,21:30:00,364,708,PORTO VELHO,RO,Incêndio,Demais falhas mecânicas ou elétricas,Ignorado,2025-02-06,21
2025-02-06,22:30:00,116,350,MIRACATU,SP,Incêndio,Demais falhas mecânicas ou elétricas,Céu Claro,2025-02-06,22
2025-02-07,00:15:00,20,"11,1",FORMOSA,GO,Colisão transversal,Acessar a via sem observar a presença dos outros veículos,Céu Claro,2025-02-07,0
2025-02-06,23:30:00,262,244,RIBAS DO RIO PARDO,MS,Colisão lateral sentido oposto,Ausência de reação do condutor,Garoa/Chuvisco,2025-02-06,23
2025-02-06,22:50:00,116,"282,1",BARRA MANSA,RJ,Atropelamento de Pedestre,Pedestre cruzava a pista fora da faixa,Céu Claro,2025-02-06,22
2025-02-07,00:30:00,116,387,MIRACATU,SP,Colisão traseira,Condutor deixou de manter distância do veículo da frente,Céu Claro,2025-02-07,0
2025-02-07,02:00:00,262,362,BETIM,MG,Colisão traseira,Condutor deixou de manter distância do veículo da frente,Céu Claro,2025-02-07,2
2025-02-07,02:30:00,40,"612,5",CONGONHAS,MG,Colisão lateral mesmo sentido,Ausência de reação do condutor,Céu Claro,2025-02-07,2
2025-02-07,03:30:00,116,394,MIRACATU,SP,Colisão traseira,Reação tardia ou ineficiente do condutor,Nublado,2025-02-07,3
2025-02-07,02:00:00,116,109,MONTE CASTELO,SC,Colisão traseira,Ausência de reação do condutor,Céu Claro,2025-02-07,2
2025-02-07,04:00:00,470,2,BARRACAO,RS,Tombamento,Ausência de reação do condutor,Nevoeiro/Neblina,2025-02-07,4
2025-02-07,02:15:00,232,"230,5",PESQUEIRA,PE,Colisão lateral mesmo sentido,Ausência de reação do condutor,Nublado,2025-02-07,2
2025-02-07,02:45:00,251,"244,6",SANTA CRUZ DE SALINAS,MG,Colisão com objeto,Ausência de reação do condutor,Céu Claro,2025-02-07,2
2025-02-06,21:20:00,381,"69,9",MAIRIPORA,SP,Tombamento,Reação tardia ou ineficiente do condutor,Nublado,2025-02-06,21
2025-02-07,05:30:00,40,125,CRISTALINA,GO,Saída de leito carroçável,Condutor Dormindo,Céu Claro,2025-02-07,5
2025-02-07,06:20:00,282,423,VARGEM BONITA,SC,Colisão traseira,Reação tardia ou ineficiente do condutor,Céu Claro,2025-02-07,6
2025-02-07,04:30:00,163,1078,GUARANTA DO NORTE,MT,Colisão traseira,Ingestão de álcool pelo condutor,Céu Claro,2025-02-07,4
2025-02-07,06:21:00,316,39,ARARIPINA,PE,Colisão frontal,Transitar na contramão,Nublado,2025-02-07,6
2025-02-07,07:30:00,381,"740,7",TRES CORACOES,MG,Saída de leito carroçável,Ausência de reação do condutor,Céu Claro,2025-02-07,7
2025-02-07,08:10:00,324,525,FEIRA DE SANTANA,BA,Atropelamento de Pedestre,Suicídio (presumido),Céu Claro,2025-02-07,8
2025-02-07,09:30:00,116,215,GUARULHOS,SP,Derramamento de carga,Carga excessiva e/ou mal acondicionada,Nublado,2025-02-07,9
2025-02-07,09:50:00,153,503,APARECIDA DE GOIANIA,GO,Colisão transversal,Acessar a via sem observar a presença dos outros veículos,Céu Claro,2025-02-07,9
2025-02-07,07:50:00,101,98,CABO DE SANTO AGOSTINHO,PE,Saída de leito carroçável,Demais falhas na via,Sol,2025-02-07,7
2025-02-07,07:03:00,158,"17,3",CASSILANDIA,MS,Colisão traseira,Condutor Dormindo,Céu Claro,2025-02-07,7
2025-02-07,10:20:00,381,"740,1",TRES CORACOES,MG,Saída de leito carroçável,Velocidade Incompatível,Céu Claro,2025-02-07,10
2025-02-07,06:24:00,163,1049,MATUPA,MT,Colisão lateral sentido oposto,Ultrapassagem Indevida,Céu Claro,2025-02-07,6
2025-02-07,09:47:00,153,"48,7",MONTE ALEGRE DE MINAS,MG,Colisão traseira,Reação tardia ou ineficiente do condutor,Céu Claro,2025-02-07,9
2025-02-07,11:00:00,262,"167,9",IBATIBA,ES,Colisão lateral sentido oposto,Ultrapassagem Indevida,Céu Claro,2025-02-07,11
2025-02-04,07:50:00,40,102,DUQUE DE CAXIAS,RJ,Engavetamento,Reação tardia ou ineficiente do condutor,Céu Claro,2025-02-04,7
2025-02-07,10:50:00,153,722,FIGUEIROPOLIS,TO,Colisão transversal,Acessar a via sem observar a presença dos outros veículos,Céu Claro,2025-02-07,10
2025-02-07,10:24:00,324,597,CANDEIAS,BA,Colisão traseira,Reação tardia ou ineficiente do condutor,Sol,2025-02-07,10
2025-02-07,07:00:00,282,"461,5",PONTE SERRADA,SC,Atropelamento de Pedestre,Pedestre cruzava a pista fora da faixa,Sol,2025-02-07,7
2025-02-07,12:24:00,101,876,TEIXEIRA DE FREITAS,BA,Colisão traseira,Condutor deixou de manter distância do veículo da frente,Chuva,2025-02-07,12
2025-02-07,11:30:00,280,"68,3",JARAGUA DO SUL,SC,Colisão transversal,Trafegar com motocicleta (ou similar) entre as faixas,Nublado,2025-02-07,11
2025-02-07,09:33:00,101,"100,8",PARNAMIRIM,RN,Colisão com objeto,Reação tardia ou ineficiente do condutor,Nublado,2025-02-07,9
2025-02-07,12:35:00,101,"393,4",ITAGUAI,RJ,Colisão traseira,Mal súbito do condutor,Céu Claro,2025-02-07,12
2025-02-07,12:10:00,324,535,CONCEICAO DO JACUIPE,BA,Saída de leito carroçável,Velocidade Incompatível,Chuva,2025-02-07,12
2025-02-07,12:10:00,101,156,ESTANCIA,SE,Tombamento,Ausência de reação do condutor,Chuva,2025-02-07,12
2025-02-07,12:09:00,277,"40,7",MORRETES,PR,Saída de leito carroçável,Demais falhas mecânicas ou elétricas,Sol,2025-02-07,12