data_inversa,horario,br,km,municipio,uf,tipo_acidente,causa_acidente,condicao_metereologica,data,hora
2025-02-11,18:40:00,116,5,FORTALEZA,CE,Colisão lateral mesmo sentido,Manobra de mudança de faixa,Céu Claro,2025-02-11,18
2025-02-11,17:20:00,153,306,CAMPOS NOVOS PAULISTA,SP,Saída de leito carroçável,Ingestão de álcool pelo condutor,Céu Claro,2025-02-11,17
2025-02-11,18:50:00,324,520,FEIRA DE SANTANA,BA,Colisão traseira,Reação tardia ou ineficiente do condutor,Céu Claro,2025-02-11,18
2025-02-11,13:30:00,356,49,ITAPERUNA,RJ,Tombamento,Velocidade Incompatível,Céu Claro,2025-02-11,13
2025-02-11,18:35:00,381,210,NAQUE,MG,Colisão frontal,Ausência de reação do condutor,Céu Claro,2025-02-11,18
2025-02-11,20:30:00,364,209,RONDONOPOLIS,MT,Tombamento,Ingestão de álcool pelo condutor,Céu Claro,2025-02-11,20
2025-02-11,19:40:00,163,"104,8",RONDONOPOLIS,MT,Saída de leito carroçável,Acumulo de água sobre o pavimento,Chuva,2025-02-11,19
2025-02-11,22:10:00,277,121,CAMPO LARGO,PR,Colisão lateral mesmo sentido,Ingestão de álcool pelo condutor,Garoa/Chuvisco,2025-02-11,22
2025-02-11,19:30:00,364,"177,6",PIMENTA BUENO,RO,Colisão frontal,Ingestão de álcool pelo condutor,Nublado,2025-02-11,19
2025-02-11,09:30:00,364,94,VILHENA,RO,Incêndio,Demais falhas mecânicas ou elétricas,Céu Claro,2025-02-11,9
2025-02-11,22:00:00,163,912,CLAUDIA,MT,Colisão transversal,Acessar a via sem observar a presença dos outros veículos,Chuva,2025-02-11,22
2025-02-12,01:30:00,381,"67,9",MAIRIPORA,SP,Colisão com objeto,Reação tardia ou ineficiente do condutor,Céu Claro,2025-02-12,1
2025-02-12,00:50:00,153,77,MONTE ALEGRE DE MINAS,MG,Colisão lateral sentido oposto,Carga excessiva e/ou mal acondicionada,Céu Claro,2025-02-12,0
2025-02-12,03:15:00,408,"60,8",PAUDALHO,PE,Colisão com objeto,Ausência de reação do condutor,Céu Claro,2025-02-12,3
2025-02-12,04:15:00,101,111,NAVEGANTES,SC,Saída de leito carroçável,Mal súbito do condutor,Céu Claro,2025-02-12,4
2025-02-11,22:20:00,316,136,PARNAMIRIM,PE,Tombamento,Animais na Pista,Céu Claro,2025-02-11,22
2025-02-11,21:50:00,163,"43,7",ELDORADO,MS,Colisão com objeto,Transitar na contramão,Céu Claro,2025-02-11,21
2025-02-12,07:00:00,153,112,WANDERLANDIA,TO,Incêndio,Demais falhas mecânicas ou elétricas,Céu Claro,2025-02-12,7
2025-02-12,07:40:00,116,219,GUARULHOS,SP,Colisão lateral mesmo sentido,Desvio temporário,Céu Claro,2025-02-12,7
2025-02-11,23:30:00,251,"419,4",GRAO MOGOL,MG,Colisão frontal,Condutor Dormindo,Céu Claro,2025-02-11,23
2025-02-12,07:55:00,101,47,CAMPOS DOS GOYTACAZES,RJ,Atropelamento de Pedestre,Entrada inopinada do pedestre,Céu Claro,2025-02-12,7
2025-02-12,08:45:00,369,"143,5",LONDRINA,PR,Colisão traseira,Ausência de reação do condutor,Céu Claro,2025-02-12,8
2025-02-12,05:20:00,364,"260,4",JUSCIMEIRA,MT,Colisão traseira,Reação tardia ou ineficiente do condutor,Céu Claro,2025-02-12,5
2025-02-12,09:15:00,101,43,IGARASSU,PE,Colisão lateral mesmo sentido,Condutor deixou de manter distância do veículo da frente,Céu Claro,2025-02-12,9
2025-02-12,10:30:00,393,"268,2",BARRA DO PIRAI,RJ,Colisão transversal,Acessar a via sem observar a presença dos outros veículos,Céu Claro,2025-02-12,10
2025-02-12,08:10:00,40,366,FELIXLANDIA,MG,Colisão traseira,Condutor Dormindo,Céu Claro,2025-02-12,8
2025-02-12,11:15:00,392,659,CERRO LARGO,RS,Colisão lateral mesmo sentido,Condutor deixou de manter distância do veículo da frente,Sol,2025-02-12,11
2025-02-12,10:50:00,101,"195,8",BIGUACU,SC,Colisão transversal,Reação tardia ou ineficiente do condutor,Sol,2025-02-12,10
2025-02-12,12:55:00,376,676,GUARATUBA,PR,Colisão traseira,Manobra de mudança de faixa,Céu Claro,2025-02-12,12
2025-02-12,13:20:00,101,"365,5",ANCHIETA,ES,Colisão lateral sentido oposto,Condutor Dormindo,Céu Claro,2025-02-12,13
2025-02-12,13:46:00,381,44,ATIBAIA,SP,Atropelamento de Pedestre,Pedestre cruzava a pista fora da faixa,Céu Claro,2025-02-12,13
2025-02-12,12:48:00,153,261,NOVA GLORIA,GO,Incêndio,Demais falhas mecânicas ou elétricas,Nublado,2025-02-12,12
2025-02-12,12:50:00,472,"118,9",BOA VISTA DO BURICA,RS,Colisão lateral sentido oposto,Ausência de reação do condutor,Céu Claro,2025-02-12,12
2025-02-12,11:50:00,116,902,CANDIDO SALES,BA,Colisão lateral sentido oposto,Ausência de reação do condutor,Nublado,2025-02-12,11
2025-02-12,15:10:00,116,218,GUARULHOS,SP,Colisão lateral mesmo sentido,Trafegar com motocicleta (ou similar) entre as faixas,Sol,2025-02-12,15
2025-02-12,16:47:00,70,"0,8",AGUAS LINDAS DE GOIAS,GO,Saída de leito carroçável,Reação tardia ou ineficiente do condutor,Céu Claro,2025-02-12,16
2025-02-12,15:40:00,163,"546,9",BANDEIRANTES,MS,Colisão frontal,Transitar na contramão,Nublado,2025-02-12,15
2025-02-12,13:40:00,287,337,SAO VICENTE DO SUL,RS,Saída de leito carroçável,Reação tardia ou ineficiente do condutor,Céu Claro,2025-02-12,13
2025-02-12,14:35:00,262,"412,2",IGARATINGA,MG,Colisão transversal,Velocidade Incompatível,Sol,2025-02-12,14
2025-02-12,16:25:00,163,"522,6",VARZEA GRANDE,MT,Colisão transversal,Acesso irregular,Céu Claro,2025-02-12,16
2025-02-12,17:22:00,277,590,CASCAVEL,PR,Colisão traseira,Condutor deixou de manter distância do veículo da frente,Céu Claro,2025-02-12,17
2025-02-12,17:10:00,343,345,TERESINA,PI,Colisão transversal,Manobra de mudança de faixa,Céu Claro,2025-02-12,17
2025-01-11,08:15:00,101,231,SAPEACU,BA,Colisão traseira,Ausência de reação do condutor,Chuva,2025-01-11,8
2025-02-12,16:50:00,158,577,AGUA BOA,MT,Colisão lateral mesmo sentido,Manobra de mudança de faixa,Céu Claro,2025-02-12,16
2025-02-12,15:45:00,153,"218,9",FRUTAL,MG,Colisão lateral mesmo sentido,Reação tardia ou ineficiente do condutor,Chuva,2025-02-12,15
2025-02-12,07:35:00,135,351,PRESIDENTE DUTRA,MA,Colisão lateral sentido oposto,Manobra de mudança de faixa,Céu Claro,2025-02-12,7
2025-02-12,17:10:00,153,"111,2",PRATA,MG,Colisão lateral sentido oposto,Ultrapassagem Indevida,Chuva,2025-02-12,17
2025-02-12,19:30:00,101,100,BALNEARIO PICARRAS,SC,Colisão lateral mesmo sentido,Reação tardia ou ineficiente do condutor,Chuva,2025-02-12,19
2025-02-12,14:45:00,251,"328,7",FRUTA DE LEITE,MG,Tombamento,Ausência de reação do condutor,Sol,2025-02-12,14
2025-02-12,12:30:00,158,88,PIRANHAS,GO,Colisão lateral mesmo sentido,Acessar a via sem observar a presença dos outros veículos,Céu Claro,2025-02-12,12
2025-02-12,20:30:00,101,"58,2",ARAQUARI,SC,Saída de leito carroçável,Ausência de reação do condutor,Chuva,2025-02-12,20
2025-02-12,20:50:00,101,"141,8",ITAPEMA,SC,Tombamento,Reação tardia ou ineficiente do condutor,Céu Claro,2025-02-12,20
2025-02-12,21:20:00,476,346,UNIAO DA VITORIA,PR,Colisão lateral mesmo sentido,Afundamento ou ondulação no pavimento,Céu Claro,2025-02-12,21
2025-02-12,21:30:00,251,365,GRAO MOGOL,MG,Colisão frontal,Transitar na contramão,Nublado,2025-02-12,21
2025-02-12,18:15:00,174,496,COMODORO,MT,Colisão traseira,Demais falhas mecânicas ou elétricas,Nublado,2025-02-12,18
2025-02-12,23:10:00,50,38,ARAGUARI,MG,Colisão com objeto,Estacionar ou parar em local proibido,Céu Claro,2025-02-12,23
2025-02-13,00:26:00,20,3,FORMOSA,GO,Colisão lateral mesmo sentido,Velocidade Incompatível,Céu Claro,2025-02-13,0
2025-02-13,01:50:00,116,515,CAJATI,SP,Colisão traseira,Problema com o freio,Nublado,2025-02-13,1
2025-02-13,03:00:00,116,82,PIRAQUARA,PR,Saída de leito carroçável,Reação tardia ou ineficiente do condutor,Céu Claro,2025-02-13,3
2025-02-13,04:25:00,101,118,ESCADA,PE,Atropelamento de Pedestre,Acesso irregular,Céu Claro,2025-02-13,4
2025-02-13,03:40:00,364,"239,6",CACOAL,RO,Colisão transversal,Reação tardia ou ineficiente do condutor,Nublado,2025-02-13,3
2025-02-13,05:40:00,50,300,CUMARI,GO,Atropelamento de Pedestre,Suicídio (presumido),Chuva,2025-02-13,5
2025-02-13,04:40:00,369,177,ROLANDIA,PR,Saída de leito carroçável,Condutor usando celular,Céu Claro,2025-02-13,4
2025-02-13,02:05:00,116,"278,6",BARRA MANSA,RJ,Colisão traseira,Reação tardia ou ineficiente do condutor,Nublado,2025-02-13,2
2025-02-13,06:10:00,376,"5,4",MARINGA,PR,Colisão lateral mesmo sentido,Demais falhas na via,Céu Claro,2025-02-13,6
2025-02-13,04:30:00,101,12,RIO REAL,BA,Saída de leito carroçável,Ausência de reação do condutor,Céu Claro,2025-02-13,4
2025-02-13,04:40:00,116,119,RUSSAS,CE,Colisão lateral sentido oposto,Transitar na contramão,Céu Claro,2025-02-13,4
2025-02-13,06:00:00,365,"735,8",ITUIUTABA,MG,Colisão traseira,Condutor Dormindo,Céu Claro,2025-02-13,6
2025-02-13,03:50:00,407,581,PAULISTANA,PI,Colisão transversal,Ausência de reação do condutor,Céu Claro,2025-02-13,3
2025-02-12,23:15:00,116,534,ITATIM,BA,Colisão frontal,Ultrapassagem Indevida,Céu Claro,2025-02-12,23
2025-02-13,07:50:00,40,"639,9",CONSELHEIRO LAFAIETE,MG,Colisão transversal,Conversão proibida,Sol,2025-02-13,7
2025-02-13,09:19:00,101,"291,9",CARIACICA,ES,Colisão transversal,Desrespeitar a preferência no cruzamento,Céu Claro,2025-02-13,9
2025-02-13,09:05:00,262,"415,9",TERENOS,MS,Colisão lateral sentido oposto,Ausência de reação do condutor,Nublado,2025-02-13,9
2025-02-13,10:00:00,116,57,PAPANDUVA,SC,Colisão transversal,Acessar a via sem observar a presença dos outros veículos,Céu Claro,2025-02-13,10
2025-02-13,10:05:00,116,231,PIRAI,RJ,Tombamento,Ausência de reação do condutor,Sol,2025-02-13,10
2025-02-13,11:45:00,277,580,CASCAVEL,PR,Colisão transversal,Ausência de reação do condutor,Céu Claro,2025-02-13,11
2025-02-13,11:25:00,116,176,GUARAREMA,SP,Colisão lateral mesmo sentido,Manobra de mudança de faixa,Céu Claro,2025-02-13,11
2025-02-10,05:20:00,101,"56,1",FLEXEIRAS,AL,Saída de leito carroçável,Condutor Dormindo,Céu Claro,2025-02-10,5
2025-02-13,13:00:00,414,403,ABADIANIA,GO,Colisão transversal,Acessar a via sem observar a presença dos outros veículos,Céu Claro,2025-02-13,13
2025-02-13,11:00:00,285,370,SALDANHA MARINHO,RS,Colisão lateral sentido oposto,Ausência de reação do condutor,Céu Claro,2025-02-13,11
2025-02-13,12:50:00,376,"425,5",TIBAGI,PR,Tombamento,Reação tardia ou ineficiente do condutor,Céu Claro,2025-02-13,12
2025-02-13,12:30:00,116,"783,2",PLANALTO,BA,Colisão traseira,Reação tardia ou ineficiente do condutor,Céu Claro,2025-02-13,12
2025-02-13,09:30:00,70,523,VARZEA GRANDE,MT,Colisão transversal,Acessar a via sem observar a presença dos outros veículos,Céu Claro,2025-02-13,9
2025-02-13,12:00:00,262,"441,4",NOVA SERRANA,MG,Colisão traseira,Trafegar com motocicleta (ou similar) entre as faixas,Sol,2025-02-13,12
2025-02-13,12:10:00,277,303,PRUDENTOPOLIS,PR,Colisão transversal,Acessar a via sem observar a presença dos outros veículos,Nublado,2025-02-13,12
2025-02-08,21:00:00,101,"438,9",MIMOSO DO SUL,ES,Colisão lateral mesmo sentido,Frear bruscamente,Céu Claro,2025-02-08,21
2025-01-17,11:00:00,319,472,TAPAUA,AM,Saída de leito carroçável,Reação tardia ou ineficiente do condutor,Garoa/Chuvisco,2025-01-17,11
2025-02-13,15:40:00,381,28,BRAGANCA PAULISTA,SP,Colisão lateral mesmo sentido,Manobra de mudança de faixa,Nublado,2025-02-13,15
2025-02-13,16:45:00,381,62,MAIRIPORA,SP,Saída de leito carroçável,Chuva,Chuva,2025-02-13,16
2025-02-13,14:30:00,381,"438,5",SABARA,MG,Atropelamento de Pedestre,Entrada inopinada do pedestre,Sol,2025-02-13,14
2025-02-13,16:40:00,101,"35,4",JOINVILLE,SC,Engavetamento,Reação tardia ou ineficiente do condutor,Chuva,2025-02-13,16
2025-02-13,15:40:00,153,205,URUACU,GO,Engavetamento,Reação tardia ou ineficiente do condutor,Nublado,2025-02-13,15
2025-02-13,17:00:00,153,456,UNIAO DA VITORIA,PR,Colisão lateral mesmo sentido,Acessar a via sem observar a presença dos outros veículos,Nublado,2025-02-13,17
2025-02-13,17:40:00,376,535,PALMEIRA,PR,Colisão traseira,Entrada inopinada do pedestre,Chuva,2025-02-13,17
2025-02-13,17:15:00,235,"340,9",JUAZEIRO,BA,Colisão frontal,Transitar na contramão,Céu Claro,2025-02-13,17
2025-02-13,18:50:00,262,321,CASTILHO,SP,Colisão traseira,Condutor deixou de manter distância do veículo da frente,Nublado,2025-02-13,18
2025-02-13,12:20:00,282,"392,9",JOACABA,SC,Colisão frontal,Avarias e/ou desgaste excessivo no pneu,Chuva,2025-02-13,12
2025-02-13,12:00:00,70,285,PRIMAVERA DO LESTE,MT,Tombamento,Demais falhas mecânicas ou elétricas,Céu Claro,2025-02-13,12
2025-02-13,17:35:00,116,"415,4",GOVERNADOR VALADARES,MG,Colisão frontal,Acessar a via sem observar a presença dos outros veículos,Céu Claro,2025-02-13,17
2025-02-13,17:00:00,376,660,TIJUCAS DO SUL,PR,Saída de leito carroçável,Velocidade Incompatível,Chuva,2025-02-13,17
2025-02-13,13:20:00,153,502,GENERAL CARNEIRO,PR,Colisão lateral sentido oposto,Reação tardia ou ineficiente do condutor,Chuva,2025-02-13,13
2025-02-13,19:20:00,282,"636,3",DESCANSO,SC,Colisão frontal,Transitar na contramão,Nublado,2025-02-13,19
2025-02-13,20:00:00,163,583,NOVA MUTUM,MT,Tombamento,Ingestão de álcool pelo condutor,Nublado,2025-02-13,20
2025-02-13,23:00:00,50,189,UBERABA,MG,Colisão traseira,Reação tardia ou ineficiente do condutor,Céu Claro,2025-02-13,23
2025-02-14,00:10:00,262,883,CAMPO FLORIDO,MG,Saída de leito carroçável,Ausência de reação do condutor,Céu Claro,2025-02-14,0
2025-02-14,01:00:00,230,"168,2",CAMPINA GRANDE,PB,Colisão traseira,Ausência de reação do condutor,Céu Claro,2025-02-14,1
2025-02-14,04:30:00,324,595,CANDEIAS,BA,Colisão traseira,Reação tardia ou ineficiente do condutor,Céu Claro,2025-02-14,4
2025-02-14,05:30:00,163,691,RIO VERDE DE MATO GROSSO,MS,Tombamento,Reação tardia ou ineficiente do condutor,Céu Claro,2025-02-14,5
2025-02-14,05:10:00,262,"662,3",IBIA,MG,Saída de leito carroçável,Condutor Dormindo,Céu Claro,2025-02-14,5
2025-02-14,02:35:00,365,667,MONTE ALEGRE DE MINAS,MG,Incêndio,Demais falhas mecânicas ou elétricas,Céu Claro,2025-02-14,2
2025-01-27,13:00:00,101,117,ITAJAI,SC,Engavetamento,Condutor deixou de manter distância do veículo da frente,Nublado,2025-01-27,13
2025-02-13,21:40:00,262,388,MATEUS LEME,MG,Tombamento,Ausência de reação do condutor,Céu Claro,2025-02-13,21
2025-01-26,00:15:00,282,379,JOACABA,SC,Colisão transversal,Ingestão de álcool pelo condutor,Céu Claro,2025-01-26,0
2025-02-14,04:35:00,324,594,CANDEIAS,BA,Colisão traseira,Velocidade Incompatível,Céu Claro,2025-02-14,4
2025-02-14,06:50:00,116,"120,9",SANTA CECILIA,SC,Colisão transversal,Acessar a via sem observar a presença dos outros veículos,Céu Claro,2025-02-14,6
2025-02-14,09:30:00,116,"214,5",GUARULHOS,SP,Colisão lateral mesmo sentido,Manobra de mudança de faixa,Sol,2025-02-14,9
2025-02-14,08:00:00,282,"524,8",XAXIM,SC,Engavetamento,Acesso irregular,Céu Claro,2025-02-14,8
2025-02-14,08:10:00,101,433,MANGARATIBA,RJ,Colisão traseira,Reação tardia ou ineficiente do condutor,Sol,2025-02-14,8
2025-02-14,08:40:00,116,"3,2",FORTALEZA,CE,Colisão lateral mesmo sentido,Manobra de mudança de faixa,Céu Claro,2025-02-14,8
2025-02-14,09:15:00,376,"4,2",JANDAIA DO SUL,PR,Colisão lateral mesmo sentido,Ultrapassagem Indevida,Céu Claro,2025-02-14,9
2025-02-14,10:35:00,376,"591,8",CURITIBA,PR,Colisão traseira,Condutor deixou de manter distância do veículo da frente,Céu Claro,2025-02-14,10
2025-02-14,08:20:00,381,923,CAMANDUCAIA,MG,Colisão lateral mesmo sentido,Acesso irregular,Céu Claro,2025-02-14,8
2025-02-14,09:07:00,381,"734,2",CARMO DA CACHOEIRA,MG,Colisão traseira,Ausência de reação do condutor,Sol,2025-02-14,9
2025-02-14,11:10:00,290,92,PORTO ALEGRE,RS,Colisão lateral mesmo sentido,Manobra de mudança de faixa,Céu Claro,2025-02-14,11
2025-02-14,07:30:00,364,464,VARZEA GRANDE,MT,Saída de leito carroçável,Ausência de reação do condutor,Sol,2025-02-14,7
2025-02-14,10:50:00,376,162,MARINGA,PR,Colisão lateral mesmo sentido,Manobra de mudança de faixa,Céu Claro,2025-02-14,10
2025-02-14,11:02:00,101,"178,7",GOVERNADOR CELSO RAMOS,SC,Atropelamento de Pedestre,Suicídio (presumido),Céu Claro,2025-02-14,11
2025-02-14,11:40:00,277,42,MORRETES,PR,Colisão traseira,Acessar a via sem observar a presença dos outros veículos,Céu Claro,2025-02-14,11
2025-02-14,11:00:00,316,46,LAGOA DO PIAUI,PI,Colisão lateral mesmo sentido,Ultrapassagem Indevida,Sol,2025-02-14,11
2025-02-14,11:30:00,316,68,CASTANHAL,PA,Colisão lateral sentido oposto,Ultrapassagem Indevida,Garoa/Chuvisco,2025-02-14,11
2025-02-14,03:00:00,316,267,SANTA INES,MA,Colisão com objeto,Carga excessiva e/ou mal acondicionada,Céu Claro,2025-02-14,3
2025-02-14,12:30:00,381,43,ATIBAIA,SP,Colisão com objeto,Demais falhas mecânicas ou elétricas,Nublado,2025-02-14,12
2025-02-14,11:30:00,381,"568,9",ITAGUARA,MG,Colisão traseira,Ausência de reação do condutor,Céu Claro,2025-02-14,11
2025-02-14,11:00:00,470,47,BLUMENAU,SC,Colisão transversal,Acessar a via sem observar a presença dos outros veículos,Céu Claro,2025-02-14,11
2025-02-14,13:30:00,116,"511,9",CAJATI,SP,Saída de leito carroçável,Velocidade Incompatível,Chuva,2025-02-14,13
2025-02-14,10:15:00,101,144,LINHARES,ES,Colisão lateral mesmo sentido,Problema com o freio,Céu Claro,2025-02-14,10
2025-02-14,12:40:00,104,"174,3",ALCANTIL,PB,Colisão frontal,Transitar na contramão,Céu Claro,2025-02-14,12
2025-02-14,15:05:00,101,"229,8",PALHOCA,SC,Colisão transversal,Reação tardia ou ineficiente do condutor,Céu Claro,2025-02-14,15
2025-02-14,15:20:00,116,251,SAPUCAIA DO SUL,RS,Colisão lateral mesmo sentido,Ingestão de álcool pelo condutor,Céu Claro,2025-02-14,15
2025-02-14,13:30:00,116,325,ITATIAIA,RJ,Colisão lateral mesmo sentido,Manobra de mudança de faixa,Sol,2025-02-14,13
2025-02-14,16:30:00,101,38,JOINVILLE,SC,Colisão transversal,Acessar a via sem observar a presença dos outros veículos,Nublado,2025-02-14,16
2025-01-27,10:11:00,222,"671,8",ACAILANDIA,MA,Tombamento,Conversão proibida,Sol,2025-01-27,10
2025-02-14,16:00:00,50,"244,3",CATALAO,GO,Tombamento,Carga excessiva e/ou mal acondicionada,Céu Claro,2025-02-14,16
2025-02-14,15:20:00,116,"492,7",RAFAEL JAMBEIRO,BA,Colisão traseira,Ausência de reação do condutor,Céu Claro,2025-02-14,15
2025-02-14,10:30:00,364,"271,6",JACIARA,MT,Colisão transversal,Acessar a via sem observar a presença dos outros veículos,Sol,2025-02-14,10
2025-02-14,18:00:00,40,117,DUQUE DE CAXIAS,RJ,Colisão lateral mesmo sentido,Manobra de mudança de faixa,Céu Claro,2025-02-14,18
2025-02-14,11:10:00,10,329,SAO MIGUEL DO GUAMA,PA,Colisão lateral sentido oposto,Acumulo de água sobre o pavimento,Chuva,2025-02-14,11
2025-02-14,17:30:00,381,"902,5",CAMBUI,MG,Colisão com objeto,Velocidade Incompatível,Chuva,2025-02-14,17
2025-02-14,20:00:00,101,125,ESCADA,PE,Colisão traseira,Condutor deixou de manter distância do veículo da frente,Céu Claro,2025-02-14,20
2025-02-14,11:32:00,163,500,ITAITUBA,PA,Colisão traseira,Condutor deixou de manter distância do veículo da frente,Céu Claro,2025-02-14,11
2025-02-14,20:20:00,364,"17,9",FRUTAL,MG,Colisão frontal,Reação tardia ou ineficiente do condutor,Céu Claro,2025-02-14,20
2025-02-14,17:44:00,262,"166,1",IBATIBA,ES,Colisão frontal,Avarias e/ou desgaste excessivo no pneu,Nublado,2025-02-14,17
2025-02-14,20:30:00,459,"97,9",POUSO ALEGRE,MG,Colisão traseira,Ausência de reação do condutor,Nublado,2025-02-14,20
2025-02-14,20:40:00,423,"135,4",SALOA,PE,Tombamento,Demais falhas mecânicas ou elétricas,Céu Claro,2025-02-14,20
2025-02-15,00:01:00,381,943,EXTREMA,MG,Colisão lateral mesmo sentido,Demais falhas na via,Céu Claro,2025-02-15,0
2025-02-15,00:05:00,116,"226,9",PARACAMBI,RJ,Tombamento,Condutor Dormindo,Céu Claro,2025-02-15,0
2025-02-15,00:10:00,373,176,PONTA GROSSA,PR,Colisão lateral mesmo sentido,Manobra de mudança de faixa,Céu Claro,2025-02-15,0
2025-02-15,01:50:00,381,"514,5",IGARAPE,MG,Atropelamento de Pedestre,Pedestre andava na pista,Céu Claro,2025-02-15,1
2025-02-15,03:00:00,386,"30,7",FREDERICO WESTPHALEN,RS,Colisão frontal,Ausência de reação do condutor,Céu Claro,2025-02-15,3
2025-02-15,03:30:00,230,"236,8",JUAZEIRINHO,PB,Colisão frontal,Transitar na contramão,Céu Claro,2025-02-15,3
2025-02-15,04:10:00,251,"471,4",FRANCISCO SA,MG,Saída de leito carroçável,Ausência de reação do condutor,Vento,2025-02-15,4
2025-02-14,19:00:00,101,"923,9",NOVA VICOSA,BA,Colisão traseira,Ultrapassagem Indevida,Céu Claro,2025-02-14,19
2025-02-15,06:30:00,407,"116,1",PETROLINA,PE,Colisão lateral mesmo sentido,Acessar a via sem observar a presença dos outros veículos,Céu Claro,2025-02-15,6
2025-02-15,07:00:00,452,18,RIO VERDE,GO,Colisão frontal,Transitar na contramão,Céu Claro,2025-02-15,7
2025-02-14,20:00:00,459,16,PIQUETE,SP,Tombamento,Ausência de reação do condutor,Céu Claro,2025-02-14,20
2025-02-15,10:30:00,232,76,GRAVATA,PE,Engavetamento,Reação tardia ou ineficiente do condutor,Sol,2025-02-15,10
2025-02-15,11:25:00,40,"790,6",JUIZ DE FORA,MG,Colisão traseira,Trafegar com motocicleta (ou similar) entre as faixas,Céu Claro,2025-02-15,11
2025-02-15,09:20:00,282,"308,2",VARGEM,SC,Tombamento,Velocidade Incompatível,Céu Claro,2025-02-15,9
2025-02-15,11:15:00,316,383,ALEGRETE DO PIAUI,PI,Colisão com objeto,Reação tardia ou ineficiente do condutor,Céu Claro,2025-02-15,11
2025-02-15,09:15:00,222,338,UBAJARA,CE,Tombamento,Velocidade Incompatível,Céu Claro,2025-02-15,9
2025-02-15,11:45:00,232,32,MORENO,PE,Engavetamento,Manobra de mudança de faixa,Céu Claro,2025-02-15,11
2025-02-15,09:30:00,262,798,UBERABA,MG,Colisão lateral mesmo sentido,Manobra de mudança de faixa,Céu Claro,2025-02-15,9
2025-02-15,11:30:00,277,109,CURITIBA,PR,Engavetamento,Ausência de reação do condutor,Céu Claro,2025-02-15,11
2025-02-15,13:30:00,20,32,FORMOSA,GO,Colisão transversal,Ausência de reação do condutor,Céu Claro,2025-02-15,13
2025-02-15,13:50:00,280,"49,5",GUARAMIRIM,SC,Derramamento de carga,Carga excessiva e/ou mal acondicionada,Céu Claro,2025-02-15,13
2025-02-15,14:10:00,376,"182,4",SARANDI,PR,Colisão traseira,Ausência de reação do condutor,Céu Claro,2025-02-15,14
2025-02-15,14:30:00,60,102,ANAPOLIS,GO,Colisão lateral mesmo sentido,Trafegar com motocicleta (ou similar) entre as faixas,Céu Claro,2025-02-15,14
2025-02-15,13:15:00,163,1111,GUARANTA DO NORTE,MT,Tombamento,Carga excessiva e/ou mal acondicionada,Céu Claro,2025-02-15,13
2025-02-15,09:30:00,222,661,ACAILANDIA,MA,Colisão frontal,Mal súbito do condutor,Céu Claro,2025-02-15,9
2025-02-15,14:45:00,116,113,CURITIBA,PR,Colisão lateral mesmo sentido,Acessar a via sem observar a presença dos outros veículos,Nublado,2025-02-15,14
2025-02-15,16:28:00,101,11,GARUVA,SC,Incêndio,Demais falhas mecânicas ou elétricas,Nublado,2025-02-15,16
2025-02-15,14:25:00,116,"688,7",MURIAE,MG,Tombamento,Condutor Dormindo,Céu Claro,2025-02-15,14
2025-02-15,12:25:00,364,"106,8",ALTO GARCAS,MT,Colisão frontal,Ultrapassagem Indevida,Nublado,2025-02-15,12
2025-02-15,18:00:00,116,87,TERESOPOLIS,RJ,Incêndio,Demais falhas mecânicas ou elétricas,Céu Claro,2025-02-15,18
2025-02-15,15:27:00,153,"144,8",CAMPO FLORIDO,MG,Colisão frontal,Transitar na contramão,Céu Claro,2025-02-15,15
2025-02-15,15:08:00,242,351,LENCOIS,BA,Tombamento,Reação tardia ou ineficiente do condutor,Céu Claro,2025-02-15,15
2025-02-15,19:10:00,163,203,RONDONOPOLIS,MT,Colisão com objeto,Carga excessiva e/ou mal acondicionada,Céu Claro,2025-02-15,19
2025-02-15,20:40:00,365,"466,2",PATROCINIO,MG,Colisão frontal,Suicídio (presumido),Céu Claro,2025-02-15,20
2025-02-15,19:50:00,282,"384,7",JOACABA,SC,Colisão lateral sentido oposto,Velocidade Incompatível,Chuva,2025-02-15,19
2025-02-15,19:20:00,222,152,VARGEM GRANDE,MA,Colisão frontal,Transitar na contramão,Céu Claro,2025-02-15,19
2025-02-15,21:45:00,40,"654,4",CRISTIANO OTONI,MG,Colisão com objeto,Condutor Dormindo,Céu Claro,2025-02-15,21
2025-02-16,01:25:00,101,"136,1",SAO MIGUEL DOS CAMPOS,AL,Colisão lateral mesmo sentido,Ausência de sinalização,Nublado,2025-02-16,1
2025-02-16,01:30:00,158,"261,3",TRES LAGOAS,MS,Colisão com objeto,Ingestão de álcool pelo condutor,Céu Claro,2025-02-16,1
2025-02-16,02:20:00,277,"345,5",GUARAPUAVA,PR,Colisão frontal,Transitar na contramão,Nublado,2025-02-16,2
2025-02-16,03:35:00,101,"273,5",IMBITUBA,SC,Colisão lateral mesmo sentido,Ausência de reação do condutor,Céu Claro,2025-02-16,3
2025-02-16,04:45:00,476,169,CONTENDA,PR,Colisão lateral sentido oposto,Reação tardia ou ineficiente do condutor,Céu Claro,2025-02-16,4
2025-02-16,04:50:00,476,192,LAPA,PR,Colisão traseira,Reação tardia ou ineficiente do condutor,Nublado,2025-02-16,4
2025-02-16,00:25:00,116,928,ENCRUZILHADA,BA,Saída de leito carroçável,Ultrapassagem Indevida,Nublado,2025-02-16,0
2025-02-16,07:30:00,50,"200,1",CAMPO ALEGRE DE GOIAS,GO,Tombamento,Reação tardia ou ineficiente do condutor,Céu Claro,2025-02-16,7
2025-02-16,08:00:00,101,"448,2",MIMOSO DO SUL,ES,Saída de leito carroçável,Velocidade Incompatível,Sol,2025-02-16,8