data_inversa,horario,br,km,municipio,uf,tipo_acidente,causa_acidente,condicao_metereologica,data,hora
2025-02-16,05:00:00,116,866,VITORIA DA CONQUISTA,BA,Colisão lateral sentido oposto,Ingestão de álcool pelo condutor,Nublado,2025-02-16,5
2025-02-16,08:30:00,277,107,CURITIBA,PR,Colisão traseira,Condutor deixou de manter distância do veículo da frente,Nublado,2025-02-16,8
2025-02-16,11:10:00,381,"427,5",CAETE,MG,Colisão lateral mesmo sentido,Manobra de mudança de faixa,Céu Claro,2025-02-16,11
2025-02-16,13:00:00,262,"478,8",BOM DESPACHO,MG,Colisão transversal,Acessar a via sem observar a presença dos outros veículos,Céu Claro,2025-02-16,13
2025-02-16,10:58:00,70,505,CUIABA,MT,Colisão frontal,Transitar na contramão,Céu Claro,2025-02-16,10
2025-02-16,10:00:00,153,535,NOVA ROSALANDIA,TO,Colisão lateral sentido oposto,Frear bruscamente,Garoa/Chuvisco,2025-02-16,10
2025-02-16,12:02:00,101,"17,4",JOINVILLE,SC,Colisão lateral mesmo sentido,Trafegar com motocicleta (ou similar) entre as faixas,Sol,2025-02-16,12
2025-02-16,13:10:00,393,212,VASSOURAS,RJ,Tombamento,Condutor Dormindo,Céu Claro,2025-02-16,13
2025-02-16,14:30:00,50,95,CRISTALINA,GO,Tombamento,Reação tardia ou ineficiente do condutor,Céu Claro,2025-02-16,14
2025-02-16,09:30:00,70,695,CACERES,MT,Tombamento,Problema com o freio,Nublado,2025-02-16,9
2025-02-16,13:19:00,381,"541,1",ITATIAIUCU,MG,Colisão traseira,Problema com o freio,Céu Claro,2025-02-16,13
2025-02-16,11:20:00,153,"405,3",CACHOEIRA DO SUL,RS,Colisão frontal,Suicídio (presumido),Céu Claro,2025-02-16,11
2025-02-16,15:30:00,163,572,TRAIRAO,PA,Capotamento,Reação tardia ou ineficiente do condutor,Chuva,2025-02-16,15
2025-02-16,12:30:00,116,"555,2",MANHUACU,MG,Tombamento,Curva acentuada,Céu Claro,2025-02-16,12
2025-02-16,17:30:00,101,247,PORTO REAL DO COLEGIO,AL,Incêndio,Demais falhas mecânicas ou elétricas,Céu Claro,2025-02-16,17
2025-02-16,17:10:00,381,336,BELA VISTA DE MINAS,MG,Tombamento,Ausência de reação do condutor,Céu Claro,2025-02-16,17
2025-02-16,16:10:00,364,240,JATAI,GO,Saída de leito carroçável,Condutor Dormindo,Sol,2025-02-16,16
2025-02-16,14:50:00,316,297,PICOS,PI,Tombamento,Curva acentuada,Céu Claro,2025-02-16,14
2025-02-16,19:15:00,470,216,BENTO GONCALVES,RS,Colisão lateral mesmo sentido,Ingestão de álcool pelo condutor,Céu Claro,2025-02-16,19
2025-02-16,20:00:00,376,171,MARINGA,PR,Colisão transversal,Condutor desrespeitou a iluminação vermelha do semáforo,Céu Claro,2025-02-16,20
2025-02-16,14:00:00,116,"89,9",MEDINA,MG,Saída de leito carroçável,Velocidade Incompatível,Sol,2025-02-16,14
2025-02-16,19:30:00,116,"485,8",TURUCU,RS,Colisão transversal,Reação tardia ou ineficiente do condutor,Chuva,2025-02-16,19
2025-02-16,19:41:00,116,"502,7",BREJO SANTO,CE,Colisão frontal,Ingestão de álcool pelo condutor,Céu Claro,2025-02-16,19
2025-02-16,21:10:00,153,"50,9",ERECHIM,RS,Colisão transversal,Desrespeitar a preferência no cruzamento,Nublado,2025-02-16,21
2025-02-16,20:50:00,40,"506,8",RIBEIRAO DAS NEVES,MG,Saída de leito carroçável,Ausência de reação do condutor,Céu Claro,2025-02-16,20
2025-02-16,14:10:00,476,300,SAO MATEUS DO SUL,PR,Colisão frontal,Transitar na contramão,Céu Claro,2025-02-16,14
2025-02-16,22:15:00,393,151,SAPUCAIA,RJ,Colisão com objeto,Velocidade Incompatível,Céu Claro,2025-02-16,22
2025-02-16,19:30:00,452,151,BOM JESUS DE GOIAS,GO,Saída de leito carroçável,Reação tardia ou ineficiente do condutor,Chuva,2025-02-16,19
2025-02-16,19:00:00,364,970,PORTO VELHO,RO,Colisão transversal,Reação tardia ou ineficiente do condutor,Céu Claro,2025-02-16,19
2025-02-17,01:10:00,101,"14,5",NOVO LINO,AL,Tombamento,Velocidade Incompatível,Chuva,2025-02-17,1
2025-02-17,01:45:00,116,71,QUATRO BARRAS,PR,Derramamento de carga,Carga excessiva e/ou mal acondicionada,Céu Claro,2025-02-17,1
2025-02-17,03:00:00,116,"308,6",ITAMBACURI,MG,Incêndio,Demais falhas mecânicas ou elétricas,Céu Claro,2025-02-17,3
2025-02-17,02:05:00,70,588,NOSSA SENHORA DO LIVRAMENTO,MT,Colisão lateral sentido oposto,Condutor Dormindo,Ignorado,2025-02-17,2
2025-02-17,05:30:00,20,21,BRASILIA,DF,Tombamento,Chuva,Garoa/Chuvisco,2025-02-17,5
2025-02-17,04:30:00,116,"141,9",SANTA CECILIA,SC,Colisão lateral sentido oposto,Transitar na contramão,Chuva,2025-02-17,4
2025-02-17,06:00:00,158,326,SANTA MARIA,RS,Colisão com objeto,Ausência de reação do condutor,Garoa/Chuvisco,2025-02-17,6
2025-02-17,02:00:00,101,237,CONCEICAO DO ALMEIDA,BA,Colisão traseira,Ausência de reação do condutor,Céu Claro,2025-02-17,2
2025-02-17,04:05:00,101,"232,5",SAPEACU,BA,Colisão frontal,Ultrapassagem Indevida,Céu Claro,2025-02-17,4
2025-02-17,06:50:00,116,275,TEOFILO OTONI,MG,Atropelamento de Pedestre,Reação tardia ou ineficiente do condutor,Céu Claro,2025-02-17,6
2025-02-17,08:15:00,285,"452,2",IJUI,RS,Colisão traseira,Condutor deixou de manter distância do veículo da frente,Céu Claro,2025-02-17,8
2025-02-14,03:20:00,364,464,VARZEA GRANDE,MT,Saída de leito carroçável,Acumulo de óleo sobre o pavimento,Garoa/Chuvisco,2025-02-14,3
2025-02-01,13:30:00,101,39,JOINVILLE,SC,Colisão com objeto,Demais falhas mecânicas ou elétricas,Chuva,2025-02-01,13
2025-02-17,06:50:00,290,"352,9",SAO SEPE,RS,Saída de leito carroçável,Ausência de reação do condutor,Chuva,2025-02-17,6
2025-02-15,16:00:00,70,142,GENERAL CARNEIRO,MT,Colisão lateral mesmo sentido,Ultrapassagem Indevida,Céu Claro,2025-02-15,16
2025-02-06,07:20:00,101,"27,1",JOINVILLE,SC,Colisão transversal,Desrespeitar a preferência no cruzamento,Céu Claro,2025-02-06,7
2025-02-17,09:25:00,116,5,FEIRA DE SANTANA,BA,Engavetamento,Condutor deixou de manter distância do veículo da frente,Céu Claro,2025-02-17,9
2025-02-17,09:32:00,381,"857,7",POUSO ALEGRE,MG,Saída de leito carroçável,Mal súbito do condutor,Sol,2025-02-17,9
2025-02-17,10:00:00,101,265,SERRA,ES,Colisão lateral mesmo sentido,Manobra de mudança de faixa,Céu Claro,2025-02-17,10
2025-02-17,08:40:00,304,300,MACAIBA,RN,Tombamento,Manobra de mudança de faixa,Sol,2025-02-17,8
2025-02-17,10:30:00,40,"476,1",SETE LAGOAS,MG,Colisão traseira,Ausência de reação do condutor,Sol,2025-02-17,10
2025-02-17,09:35:00,153,"15,5",JACAREZINHO,PR,Tombamento,Velocidade Incompatível,Céu Claro,2025-02-17,9
2025-02-05,12:01:00,459,"86,6",CONGONHAL,MG,Colisão transversal,Conversão proibida,Céu Claro,2025-02-05,12
2025-02-17,12:05:00,101,"232,7",FUNDAO,ES,Colisão frontal,Transitar na contramão,Céu Claro,2025-02-17,12
2025-02-17,12:15:00,230,"62,2",CRUZ DO ESPIRITO SANTO,PB,Colisão traseira,Reação tardia ou ineficiente do condutor,Céu Claro,2025-02-17,12
2025-02-17,09:55:00,50,"314,1",CUMARI,GO,Tombamento,Velocidade Incompatível,Sol,2025-02-17,9
2025-01-18,14:35:00,101,90,JOAO PESSOA,PB,Colisão transversal,Acesso irregular,Céu Claro,2025-01-18,14
2025-02-17,12:56:00,163,"228,2",CAARAPO,MS,Incêndio,Problema com o freio,Céu Claro,2025-02-17,12
2025-02-17,14:10:00,392,238,CACAPAVA DO SUL,RS,Saída de leito carroçável,Ausência de reação do condutor,Nublado,2025-02-17,14
2025-02-17,12:00:00,364,139,RIO BRANCO,AC,Colisão lateral mesmo sentido,Manobra de mudança de faixa,Chuva,2025-02-17,12
2025-02-17,14:00:00,101,576,PARATY,RJ,Colisão transversal,Acessar a via sem observar a presença dos outros veículos,Céu Claro,2025-02-17,14
2025-02-17,11:40:00,376,339,ORTIGUEIRA,PR,Tombamento,Velocidade Incompatível,Céu Claro,2025-02-17,11
2025-02-17,15:10:00,285,"208,5",LAGOA VERMELHA,RS,Colisão transversal,Acessar a via sem observar a presença dos outros veículos,Nublado,2025-02-17,15
2025-02-17,15:25:00,101,"125,1",SOORETAMA,ES,Colisão transversal,Condutor desrespeitou a iluminação vermelha do semáforo,Céu Claro,2025-02-17,15
2025-02-17,09:40:00,116,"100,9",GUAPIMIRIM,RJ,Colisão frontal,Ultrapassagem Indevida,Céu Claro,2025-02-17,9
2025-02-17,16:50:00,40,"7,8",BRASILIA,DF,Colisão transversal,Área urbana sem a presença de local apropriado para a travessia de pedestres,Sol,2025-02-17,16
2025-02-17,15:45:00,135,11,SAO LUIS,MA,Colisão lateral mesmo sentido,Manobra de mudança de faixa,Garoa/Chuvisco,2025-02-17,15
2025-02-17,16:35:00,101,190,JUNQUEIRO,AL,Colisão transversal,Ingestão de álcool pelo condutor,Céu Claro,2025-02-17,16
2025-02-17,16:20:00,116,"217,4",CORREIA PINTO,SC,Colisão transversal,Acessar a via sem observar a presença dos outros veículos,Nublado,2025-02-17,16
2025-02-17,17:40:00,262,"89,7",DOMINGOS MARTINS,ES,Colisão frontal,Transitar na contramão,Céu Claro,2025-02-17,17
2025-02-17,18:00:00,381,381,BARAO DE COCAIS,MG,Tombamento,Ausência de reação do condutor,Céu Claro,2025-02-17,18
2025-02-17,17:25:00,470,145,RIO DO SUL,SC,Colisão lateral sentido oposto,Chuva,Chuva,2025-02-17,17
2025-02-08,08:00:00,364,278,MINEIROS,GO,Saída de leito carroçável,Falta de elemento de contenção que evite a saída do leito carroçável,Céu Claro,2025-02-08,8
2025-02-17,17:44:00,116,170,QUITANDINHA,PR,Saída de leito carroçável,Ultrapassagem Indevida,Garoa/Chuvisco,2025-02-17,17
2025-02-17,15:50:00,116,"518,2",UBAPORANGA,MG,Colisão frontal,Manobra de mudança de faixa,Céu Claro,2025-02-17,15
2025-02-01,10:00:00,381,483,BETIM,MG,Engavetamento,Condutor deixou de manter distância do veículo da frente,Céu Claro,2025-02-01,10
2025-02-17,17:30:00,470,"137,3",RIO DO SUL,SC,Colisão lateral sentido oposto,Reação tardia ou ineficiente do condutor,Chuva,2025-02-17,17
2025-02-16,23:00:00,222,210,BOM JESUS DO TOCANTINS,PA,Saída de leito carroçável,Reação tardia ou ineficiente do condutor,Nublado,2025-02-16,23
2025-02-17,17:15:00,70,235,POXOREO,MT,Tombamento,Reação tardia ou ineficiente do condutor,Nublado,2025-02-17,17
2025-02-17,17:10:00,153,316,IMBITUVA,PR,Colisão lateral sentido oposto,Ausência de reação do condutor,Céu Claro,2025-02-17,17
2025-02-17,20:45:00,381,447,SANTA LUZIA,MG,Colisão lateral sentido oposto,Velocidade Incompatível,Céu Claro,2025-02-17,20
2025-02-17,15:00:00,262,385,MATEUS LEME,MG,Saída de leito carroçável,Ausência de reação do condutor,Céu Claro,2025-02-17,15
2025-02-17,16:50:00,163,160,LINDOESTE,PR,Saída de leito carroçável,Velocidade Incompatível,Céu Claro,2025-02-17,16
2025-02-17,16:00:00,163,619,NOVA MUTUM,MT,Saída de leito carroçável,Reação tardia ou ineficiente do condutor,Céu Claro,2025-02-17,16
2025-02-17,22:10:00,116,131,MAGE,RJ,Colisão frontal,Deficiência do Sistema de Iluminação/Sinalização,Céu Claro,2025-02-17,22
2025-02-06,12:10:00,423,"78,2",AGUA BRANCA,AL,Saída de leito carroçável,Pista Escorregadia,Nublado,2025-02-06,12
2025-02-17,22:50:00,40,611,CONGONHAS,MG,Colisão com objeto,Reação tardia ou ineficiente do condutor,Céu Claro,2025-02-17,22
2025-02-17,22:35:00,104,"78,9",AGRESTINA,PE,Colisão lateral sentido oposto,Transitar na contramão,Céu Claro,2025-02-17,22
2025-02-17,16:30:00,282,"117,9",ALFREDO WAGNER,SC,Colisão frontal,Velocidade Incompatível,Chuva,2025-02-17,16
2025-02-18,01:32:00,116,"93,1",PINDAMONHANGABA,SP,Atropelamento de Pedestre,Suicídio (presumido),Céu Claro,2025-02-18,1
2025-02-18,04:00:00,116,"18,9",ANTONINA,PR,Colisão traseira,Ausência de reação do condutor,Céu Claro,2025-02-18,4
2025-02-18,04:30:00,364,"3,5",PLANURA,MG,Colisão traseira,Condutor deixou de manter distância do veículo da frente,Chuva,2025-02-18,4
2025-02-18,05:15:00,116,"453,7",BARRO,CE,Saída de leito carroçável,Pista esburacada,Céu Claro,2025-02-18,5
2025-02-18,03:50:00,153,"8,2",ARAPORA,MG,Incêndio,Demais falhas mecânicas ou elétricas,Céu Claro,2025-02-18,3
2025-02-18,05:35:00,101,"31,7",ESPLANADA,BA,Tombamento,Ausência de reação do condutor,Céu Claro,2025-02-18,5
2025-02-18,06:40:00,386,"426,8",MONTENEGRO,RS,Colisão com objeto,Ausência de reação do condutor,Nublado,2025-02-18,6
2025-02-18,00:30:00,470,49,BLUMENAU,SC,Colisão lateral mesmo sentido,Acessar a via sem observar a presença dos outros veículos,Céu Claro,2025-02-18,0
2025-02-18,06:30:00,101,"150,5",LINHARES,ES,Colisão traseira,Condutor deixou de manter distância do veículo da frente,Céu Claro,2025-02-18,6
2025-02-18,05:05:00,277,722,FOZ DO IGUACU,PR,Colisão lateral mesmo sentido,Condutor deixou de manter distância do veículo da frente,Chuva,2025-02-18,5
2025-02-18,07:10:00,116,125,FAZENDA RIO GRANDE,PR,Colisão com objeto,Reação tardia ou ineficiente do condutor,Nublado,2025-02-18,7
2025-02-18,06:30:00,20,40,BRASILIA,DF,Tombamento,Ausência de reação do condutor,Céu Claro,2025-02-18,6
2025-02-18,07:13:00,101,264,SERRA,ES,Engavetamento,Trafegar com motocicleta (ou similar) entre as faixas,Céu Claro,2025-02-18,7
2025-02-17,14:00:00,40,118,DUQUE DE CAXIAS,RJ,Incêndio,Demais falhas mecânicas ou elétricas,Céu Claro,2025-02-17,14
2025-02-18,07:20:00,101,"71,9",RECIFE,PE,Colisão lateral mesmo sentido,Trafegar com motocicleta (ou similar) entre as faixas,Sol,2025-02-18,7
2025-01-18,23:55:00,116,"237,4",CORREIA PINTO,SC,Colisão traseira,Ingestão de álcool pelo condutor,Nublado,2025-01-18,23
2025-02-18,09:40:00,101,202,SAO JOSE,SC,Colisão traseira,Condutor deixou de manter distância do veículo da frente,Nublado,2025-02-18,9
2025-02-18,08:50:00,230,"56,7",CRUZ DO ESPIRITO SANTO,PB,Colisão lateral mesmo sentido,Manobra de mudança de faixa,Céu Claro,2025-02-18,8
2025-02-16,23:50:00,101,305,SAO GONCALO,RJ,Colisão traseira,Demais falhas mecânicas ou elétricas,Céu Claro,2025-02-16,23
2025-02-18,07:45:00,40,668,CARANDAI,MG,Atropelamento de Pedestre,Acessar a via sem observar a presença dos outros veículos,Céu Claro,2025-02-18,7
2025-02-18,10:30:00,101,44,IGARASSU,PE,Colisão lateral mesmo sentido,Manobra de mudança de faixa,Céu Claro,2025-02-18,10
2025-02-18,08:15:00,163,1049,MATUPA,MT,Colisão transversal,Ultrapassagem Indevida,Céu Claro,2025-02-18,8
2025-02-18,09:30:00,104,"68,1",CARUARU,PE,Colisão traseira,Reação tardia ou ineficiente do condutor,Nublado,2025-02-18,9
2025-02-18,04:20:00,282,614,MARAVILHA,SC,Colisão traseira,Demais Fenômenos da natureza,Chuva,2025-02-18,4
2025-02-18,11:00:00,116,"566,3",PEDRO OSORIO,RS,Saída de leito carroçável,Reação tardia ou ineficiente do condutor,Sol,2025-02-18,11
2025-02-18,10:50:00,277,"350,4",GUARAPUAVA,PR,Colisão traseira,Suicídio (presumido),Chuva,2025-02-18,10
2025-02-18,12:20:00,381,453,SABARA,MG,Colisão lateral mesmo sentido,Acessar a via sem observar a presença dos outros veículos,Sol,2025-02-18,12
2025-02-18,11:30:00,163,452,CAMPO GRANDE,MS,Incêndio,Demais falhas mecânicas ou elétricas,Nublado,2025-02-18,11
2025-02-18,12:50:00,101,382,RIO NOVO DO SUL,ES,Colisão transversal,Acessar a via sem observar a presença dos outros veículos,Céu Claro,2025-02-18,12
2025-02-18,13:00:00,470,"85,6",RODEIO,SC,Colisão frontal,Transitar na contramão,Céu Claro,2025-02-18,13
2025-02-18,08:30:00,393,180,PARAIBA DO SUL,RJ,Colisão transversal,Demais falhas mecânicas ou elétricas,Céu Claro,2025-02-18,8
2025-02-18,12:10:00,163,871,SINOP,MT,Engavetamento,Ausência de reação do condutor,Céu Claro,2025-02-18,12
2025-02-18,12:35:00,174,250,JAURU,MT,Tombamento,Problema na suspensão,Céu Claro,2025-02-18,12
2025-02-18,09:00:00,316,312,PICOS,PI,Eventos atípicos,Demais falhas mecânicas ou elétricas,Céu Claro,2025-02-18,9
2025-02-18,13:20:00,135,7,SAO LUIS,MA,Tombamento,Pista Escorregadia,Nublado,2025-02-18,13
2025-02-18,10:00:00,364,1,JI-PARANA,RO,Tombamento,Reação tardia ou ineficiente do condutor,Sol,2025-02-18,10
2025-02-18,13:30:00,230,"158,9",CAMPINA GRANDE,PB,Tombamento,Reação tardia ou ineficiente do condutor,Céu Claro,2025-02-18,13
2025-02-18,15:02:00,369,"425,1",UBIRATA,PR,Colisão traseira,Reação tardia ou ineficiente do condutor,Nublado,2025-02-18,15
2025-02-18,14:45:00,155,324,MARABA,PA,Saída de leito carroçável,Demais falhas mecânicas ou elétricas,Céu Claro,2025-02-18,14
2025-02-18,15:45:00,116,152,MANDIRITUBA,PR,Colisão transversal,Acessar a via sem observar a presença dos outros veículos,Nublado,2025-02-18,15
2025-02-18,15:00:00,104,79,CARUARU,PE,Colisão frontal,Transitar na contramão,Céu Claro,2025-02-18,15
2025-02-18,16:15:00,101,477,ANGRA DOS REIS,RJ,Colisão traseira,Problema com o freio,Nublado,2025-02-18,16
2025-02-18,13:15:00,435,"77,8",COLORADO DO OESTE,RO,Colisão com objeto,Demais falhas mecânicas ou elétricas,Chuva,2025-02-18,13
2025-02-18,17:50:00,20,22,BRASILIA,DF,Colisão traseira,Acessar a via sem observar a presença dos outros veículos,Céu Claro,2025-02-18,17
2025-02-18,15:30:00,101,"44,8",JOINVILLE,SC,Colisão frontal,Reação tardia ou ineficiente do condutor,Chuva,2025-02-18,15
2025-02-18,19:00:00,381,"521,5",BRUMADINHO,MG,Colisão traseira,Demais falhas mecânicas ou elétricas,Céu Claro,2025-02-18,19
2025-02-18,17:50:00,116,603,IRAJUBA,BA,Saída de leito carroçável,Falta de acostamento,Céu Claro,2025-02-18,17
2025-02-18,19:30:00,116,17,ITAITINGA,CE,Colisão traseira,Condutor deixou de manter distância do veículo da frente,Céu Claro,2025-02-18,19
2025-02-18,17:20:00,230,1123,ITAITUBA,PA,Tombamento,Reação tardia ou ineficiente do condutor,Sol,2025-02-18,17
2025-02-18,19:45:00,60,396,RIO VERDE,GO,Colisão traseira,Reação tardia ou ineficiente do condutor,Céu Claro,2025-02-18,19
2025-02-18,20:00:00,381,863,POUSO ALEGRE,MG,Saída de leito carroçável,Avarias e/ou desgaste excessivo no pneu,Céu Claro,2025-02-18,20
2025-02-18,20:00:00,476,162,ARAUCARIA,PR,Colisão traseira,Manobra de mudança de faixa,Nublado,2025-02-18,20
2025-02-18,21:30:00,116,"665,4",SAO FRANCISCO DO GLORIA,MG,Tombamento,Curva acentuada,Céu Claro,2025-02-18,21
2025-02-18,20:00:00,277,"560,1",CASCAVEL,PR,Colisão frontal,Ingestão de álcool pelo condutor,Céu Claro,2025-02-18,20
2025-02-18,22:00:00,470,"54,5",BLUMENAU,SC,Colisão transversal,Acessar a via sem observar a presença dos outros veículos,Garoa/Chuvisco,2025-02-18,22
2025-02-18,23:30:00,101,13,GOIANA,PE,Saída de leito carroçável,Condutor Dormindo,Céu Claro,2025-02-18,23
2025-02-18,20:00:00,230,584,VITORIA DO XINGU,PA,Colisão lateral sentido oposto,Reação tardia ou ineficiente do condutor,Garoa/Chuvisco,2025-02-18,20
2025-02-19,00:30:00,116,115,CURITIBA,PR,Colisão traseira,Ausência de reação do condutor,Céu Claro,2025-02-19,0
2025-02-19,04:40:00,116,325,JUQUITIBA,SP,Incêndio,Demais falhas mecânicas ou elétricas,Céu Claro,2025-02-19,4
2025-02-19,06:25:00,101,218,PALHOCA,SC,Colisão traseira,Trafegar com motocicleta (ou similar) entre as faixas,Céu Claro,2025-02-19,6
2025-02-19,00:35:00,174,230,RORAINOPOLIS,RR,Colisão lateral sentido oposto,Transitar na contramão,Nublado,2025-02-19,0
2025-02-19,06:45:00,381,370,SAO GONCALO DO RIO ABAIXO,MG,Incêndio,Demais falhas mecânicas ou elétricas,Céu Claro,2025-02-19,6
2025-02-19,05:30:00,364,365,SANTO ANTONIO DO LEVERGER,MT,Saída de leito carroçável,Condutor Dormindo,Céu Claro,2025-02-19,5
2025-02-19,06:15:00,116,228,SAO PAULO,SP,Colisão lateral mesmo sentido,Ultrapassagem Indevida,Sol,2025-02-19,6
2025-02-19,02:30:00,493,84,JAPERI,RJ,Saída de leito carroçável,Ausência de reação do condutor,Céu Claro,2025-02-19,2
2025-02-19,07:50:00,158,316,ITAARA,RS,Tombamento,Velocidade Incompatível,Sol,2025-02-19,7
2025-02-19,07:50:00,101,169,TIJUCAS,SC,Atropelamento de Pedestre,Entrada inopinada do pedestre,Nublado,2025-02-19,7
2025-02-19,08:30:00,365,626,UBERLANDIA,MG,Colisão lateral mesmo sentido,Demais falhas na via,Céu Claro,2025-02-19,8
2025-02-11,18:45:00,381,"917,6",CAMANDUCAIA,MG,Colisão com objeto,Reação tardia ou ineficiente do condutor,Céu Claro,2025-02-11,18
2025-02-19,08:30:00,116,172,SAO JOAO DE MERITI,RJ,Colisão traseira,Ausência de reação do condutor,Céu Claro,2025-02-19,8
2025-02-19,09:20:00,101,45,JOINVILLE,SC,Engavetamento,Velocidade Incompatível,Nublado,2025-02-19,9
2025-02-18,18:30:00,242,677,NOVA UBIRATA,MT,Tombamento,Afundamento ou ondulação no pavimento,Nublado,2025-02-18,18
2025-02-19,08:45:00,376,668,GUARATUBA,PR,Tombamento,Velocidade Incompatível,Nublado,2025-02-19,8
2025-02-19,07:40:00,280,"293,5",FLOR DA SERRA DO SUL,PR,Colisão transversal,Desrespeitar a preferência no cruzamento,Nublado,2025-02-19,7
2025-02-19,09:30:00,470,"122,9",IBIRAMA,SC,Colisão traseira,Reação tardia ou ineficiente do condutor,Nublado,2025-02-19,9
2025-02-17,22:00:00,116,"89,8",MEDINA,MG,Tombamento,Reação tardia ou ineficiente do condutor,Céu Claro,2025-02-17,22
2025-02-19,08:40:00,40,524,CONTAGEM,MG,Colisão com objeto,Pedestre andava na pista,Céu Claro,2025-02-19,8
2025-02-19,08:55:00,459,"31,9",CALDAS,MG,Saída de leito carroçável,Velocidade Incompatível,Céu Claro,2025-02-19,8
2025-02-19,09:30:00,50,31,ARAGUARI,MG,Saída de leito carroçável,Reação tardia ou ineficiente do condutor,Céu Claro,2025-02-19,9
2025-02-19,08:50:00,262,"0,5",CARIACICA,ES,Colisão traseira,Condutor deixou de manter distância do veículo da frente,Céu Claro,2025-02-19,8
2025-02-19,10:00:00,101,228,SILVA JARDIM,RJ,Tombamento,Reação tardia ou ineficiente do condutor,Céu Claro,2025-02-19,10
2025-02-19,11:20:00,116,183,NOVA IGUACU,RJ,Colisão traseira,Ausência de reação do condutor,Céu Claro,2025-02-19,11
2025-02-19,10:30:00,381,70,MAIRIPORA,SP,Colisão traseira,Reação tardia ou ineficiente do condutor,Céu Claro,2025-02-19,10
2025-01-23,13:50:00,471,"517,4",RIO GRANDE,RS,Colisão transversal,Velocidade Incompatível,Céu Claro,2025-01-23,13
2025-02-19,12:30:00,290,"101,5",PORTO ALEGRE,RS,Colisão traseira,Condutor deixou de manter distância do veículo da frente,Céu Claro,2025-02-19,12
2025-02-19,13:05:00,277,"728,6",FOZ DO IGUACU,PR,Colisão lateral mesmo sentido,Acesso irregular,Céu Claro,2025-02-19,13
2025-02-19,07:30:00,262,"687,3",CORUMBA,MS,Saída de leito carroçável,Ausência de reação do condutor,Nublado,2025-02-19,7
2025-02-19,12:10:00,116,"524,6",CARATINGA,MG,Colisão traseira,Condutor deixou de manter distância do veículo da frente,Sol,2025-02-19,12
2025-02-19,11:30:00,153,107,PRATA,MG,Colisão traseira,Reação tardia ou ineficiente do condutor,Céu Claro,2025-02-19,11
2025-02-19,14:50:00,101,"156,8",PORTO BELO,SC,Colisão traseira,Reação tardia ou ineficiente do condutor,Sol,2025-02-19,14
2025-02-19,15:00:00,116,9,FORTALEZA,CE,Colisão traseira,Ausência de reação do condutor,Céu Claro,2025-02-19,15
2025-02-19,12:00:00,116,"50,6",CHORROCHO,BA,Colisão traseira,Ausência de reação do condutor,Céu Claro,2025-02-19,12
2025-02-19,16:45:00,40,487,SETE LAGOAS,MG,Colisão lateral mesmo sentido,Manobra de mudança de faixa,Sol,2025-02-19,16
2025-02-19,15:50:00,316,268,SATUBA,AL,Engavetamento,Condutor deixou de manter distância do veículo da frente,Céu Claro,2025-02-19,15
2025-02-19,06:35:00,158,597,AGUA BOA,MT,Queda de ocupante de veículo,Manobra de mudança de faixa,Céu Claro,2025-02-19,6
2025-02-19,14:20:00,158,"135,8",PALMITOS,SC,Colisão transversal,Acessar a via sem observar a presença dos outros veículos,Sol,2025-02-19,14
2025-02-19,17:20:00,101,"304,4",VIANA,ES,Colisão traseira,Ausência de reação do condutor,Sol,2025-02-19,17
2025-02-19,13:30:00,116,"155,6",PONTO DOS VOLANTES,MG,Colisão lateral sentido oposto,Transitar na contramão,Céu Claro,2025-02-19,13
2025-02-19,16:40:00,277,108,CURITIBA,PR,Colisão traseira,Reação tardia ou ineficiente do condutor,Chuva,2025-02-19,16
2025-02-19,11:30:00,222,163,IRAUCUBA,CE,Colisão frontal,Velocidade Incompatível,Chuva,2025-02-19,11
2025-02-19,19:30:00,365,624,UBERLANDIA,MG,Colisão transversal,Desrespeitar a preferência no cruzamento,Céu Claro,2025-02-19,19
2025-02-19,19:00:00,376,616,SAO JOSE DOS PINHAIS,PR,Colisão lateral mesmo sentido,Manobra de mudança de faixa,Chuva,2025-02-19,19
2025-02-19,19:40:00,116,184,CANUDOS,BA,Tombamento,Ausência de reação do condutor,Céu Claro,2025-02-19,19
2025-02-19,17:55:00,222,116,MIRANDA DO NORTE,MA,Colisão lateral mesmo sentido,Transitar na contramão,Ignorado,2025-02-19,17
2025-02-19,17:15:00,316,341,BACABAL,MA,Saída de leito carroçável,Ausência de reação do condutor,Garoa/Chuvisco,2025-02-19,17
2025-02-19,23:00:00,376,673,GUARATUBA,PR,Colisão traseira,Ausência de reação do condutor,Céu Claro,2025-02-19,23
2025-02-20,00:15:00,232,"339,8",CUSTODIA,PE,Colisão frontal,Reação tardia ou ineficiente do condutor,Céu Claro,2025-02-20,0
2025-02-20,01:00:00,116,112,TAUBATE,SP,Colisão traseira,Velocidade Incompatível,Céu Claro,2025-02-20,1
2025-02-20,00:00:00,116,"220,4",CATUJI,MG,Saída de leito carroçável,Reação tardia ou ineficiente do condutor,Céu Claro,2025-02-20,0
2025-02-20,04:40:00,369,"395,9",MAMBORE,PR,Colisão transversal,Acessar a via sem observar a presença dos outros veículos,Céu Claro,2025-02-20,4
2025-02-20,05:00:00,277,307,PRUDENTOPOLIS,PR,Saída de leito carroçável,Reação tardia ou ineficiente do condutor,Céu Claro,2025-02-20,5
2025-02-20,07:00:00,101,"208,9",SAO JOSE,SC,Colisão traseira,Reação tardia ou ineficiente do condutor,Céu Claro,2025-02-20,7