data_inversa,horario,br,km,municipio,uf,tipo_acidente,causa_acidente,condicao_metereologica,data,hora
2025-03-04,11:10:00,381,"500,5",BETIM,MG,Colisão traseira,Ausência de reação do condutor,Céu Claro,2025-03-04,11
2025-03-04,11:30:00,135,236,PERITORO,MA,Colisão transversal,Transitar na contramão,Céu Claro,2025-03-04,11
2025-03-04,11:00:00,364,564,ALTO PARAISO,RO,Colisão transversal,Desrespeitar a preferência no cruzamento,Garoa/Chuvisco,2025-03-04,11
2025-03-04,12:10:00,381,812,CAREACU,MG,Colisão com objeto,Demais falhas mecânicas ou elétricas,Sol,2025-03-04,12
2025-03-04,10:10:00,116,614,SAO JOAO DO MANHUACU,MG,Tombamento,Condutor Dormindo,Nublado,2025-03-04,10
2025-03-04,14:00:00,376,"155,5",MANDAGUACU,PR,Saída de leito carroçável,Problema com o freio,Sol,2025-03-04,14
2025-03-04,15:35:00,277,"299,4",PRUDENTOPOLIS,PR,Colisão frontal,Transitar na contramão,Céu Claro,2025-03-04,15
2025-03-04,14:57:00,381,"700,5",LAVRAS,MG,Colisão com objeto,Velocidade Incompatível,Céu Claro,2025-03-04,14
2025-03-04,16:30:00,365,683,MONTE ALEGRE DE MINAS,MG,Colisão traseira,Reação tardia ou ineficiente do condutor,Sol,2025-03-04,16
2025-02-08,16:00:00,163,669,LUCAS DO RIO VERDE,MT,Colisão lateral sentido oposto,Demais falhas mecânicas ou elétricas,Chuva,2025-02-08,16
2025-03-04,16:50:00,262,"55,4",MANHUACU,MG,Colisão lateral sentido oposto,Ultrapassagem Indevida,Nublado,2025-03-04,16
2025-03-04,17:20:00,163,"521,5",VARZEA GRANDE,MT,Colisão traseira,Reação tardia ou ineficiente do condutor,Céu Claro,2025-03-04,17
2025-03-04,14:35:00,116,544,BARRA DO TURVO,SP,Tombamento,Velocidade Incompatível,Sol,2025-03-04,14
2025-03-04,19:50:00,116,27,CAMPINA GRANDE DO SUL,PR,Colisão lateral mesmo sentido,Acessar a via sem observar a presença dos outros veículos,Céu Claro,2025-03-04,19
2025-03-04,20:30:00,20,202,LUIS EDUARDO MAGALHAES,BA,Colisão lateral sentido oposto,Velocidade Incompatível,Céu Claro,2025-03-04,20
2025-03-04,18:50:00,174,993,PRESIDENTE FIGUEIREDO,AM,Colisão traseira,Condutor deixou de manter distância do veículo da frente,Garoa/Chuvisco,2025-03-04,18
2025-03-04,19:00:00,50,"92,8",UBERLANDIA,MG,Incêndio,Demais falhas mecânicas ou elétricas,Céu Claro,2025-03-04,19
2025-03-04,20:54:00,101,384,RIO NOVO DO SUL,ES,Saída de leito carroçável,Reação tardia ou ineficiente do condutor,Nublado,2025-03-04,20
2025-03-04,17:00:00,282,"378,1",HERVAL DOESTE,SC,Colisão frontal,Transitar na contramão,Céu Claro,2025-03-04,17
2025-02-10,03:00:00,101,193,CRISTINAPOLIS,SE,Colisão com objeto,Velocidade Incompatível,Chuva,2025-02-10,3
2025-03-04,20:30:00,277,"525,5",CANTAGALO,PR,Colisão traseira,Condutor deixou de manter distância do veículo da frente,Céu Claro,2025-03-04,20
2025-03-05,01:30:00,163,614,NOVA MUTUM,MT,Tombamento,Reação tardia ou ineficiente do condutor,Chuva,2025-03-05,1
2025-03-05,00:10:00,116,33,CAMPINA GRANDE DO SUL,PR,Colisão com objeto,Reação tardia ou ineficiente do condutor,Céu Claro,2025-03-05,0
2025-03-05,04:45:00,277,"117,8",CAMPO LARGO,PR,Colisão lateral mesmo sentido,Manobra de mudança de faixa,Céu Claro,2025-03-05,4
2025-03-05,05:30:00,280,"95,4",CORUPA,SC,Colisão lateral sentido oposto,Transitar na contramão,Céu Claro,2025-03-05,5
2025-03-05,05:25:00,101,83,JABOATAO DOS GUARARAPES,PE,Colisão lateral mesmo sentido,Manobra de mudança de faixa,Sol,2025-03-05,5
2025-03-05,06:45:00,356,41,ITAPERUNA,RJ,Colisão traseira,Estacionar ou parar em local proibido,Céu Claro,2025-03-05,6
2025-03-05,03:00:00,70,170,GENERAL CARNEIRO,MT,Tombamento,Condutor Dormindo,Garoa/Chuvisco,2025-03-05,3
2025-03-05,07:30:00,40,588,ITABIRITO,MG,Tombamento,Velocidade Incompatível,Céu Claro,2025-03-05,7
2025-03-05,09:00:00,101,"208,2",SAO SEBASTIAO,AL,Colisão frontal,Ultrapassagem Indevida,Céu Claro,2025-03-05,9
2025-03-05,07:45:00,101,43,JOINVILLE,SC,Colisão traseira,Reação tardia ou ineficiente do condutor,Céu Claro,2025-03-05,7
2025-03-05,04:23:00,381,"668,3",PERDOES,MG,Saída de leito carroçável,Velocidade Incompatível,Céu Claro,2025-03-05,4
2025-03-05,05:15:00,349,920,CORRENTINA,BA,Colisão lateral sentido oposto,Transitar na contramão,Céu Claro,2025-03-05,5
2025-03-05,09:47:00,60,116,TEREZOPOLIS DE GOIAS,GO,Colisão traseira,Ausência de reação do condutor,Céu Claro,2025-03-05,9
2025-03-05,08:50:00,277,347,GUARAPUAVA,PR,Eventos atípicos,Demais falhas mecânicas ou elétricas,Céu Claro,2025-03-05,8
2025-03-05,10:00:00,392,"71,3",PELOTAS,RS,Derramamento de carga,Carga excessiva e/ou mal acondicionada,Céu Claro,2025-03-05,10
2025-03-05,10:30:00,163,590,BANDEIRANTES,MS,Saída de leito carroçável,Reação tardia ou ineficiente do condutor,Chuva,2025-03-05,10
2025-03-05,12:00:00,116,155,SAO JOSE DOS CAMPOS,SP,Colisão traseira,Reação tardia ou ineficiente do condutor,Sol,2025-03-05,12
2025-03-05,13:40:00,386,264,CANOAS,RS,Colisão traseira,Reação tardia ou ineficiente do condutor,Sol,2025-03-05,13
2025-03-05,13:10:00,101,"86,3",JOAO PESSOA,PB,Colisão traseira,Ausência de reação do condutor,Céu Claro,2025-03-05,13
2025-03-05,12:55:00,40,"699,5",BARBACENA,MG,Tombamento,Velocidade Incompatível,Céu Claro,2025-03-05,12
2025-03-05,13:30:00,381,437,SABARA,MG,Colisão traseira,Reação tardia ou ineficiente do condutor,Céu Claro,2025-03-05,13
2025-03-04,21:25:00,163,"130,2",NAVIRAI,MS,Colisão com objeto,Ausência de reação do condutor,Céu Claro,2025-03-04,21
2025-03-05,12:50:00,381,580,CARMOPOLIS DE MINAS,MG,Colisão traseira,Ausência de reação do condutor,Sol,2025-03-05,12
2025-02-10,01:05:00,364,381,OURO PRETO DO OESTE,RO,Colisão frontal,Transitar na contramão,Céu Claro,2025-02-10,1
2025-03-05,15:45:00,163,334,GUAIRA,PR,Saída de leito carroçável,Chuva,Chuva,2025-03-05,15
2025-03-05,15:30:00,101,"48,3",JOINVILLE,SC,Engavetamento,Condutor deixou de manter distância do veículo da frente,Céu Claro,2025-03-05,15
2025-03-05,12:00:00,226,273,BARRA DO CORDA,MA,Colisão frontal,Demais falhas mecânicas ou elétricas,Céu Claro,2025-03-05,12
2025-03-05,14:00:00,101,129,ESCADA,PE,Colisão traseira,Condutor deixou de manter distância do veículo da frente,Garoa/Chuvisco,2025-03-05,14
2025-03-05,14:40:00,101,"37,4",JOAQUIM GOMES,AL,Tombamento,Velocidade Incompatível,Céu Claro,2025-03-05,14
2025-03-05,16:15:00,116,"701,9",MURIAE,MG,Colisão transversal,Acessar a via sem observar a presença dos outros veículos,Sol,2025-03-05,16
2025-03-05,18:00:00,101,391,RIO NOVO DO SUL,ES,Tombamento,Condutor Dormindo,Céu Claro,2025-03-05,18
2025-03-05,18:30:00,116,257,ESTEIO,RS,Colisão lateral mesmo sentido,Manobra de mudança de faixa,Céu Claro,2025-03-05,18
2025-03-05,14:45:00,364,265,MINEIROS,GO,Incêndio,Demais falhas mecânicas ou elétricas,Céu Claro,2025-03-05,14
2025-03-05,14:22:00,153,"146,3",VENTANIA,PR,Colisão traseira,Velocidade Incompatível,Céu Claro,2025-03-05,14
2025-03-05,16:50:00,101,425,MARAU,BA,Colisão lateral mesmo sentido,Ultrapassagem Indevida,Céu Claro,2025-03-05,16
2025-03-05,16:50:00,287,"354,4",JAGUARI,RS,Tombamento,Velocidade Incompatível,Sol,2025-03-05,16
2025-03-05,20:30:00,381,451,SABARA,MG,Colisão transversal,Conversão proibida,Nublado,2025-03-05,20
2025-03-05,19:00:00,364,583,NOBRES,MT,Saída de leito carroçável,Chuva,Chuva,2025-03-05,19
2025-03-05,19:40:00,101,14,SERRA,ES,Tombamento,Iluminação deficiente,Nublado,2025-03-05,19
2025-03-05,20:40:00,287,254,SANTA MARIA,RS,Colisão com objeto,Reação tardia ou ineficiente do condutor,Céu Claro,2025-03-05,20
2025-03-05,20:10:00,316,"401,2",ALTO ALEGRE DO MARANHAO,MA,Colisão transversal,Acessar a via sem observar a presença dos outros veículos,Céu Claro,2025-03-05,20
2025-03-05,22:30:00,277,191,PALMEIRA,PR,Colisão frontal,Ultrapassagem Indevida,Céu Claro,2025-03-05,22
2025-03-06,00:40:00,101,"116,9",IPOJUCA,PE,Saída de leito carroçável,Afundamento ou ondulação no pavimento,Céu Claro,2025-03-06,0
2025-03-06,01:50:00,116,78,ROSEIRA,SP,Colisão com objeto,Demais falhas mecânicas ou elétricas,Céu Claro,2025-03-06,1
2025-03-06,04:15:00,101,"149,4",ITAPEMA,SC,Colisão traseira,Condutor deixou de manter distância do veículo da frente,Nublado,2025-03-06,4
2025-03-06,04:19:00,163,"358,2",NOVA ALVORADA DO SUL,MS,Saída de leito carroçável,Ausência de reação do condutor,Céu Claro,2025-03-06,4
2025-03-06,03:15:00,116,"22,5",LAVRINHAS,SP,Saída de leito carroçável,Condutor Dormindo,Céu Claro,2025-03-06,3
2025-03-06,02:10:00,282,"83,1",ALFREDO WAGNER,SC,Tombamento,Velocidade Incompatível,Céu Claro,2025-03-06,2
2025-03-06,04:20:00,40,"477,3",SETE LAGOAS,MG,Derramamento de carga,Carga excessiva e/ou mal acondicionada,Céu Claro,2025-03-06,4
2025-03-05,21:40:00,365,"357,8",VARJAO DE MINAS,MG,Colisão lateral sentido oposto,Reação tardia ou ineficiente do condutor,Céu Claro,2025-03-05,21
2025-03-06,06:19:00,230,12,CABEDELO,PB,Colisão transversal,Acesso irregular,Céu Claro,2025-03-06,6
2025-03-06,07:20:00,470,"53,9",BLUMENAU,SC,Colisão transversal,Trafegar com motocicleta (ou similar) entre as faixas,Céu Claro,2025-03-06,7
2025-03-06,08:30:00,40,487,SETE LAGOAS,MG,Colisão traseira,Reação tardia ou ineficiente do condutor,Céu Claro,2025-03-06,8
2025-03-06,08:55:00,116,48,CAMPINA GRANDE DO SUL,PR,Colisão transversal,Acessar a via sem observar a presença dos outros veículos,Céu Claro,2025-03-06,8
2025-03-06,08:40:00,373,"190,1",PONTA GROSSA,PR,Colisão lateral mesmo sentido,Manobra de mudança de faixa,Sol,2025-03-06,8
2025-03-06,06:50:00,116,23,CACHOEIRA DE PAJEU,MG,Tombamento,Demais falhas na via,Chuva,2025-03-06,6
2025-03-06,08:34:00,381,630,OLIVEIRA,MG,Saída de leito carroçável,Ausência de reação do condutor,Sol,2025-03-06,8
2025-03-06,09:30:00,116,326,JUQUITIBA,SP,Colisão traseira,Mal súbito do condutor,Sol,2025-03-06,9
2025-03-06,09:40:00,376,0,SAO JOSE DOS PINHAIS,PR,Colisão traseira,Reação tardia ou ineficiente do condutor,Céu Claro,2025-03-06,9
2025-03-06,10:00:00,364,517,ARIQUEMES,RO,Colisão transversal,Acessar a via sem observar a presença dos outros veículos,Céu Claro,2025-03-06,10
2025-03-06,10:30:00,365,649,UBERLANDIA,MG,Colisão lateral mesmo sentido,Condutor deixou de manter distância do veículo da frente,Céu Claro,2025-03-06,10
2025-03-06,12:35:00,60,315,ACREUNA,GO,Colisão traseira,Reação tardia ou ineficiente do condutor,Nublado,2025-03-06,12
2025-03-06,07:15:00,163,"575,2",BANDEIRANTES,MS,Atropelamento de Pedestre,Acesso irregular,Céu Claro,2025-03-06,7
2025-03-06,12:30:00,116,157,SAO JOSE DOS CAMPOS,SP,Colisão com objeto,Reação tardia ou ineficiente do condutor,Céu Claro,2025-03-06,12
2025-03-06,13:30:00,235,"69,3",FREI PAULO,SE,Colisão com objeto,Demais falhas mecânicas ou elétricas,Céu Claro,2025-03-06,13
2025-03-06,12:00:00,381,809,CAREACU,MG,Colisão traseira,Reação tardia ou ineficiente do condutor,Céu Claro,2025-03-06,12
2025-03-06,14:30:00,116,"27,9",AQUIRAZ,CE,Colisão lateral mesmo sentido,Ausência de reação do condutor,Céu Claro,2025-03-06,14
2025-03-06,08:00:00,230,133,PASTOS BONS,MA,Colisão transversal,Transitar na contramão,Chuva,2025-03-06,8
2025-03-06,13:45:00,493,3,ITABORAI,RJ,Colisão traseira,Condutor deixou de manter distância do veículo da frente,Céu Claro,2025-03-06,13
2025-03-06,15:15:00,116,"199,9",ARUJA,SP,Colisão com objeto,Demais falhas mecânicas ou elétricas,Céu Claro,2025-03-06,15
2025-03-06,14:45:00,448,10,CANOAS,RS,Colisão traseira,Transitar no Acostamento,Céu Claro,2025-03-06,14
2025-03-06,15:48:00,392,"5,6",RIO GRANDE,RS,Colisão transversal,Conversão proibida,Céu Claro,2025-03-06,15
2025-03-06,14:30:00,116,"233,8",PIRAI,RJ,Colisão traseira,Ausência de reação do condutor,Sol,2025-03-06,14
2025-03-06,17:00:00,476,"177,7",CONTENDA,PR,Colisão com objeto,Ausência de reação do condutor,Sol,2025-03-06,17
2025-03-06,17:40:00,381,942,EXTREMA,MG,Colisão lateral mesmo sentido,Acessar a via sem observar a presença dos outros veículos,Céu Claro,2025-03-06,17
2025-03-06,17:10:00,381,"451,2",SABARA,MG,Colisão transversal,Acessar a via sem observar a presença dos outros veículos,Sol,2025-03-06,17
2025-03-06,17:45:00,324,515,FEIRA DE SANTANA,BA,Colisão transversal,Acessar a via sem observar a presença dos outros veículos,Céu Claro,2025-03-06,17
2025-03-06,17:50:00,470,217,BENTO GONCALVES,RS,Colisão lateral mesmo sentido,Manobra de mudança de faixa,Céu Claro,2025-03-06,17
2025-03-06,16:45:00,116,403,FEIRA DE SANTANA,BA,Tombamento,Velocidade Incompatível,Nublado,2025-03-06,16
2025-03-06,18:30:00,20,"20,7",BRASILIA,DF,Colisão traseira,Chuva,Chuva,2025-03-06,18
2025-02-19,05:15:00,101,152,JEQUIA DA PRAIA,AL,Incêndio,Demais falhas mecânicas ou elétricas,Céu Claro,2025-02-19,5
2025-02-11,06:30:00,364,636,DIAMANTINO,MT,Saída de leito carroçável,Acumulo de água sobre o pavimento,Chuva,2025-02-11,6
2025-03-06,19:30:00,116,"144,7",CAXIAS DO SUL,RS,Colisão lateral mesmo sentido,Manobra de mudança de faixa,Céu Claro,2025-03-06,19
2025-03-06,19:50:00,262,"449,2",NOVA SERRANA,MG,Colisão lateral sentido oposto,Ultrapassagem Indevida,Céu Claro,2025-03-06,19
2025-03-06,20:00:00,40,582,ITABIRITO,MG,Atropelamento de Pedestre,Pedestre andava na pista,Céu Claro,2025-03-06,20
2025-03-06,13:30:00,135,"171,2",SAO MATEUS DO MARANHAO,MA,Colisão traseira,Condutor deixou de manter distância do veículo da frente,Chuva,2025-03-06,13
2025-03-06,20:20:00,40,"77,5",PARACATU,MG,Atropelamento de Animal,Animais na Pista,Céu Claro,2025-03-06,20
2025-03-07,00:10:00,153,598,MORRINHOS,GO,Saída de leito carroçável,Condutor Dormindo,Céu Claro,2025-03-07,0
2025-03-06,22:55:00,101,280,IMBITUBA,SC,Colisão traseira,Ausência de reação do condutor,Garoa/Chuvisco,2025-03-06,22
2025-03-07,00:00:00,116,64,TERESOPOLIS,RJ,Saída de leito carroçável,Acumulo de areia ou detritos sobre o pavimento,Céu Claro,2025-03-07,0
2025-03-07,01:35:00,116,169,JACAREI,SP,Colisão traseira,Reação tardia ou ineficiente do condutor,Céu Claro,2025-03-07,1
2025-03-07,02:50:00,364,434,JARU,RO,Saída de leito carroçável,Curva acentuada,Céu Claro,2025-03-07,2
2025-03-07,03:45:00,101,"76,7",SANTA RITA,PB,Saída de leito carroçável,Condutor Dormindo,Chuva,2025-03-07,3
2025-03-06,22:30:00,364,494,JANGADA,MT,Atropelamento de Pedestre,Ausência de reação do condutor,Céu Claro,2025-03-06,22
2025-03-07,00:10:00,267,"21,5",ARGIRITA,MG,Tombamento,Velocidade Incompatível,Nublado,2025-03-07,0
2025-03-07,03:50:00,163,520,DIAMANTINO,MT,Tombamento,Ausência de reação do condutor,Céu Claro,2025-03-07,3
2025-03-07,05:50:00,232,57,POMBOS,PE,Saída de leito carroçável,Reação tardia ou ineficiente do condutor,Nublado,2025-03-07,5
2025-03-07,06:50:00,101,"193,9",BIGUACU,SC,Colisão traseira,Reação tardia ou ineficiente do condutor,Céu Claro,2025-03-07,6
2025-03-07,06:00:00,277,205,PALMEIRA,PR,Saída de leito carroçável,Condutor Dormindo,Céu Claro,2025-03-07,6
2025-03-06,14:45:00,153,"374,5",SAO FRANCISCO DE GOIAS,GO,Saída de leito carroçável,Reação tardia ou ineficiente do condutor,Céu Claro,2025-03-06,14
2025-03-07,07:40:00,153,"507,9",HIDROLANDIA,GO,Colisão traseira,Ausência de reação do condutor,Céu Claro,2025-03-07,7
2025-03-07,04:08:00,40,113,DUQUE DE CAXIAS,RJ,Incêndio,Demais falhas mecânicas ou elétricas,Céu Claro,2025-03-07,4
2025-03-07,07:14:00,232,409,SERRA TALHADA,PE,Colisão transversal,Desrespeitar a preferência no cruzamento,Céu Claro,2025-03-07,7
2025-03-07,05:40:00,230,"137,9",MASSARANDUBA,PB,Tombamento,Ausência de reação do condutor,Nublado,2025-03-07,5
2025-03-07,08:40:00,290,"42,9",GLORINHA,RS,Colisão traseira,Condutor deixou de manter distância do veículo da frente,Sol,2025-03-07,8
2025-03-07,03:30:00,381,"720,9",CARMO DA CACHOEIRA,MG,Colisão com objeto,Ausência de reação do condutor,Céu Claro,2025-03-07,3
2025-03-07,07:44:00,232,31,MORENO,PE,Incêndio,Demais falhas mecânicas ou elétricas,Céu Claro,2025-03-07,7
2025-03-06,15:00:00,153,482,GENERAL CARNEIRO,PR,Tombamento,Reação tardia ou ineficiente do condutor,Céu Claro,2025-03-06,15
2025-03-07,06:20:00,277,"46,9",MORRETES,PR,Incêndio,Demais falhas mecânicas ou elétricas,Nublado,2025-03-07,6
2025-03-07,11:00:00,116,78,TERESOPOLIS,RJ,Colisão traseira,Acessar a via sem observar a presença dos outros veículos,Céu Claro,2025-03-07,11
2025-03-06,10:30:00,230,"498,8",RIACHAO,MA,Saída de leito carroçável,Velocidade Incompatível,Céu Claro,2025-03-06,10
2025-03-07,11:20:00,153,497,PARAISO DO TOCANTINS,TO,Colisão transversal,Acessar a via sem observar a presença dos outros veículos,Sol,2025-03-07,11
2025-03-06,22:05:00,476,"315,1",PAULO FRONTIN,PR,Tombamento,Carga excessiva e/ou mal acondicionada,Céu Claro,2025-03-06,22
2025-03-07,12:50:00,304,302,PARNAMIRIM,RN,Colisão lateral mesmo sentido,Manobra de mudança de faixa,Céu Claro,2025-03-07,12
2025-03-07,12:55:00,40,454,CAETANOPOLIS,MG,Eventos atípicos,Ingestão de álcool pelo condutor,Céu Claro,2025-03-07,12
2025-03-07,13:00:00,153,"47,1",CANAPOLIS,MG,Saída de leito carroçável,Condutor Dormindo,Céu Claro,2025-03-07,13
2025-03-07,12:00:00,60,337,CAMPO GRANDE,MS,Colisão lateral sentido oposto,Ausência de reação do condutor,Céu Claro,2025-03-07,12
2025-03-07,13:00:00,116,735,BOA NOVA,BA,Colisão frontal,Conversão proibida,Céu Claro,2025-03-07,13
2025-02-07,14:40:00,101,208,CASIMIRO DE ABREU,RJ,Colisão transversal,Ultrapassagem Indevida,Céu Claro,2025-02-07,14
2025-03-07,13:00:00,40,"354,8",FELIXLANDIA,MG,Eventos atípicos,Transitar na contramão,Sol,2025-03-07,13
2025-03-07,13:50:00,101,"257,9",PAULO LOPES,SC,Colisão traseira,Reação tardia ou ineficiente do condutor,Céu Claro,2025-03-07,13
2025-03-07,13:50:00,101,"44,1",IGARASSU,PE,Colisão lateral mesmo sentido,Manobra de mudança de faixa,Sol,2025-03-07,13
2025-03-07,14:00:00,272,"367,8",CAMPO MOURAO,PR,Colisão traseira,Condutor deixou de manter distância do veículo da frente,Céu Claro,2025-03-07,14
2025-03-07,09:00:00,421,40,MONTE NEGRO,RO,Saída de leito carroçável,Reação tardia ou ineficiente do condutor,Chuva,2025-03-07,9
2025-03-07,15:15:00,116,28,VACARIA,RS,Colisão transversal,Transitar na contramão,Céu Claro,2025-03-07,15
2025-03-07,13:00:00,116,275,BARRA MANSA,RJ,Colisão lateral mesmo sentido,Manobra de mudança de faixa,Céu Claro,2025-03-07,13
2025-03-07,14:10:00,101,119,ITAJAI,SC,Colisão traseira,Reação tardia ou ineficiente do condutor,Céu Claro,2025-03-07,14
2025-03-07,15:40:00,116,110,CURITIBA,PR,Engavetamento,Reação tardia ou ineficiente do condutor,Céu Claro,2025-03-07,15
2025-03-07,16:15:00,153,"722,5",FIGUEIROPOLIS,TO,Colisão traseira,Condutor deixou de manter distância do veículo da frente,Sol,2025-03-07,16
2025-03-07,12:50:00,116,608,SAO JOAO DO MANHUACU,MG,Colisão frontal,Reação tardia ou ineficiente do condutor,Nublado,2025-03-07,12
2025-03-07,18:00:00,101,90,NOSSA SENHORA DO SOCORRO,SE,Colisão com objeto,Demais falhas mecânicas ou elétricas,Céu Claro,2025-03-07,18
2025-03-07,17:38:00,364,364,SANTO ANTONIO DO LEVERGER,MT,Saída de leito carroçável,Chuva,Chuva,2025-03-07,17
2025-01-02,17:20:00,101,384,RIO DE JANEIRO,RJ,Colisão lateral mesmo sentido,Manobra de mudança de faixa,Céu Claro,2025-01-02,17
2025-03-07,18:15:00,343,"346,8",TERESINA,PI,Colisão frontal,Transitar na contramão,Nublado,2025-03-07,18
2025-03-07,17:00:00,70,277,PRIMAVERA DO LESTE,MT,Colisão transversal,Acessar a via sem observar a presença dos outros veículos,Céu Claro,2025-03-07,17
2025-03-07,19:45:00,116,146,MANDIRITUBA,PR,Colisão frontal,Transitar na contramão,Céu Claro,2025-03-07,19
2025-03-07,16:40:00,163,"70,8",SAO MIGUEL DO OESTE,SC,Colisão lateral mesmo sentido,Reação tardia ou ineficiente do condutor,Céu Claro,2025-03-07,16
2025-02-15,10:40:00,116,128,MAGE,RJ,Tombamento,Carga excessiva e/ou mal acondicionada,Sol,2025-02-15,10
2025-03-07,17:30:00,316,34,SANTA IZABEL DO PARA,PA,Colisão traseira,Ausência de reação do condutor,Céu Claro,2025-03-07,17
2025-03-07,20:55:00,116,"326,7",CAMPANARIO,MG,Colisão frontal,Condutor Dormindo,Céu Claro,2025-03-07,20
2025-03-07,18:30:00,153,126,WANDERLANDIA,TO,Colisão transversal,Acesso irregular,Nublado,2025-03-07,18
2025-03-07,13:30:00,226,244,BARRA DO CORDA,MA,Colisão lateral mesmo sentido,Ausência de reação do condutor,Céu Claro,2025-03-07,13
2025-03-07,21:05:00,70,238,POXOREO,MT,Colisão lateral sentido oposto,Ausência de reação do condutor,Céu Claro,2025-03-07,21
2025-03-07,23:20:00,20,"341,9",CARIDADE,CE,Incêndio,Demais falhas mecânicas ou elétricas,Céu Claro,2025-03-07,23
2025-03-08,00:10:00,60,"3,9",BRASILIA,DF,Colisão traseira,Ingestão de álcool pelo condutor,Céu Claro,2025-03-08,0
2025-03-08,01:40:00,40,"97,8",CRISTALINA,GO,Colisão transversal,Reação tardia ou ineficiente do condutor,Céu Claro,2025-03-08,1
2025-03-08,00:20:00,163,548,DIAMANTINO,MT,Saída de leito carroçável,Ingestão de álcool pelo condutor,Céu Claro,2025-03-08,0
2025-03-08,03:45:00,381,767,CAMPANHA,MG,Colisão traseira,Reação tardia ou ineficiente do condutor,Céu Claro,2025-03-08,3
2025-03-08,00:20:00,153,54,VARGEM BONITA,SC,Colisão frontal,Ausência de reação do condutor,Céu Claro,2025-03-08,0
2025-03-08,03:00:00,277,"308,8",GUARAPUAVA,PR,Colisão lateral sentido oposto,Reação tardia ou ineficiente do condutor,Céu Claro,2025-03-08,3
2025-03-08,03:00:00,60,"29,3",BRASILIA,DF,Colisão com objeto,Reação tardia ou ineficiente do condutor,Céu Claro,2025-03-08,3
2025-03-07,23:00:00,70,60,BARRA DO GARCAS,MT,Capotamento,Ingestão de álcool pelo condutor,Céu Claro,2025-03-07,23
2025-03-08,06:30:00,116,410,JUQUIA,SP,Incêndio,Demais falhas mecânicas ou elétricas,Céu Claro,2025-03-08,6
2025-03-08,06:30:00,381,342,JOAO MONLEVADE,MG,Colisão lateral sentido oposto,Ausência de reação do condutor,Sol,2025-03-08,6
2025-03-08,03:26:00,408,"79,2",PAUDALHO,PE,Colisão com objeto,Condutor Dormindo,Nublado,2025-03-08,3
2025-03-07,23:35:00,116,545,BARRA DO TURVO,SP,Tombamento,Reação tardia ou ineficiente do condutor,Céu Claro,2025-03-07,23
2025-01-24,03:50:00,316,306,PICOS,PI,Saída de leito carroçável,Ausência de reação do condutor,Nublado,2025-01-24,3
2025-03-08,05:05:00,116,"530,7",CARATINGA,MG,Colisão lateral sentido oposto,Ingestão de substâncias psicoativas pelo condutor,Céu Claro,2025-03-08,5
2025-03-08,07:00:00,153,"119,5",WANDERLANDIA,TO,Incêndio,Demais falhas mecânicas ou elétricas,Céu Claro,2025-03-08,7
2025-02-26,15:20:00,242,519,OLIVEIRA DOS BREJINHOS,BA,Saída de leito carroçável,Ultrapassagem Indevida,Céu Claro,2025-02-26,15
2025-03-08,06:45:00,163,"151,2",JUTI,MS,Saída de leito carroçável,Reação tardia ou ineficiente do condutor,Céu Claro,2025-03-08,6
2025-03-08,02:40:00,70,586,NOSSA SENHORA DO LIVRAMENTO,MT,Colisão frontal,Transitar na contramão,Céu Claro,2025-03-08,2
2025-03-08,07:30:00,70,6,AGUAS LINDAS DE GOIAS,GO,Colisão com objeto,Reação tardia ou ineficiente do condutor,Céu Claro,2025-03-08,7
2025-03-08,09:00:00,101,382,IBIRAPITANGA,BA,Tombamento,Velocidade Incompatível,Nublado,2025-03-08,9
2025-03-08,09:55:00,101,268,SERRA,ES,Colisão lateral mesmo sentido,Acessar a via sem observar a presença dos outros veículos,Céu Claro,2025-03-08,9
2025-03-08,10:47:00,101,"288,9",CARIACICA,ES,Colisão traseira,Condutor deixou de manter distância do veículo da frente,Nublado,2025-03-08,10
2025-03-08,05:10:00,267,"359,4",MARACAJU,MS,Colisão lateral sentido oposto,Demais falhas mecânicas ou elétricas,Céu Claro,2025-03-08,5
2025-03-08,12:50:00,116,307,SAO LOURENCO DA SERRA,SP,Colisão lateral mesmo sentido,Manobra de mudança de faixa,Céu Claro,2025-03-08,12
2025-03-08,13:00:00,116,"500,2",BREJO SANTO,CE,Colisão frontal,Ultrapassagem Indevida,Sol,2025-03-08,13
2025-03-08,12:15:00,163,664,RIO VERDE DE MATO GROSSO,MS,Colisão com objeto,Demais falhas mecânicas ou elétricas,Nublado,2025-03-08,12
2025-03-08,09:20:00,116,172,GOVERNADOR VALADARES,MG,Colisão traseira,Ultrapassagem Indevida,Céu Claro,2025-03-08,9
2025-03-08,11:55:00,373,179,PONTA GROSSA,PR,Colisão frontal,Acesso irregular,Céu Claro,2025-03-08,11
2025-03-08,12:10:00,60,333,SANTO ANTONIO DA BARRA,GO,Incêndio,Demais falhas mecânicas ou elétricas,Sol,2025-03-08,12
2025-03-08,08:00:00,135,16,SAO LUIS,MA,Colisão traseira,Ausência de reação do condutor,Céu Claro,2025-03-08,8
2025-03-08,13:40:00,116,"41,3",CACHOEIRA PAULISTA,SP,Saída de leito carroçável,Mal súbito do condutor,Sol,2025-03-08,13
2025-03-08,14:38:00,376,349,ORTIGUEIRA,PR,Colisão transversal,Acessar a via sem observar a presença dos outros veículos,Sol,2025-03-08,14
2025-03-08,12:45:00,267,"589,1",CARACOL,MS,Incêndio,Demais falhas mecânicas ou elétricas,Sol,2025-03-08,12
2025-03-08,15:45:00,158,"97,3",PARANAIBA,MS,Colisão lateral mesmo sentido,Acessar a via sem observar a presença dos outros veículos,Céu Claro,2025-03-08,15