data_inversa,horario,br,km,municipio,uf,tipo_acidente,causa_acidente,condicao_metereologica,data,hora
2025-03-08,13:45:00,381,364,JOAO MONLEVADE,MG,Capotamento,Reação tardia ou ineficiente do condutor,Céu Claro,2025-03-08,13
2025-03-08,16:00:00,365,"662,5",MONTE ALEGRE DE MINAS,MG,Saída de leito carroçável,Ausência de reação do condutor,Céu Claro,2025-03-08,16
2025-03-08,16:55:00,101,385,IBIRAPITANGA,BA,Capotamento,Velocidade Incompatível,Céu Claro,2025-03-08,16
2025-03-08,17:15:00,101,209,CASIMIRO DE ABREU,RJ,Tombamento,Chuva,Chuva,2025-03-08,17
2025-03-08,16:40:00,381,"849,2",POUSO ALEGRE,MG,Derramamento de carga,Demais falhas mecânicas ou elétricas,Nublado,2025-03-08,16
2025-03-08,20:50:00,386,"306,6",POUSO NOVO,RS,Tombamento,Velocidade Incompatível,Céu Claro,2025-03-08,20
2025-03-08,20:10:00,40,117,DUQUE DE CAXIAS,RJ,Colisão traseira,Reação tardia ou ineficiente do condutor,Céu Claro,2025-03-08,20
2025-03-08,20:50:00,101,"48,8",CAMPOS DOS GOYTACAZES,RJ,Colisão lateral sentido oposto,Transitar na contramão,Céu Claro,2025-03-08,20
2025-03-08,21:00:00,153,677,GURUPI,TO,Colisão frontal,Ultrapassagem Indevida,Céu Claro,2025-03-08,21
2025-03-08,19:02:00,222,108,ITAPAJE,CE,Colisão frontal,Transitar na contramão,Nublado,2025-03-08,19
2025-03-08,20:45:00,277,"530,6",GUARANIACU,PR,Colisão traseira,Reação tardia ou ineficiente do condutor,Céu Claro,2025-03-08,20
2025-03-08,19:23:00,116,140,SANTA CECILIA,SC,Colisão frontal,Transitar na contramão,Céu Claro,2025-03-08,19
2025-03-08,21:00:00,163,823,SINOP,MT,Colisão traseira,Reação tardia ou ineficiente do condutor,Céu Claro,2025-03-08,21
2025-03-08,22:10:00,267,66,BATAGUASSU,MS,Atropelamento de Animal,Animais na Pista,Céu Claro,2025-03-08,22
2025-03-08,23:10:00,364,"279,7",JACIARA,MT,Saída de leito carroçável,Reação tardia ou ineficiente do condutor,Nublado,2025-03-08,23
2025-03-08,22:45:00,153,"107,8",IBAITI,PR,Colisão transversal,Ingestão de álcool pelo condutor,Céu Claro,2025-03-08,22
2025-03-08,22:50:00,230,647,ALTAMIRA,PA,Colisão traseira,Reação tardia ou ineficiente do condutor,Chuva,2025-03-08,22
2025-03-08,21:42:00,101,"53,4",TERRA DE AREIA,RS,Atropelamento de Pedestre,Pedestre andava na pista,Céu Claro,2025-03-08,21
2025-03-08,23:00:00,116,443,FEIRA DE SANTANA,BA,Colisão com objeto,Ingestão de álcool pelo condutor,Céu Claro,2025-03-08,23
2025-03-09,03:13:00,381,"578,9",CARMOPOLIS DE MINAS,MG,Saída de leito carroçável,Condutor Dormindo,Céu Claro,2025-03-09,3
2025-03-09,03:40:00,210,9,MACAPA,AP,Colisão frontal,Transitar na contramão,Chuva,2025-03-09,3
2025-03-09,04:30:00,116,835,VITORIA DA CONQUISTA,BA,Colisão traseira,Reação tardia ou ineficiente do condutor,Céu Claro,2025-03-09,4
2025-03-09,05:00:00,158,"516,5",PATO BRANCO,PR,Colisão frontal,Ultrapassagem Indevida,Céu Claro,2025-03-09,5
2025-03-09,00:05:00,153,"0,8",AGUA DOCE,SC,Tombamento,Velocidade Incompatível,Nublado,2025-03-09,0
2025-03-09,07:20:00,101,78,JABOATAO DOS GUARARAPES,PE,Colisão traseira,Condutor deixou de manter distância do veículo da frente,Chuva,2025-03-09,7
2025-03-09,07:15:00,280,8,SAO FRANCISCO DO SUL,SC,Colisão frontal,Manobra de mudança de faixa,Céu Claro,2025-03-09,7
2025-03-09,05:25:00,163,83,ALTAMIRA,PA,Colisão lateral sentido oposto,Pista esburacada,Céu Claro,2025-03-09,5
2025-03-09,08:30:00,101,"45,6",TERRA DE AREIA,RS,Colisão transversal,Reação tardia ou ineficiente do condutor,Céu Claro,2025-03-09,8
2025-03-07,16:30:00,381,285,JAGUARACU,MG,Colisão traseira,Ausência de reação do condutor,Céu Claro,2025-03-07,16
2025-03-09,09:35:00,407,"129,4",PETROLINA,PE,Colisão lateral mesmo sentido,Manobra de mudança de faixa,Céu Claro,2025-03-09,9
2025-03-09,09:15:00,116,"363,7",FREI INOCENCIO,MG,Colisão lateral sentido oposto,Ausência de sinalização,Céu Claro,2025-03-09,9
2025-03-09,09:45:00,101,"16,6",NOVO LINO,AL,Colisão lateral mesmo sentido,Demais falhas mecânicas ou elétricas,Chuva,2025-03-09,9
2025-03-05,23:00:00,116,"134,9",MAGE,RJ,Colisão traseira,Condutor deixou de manter distância do veículo da frente,Céu Claro,2025-03-05,23
2025-03-09,05:40:00,262,"170,8",IBATIBA,ES,Tombamento,Velocidade Incompatível,Céu Claro,2025-03-09,5
2025-03-09,11:50:00,251,"443,5",GRAO MOGOL,MG,Colisão traseira,Transitar no Acostamento,Sol,2025-03-09,11
2025-03-09,13:05:00,376,625,SAO JOSE DOS PINHAIS,PR,Colisão traseira,Acessar a via sem observar a presença dos outros veículos,Céu Claro,2025-03-09,13
2025-03-09,13:00:00,365,249,BURITIZEIRO,MG,Incêndio,Demais falhas mecânicas ou elétricas,Sol,2025-03-09,13
2025-03-09,12:30:00,369,"0,6",JACAREZINHO,PR,Saída de leito carroçável,Condutor Dormindo,Céu Claro,2025-03-09,12
2025-03-09,10:30:00,116,276,TUCANO,BA,Colisão frontal,Ingestão de álcool pelo condutor,Céu Claro,2025-03-09,10
2025-03-09,15:09:00,101,"190,2",BIGUACU,SC,Colisão com objeto,Demais falhas mecânicas ou elétricas,Nublado,2025-03-09,15
2025-03-09,15:40:00,381,383,SAO GONCALO DO RIO ABAIXO,MG,Colisão frontal,Condutor Dormindo,Céu Claro,2025-03-09,15
2025-03-09,14:30:00,104,"22,8",TAQUARITINGA DO NORTE,PE,Colisão com objeto,Reação tardia ou ineficiente do condutor,Chuva,2025-03-09,14
2025-03-09,14:25:00,365,"478,2",PATROCINIO,MG,Colisão lateral sentido oposto,Transitar na contramão,Sol,2025-03-09,14
2025-03-09,17:20:00,386,"306,1",MARQUES DE SOUZA,RS,Colisão frontal,Reação tardia ou ineficiente do condutor,Céu Claro,2025-03-09,17
2025-03-09,17:32:00,277,"309,8",GUARAPUAVA,PR,Colisão traseira,Reação tardia ou ineficiente do condutor,Céu Claro,2025-03-09,17
2025-03-09,19:05:00,262,"810,9",UBERABA,MG,Colisão transversal,Ingestão de álcool pelo condutor,Céu Claro,2025-03-09,19
2025-03-09,18:30:00,104,"29,7",TORITAMA,PE,Colisão lateral sentido oposto,Ingestão de álcool pelo condutor,Nublado,2025-03-09,18
2025-03-09,15:50:00,153,"155,6",VENTANIA,PR,Colisão transversal,Reação tardia ou ineficiente do condutor,Céu Claro,2025-03-09,15
2025-03-09,16:45:00,282,"416,2",CATANDUVAS,SC,Colisão frontal,Velocidade Incompatível,Chuva,2025-03-09,16
2025-03-09,19:30:00,364,"21,1",VILHENA,RO,Colisão lateral sentido oposto,Manobra de mudança de faixa,Céu Claro,2025-03-09,19
2025-03-09,17:40:00,330,"10,3",BALSAS,MA,Colisão frontal,Ultrapassagem Indevida,Céu Claro,2025-03-09,17
2025-03-09,14:00:00,153,"8,1",MARCELINO RAMOS,RS,Colisão com objeto,Velocidade Incompatível,Chuva,2025-03-09,14
2025-03-09,21:50:00,470,"189,3",POUSO REDONDO,SC,Colisão frontal,Transitar na contramão,Ignorado,2025-03-09,21
2025-03-09,22:50:00,232,452,SAO JOSE DO BELMONTE,PE,Eventos atípicos,Reação tardia ou ineficiente do condutor,Nublado,2025-03-09,22
2025-03-10,00:45:00,304,"280,2",MACAIBA,RN,Saída de leito carroçável,Ingestão de álcool pelo condutor,Nublado,2025-03-10,0
2025-03-10,00:18:00,373,"391,8",CANDOI,PR,Colisão lateral sentido oposto,Transitar na contramão,Céu Claro,2025-03-10,0
2025-03-10,03:30:00,316,"194,8",VALENCA DO PIAUI,PI,Colisão traseira,Reação tardia ou ineficiente do condutor,Nublado,2025-03-10,3
2025-03-10,02:15:00,153,"659,5",GOIATUBA,GO,Atropelamento de Pedestre,Entrada inopinada do pedestre,Céu Claro,2025-03-10,2
2025-03-10,04:30:00,40,"461,1",SETE LAGOAS,MG,Tombamento,Carga excessiva e/ou mal acondicionada,Céu Claro,2025-03-10,4
2025-03-10,05:05:00,101,"212,9",PALHOCA,SC,Saída de leito carroçável,Mal súbito do condutor,Nublado,2025-03-10,5
2025-03-10,06:00:00,116,"15,2",FORTALEZA,CE,Colisão lateral mesmo sentido,Manobra de mudança de faixa,Chuva,2025-03-10,6
2025-03-10,06:45:00,101,139,SAO MIGUEL DOS CAMPOS,AL,Colisão transversal,Acessar a via sem observar a presença dos outros veículos,Céu Claro,2025-03-10,6
2025-03-10,06:40:00,369,"154,1",LONDRINA,PR,Colisão lateral mesmo sentido,Manobra de mudança de faixa,Céu Claro,2025-03-10,6
2025-03-10,06:00:00,262,"365,6",CAMPO GRANDE,MS,Colisão traseira,Ausência de reação do condutor,Céu Claro,2025-03-10,6
2025-03-10,08:00:00,116,108,TAUBATE,SP,Colisão traseira,Condutor deixou de manter distância do veículo da frente,Céu Claro,2025-03-10,8
2025-03-10,08:10:00,476,149,ARAUCARIA,PR,Colisão traseira,Condutor deixou de manter distância do veículo da frente,Céu Claro,2025-03-10,8
2025-03-10,08:00:00,116,277,TEOFILO OTONI,MG,Colisão lateral mesmo sentido,Ausência de reação do condutor,Céu Claro,2025-03-10,8
2025-03-10,08:00:00,20,60,FORMOSA,GO,Colisão traseira,Ausência de reação do condutor,Céu Claro,2025-03-10,8
2025-03-10,08:10:00,376,184,SARANDI,PR,Colisão traseira,Condutor deixou de manter distância do veículo da frente,Céu Claro,2025-03-10,8
2025-03-10,09:16:00,153,456,PALMAS,TO,Colisão traseira,Reação tardia ou ineficiente do condutor,Céu Claro,2025-03-10,9
2025-03-10,09:50:00,222,"20,8",CAUCAIA,CE,Colisão transversal,Acessar a via sem observar a presença dos outros veículos,Céu Claro,2025-03-10,9
2025-03-10,10:45:00,116,"224,7",GUARULHOS,SP,Colisão lateral mesmo sentido,Manobra de mudança de faixa,Sol,2025-03-10,10
2025-03-10,11:30:00,381,778,CAMPANHA,MG,Colisão traseira,Velocidade Incompatível,Céu Claro,2025-03-10,11
2025-03-10,12:30:00,232,60,POMBOS,PE,Saída de leito carroçável,Reação tardia ou ineficiente do condutor,Céu Claro,2025-03-10,12
2025-03-10,09:50:00,364,636,DIAMANTINO,MT,Colisão transversal,Reação tardia ou ineficiente do condutor,Céu Claro,2025-03-10,9
2025-03-10,13:00:00,262,362,CAMPO GRANDE,MS,Colisão com objeto,Reação tardia ou ineficiente do condutor,Céu Claro,2025-03-10,13
2025-03-10,13:35:00,116,"18,2",VITORIA DA CONQUISTA,BA,Colisão lateral mesmo sentido,Conversão proibida,Céu Claro,2025-03-10,13
2025-03-10,13:00:00,324,615,SALVADOR,BA,Engavetamento,Condutor deixou de manter distância do veículo da frente,Céu Claro,2025-03-10,13
2025-03-10,11:00:00,232,"240,8",ARCOVERDE,PE,Colisão lateral sentido oposto,Manobra de mudança de faixa,Sol,2025-03-10,11
2025-03-08,13:50:00,423,124,SALOA,PE,Colisão traseira,Ausência de reação do condutor,Céu Claro,2025-03-08,13
2025-03-10,13:50:00,116,"17,2",VITORIA DA CONQUISTA,BA,Atropelamento de Pedestre,Pedestre andava na pista,Céu Claro,2025-03-10,13
2025-03-10,14:30:00,365,664,MONTE ALEGRE DE MINAS,MG,Colisão lateral mesmo sentido,Ausência de reação do condutor,Sol,2025-03-10,14
2025-03-10,15:30:00,376,"309,8",MAUA DA SERRA,PR,Colisão com objeto,Avarias e/ou desgaste excessivo no pneu,Chuva,2025-03-10,15
2025-03-10,14:20:00,116,56,TERESOPOLIS,RJ,Incêndio,Carga excessiva e/ou mal acondicionada,Céu Claro,2025-03-10,14
2025-03-10,11:00:00,40,115,DUQUE DE CAXIAS,RJ,Colisão traseira,Reação tardia ou ineficiente do condutor,Céu Claro,2025-03-10,11
2025-03-10,14:10:00,101,65,ARAQUARI,SC,Colisão traseira,Condutor deixou de manter distância do veículo da frente,Nublado,2025-03-10,14
2025-03-10,13:50:00,470,261,SAO JOSE DO SUL,RS,Colisão lateral mesmo sentido,Problema com o freio,Céu Claro,2025-03-10,13
2025-02-22,14:55:00,290,"367,5",VILA NOVA DO SUL,RS,Saída de leito carroçável,Ausência de reação do condutor,Céu Claro,2025-02-22,14
2025-03-10,15:15:00,60,215,VARJAO,GO,Incêndio,Demais falhas mecânicas ou elétricas,Céu Claro,2025-03-10,15
2025-03-10,13:39:00,381,635,SANTO ANTONIO DO AMPARO,MG,Colisão traseira,Demais falhas mecânicas ou elétricas,Céu Claro,2025-03-10,13
2025-03-10,17:30:00,101,49,JAPARATUBA,SE,Colisão com objeto,Problema com o freio,Céu Claro,2025-03-10,17
2025-03-10,17:20:00,116,421,CRISTAL,RS,Tombamento,Afundamento ou ondulação no pavimento,Sol,2025-03-10,17
2025-03-10,15:20:00,470,"125,3",LONTRAS,SC,Colisão lateral mesmo sentido,Velocidade Incompatível,Sol,2025-03-10,15
2025-03-10,16:10:00,163,"603,8",SAO GABRIEL DO OESTE,MS,Saída de leito carroçável,Reação tardia ou ineficiente do condutor,Nublado,2025-03-10,16
2025-03-02,10:05:00,158,"94,1",PARANAIBA,MS,Tombamento,Velocidade Incompatível,Céu Claro,2025-03-02,10
2025-03-10,14:17:00,251,"246,8",SANTA CRUZ DE SALINAS,MG,Colisão lateral mesmo sentido,Manobra de mudança de faixa,Sol,2025-03-10,14
2025-03-10,18:50:00,116,"145,3",SAO JOSE DOS CAMPOS,SP,Colisão lateral mesmo sentido,Reação tardia ou ineficiente do condutor,Céu Claro,2025-03-10,18
2025-02-13,02:00:00,116,"261,9",PINHEIRAL,RJ,Colisão traseira,Ausência de reação do condutor,Céu Claro,2025-02-13,2
2025-03-10,18:42:00,232,330,CUSTODIA,PE,Colisão frontal,Transitar na contramão,Céu Claro,2025-03-10,18
2025-03-10,19:20:00,262,802,UBERABA,MG,Saída de leito carroçável,Reação tardia ou ineficiente do condutor,Nublado,2025-03-10,19
2025-03-10,15:30:00,452,35,SANTA HELENA DE GOIAS,GO,Tombamento,Reação tardia ou ineficiente do condutor,Céu Claro,2025-03-10,15
2025-03-10,18:00:00,153,571,PROFESSOR JAMIL,GO,Tombamento,Afundamento ou ondulação no pavimento,Céu Claro,2025-03-10,18
2025-03-10,14:50:00,364,402,OURO PRETO DO OESTE,RO,Colisão lateral mesmo sentido,Ultrapassagem Indevida,Sol,2025-03-10,14
2025-03-10,20:15:00,116,715,MURIAE,MG,Colisão com objeto,Chuva,Chuva,2025-03-10,20
2025-03-10,18:56:00,376,"188,3",MARIALVA,PR,Colisão transversal,Desrespeitar a preferência no cruzamento,Céu Claro,2025-03-10,18
2025-03-10,21:00:00,101,105,PENHA,SC,Atropelamento de Pedestre,Iluminação deficiente,Nublado,2025-03-10,21
2025-03-10,17:05:00,158,8,ARAGARCAS,GO,Tombamento,Reação tardia ou ineficiente do condutor,Céu Claro,2025-03-10,17
2025-03-10,23:05:00,365,"713,5",MONTE ALEGRE DE MINAS,MG,Atropelamento de Pedestre,Problema com o freio,Céu Claro,2025-03-10,23
2025-03-10,23:40:00,50,"147,6",UBERABA,MG,Saída de leito carroçável,Velocidade Incompatível,Chuva,2025-03-10,23
2025-03-10,23:30:00,418,"53,1",CARAVELAS,BA,Incêndio,Demais falhas mecânicas ou elétricas,Céu Claro,2025-03-10,23
2025-03-11,00:40:00,116,38,HORIZONTE,CE,Colisão com objeto,Condutor Dormindo,Nublado,2025-03-11,0
2025-03-11,00:10:00,50,104,UBERABA,MG,Colisão traseira,Velocidade Incompatível,Céu Claro,2025-03-11,0
2025-03-11,03:30:00,381,"833,5",SAO SEBASTIAO DA BELA VISTA,MG,Colisão traseira,Reação tardia ou ineficiente do condutor,Céu Claro,2025-03-11,3
2025-03-11,04:30:00,116,339,MIRACATU,SP,Tombamento,Velocidade Incompatível,Nublado,2025-03-11,4
2025-03-11,05:33:00,381,71,MAIRIPORA,SP,Colisão traseira,Condutor Dormindo,Céu Claro,2025-03-11,5
2025-03-10,23:40:00,40,103,ITAOBIM,MG,Incêndio,Demais falhas mecânicas ou elétricas,Céu Claro,2025-03-10,23
2025-03-11,03:20:00,116,"391,9",MIRACATU,SP,Atropelamento de Pedestre,Reação tardia ou ineficiente do condutor,Céu Claro,2025-03-11,3
2025-03-11,04:30:00,116,42,CAMPINA GRANDE DO SUL,PR,Colisão com objeto,Ausência de reação do condutor,Céu Claro,2025-03-11,4
2025-03-11,06:00:00,290,586,ALEGRETE,RS,Atropelamento de Animal,Animais na Pista,Céu Claro,2025-03-11,6
2025-03-11,06:50:00,277,"7,8",PARANAGUA,PR,Colisão traseira,Ausência de reação do condutor,Nublado,2025-03-11,6
2025-03-10,18:30:00,381,"444,9",SANTA LUZIA,MG,Colisão frontal,Velocidade Incompatível,Chuva,2025-03-10,18
2025-03-11,07:40:00,101,288,CARIACICA,ES,Engavetamento,Reação tardia ou ineficiente do condutor,Céu Claro,2025-03-11,7
2025-03-11,08:20:00,230,"505,5",CAJAZEIRAS,PB,Colisão frontal,Animais na Pista,Céu Claro,2025-03-11,8
2025-03-11,09:10:00,101,"101,2",PARNAMIRIM,RN,Capotamento,Manobra de mudança de faixa,Sol,2025-03-11,9
2025-03-11,10:00:00,116,103,SAO JOSE DOS PINHAIS,PR,Colisão lateral mesmo sentido,Ausência de reação do condutor,Céu Claro,2025-03-11,10
2025-03-11,08:40:00,242,804,BARREIRAS,BA,Colisão frontal,Chuva,Chuva,2025-03-11,8
2025-03-11,09:30:00,282,"1,1",FLORIANOPOLIS,SC,Colisão traseira,Reação tardia ou ineficiente do condutor,Nublado,2025-03-11,9
2025-03-11,08:50:00,153,"40,9",SANTO ANTONIO DA PLATINA,PR,Saída de leito carroçável,Mal súbito do condutor,Céu Claro,2025-03-11,8
2025-03-11,09:00:00,101,117,ITAJAI,SC,Colisão traseira,Acessar a via sem observar a presença dos outros veículos,Nublado,2025-03-11,9
2025-03-11,07:30:00,116,588,NOVA ITARANA,BA,Tombamento,Ausência de reação do condutor,Céu Claro,2025-03-11,7
2025-03-11,11:10:00,153,"190,3",FRUTAL,MG,Eventos atípicos,Carga excessiva e/ou mal acondicionada,Céu Claro,2025-03-11,11
2025-03-03,08:35:00,316,13,MARITUBA,PA,Colisão traseira,Condutor usando celular,Céu Claro,2025-03-03,8
2025-03-11,11:40:00,381,"454,4",BELO HORIZONTE,MG,Colisão lateral sentido oposto,Transitar na contramão,Sol,2025-03-11,11
2025-03-11,08:50:00,163,"13,7",MUNDO NOVO,MS,Colisão lateral sentido oposto,Velocidade Incompatível,Chuva,2025-03-11,8
2025-03-11,08:00:00,277,"398,8",CANDOI,PR,Tombamento,Reação tardia ou ineficiente do condutor,Garoa/Chuvisco,2025-03-11,8
2025-03-11,11:20:00,116,"565,1",BARRA DO TURVO,SP,Incêndio,Demais falhas mecânicas ou elétricas,Nublado,2025-03-11,11
2025-03-11,14:05:00,376,"184,8",SARANDI,PR,Atropelamento de Pedestre,Entrada inopinada do pedestre,Nublado,2025-03-11,14
2025-02-17,16:14:00,163,"448,9",ITAITUBA,PA,Saída de leito carroçável,Ausência de reação do condutor,Nublado,2025-02-17,16
2025-01-08,03:30:00,174,924,MANAUS,AM,Saída de leito carroçável,Acumulo de água sobre o pavimento,Chuva,2025-01-08,3
2025-03-10,22:30:00,135,541,SAO GONCALO DO GURGUEIA,PI,Tombamento,Reação tardia ou ineficiente do condutor,Nublado,2025-03-10,22
2025-03-11,12:00:00,135,240,PERITORO,MA,Colisão traseira,Ausência de reação do condutor,Céu Claro,2025-03-11,12
2025-01-18,08:45:00,101,"249,8",SERRA,ES,Colisão frontal,Transitar na contramão,Sol,2025-01-18,8
2025-03-10,08:20:00,40,"739,8",SANTOS DUMONT,MG,Tombamento,Reação tardia ou ineficiente do condutor,Céu Claro,2025-03-10,8
2025-03-11,14:40:00,376,654,TIJUCAS DO SUL,PR,Saída de leito carroçável,Ausência de reação do condutor,Nublado,2025-03-11,14
2025-01-21,12:50:00,163,1102,GUARANTA DO NORTE,MT,Colisão lateral sentido oposto,Manobra de mudança de faixa,Céu Claro,2025-01-21,12
2025-03-11,09:30:00,158,"439,9",RIBEIRAO CASCALHEIRA,MT,Colisão frontal,Ausência de reação do condutor,Céu Claro,2025-03-11,9
2025-03-11,15:55:00,290,"82,6",CACHOEIRINHA,RS,Colisão lateral mesmo sentido,Manobra de mudança de faixa,Céu Claro,2025-03-11,15
2025-03-11,15:20:00,226,"117,2",SANTA CRUZ,RN,Tombamento,Carga excessiva e/ou mal acondicionada,Céu Claro,2025-03-11,15
2025-03-11,16:00:00,40,480,SETE LAGOAS,MG,Saída de leito carroçável,Velocidade Incompatível,Céu Claro,2025-03-11,16
2025-03-11,15:20:00,101,"150,2",LINHARES,ES,Colisão lateral mesmo sentido,Condutor deixou de manter distância do veículo da frente,Céu Claro,2025-03-11,15
2025-03-11,17:00:00,116,"155,7",SAO JOSE DOS CAMPOS,SP,Tombamento,Trafegar com motocicleta (ou similar) entre as faixas,Chuva,2025-03-11,17
2025-03-11,17:20:00,376,"2,3",MANDAGUARI,PR,Colisão transversal,Acessar a via sem observar a presença dos outros veículos,Céu Claro,2025-03-11,17
2025-03-11,15:45:00,163,119,RONDONOPOLIS,MT,Colisão traseira,Pista Escorregadia,Chuva,2025-03-11,15
2025-03-11,17:15:00,381,"925,5",ITAPEVA,MG,Tombamento,Velocidade Incompatível,Céu Claro,2025-03-11,17
2025-03-11,17:40:00,116,49,CANAS,SP,Colisão traseira,Ausência de reação do condutor,Nublado,2025-03-11,17
2025-03-11,17:30:00,364,1,ALTO ARAGUAIA,MT,Colisão transversal,Acessar a via sem observar a presença dos outros veículos,Sol,2025-03-11,17
2025-03-11,18:55:00,452,194,ITUMBIARA,GO,Colisão traseira,Ausência de reação do condutor,Céu Claro,2025-03-11,18
2025-03-11,15:05:00,316,57,CASTANHAL,PA,Saída de leito carroçável,Acumulo de água sobre o pavimento,Chuva,2025-03-11,15
2025-03-11,22:58:00,116,"870,6",VITORIA DA CONQUISTA,BA,Colisão lateral mesmo sentido,Manobra de mudança de faixa,Céu Claro,2025-03-11,22
2025-03-12,05:10:00,116,16,SALGUEIRO,PE,Colisão frontal,Transitar na contramão,Céu Claro,2025-03-12,5
2025-03-12,01:46:00,364,"490,4",JANGADA,MT,Colisão traseira,Mal súbito do condutor,Céu Claro,2025-03-12,1
2025-03-12,05:30:00,40,"668,7",CARANDAI,MG,Incêndio,Demais falhas mecânicas ou elétricas,Céu Claro,2025-03-12,5
2025-03-11,23:45:00,316,"258,8",IPIRANGA DO PIAUI,PI,Atropelamento de Pedestre,Pedestre andava na pista,Céu Claro,2025-03-11,23
2025-03-12,06:20:00,376,667,GUARATUBA,PR,Colisão traseira,Ausência de reação do condutor,Nublado,2025-03-12,6
2025-03-12,06:00:00,153,302,CAMPOS NOVOS PAULISTA,SP,Incêndio,Demais falhas mecânicas ou elétricas,Céu Claro,2025-03-12,6
2025-03-12,05:00:00,381,"453,1",SABARA,MG,Colisão lateral sentido oposto,Transitar na contramão,Céu Claro,2025-03-12,5
2025-03-12,05:15:00,381,"555,2",ITAGUARA,MG,Colisão traseira,Sinalização mal posicionada,Céu Claro,2025-03-12,5
2025-03-12,07:30:00,153,"127,4",WANDERLANDIA,TO,Colisão frontal,Ultrapassagem Indevida,Nublado,2025-03-12,7
2025-03-12,07:00:00,101,301,VIANA,ES,Colisão lateral mesmo sentido,Condutor deixou de manter distância do veículo da frente,Sol,2025-03-12,7
2025-03-12,07:32:00,408,89,SAO LOURENCO DA MATA,PE,Colisão com objeto,Reação tardia ou ineficiente do condutor,Nublado,2025-03-12,7
2025-03-12,08:00:00,316,140,PEIXE-BOI,PA,Colisão frontal,Conversão proibida,Nublado,2025-03-12,8
2025-03-12,02:00:00,174,1014,PRESIDENTE FIGUEIREDO,AM,Colisão frontal,Ausência de sinalização,Ignorado,2025-03-12,2
2025-03-12,06:47:00,101,"270,4",SERRA,ES,Colisão lateral mesmo sentido,Manobra de mudança de faixa,Céu Claro,2025-03-12,6
2025-03-12,08:10:00,40,"603,6",CONGONHAS,MG,Colisão com objeto,Velocidade Incompatível,Céu Claro,2025-03-12,8
2025-03-12,08:30:00,70,19,BRASILIA,DF,Eventos atípicos,Acumulo de óleo sobre o pavimento,Céu Claro,2025-03-12,8
2025-03-12,08:25:00,470,"66,3",INDAIAL,SC,Saída de leito carroçável,Ultrapassagem Indevida,Céu Claro,2025-03-12,8
2025-03-12,08:24:00,116,"10,8",FORTALEZA,CE,Engavetamento,Condutor deixou de manter distância do veículo da frente,Nublado,2025-03-12,8
2025-03-12,07:27:00,364,527,ROSARIO OESTE,MT,Colisão traseira,Ausência de reação do condutor,Céu Claro,2025-03-12,7
2025-03-12,07:40:00,116,7,QUELUZ,SP,Colisão traseira,Ausência de reação do condutor,Sol,2025-03-12,7
2025-03-12,08:50:00,364,204,RONDONOPOLIS,MT,Colisão traseira,Velocidade Incompatível,Céu Claro,2025-03-12,8
2025-03-12,09:14:00,343,348,TERESINA,PI,Tombamento,Reação tardia ou ineficiente do condutor,Sol,2025-03-12,9
2025-03-12,06:40:00,101,"275,8",IMBITUBA,SC,Colisão com objeto,Avarias e/ou desgaste excessivo no pneu,Chuva,2025-03-12,6
2025-03-04,23:30:00,386,"257,8",SOLEDADE,RS,Colisão frontal,Transitar na contramão,Céu Claro,2025-03-04,23
2025-03-12,11:30:00,101,242,SERRA,ES,Colisão traseira,Reação tardia ou ineficiente do condutor,Céu Claro,2025-03-12,11
2025-03-12,10:20:00,153,"399,8",MALLET,PR,Tombamento,Reação tardia ou ineficiente do condutor,Sol,2025-03-12,10
2025-03-12,09:40:00,60,"38,6",GOIANIA,GO,Colisão lateral mesmo sentido,Velocidade Incompatível,Céu Claro,2025-03-12,9
2025-03-09,06:03:00,163,"374,7",NOVO PROGRESSO,PA,Colisão frontal,Reação tardia ou ineficiente do condutor,Nublado,2025-03-09,6
2025-03-12,12:00:00,402,74,LUIS CORREIA,PI,Derramamento de carga,Velocidade Incompatível,Nublado,2025-03-12,12
2025-03-12,12:02:00,101,138,ESCADA,PE,Derramamento de carga,Velocidade Incompatível,Céu Claro,2025-03-12,12
2025-03-08,13:35:00,251,"464,5",FRANCISCO SA,MG,Colisão com objeto,Velocidade Incompatível,Céu Claro,2025-03-08,13
2025-03-12,14:30:00,101,"92,3",BARRA VELHA,SC,Colisão lateral mesmo sentido,Reação tardia ou ineficiente do condutor,Nublado,2025-03-12,14
2025-02-08,15:00:00,365,430,PATOS DE MINAS,MG,Colisão traseira,Ausência de reação do condutor,Céu Claro,2025-02-08,15
2025-02-04,16:50:00,282,180,BOCAINA DO SUL,SC,Saída de leito carroçável,Acessar a via sem observar a presença dos outros veículos,Nublado,2025-02-04,16
2025-02-20,13:35:00,158,"118,7",CAIBI,SC,Saída de leito carroçável,Demais falhas mecânicas ou elétricas,Sol,2025-02-20,13
2025-03-12,15:30:00,393,104,SAPUCAIA,RJ,Colisão lateral sentido oposto,Transitar na contramão,Céu Claro,2025-03-12,15
2025-03-12,15:51:00,116,26,SALGUEIRO,PE,Colisão transversal,Acessar a via sem observar a presença dos outros veículos,Céu Claro,2025-03-12,15
2025-03-12,15:30:00,40,"683,9",RESSAQUINHA,MG,Saída de leito carroçável,Velocidade Incompatível,Céu Claro,2025-03-12,15
2025-03-12,16:00:00,222,"3,2",CAUCAIA,CE,Colisão traseira,Condutor deixou de manter distância do veículo da frente,Céu Claro,2025-03-12,16
2025-03-12,14:20:00,381,642,SANTO ANTONIO DO AMPARO,MG,Colisão traseira,Reação tardia ou ineficiente do condutor,Céu Claro,2025-03-12,14
2025-03-12,15:45:00,20,"22,3",BRASILIA,DF,Saída de leito carroçável,Pista Escorregadia,Garoa/Chuvisco,2025-03-12,15
2025-03-12,17:05:00,60,13,SANTO ANTONIO DO DESCOBERTO,GO,Colisão traseira,Ausência de reação do condutor,Chuva,2025-03-12,17