data_inversa,horario,br,km,municipio,uf,tipo_acidente,causa_acidente,condicao_metereologica,data,hora
2025-03-12,14:25:00,116,"132,9",SANTA CECILIA,SC,Colisão transversal,Acessar a via sem observar a presença dos outros veículos,Nublado,2025-03-12,14
2025-03-12,15:45:00,267,"74,8",JUIZ DE FORA,MG,Tombamento,Velocidade Incompatível,Céu Claro,2025-03-12,15
2025-03-12,16:50:00,101,739,ITABELA,BA,Tombamento,Reação tardia ou ineficiente do condutor,Céu Claro,2025-03-12,16
2025-03-12,17:00:00,20,"207,8",BOA VIAGEM,CE,Colisão lateral mesmo sentido,Pista esburacada,Nublado,2025-03-12,17
2025-03-07,04:30:00,381,568,CARMOPOLIS DE MINAS,MG,Tombamento,Condutor Dormindo,Céu Claro,2025-03-07,4
2025-03-12,18:00:00,116,143,CAXIAS DO SUL,RS,Colisão transversal,Condutor desrespeitou a iluminação vermelha do semáforo,Céu Claro,2025-03-12,18
2025-03-12,13:45:00,116,428,IPAUMIRIM,CE,Tombamento,Demais falhas na via,Céu Claro,2025-03-12,13
2025-03-12,16:10:00,101,"49,3",JOINVILLE,SC,Colisão traseira,Reação tardia ou ineficiente do condutor,Chuva,2025-03-12,16
2025-03-12,18:00:00,116,646,JAGUAQUARA,BA,Colisão frontal,Manobra de mudança de faixa,Céu Claro,2025-03-12,18
2025-03-12,16:00:00,116,562,BARRA DO TURVO,SP,Colisão traseira,Velocidade Incompatível,Nublado,2025-03-12,16
2025-03-12,18:00:00,101,"17,9",SAO FRANCISCO,SE,Colisão traseira,Acessar a via sem observar a presença dos outros veículos,Céu Claro,2025-03-12,18
2025-03-12,19:21:00,101,"439,3",SOMBRIO,SC,Colisão traseira,Condutor deixou de manter distância do veículo da frente,Nublado,2025-03-12,19
2025-03-12,12:20:00,153,496,GENERAL CARNEIRO,PR,Saída de leito carroçável,Condutor deixou de manter distância do veículo da frente,Céu Claro,2025-03-12,12
2025-03-12,21:15:00,364,24,FRUTAL,MG,Atropelamento de Pedestre,Pedestre andava na pista,Céu Claro,2025-03-12,21
2025-03-12,21:20:00,40,275,TRES MARIAS,MG,Colisão traseira,Ausência de reação do condutor,Céu Claro,2025-03-12,21
2025-03-12,21:55:00,101,39,CAMPOS DOS GOYTACAZES,RJ,Colisão transversal,Acessar a via sem observar a presença dos outros veículos,Céu Claro,2025-03-12,21
2025-03-12,18:04:00,364,299,JACIARA,MT,Colisão traseira,Acumulo de água sobre o pavimento,Chuva,2025-03-12,18
2025-03-12,20:50:00,381,436,SABARA,MG,Colisão transversal,Acessar a via sem observar a presença dos outros veículos,Céu Claro,2025-03-12,20
2025-03-12,22:35:00,381,818,CAREACU,MG,Incêndio,Demais falhas mecânicas ou elétricas,Céu Claro,2025-03-12,22
2025-03-13,00:25:00,40,531,BELO HORIZONTE,MG,Colisão traseira,Ausência de reação do condutor,Céu Claro,2025-03-13,0
2025-03-13,01:29:00,101,"171,7",LINHARES,ES,Colisão com objeto,Condutor Dormindo,Céu Claro,2025-03-13,1
2025-03-12,21:00:00,70,244,POXOREO,MT,Saída de leito carroçável,Reação tardia ou ineficiente do condutor,Ignorado,2025-03-12,21
2025-03-13,03:01:00,116,348,MIRACATU,SP,Incêndio,Demais falhas mecânicas ou elétricas,Céu Claro,2025-03-13,3
2025-03-13,03:10:00,116,672,JEQUIE,BA,Tombamento,Ausência de reação do condutor,Céu Claro,2025-03-13,3
2025-03-13,03:00:00,153,103,SANTA TEREZA DE GOIAS,GO,Incêndio,Problema com o freio,Céu Claro,2025-03-13,3
2025-03-13,04:30:00,101,911,NOVA VICOSA,BA,Colisão frontal,Transitar na contramão,Nevoeiro/Neblina,2025-03-13,4
2025-03-13,05:30:00,40,"729,1",OLIVEIRA FORTES,MG,Colisão traseira,Ausência de reação do condutor,Ignorado,2025-03-13,5
2025-03-13,06:15:00,158,"207,1",CRUZ ALTA,RS,Colisão frontal,Ultrapassagem Indevida,Céu Claro,2025-03-13,6
2025-03-13,06:10:00,116,550,BARRA DO TURVO,SP,Colisão traseira,Condutor deixou de manter distância do veículo da frente,Chuva,2025-03-13,6
2025-03-13,07:13:00,153,95,WANDERLANDIA,TO,Colisão frontal,Transitar na contramão,Céu Claro,2025-03-13,7
2025-03-13,07:45:00,40,"470,8",SETE LAGOAS,MG,Colisão lateral mesmo sentido,Manobra de mudança de faixa,Céu Claro,2025-03-13,7
2025-03-13,07:30:00,116,"133,4",CACAPAVA,SP,Atropelamento de Pedestre,Reação tardia ou ineficiente do condutor,Céu Claro,2025-03-13,7
2025-03-13,03:40:00,381,"188,6",PERIQUITO,MG,Colisão traseira,Condutor deixou de manter distância do veículo da frente,Nublado,2025-03-13,3
2025-03-13,08:45:00,230,"13,8",CABEDELO,PB,Colisão traseira,Condutor deixou de manter distância do veículo da frente,Céu Claro,2025-03-13,8
2025-03-13,07:05:00,376,"491,2",PONTA GROSSA,PR,Colisão traseira,Ausência de reação do condutor,Céu Claro,2025-03-13,7
2025-03-13,08:10:00,277,"4,9",PARANAGUA,PR,Queda de ocupante de veículo,Reação tardia ou ineficiente do condutor,Sol,2025-03-13,8
2025-03-13,09:40:00,101,104,SAO CRISTOVAO,SE,Colisão lateral mesmo sentido,Acessar a via sem observar a presença dos outros veículos,Nublado,2025-03-13,9
2025-03-13,10:50:00,376,522,PONTA GROSSA,PR,Colisão traseira,Velocidade Incompatível,Céu Claro,2025-03-13,10
2025-02-23,16:40:00,476,14,ADRIANOPOLIS,PR,Colisão lateral sentido oposto,Velocidade Incompatível,Céu Claro,2025-02-23,16
2025-03-13,04:00:00,262,22,REDUTO,MG,Saída de leito carroçável,Reação tardia ou ineficiente do condutor,Céu Claro,2025-03-13,4
2025-03-09,01:45:00,393,169,TRES RIOS,RJ,Colisão lateral sentido oposto,Ingestão de álcool pelo condutor,Céu Claro,2025-03-09,1
2025-03-13,11:35:00,153,"625,6",ALIANCA DO TOCANTINS,TO,Incêndio,Demais falhas mecânicas ou elétricas,Céu Claro,2025-03-13,11
2025-03-13,11:30:00,101,"85,8",SAO MATEUS,ES,Colisão traseira,Ausência de reação do condutor,Céu Claro,2025-03-13,11
2025-03-13,12:10:00,386,"400,5",TRIUNFO,RS,Colisão lateral mesmo sentido,Problema com o freio,Céu Claro,2025-03-13,12
2025-03-13,12:40:00,369,"192,8",ARAPONGAS,PR,Queda de ocupante de veículo,Velocidade Incompatível,Nublado,2025-03-13,12
2025-03-13,13:00:00,101,871,TEIXEIRA DE FREITAS,BA,Colisão com objeto,Ausência de reação do condutor,Céu Claro,2025-03-13,13
2025-03-13,07:30:00,116,508,BARRA DO TURVO,SP,Tombamento,Reação tardia ou ineficiente do condutor,Céu Claro,2025-03-13,7
2025-03-13,12:00:00,290,204,RIO PARDO,RS,Colisão traseira,Ausência de sinalização,Céu Claro,2025-03-13,12
2025-03-13,10:24:00,376,"459,4",TIBAGI,PR,Colisão com objeto,Velocidade Incompatível,Céu Claro,2025-03-13,10
2025-03-13,13:30:00,232,20,MORENO,PE,Saída de leito carroçável,Condutor Dormindo,Sol,2025-03-13,13
2025-03-13,14:10:00,101,505,ITABUNA,BA,Colisão lateral sentido oposto,Condutor Dormindo,Céu Claro,2025-03-13,14
2025-03-13,14:15:00,376,407,TIBAGI,PR,Colisão com objeto,Velocidade Incompatível,Chuva,2025-03-13,14
2025-03-10,09:00:00,116,170,RIO DE JANEIRO,RJ,Colisão lateral mesmo sentido,Trafegar com motocicleta (ou similar) entre as faixas,Céu Claro,2025-03-10,9
2025-03-13,10:55:00,282,424,VARGEM BONITA,SC,Tombamento,Velocidade Incompatível,Céu Claro,2025-03-13,10
2025-03-13,10:00:00,70,695,CACERES,MT,Colisão lateral sentido oposto,Velocidade Incompatível,Céu Claro,2025-03-13,10
2025-03-13,13:40:00,153,185,NOVA OLINDA,TO,Colisão lateral sentido oposto,Transitar na contramão,Céu Claro,2025-03-13,13
2025-03-13,11:50:00,163,606,NOVA MUTUM,MT,Colisão transversal,Retorno proibido,Céu Claro,2025-03-13,11
2025-03-13,14:30:00,262,"23,5",REDUTO,MG,Saída de leito carroçável,Demais falhas mecânicas ou elétricas,Céu Claro,2025-03-13,14
2025-03-13,15:30:00,40,"738,5",SANTOS DUMONT,MG,Colisão com objeto,Velocidade Incompatível,Chuva,2025-03-13,15
2025-03-13,14:29:00,10,252,IMPERATRIZ,MA,Colisão lateral mesmo sentido,Problema com o freio,Céu Claro,2025-03-13,14
2025-03-13,13:30:00,365,429,PATOS DE MINAS,MG,Colisão traseira,Chuva,Chuva,2025-03-13,13
2025-03-13,14:35:00,262,"31,4",DOMINGOS MARTINS,ES,Colisão frontal,Faixas de trânsito com largura insuficiente,Céu Claro,2025-03-13,14
2025-03-13,17:45:00,163,104,SAO JOSE DO CEDRO,SC,Colisão frontal,Transitar na contramão,Céu Claro,2025-03-13,17
2025-03-13,15:30:00,40,96,DUQUE DE CAXIAS,RJ,Colisão com objeto,Pista Escorregadia,Sol,2025-03-13,15
2025-03-13,17:55:00,324,592,CANDEIAS,BA,Colisão traseira,Condutor deixou de manter distância do veículo da frente,Céu Claro,2025-03-13,17
2025-03-13,18:15:00,470,"137,8",RIO DO SUL,SC,Colisão transversal,Acessar a via sem observar a presença dos outros veículos,Céu Claro,2025-03-13,18
2025-03-13,18:30:00,230,"17,1",JOAO PESSOA,PB,Colisão com objeto,Reação tardia ou ineficiente do condutor,Céu Claro,2025-03-13,18
2025-03-13,14:30:00,101,"396,5",MARACAJA,SC,Colisão traseira,Ingestão de álcool pelo condutor,Nublado,2025-03-13,14
2025-03-13,15:25:00,101,425,SOMBRIO,SC,Atropelamento de Pedestre,Pedestre cruzava a pista fora da faixa,Céu Claro,2025-03-13,15
2025-03-13,17:00:00,262,405,PARA DE MINAS,MG,Saída de leito carroçável,Ausência de reação do condutor,Céu Claro,2025-03-13,17
2025-03-13,19:45:00,230,"7,1",CABEDELO,PB,Colisão traseira,Ausência de reação do condutor,Céu Claro,2025-03-13,19
2025-03-13,19:00:00,101,65,MAQUINE,RS,Colisão traseira,Ausência de reação do condutor,Nublado,2025-03-13,19
2025-03-13,19:00:00,163,"75,8",ITAQUIRAI,MS,Colisão transversal,Acessar a via sem observar a presença dos outros veículos,Céu Claro,2025-03-13,19
2025-03-13,16:40:00,285,589,SAO LUIZ GONZAGA,RS,Colisão transversal,Acessar a via sem observar a presença dos outros veículos,Céu Claro,2025-03-13,16
2025-03-13,19:30:00,364,14,VILHENA,RO,Colisão transversal,Acessar a via sem observar a presença dos outros veículos,Céu Claro,2025-03-13,19
2025-03-13,16:40:00,251,326,FRUTA DE LEITE,MG,Colisão lateral sentido oposto,Ultrapassagem Indevida,Céu Claro,2025-03-13,16
2025-03-13,21:15:00,365,"582,9",INDIANOPOLIS,MG,Colisão transversal,Acessar a via sem observar a presença dos outros veículos,Chuva,2025-03-13,21
2025-03-13,21:00:00,425,52,NOVA MAMORE,RO,Colisão lateral sentido oposto,Transitar na contramão,Céu Claro,2025-03-13,21
2025-03-13,20:00:00,101,260,SANTO ANTONIO DE JESUS,BA,Colisão frontal,Ultrapassagem Indevida,Céu Claro,2025-03-13,20
2025-02-02,13:30:00,174,226,RORAINOPOLIS,RR,Colisão frontal,Fumaça,Sol,2025-02-02,13
2025-03-14,00:30:00,324,516,FEIRA DE SANTANA,BA,Colisão traseira,Ausência de reação do condutor,Ignorado,2025-03-14,0
2025-03-14,01:45:00,60,134,GOIANIA,GO,Saída de leito carroçável,Demais falhas mecânicas ou elétricas,Nublado,2025-03-14,1
2025-03-14,04:55:00,101,284,ITABORAI,RJ,Capotamento,Avarias e/ou desgaste excessivo no pneu,Céu Claro,2025-03-14,4
2025-03-14,04:35:00,101,"24,8",ESPLANADA,BA,Colisão frontal,Desvio temporário,Chuva,2025-03-14,4
2025-03-14,06:00:00,376,"136,8",NOVA ESPERANCA,PR,Colisão lateral sentido oposto,Reação tardia ou ineficiente do condutor,Céu Claro,2025-03-14,6
2025-03-14,05:50:00,364,10,ALTO ARAGUAIA,MT,Tombamento,Animais na Pista,Céu Claro,2025-03-14,5
2025-03-14,05:55:00,101,333,RIO DE JANEIRO,RJ,Colisão traseira,Acessar a via sem observar a presença dos outros veículos,Nublado,2025-03-14,5
2025-03-14,00:00:00,290,"169,3",BUTIA,RS,Colisão traseira,Condutor deixou de manter distância do veículo da frente,Céu Claro,2025-03-14,0
2025-03-13,23:00:00,364,108,CHUPINGUAIA,RO,Colisão traseira,Reação tardia ou ineficiente do condutor,Chuva,2025-03-13,23
2025-03-13,21:00:00,262,747,PERDIZES,MG,Colisão com objeto,Velocidade Incompatível,Chuva,2025-03-13,21
2025-03-14,07:00:00,381,496,BETIM,MG,Colisão traseira,Ausência de reação do condutor,Céu Claro,2025-03-14,7
2025-03-14,05:35:00,101,126,ARAMARI,BA,Tombamento,Ultrapassagem Indevida,Sol,2025-03-14,5
2025-03-14,07:00:00,116,109,TAUBATE,SP,Colisão traseira,Condutor deixou de manter distância do veículo da frente,Nublado,2025-03-14,7
2025-03-14,07:30:00,101,729,EUNAPOLIS,BA,Saída de leito carroçável,Reação tardia ou ineficiente do condutor,Céu Claro,2025-03-14,7
2025-03-14,08:30:00,386,346,LAJEADO,RS,Colisão lateral mesmo sentido,Trafegar com motocicleta (ou similar) entre as faixas,Sol,2025-03-14,8
2025-02-22,15:07:00,381,484,BETIM,MG,Colisão traseira,Problema com o freio,Céu Claro,2025-02-22,15
2025-03-14,07:55:00,369,"227,2",JANDAIA DO SUL,PR,Colisão transversal,Desrespeitar a preferência no cruzamento,Céu Claro,2025-03-14,7
2025-03-14,08:45:00,101,332,TUBARAO,SC,Colisão lateral mesmo sentido,Acessar a via sem observar a presença dos outros veículos,Sol,2025-03-14,8
2025-02-19,17:00:00,101,"5,3",MAQUINE,RS,Colisão transversal,Acessar a via sem observar a presença dos outros veículos,Nublado,2025-02-19,17
2025-03-14,09:24:00,282,"4,3",SAO JOSE,SC,Incêndio,Demais falhas mecânicas ou elétricas,Céu Claro,2025-03-14,9
2025-03-14,09:00:00,476,"174,9",CONTENDA,PR,Colisão transversal,Acessar a via sem observar a presença dos outros veículos,Nublado,2025-03-14,9
2025-03-14,08:13:00,158,"539,9",PATO BRANCO,PR,Eventos atípicos,Demais falhas mecânicas ou elétricas,Céu Claro,2025-03-14,8
2025-03-14,07:10:00,40,"175,3",JOAO PINHEIRO,MG,Tombamento,Demais falhas mecânicas ou elétricas,Céu Claro,2025-03-14,7
2025-03-14,10:10:00,50,11,ARAGUARI,MG,Incêndio,Demais falhas mecânicas ou elétricas,Céu Claro,2025-03-14,10
2025-03-14,05:30:00,116,461,REGISTRO,SP,Colisão traseira,Ausência de reação do condutor,Nublado,2025-03-14,5
2025-02-03,06:20:00,316,"232,8",ATALAIA,AL,Colisão lateral sentido oposto,Ultrapassagem Indevida,Céu Claro,2025-02-03,6
2025-03-14,11:30:00,230,1,CABEDELO,PB,Colisão transversal,Acessar a via sem observar a presença dos outros veículos,Céu Claro,2025-03-14,11
2025-03-14,10:10:00,163,670,LUCAS DO RIO VERDE,MT,Colisão frontal,Ultrapassagem Indevida,Sol,2025-03-14,10
2025-03-14,09:10:00,116,"106,3",SAO JOSE DOS PINHAIS,PR,Colisão traseira,Reação tardia ou ineficiente do condutor,Nublado,2025-03-14,9
2025-03-14,11:32:00,101,9,GOIANA,PE,Colisão lateral mesmo sentido,Ausência de reação do condutor,Chuva,2025-03-14,11
2025-03-14,09:20:00,317,79,SENADOR GUIOMARD,AC,Colisão frontal,Acesso irregular,Nublado,2025-03-14,9
2025-03-14,12:40:00,101,"304,6",VIANA,ES,Colisão traseira,Reação tardia ou ineficiente do condutor,Céu Claro,2025-03-14,12
2025-03-14,11:53:00,290,"13,6",SANTO ANTONIO DA PATRULHA,RS,Colisão lateral mesmo sentido,Acessar a via sem observar a presença dos outros veículos,Céu Claro,2025-03-14,11
2025-03-14,13:00:00,101,711,EUNAPOLIS,BA,Tombamento,Transitar na contramão,Céu Claro,2025-03-14,13
2025-03-14,13:15:00,381,360,JOAO MONLEVADE,MG,Colisão lateral mesmo sentido,Reação tardia ou ineficiente do condutor,Céu Claro,2025-03-14,13
2025-03-14,11:50:00,393,"264,2",BARRA DO PIRAI,RJ,Colisão frontal,Reação tardia ou ineficiente do condutor,Céu Claro,2025-03-14,11
2025-03-14,14:30:00,40,498,PEDRO LEOPOLDO,MG,Saída de leito carroçável,Condutor usando celular,Céu Claro,2025-03-14,14
2025-03-14,14:00:00,251,466,FRANCISCO SA,MG,Colisão com objeto,Velocidade Incompatível,Sol,2025-03-14,14
2025-03-14,10:45:00,282,"289,7",BRUNOPOLIS,SC,Colisão frontal,Acessar a via sem observar a presença dos outros veículos,Céu Claro,2025-03-14,10
2025-03-14,13:00:00,452,165,ITUMBIARA,GO,Saída de leito carroçável,Condutor Dormindo,Céu Claro,2025-03-14,13
2025-03-14,15:05:00,116,164,JACAREI,SP,Atropelamento de Pedestre,Entrada inopinada do pedestre,Céu Claro,2025-03-14,15
2025-03-14,14:35:00,101,"321,2",PESCARIA BRAVA,SC,Colisão traseira,Condutor deixou de manter distância do veículo da frente,Céu Claro,2025-03-14,14
2025-03-14,15:00:00,116,280,EMBU DAS ARTES,SP,Colisão traseira,Reação tardia ou ineficiente do condutor,Céu Claro,2025-03-14,15
2025-03-14,17:00:00,381,704,NEPOMUCENO,MG,Tombamento,Ausência de reação do condutor,Nublado,2025-03-14,17
2025-03-14,17:40:00,369,"505,7",CASCAVEL,PR,Colisão transversal,Acessar a via sem observar a presença dos outros veículos,Céu Claro,2025-03-14,17
2025-03-14,18:45:00,280,"30,7",ARAQUARI,SC,Colisão lateral mesmo sentido,Trafegar com motocicleta (ou similar) entre as faixas,Nublado,2025-03-14,18
2025-03-14,18:10:00,376,"597,5",CURITIBA,PR,Colisão traseira,Condutor deixou de manter distância do veículo da frente,Nublado,2025-03-14,18
2025-03-14,18:38:00,153,"106,5",JOSE BONIFACIO,SP,Colisão transversal,Acessar a via sem observar a presença dos outros veículos,Céu Claro,2025-03-14,18
2025-03-14,16:30:00,116,181,NOVA IGUACU,RJ,Colisão lateral mesmo sentido,Manobra de mudança de faixa,Céu Claro,2025-03-14,16
2025-03-14,17:45:00,116,"813,9",ALEM PARAIBA,MG,Colisão frontal,Ausência de reação do condutor,Chuva,2025-03-14,17
2025-03-14,18:35:00,407,122,PETROLINA,PE,Colisão traseira,Ausência de reação do condutor,Céu Claro,2025-03-14,18
2025-03-14,18:42:00,232,222,PESQUEIRA,PE,Atropelamento de Pedestre,Ausência de reação do condutor,Nublado,2025-03-14,18
2025-03-14,17:50:00,158,154,CAIAPONIA,GO,Tombamento,Acessar a via sem observar a presença dos outros veículos,Nublado,2025-03-14,17
2025-03-14,19:26:00,101,350,GUARAPARI,ES,Saída de leito carroçável,Reação tardia ou ineficiente do condutor,Céu Claro,2025-03-14,19
2025-03-14,18:30:00,365,431,PATOS DE MINAS,MG,Colisão lateral sentido oposto,Pista Escorregadia,Chuva,2025-03-14,18
2025-03-14,18:00:00,373,255,PRUDENTOPOLIS,PR,Colisão lateral mesmo sentido,Manobra de mudança de faixa,Céu Claro,2025-03-14,18
2025-03-14,20:30:00,158,"281,5",JULIO DE CASTILHOS,RS,Saída de leito carroçável,Demais falhas mecânicas ou elétricas,Nublado,2025-03-14,20
2025-03-14,19:00:00,349,867,SAO FELIX DO CORIBE,BA,Tombamento,Reação tardia ou ineficiente do condutor,Céu Claro,2025-03-14,19
2025-03-14,20:40:00,153,508,APARECIDA DE GOIANIA,GO,Colisão frontal,Demais falhas mecânicas ou elétricas,Chuva,2025-03-14,20
2025-03-14,22:10:00,101,153,CAMPO ALEGRE,AL,Incêndio,Demais falhas mecânicas ou elétricas,Céu Claro,2025-03-14,22
2025-03-14,23:10:00,101,167,BAIA FORMOSA,RN,Saída de leito carroçável,Animais na Pista,Nublado,2025-03-14,23
2025-03-14,21:40:00,470,"226,6",SAO CRISTOVAO DO SUL,SC,Tombamento,Velocidade Incompatível,Céu Claro,2025-03-14,21
2025-03-15,00:30:00,153,686,BAGE,RS,Incêndio,Problema com o freio,Céu Claro,2025-03-15,0
2025-03-15,00:05:00,116,322,JUQUITIBA,SP,Colisão traseira,Reação tardia ou ineficiente do condutor,Nublado,2025-03-15,0
2025-03-14,18:20:00,135,"132,2",MATOES DO NORTE,MA,Colisão traseira,Ultrapassagem Indevida,Nublado,2025-03-14,18
2025-03-15,02:05:00,376,674,GUARATUBA,PR,Colisão traseira,Reação tardia ou ineficiente do condutor,Nublado,2025-03-15,2
2025-03-15,04:45:00,101,"246,1",SERRA,ES,Colisão com objeto,Condutor Dormindo,Ignorado,2025-03-15,4
2025-03-15,05:00:00,116,127,CACAPAVA,SP,Colisão traseira,Ausência de reação do condutor,Nublado,2025-03-15,5
2025-03-15,06:00:00,376,623,SAO JOSE DOS PINHAIS,PR,Colisão lateral mesmo sentido,Acessar a via sem observar a presença dos outros veículos,Nevoeiro/Neblina,2025-03-15,6
2025-03-15,06:00:00,101,123,CAAPORA,PB,Saída de leito carroçável,Ausência de reação do condutor,Chuva,2025-03-15,6
2025-03-15,05:50:00,40,784,JUIZ DE FORA,MG,Colisão transversal,Manobra de mudança de faixa,Nublado,2025-03-15,5
2025-03-15,04:30:00,153,50,SANTO ANTONIO DA PLATINA,PR,Atropelamento de Pedestre,Pedestre andava na pista,Céu Claro,2025-03-15,4
2025-03-15,01:50:00,110,124,ANTAS,BA,Colisão traseira,Reação tardia ou ineficiente do condutor,Céu Claro,2025-03-15,1
2025-03-15,07:30:00,376,"538,9",PALMEIRA,PR,Colisão lateral mesmo sentido,Trafegar com motocicleta (ou similar) entre as faixas,Céu Claro,2025-03-15,7
2025-03-15,05:45:00,153,267,NOVA GLORIA,GO,Incêndio,Demais falhas mecânicas ou elétricas,Céu Claro,2025-03-15,5
2025-03-15,07:00:00,470,86,RODEIO,SC,Colisão com objeto,Velocidade Incompatível,Nublado,2025-03-15,7
2025-03-15,08:00:00,153,"281,3",OCAUCU,SP,Colisão lateral mesmo sentido,Manobra de mudança de faixa,Céu Claro,2025-03-15,8
2025-03-15,05:20:00,70,"516,8",VARZEA GRANDE,MT,Colisão traseira,Condutor deixou de manter distância do veículo da frente,Céu Claro,2025-03-15,5
2025-03-15,08:30:00,262,"78,4",DOMINGOS MARTINS,ES,Colisão lateral sentido oposto,Avarias e/ou desgaste excessivo no pneu,Céu Claro,2025-03-15,8
2025-03-15,01:30:00,452,67,MAURILANDIA,GO,Atropelamento de Animal,Animais na Pista,Céu Claro,2025-03-15,1
2025-03-15,09:30:00,116,218,GUARULHOS,SP,Engavetamento,Reação tardia ou ineficiente do condutor,Nublado,2025-03-15,9
2025-03-15,09:40:00,393,268,BARRA DO PIRAI,RJ,Colisão transversal,Acessar a via sem observar a presença dos outros veículos,Nublado,2025-03-15,9
2025-03-15,10:30:00,116,283,ITAPECERICA DA SERRA,SP,Colisão lateral mesmo sentido,Ingestão de álcool pelo condutor,Céu Claro,2025-03-15,10
2025-03-15,10:40:00,381,"2,9",BETIM,MG,Colisão traseira,Velocidade Incompatível,Céu Claro,2025-03-15,10
2025-03-15,10:40:00,116,186,NOVA IGUACU,RJ,Colisão traseira,Frear bruscamente,Céu Claro,2025-03-15,10
2025-03-15,10:00:00,226,"105,2",MATOES,MA,Colisão traseira,Reação tardia ou ineficiente do condutor,Céu Claro,2025-03-15,10
2025-03-15,11:10:00,262,52,SERRA,ES,Colisão frontal,Transitar na contramão,Céu Claro,2025-03-15,11
2025-03-15,12:20:00,381,939,EXTREMA,MG,Colisão traseira,Pedestre cruzava a pista fora da faixa,Céu Claro,2025-03-15,12
2025-03-15,10:30:00,135,"10,2",SAO LUIS,MA,Colisão lateral mesmo sentido,Ultrapassagem Indevida,Céu Claro,2025-03-15,10
2025-03-15,12:12:00,116,604,IRAJUBA,BA,Colisão transversal,Acessar a via sem observar a presença dos outros veículos,Céu Claro,2025-03-15,12
2025-03-15,13:20:00,242,747,CRISTOPOLIS,BA,Colisão transversal,Acessar a via sem observar a presença dos outros veículos,Céu Claro,2025-03-15,13
2025-03-15,14:15:00,424,101,BREJAO,PE,Colisão transversal,Ausência de reação do condutor,Céu Claro,2025-03-15,14
2025-03-15,14:50:00,50,198,UBERABA,MG,Colisão traseira,Condutor deixou de manter distância do veículo da frente,Nublado,2025-03-15,14
2025-03-15,14:30:00,101,148,CONCEICAO DO JACUIPE,BA,Eventos atípicos,Demais falhas mecânicas ou elétricas,Céu Claro,2025-03-15,14
2025-03-15,16:20:00,116,702,JEQUIE,BA,Tombamento,Velocidade Incompatível,Céu Claro,2025-03-15,16
2025-03-15,15:15:00,282,"588,3",SAUDADES,SC,Saída de leito carroçável,Demais falhas mecânicas ou elétricas,Sol,2025-03-15,15
2025-03-15,14:00:00,158,"522,3",NOVA NAZARE,MT,Tombamento,Acostamento em desnível,Céu Claro,2025-03-15,14
2025-03-15,19:45:00,101,"201,8",SAO JOSE,SC,Colisão lateral mesmo sentido,Reação tardia ou ineficiente do condutor,Nublado,2025-03-15,19
2025-03-15,16:50:00,262,367,CAMPO GRANDE,MS,Colisão transversal,Desrespeitar a preferência no cruzamento,Céu Claro,2025-03-15,16
2025-03-15,17:00:00,101,119,SAO MIGUEL DOS CAMPOS,AL,Tombamento,Demais falhas mecânicas ou elétricas,Céu Claro,2025-03-15,17
2025-03-15,17:45:00,135,21,SAO LUIS,MA,Saída de leito carroçável,Reação tardia ou ineficiente do condutor,Garoa/Chuvisco,2025-03-15,17
2025-03-15,15:10:00,376,374,ORTIGUEIRA,PR,Colisão frontal,Chuva,Chuva,2025-03-15,15
2025-03-15,19:30:00,376,163,MARINGA,PR,Colisão com objeto,Demais falhas mecânicas ou elétricas,Céu Claro,2025-03-15,19
2025-03-15,20:00:00,101,344,TEOLANDIA,BA,Colisão frontal,Ingestão de álcool pelo condutor,Céu Claro,2025-03-15,20
2025-03-15,20:20:00,116,378,SENTINELA DO SUL,RS,Colisão transversal,Acessar a via sem observar a presença dos outros veículos,Nublado,2025-03-15,20
2025-03-15,20:30:00,116,"8,1",CAMPINA GRANDE DO SUL,PR,Colisão lateral mesmo sentido,Velocidade Incompatível,Garoa/Chuvisco,2025-03-15,20
2025-03-15,19:40:00,10,255,IMPERATRIZ,MA,Colisão lateral mesmo sentido,Ingestão de álcool pelo condutor,Céu Claro,2025-03-15,19
2025-03-15,20:15:00,101,846,VEREDA,BA,Incêndio,Avarias e/ou desgaste excessivo no pneu,Céu Claro,2025-03-15,20
2025-03-15,21:40:00,369,"493,9",CASCAVEL,PR,Colisão frontal,Transitar na contramão,Céu Claro,2025-03-15,21
2025-03-15,23:58:00,153,157,ARAGUAINA,TO,Colisão lateral sentido oposto,Condutor usando celular,Céu Claro,2025-03-15,23
2025-03-16,01:50:00,101,"101,9",LINHARES,ES,Saída de leito carroçável,Condutor Dormindo,Céu Claro,2025-03-16,1
2025-03-16,01:00:00,116,"4,5",DIVISA ALEGRE,MG,Colisão frontal,Ingestão de álcool pelo condutor,Céu Claro,2025-03-16,1
2025-03-16,04:25:00,101,"223,1",PALHOCA,SC,Colisão com objeto,Ausência de reação do condutor,Céu Claro,2025-03-16,4
2025-03-15,23:20:00,153,"121,5",IBAITI,PR,Capotamento,Velocidade Incompatível,Céu Claro,2025-03-15,23
2025-03-16,06:40:00,262,"62,8",MATIPO,MG,Tombamento,Velocidade Incompatível,Nublado,2025-03-16,6
2025-03-16,05:30:00,174,334,CONQUISTA DOESTE,MT,Atropelamento de Animal,Animais na Pista,Céu Claro,2025-03-16,5
2025-03-16,07:32:00,40,"48,8",LUZIANIA,GO,Saída de leito carroçável,Acostamento em desnível,Céu Claro,2025-03-16,7
2025-03-16,10:17:00,304,"54,9",ARACATI,CE,Colisão traseira,Ultrapassagem Indevida,Chuva,2025-03-16,10
2025-03-16,07:30:00,365,861,GURINHATA,MG,Colisão traseira,Mal súbito do condutor,Céu Claro,2025-03-16,7