data_inversa,horario,br,km,municipio,uf,tipo_acidente,causa_acidente,condicao_metereologica,data,hora
2025-03-19,19:00:00,324,392,GAVIAO,BA,Saída de leito carroçável,Ausência de reação do condutor,Céu Claro,2025-03-19,19
2025-03-20,07:25:00,101,118,LINHARES,ES,Colisão frontal,Ultrapassagem Indevida,Céu Claro,2025-03-20,7
2025-03-20,08:00:00,282,578,PINHALZINHO,SC,Saída de leito carroçável,Velocidade Incompatível,Sol,2025-03-20,8
2025-03-20,08:15:00,222,311,TIANGUA,CE,Capotamento,Manobra de mudança de faixa,Céu Claro,2025-03-20,8
2025-03-20,05:40:00,267,"213,6",BOM JARDIM DE MINAS,MG,Colisão traseira,Ausência de reação do condutor,Céu Claro,2025-03-20,5
2025-03-20,10:15:00,262,553,LUZ,MG,Tombamento,Curva acentuada,Céu Claro,2025-03-20,10
2025-01-23,08:20:00,476,151,ARAUCARIA,PR,Colisão lateral mesmo sentido,Manobra de mudança de faixa,Nublado,2025-01-23,8
2025-03-20,10:15:00,381,756,TRES CORACOES,MG,Colisão traseira,Ausência de reação do condutor,Sol,2025-03-20,10
2025-03-20,10:25:00,282,"3,4",FLORIANOPOLIS,SC,Colisão traseira,Reação tardia ou ineficiente do condutor,Céu Claro,2025-03-20,10
2025-03-20,10:42:00,104,68,CARUARU,PE,Colisão lateral mesmo sentido,Acessar a via sem observar a presença dos outros veículos,Céu Claro,2025-03-20,10
2025-03-20,11:15:00,381,500,BETIM,MG,Colisão traseira,Ausência de reação do condutor,Nublado,2025-03-20,11
2025-03-20,09:20:00,116,176,PADRE PARAISO,MG,Colisão lateral sentido oposto,Reação tardia ou ineficiente do condutor,Céu Claro,2025-03-20,9
2025-03-20,11:15:00,293,189,HULHA NEGRA,RS,Colisão lateral mesmo sentido,Reação tardia ou ineficiente do condutor,Céu Claro,2025-03-20,11
2025-03-20,09:25:00,452,"5,2",RIO VERDE,GO,Engavetamento,Reação tardia ou ineficiente do condutor,Sol,2025-03-20,9
2025-03-20,15:00:00,116,19,ITAITINGA,CE,Capotamento,Ausência de reação do condutor,Céu Claro,2025-03-20,15
2025-03-19,03:30:00,267,198,NOVA ALVORADA DO SUL,MS,Colisão traseira,Ausência de reação do condutor,Céu Claro,2025-03-19,3
2025-03-20,14:35:00,116,354,SENTINELA DO SUL,RS,Saída de leito carroçável,Ausência de reação do condutor,Sol,2025-03-20,14
2025-03-20,15:15:00,285,"446,5",BOZANO,RS,Colisão traseira,Condutor deixou de manter distância do veículo da frente,Sol,2025-03-20,15
2025-03-20,15:05:00,153,321,SAO PEDRO DO TURVO,SP,Colisão transversal,Acessar a via sem observar a presença dos outros veículos,Céu Claro,2025-03-20,15
2025-03-20,15:38:00,101,294,CARIACICA,ES,Colisão com objeto,Reação tardia ou ineficiente do condutor,Nublado,2025-03-20,15
2025-03-20,15:00:00,364,525,ROSARIO OESTE,MT,Incêndio,Demais falhas mecânicas ou elétricas,Nublado,2025-03-20,15
2025-03-20,15:40:00,40,"43,8",PARACATU,MG,Colisão lateral mesmo sentido,Ultrapassagem Indevida,Nublado,2025-03-20,15
2025-03-20,14:20:00,116,8,CAMPINA GRANDE DO SUL,PR,Colisão traseira,Reação tardia ou ineficiente do condutor,Céu Claro,2025-03-20,14
2025-03-20,15:30:00,40,446,PARAOPEBA,MG,Tombamento,Velocidade Incompatível,Céu Claro,2025-03-20,15
2025-03-20,16:15:00,393,"254,1",BARRA DO PIRAI,RJ,Tombamento,Ausência de reação do condutor,Céu Claro,2025-03-20,16
2025-03-20,13:43:00,405,86,APODI,RN,Colisão transversal,Acessar a via sem observar a presença dos outros veículos,Céu Claro,2025-03-20,13
2025-03-20,13:37:00,153,785,TALISMA,TO,Saída de leito carroçável,Ausência de reação do condutor,Chuva,2025-03-20,13
2025-03-20,16:45:00,40,528,CONTAGEM,MG,Colisão traseira,Ausência de reação do condutor,Chuva,2025-03-20,16
2025-03-20,17:35:00,153,"187,4",NOVA OLINDA,TO,Colisão frontal,Transitar na contramão,Céu Claro,2025-03-20,17
2025-03-20,17:30:00,277,137,BALSA NOVA,PR,Tombamento,Velocidade Incompatível,Céu Claro,2025-03-20,17
2025-03-20,10:30:00,232,"262,8",BUIQUE,PE,Atropelamento de Animal,Animais na Pista,Céu Claro,2025-03-20,10
2025-03-20,18:20:00,20,189,SIMOLANDIA,GO,Colisão com objeto,Ausência de reação do condutor,Chuva,2025-03-20,18
2025-03-17,05:00:00,230,"32,2",NAZARE,TO,Colisão traseira,Transitar no Acostamento,Garoa/Chuvisco,2025-03-17,5
2025-03-20,11:50:00,381,"718,2",CARMO DA CACHOEIRA,MG,Colisão lateral mesmo sentido,Ausência de reação do condutor,Nublado,2025-03-20,11
2025-03-20,17:15:00,153,"128,3",PRATA,MG,Saída de leito carroçável,Carga excessiva e/ou mal acondicionada,Céu Claro,2025-03-20,17
2025-03-20,17:30:00,80,6,PADRE BERNARDO,GO,Tombamento,Ausência de reação do condutor,Nublado,2025-03-20,17
2025-03-20,18:35:00,60,77,PARAISO DAS AGUAS,MS,Colisão lateral sentido oposto,Carga excessiva e/ou mal acondicionada,Céu Claro,2025-03-20,18
2025-03-20,10:00:00,251,"222,6",SANTA CRUZ DE SALINAS,MG,Colisão traseira,Ausência de reação do condutor,Céu Claro,2025-03-20,10
2025-03-20,15:30:00,101,421,IBIRAPITANGA,BA,Tombamento,Ausência de reação do condutor,Céu Claro,2025-03-20,15
2025-03-20,20:40:00,101,34,JOINVILLE,SC,Colisão lateral mesmo sentido,Manobra de mudança de faixa,Céu Claro,2025-03-20,20
2025-03-20,20:00:00,116,"744,4",LEOPOLDINA,MG,Colisão transversal,Acessar a via sem observar a presença dos outros veículos,Céu Claro,2025-03-20,20
2025-03-20,22:50:00,381,"488,4",BETIM,MG,Eventos atípicos,Pedestre andava na pista,Céu Claro,2025-03-20,22
2025-03-20,17:00:00,163,9,NOVO PROGRESSO,PA,Colisão traseira,Reação tardia ou ineficiente do condutor,Céu Claro,2025-03-20,17
2025-03-20,23:00:00,116,242,PIRAI,RJ,Colisão traseira,Ausência de reação do condutor,Nublado,2025-03-20,23
2025-03-20,21:50:00,381,"715,4",CARMO DA CACHOEIRA,MG,Saída de leito carroçável,Ausência de reação do condutor,Ignorado,2025-03-20,21
2025-03-20,23:45:00,381,85,ATIBAIA,SP,Colisão lateral mesmo sentido,Reação tardia ou ineficiente do condutor,Nublado,2025-03-20,23
2025-03-21,03:40:00,101,"39,2",JOINVILLE,SC,Colisão traseira,Ingestão de álcool pelo condutor,Céu Claro,2025-03-21,3
2025-03-21,03:15:00,101,"109,7",ALHANDRA,PB,Colisão traseira,Ausência de reação do condutor,Céu Claro,2025-03-21,3
2025-03-21,06:20:00,343,47,BURITI DOS LOPES,PI,Saída de leito carroçável,Ausência de reação do condutor,Céu Claro,2025-03-21,6
2025-03-21,05:45:00,470,"8,1",NAVEGANTES,SC,Tombamento,Reação tardia ou ineficiente do condutor,Céu Claro,2025-03-21,5
2025-03-21,07:02:00,60,92,ANAPOLIS,GO,Tombamento,Manobra de mudança de faixa,Céu Claro,2025-03-21,7
2025-03-21,06:00:00,116,23,ANTONINA,PR,Colisão traseira,Condutor deixou de manter distância do veículo da frente,Nublado,2025-03-21,6
2025-03-20,19:20:00,10,350,SANTA MARIA DO PARA,PA,Colisão traseira,Ausência de reação do condutor,Chuva,2025-03-20,19
2025-03-21,06:40:00,287,"400,2",SANTIAGO,RS,Colisão transversal,Acessar a via sem observar a presença dos outros veículos,Céu Claro,2025-03-21,6
2025-03-21,05:00:00,242,840,BARREIRAS,BA,Saída de leito carroçável,Reação tardia ou ineficiente do condutor,Garoa/Chuvisco,2025-03-21,5
2025-03-21,05:52:00,364,340,JI-PARANA,RO,Colisão traseira,Condutor deixou de manter distância do veículo da frente,Céu Claro,2025-03-21,5
2025-03-21,07:30:00,116,196,QUEIMADOS,RJ,Colisão lateral mesmo sentido,Acessar a via sem observar a presença dos outros veículos,Céu Claro,2025-03-21,7
2025-03-21,08:10:00,407,"123,2",PETROLINA,PE,Colisão frontal,Transitar na contramão,Céu Claro,2025-03-21,8
2025-03-10,07:40:00,116,"154,3",SAO JOSE DOS CAMPOS,SP,Colisão lateral mesmo sentido,Manobra de mudança de faixa,Sol,2025-03-10,7
2025-03-21,07:50:00,116,"115,4",CURITIBA,PR,Engavetamento,Reação tardia ou ineficiente do condutor,Céu Claro,2025-03-21,7
2025-03-21,09:50:00,101,868,TEIXEIRA DE FREITAS,BA,Colisão lateral mesmo sentido,Acessar a via sem observar a presença dos outros veículos,Céu Claro,2025-03-21,9
2025-03-21,08:45:00,101,55,CAMPOS DOS GOYTACAZES,RJ,Colisão lateral mesmo sentido,Acessar a via sem observar a presença dos outros veículos,Nublado,2025-03-21,8
2025-03-21,01:25:00,316,310,FLORESTA,PE,Colisão com objeto,Reação tardia ou ineficiente do condutor,Céu Claro,2025-03-21,1
2025-03-21,08:11:00,364,491,JANGADA,MT,Colisão traseira,Reação tardia ou ineficiente do condutor,Céu Claro,2025-03-21,8
2025-03-21,10:45:00,116,111,TAUBATE,SP,Colisão lateral mesmo sentido,Ausência de reação do condutor,Céu Claro,2025-03-21,10
2025-03-20,17:00:00,163,982,TERRA NOVA DO NORTE,MT,Colisão frontal,Avarias e/ou desgaste excessivo no pneu,Chuva,2025-03-20,17
2025-03-21,12:00:00,381,"677,7",PERDOES,MG,Colisão traseira,Ausência de reação do condutor,Céu Claro,2025-03-21,12
2025-03-21,12:15:00,158,535,PATO BRANCO,PR,Colisão transversal,Acessar a via sem observar a presença dos outros veículos,Céu Claro,2025-03-21,12
2025-03-21,11:30:00,116,143,SAO JOSE DOS CAMPOS,SP,Atropelamento de Pedestre,Pedestre andava na pista,Céu Claro,2025-03-21,11
2025-03-21,12:43:00,101,"85,3",BAYEUX,PB,Engavetamento,Reação tardia ou ineficiente do condutor,Sol,2025-03-21,12
2025-03-21,13:35:00,153,499,GOIANIA,GO,Colisão traseira,Reação tardia ou ineficiente do condutor,Nublado,2025-03-21,13
2025-03-21,14:40:00,470,"130,6",LONTRAS,SC,Colisão frontal,Ultrapassagem Indevida,Céu Claro,2025-03-21,14
2025-03-19,08:40:00,163,"981,5",SANTAREM,PA,Colisão traseira,Reação tardia ou ineficiente do condutor,Nublado,2025-03-19,8
2025-03-21,15:05:00,285,"128,4",VACARIA,RS,Colisão transversal,Acessar a via sem observar a presença dos outros veículos,Céu Claro,2025-03-21,15
2025-03-21,13:15:00,418,77,NOVA VICOSA,BA,Saída de leito carroçável,Velocidade Incompatível,Chuva,2025-03-21,13
2025-03-21,15:20:00,376,150,MANDAGUACU,PR,Incêndio,Demais falhas mecânicas ou elétricas,Céu Claro,2025-03-21,15
2025-03-21,14:35:00,110,59,JEREMOABO,BA,Tombamento,Carga excessiva e/ou mal acondicionada,Sol,2025-03-21,14
2025-03-21,12:30:00,343,259,CAMPO MAIOR,PI,Colisão lateral sentido oposto,Transitar na contramão,Céu Claro,2025-03-21,12
2025-03-21,16:40:00,101,64,RECIFE,PE,Colisão traseira,Condutor deixou de manter distância do veículo da frente,Céu Claro,2025-03-21,16
2025-03-21,17:30:00,381,"364,5",SAO GONCALO DO RIO ABAIXO,MG,Colisão frontal,Velocidade Incompatível,Chuva,2025-03-21,17
2025-03-21,17:30:00,116,425,FEIRA DE SANTANA,BA,Colisão transversal,Acessar a via sem observar a presença dos outros veículos,Céu Claro,2025-03-21,17
2025-03-21,16:20:00,343,319,ALTOS,PI,Colisão traseira,Chuva,Chuva,2025-03-21,16
2025-03-21,18:00:00,116,302,GUAIBA,RS,Colisão traseira,Ausência de reação do condutor,Céu Claro,2025-03-21,18
2025-03-21,18:00:00,381,368,JOAO MONLEVADE,MG,Colisão transversal,Velocidade Incompatível,Nublado,2025-03-21,18
2025-03-21,17:00:00,277,114,CAMPO LARGO,PR,Atropelamento de Pedestre,Pedestre cruzava a pista fora da faixa,Céu Claro,2025-03-21,17
2025-03-21,14:30:00,116,"443,8",ENGENHEIRO CALDAS,MG,Colisão transversal,Acessar a via sem observar a presença dos outros veículos,Céu Claro,2025-03-21,14
2025-03-21,15:05:00,470,"110,2",APIUNA,SC,Engavetamento,Condutor deixou de manter distância do veículo da frente,Céu Claro,2025-03-21,15
2025-03-21,19:50:00,277,12,PARANAGUA,PR,Colisão transversal,Ausência de reação do condutor,Céu Claro,2025-03-21,19
2025-03-21,20:05:00,262,"27,5",VIANA,ES,Incêndio,Demais falhas mecânicas ou elétricas,Céu Claro,2025-03-21,20
2025-03-21,20:00:00,381,337,NOVA ERA,MG,Tombamento,Velocidade Incompatível,Céu Claro,2025-03-21,20
2025-03-21,16:10:00,163,1023,PEIXOTO DE AZEVEDO,MT,Colisão lateral sentido oposto,Ingestão de álcool pelo condutor,Céu Claro,2025-03-21,16
2025-03-21,20:00:00,277,111,CAMPO LARGO,PR,Colisão traseira,Condutor deixou de manter distância do veículo da frente,Nublado,2025-03-21,20
2025-03-21,20:50:00,101,138,SAO MIGUEL DOS CAMPOS,AL,Colisão lateral mesmo sentido,Ingestão de álcool pelo condutor,Céu Claro,2025-03-21,20
2025-03-21,21:45:00,376,"138,5",NOVA ESPERANCA,PR,Colisão traseira,Ausência de reação do condutor,Céu Claro,2025-03-21,21
2025-03-21,20:38:00,163,105,ALTAMIRA,PA,Saída de leito carroçável,Reação tardia ou ineficiente do condutor,Céu Claro,2025-03-21,20
2025-03-21,21:53:00,235,21,LARANJEIRAS,SE,Incêndio,Problema com o freio,Céu Claro,2025-03-21,21
2025-03-21,20:40:00,373,408,FOZ DO JORDAO,PR,Colisão frontal,Transitar na contramão,Céu Claro,2025-03-21,20
2025-03-21,19:15:00,116,"148,4",SANTA CECILIA,SC,Colisão lateral sentido oposto,Ultrapassagem Indevida,Céu Claro,2025-03-21,19
2025-03-22,00:30:00,277,"590,8",CASCAVEL,PR,Colisão frontal,Ingestão de álcool pelo condutor,Céu Claro,2025-03-22,0
2025-03-22,01:00:00,50,266,CATALAO,GO,Tombamento,Velocidade Incompatível,Chuva,2025-03-22,1
2025-03-22,01:10:00,116,215,ITAGUAI,RJ,Colisão traseira,Ausência de reação do condutor,Céu Claro,2025-03-22,1
2025-03-22,03:40:00,101,186,BIGUACU,SC,Tombamento,Condutor Dormindo,Céu Claro,2025-03-22,3
2025-03-22,04:25:00,232,"19,4",MORENO,PE,Tombamento,Condutor Dormindo,Céu Claro,2025-03-22,4
2025-03-22,03:30:00,232,"392,2",SERRA TALHADA,PE,Colisão com objeto,Ausência de reação do condutor,Céu Claro,2025-03-22,3
2025-03-22,06:05:00,101,"117,6",CAAPORA,PB,Colisão traseira,Reação tardia ou ineficiente do condutor,Céu Claro,2025-03-22,6
2025-03-22,03:00:00,20,"154,2",ALVORADA DO NORTE,GO,Colisão frontal,Transitar na contramão,Céu Claro,2025-03-22,3
2025-03-22,04:30:00,20,20,BRASILIA,DF,Saída de leito carroçável,Velocidade Incompatível,Chuva,2025-03-22,4
2025-03-22,06:00:00,116,22,LAVRINHAS,SP,Incêndio,Demais falhas mecânicas ou elétricas,Céu Claro,2025-03-22,6
2025-03-22,06:40:00,251,"512,5",FRANCISCO SA,MG,Colisão frontal,Transitar na contramão,Céu Claro,2025-03-22,6
2025-03-22,04:48:00,364,498,JANGADA,MT,Saída de leito carroçável,Reação tardia ou ineficiente do condutor,Céu Claro,2025-03-22,4
2025-03-22,07:10:00,476,148,ARAUCARIA,PR,Colisão traseira,Ausência de reação do condutor,Céu Claro,2025-03-22,7
2025-03-18,16:20:00,101,315,SAO GONCALO,RJ,Colisão lateral mesmo sentido,Acessar a via sem observar a presença dos outros veículos,Céu Claro,2025-03-18,16
2025-03-22,07:50:00,381,480,BETIM,MG,Colisão lateral mesmo sentido,Ausência de reação do condutor,Céu Claro,2025-03-22,7
2025-03-22,08:20:00,277,722,FOZ DO IGUACU,PR,Colisão traseira,Condutor deixou de manter distância do veículo da frente,Céu Claro,2025-03-22,8
2025-03-22,06:55:00,277,"501,3",DIAMANTE DO SUL,PR,Tombamento,Velocidade Incompatível,Céu Claro,2025-03-22,6
2025-03-22,08:55:00,376,"647,9",TIJUCAS DO SUL,PR,Colisão lateral mesmo sentido,Manobra de mudança de faixa,Céu Claro,2025-03-22,8
2025-03-22,09:20:00,251,"477,7",MONTES CLAROS,MG,Colisão transversal,Ultrapassagem Indevida,Nublado,2025-03-22,9
2025-03-22,08:05:00,40,"25,8",TRES RIOS,RJ,Tombamento,Reação tardia ou ineficiente do condutor,Céu Claro,2025-03-22,8
2025-03-22,09:50:00,101,"149,2",LINHARES,ES,Colisão transversal,Acessar a via sem observar a presença dos outros veículos,Céu Claro,2025-03-22,9
2025-03-22,10:30:00,277,"499,5",GUARANIACU,PR,Saída de leito carroçável,Reação tardia ou ineficiente do condutor,Céu Claro,2025-03-22,10
2025-03-22,07:30:00,60,"51,4",PARAISO DAS AGUAS,MS,Colisão traseira,Reação tardia ou ineficiente do condutor,Céu Claro,2025-03-22,7
2025-03-22,11:10:00,101,87,NOSSA SENHORA DO SOCORRO,SE,Colisão traseira,Velocidade Incompatível,Céu Claro,2025-03-22,11
2025-03-22,11:10:00,116,390,MIRACATU,SP,Saída de leito carroçável,Reação tardia ou ineficiente do condutor,Sol,2025-03-22,11
2025-03-22,12:30:00,381,"43,5",ATIBAIA,SP,Colisão lateral mesmo sentido,Reação tardia ou ineficiente do condutor,Sol,2025-03-22,12
2025-03-22,15:40:00,40,"451,9",CAETANOPOLIS,MG,Saída de leito carroçável,Pista Escorregadia,Chuva,2025-03-22,15
2025-03-22,14:30:00,163,115,ITAQUIRAI,MS,Colisão lateral mesmo sentido,Transitar na contramão,Céu Claro,2025-03-22,14
2025-03-22,10:20:00,393,131,SAPUCAIA,RJ,Saída de leito carroçável,Demais falhas mecânicas ou elétricas,Céu Claro,2025-03-22,10
2025-03-22,15:25:00,135,95,SANTA RITA,MA,Colisão lateral mesmo sentido,Acessar a via sem observar a presença dos outros veículos,Nublado,2025-03-22,15
2025-03-22,15:00:00,324,411,NOVA FATIMA,BA,Colisão frontal,Reação tardia ou ineficiente do condutor,Céu Claro,2025-03-22,15
2025-03-22,13:10:00,101,"58,6",MESSIAS,AL,Tombamento,Velocidade Incompatível,Céu Claro,2025-03-22,13
2025-03-22,18:20:00,101,"72,7",MARUIM,SE,Atropelamento de Animal,Animais na Pista,Céu Claro,2025-03-22,18
2025-03-22,18:10:00,101,887,TEIXEIRA DE FREITAS,BA,Colisão lateral sentido oposto,Manobra de mudança de faixa,Céu Claro,2025-03-22,18
2025-03-22,12:40:00,153,532,HIDROLANDIA,GO,Tombamento,Ausência de reação do condutor,Céu Claro,2025-03-22,12
2025-03-22,18:55:00,386,2,IRAI,RS,Tombamento,Afundamento ou ondulação no pavimento,Nublado,2025-03-22,18
2025-02-22,11:05:00,101,"46,2",PALHOCA,SC,Atropelamento de Pedestre,Pedestre andava na pista,Céu Claro,2025-02-22,11
2025-03-22,19:30:00,285,"218,3",CASEIROS,RS,Colisão transversal,Acessar a via sem observar a presença dos outros veículos,Nublado,2025-03-22,19
2025-03-22,13:00:00,376,421,TIBAGI,PR,Incêndio,Demais falhas mecânicas ou elétricas,Céu Claro,2025-03-22,13
2025-02-12,18:35:00,163,299,NOVO PROGRESSO,PA,Colisão frontal,Demais falhas na via,Céu Claro,2025-02-12,18
2025-03-22,20:30:00,376,617,SAO JOSE DOS PINHAIS,PR,Colisão lateral mesmo sentido,Reação tardia ou ineficiente do condutor,Nublado,2025-03-22,20
2025-03-22,17:20:00,101,543,SAO JOSE DA VITORIA,BA,Tombamento,Velocidade Incompatível,Céu Claro,2025-03-22,17
2025-03-22,18:10:00,101,546,SAO JOSE DA VITORIA,BA,Colisão frontal,Velocidade Incompatível,Céu Claro,2025-03-22,18
2025-03-22,14:30:00,364,264,SAO PEDRO DA CIPA,MT,Colisão lateral mesmo sentido,Manobra de mudança de faixa,Céu Claro,2025-03-22,14
2025-03-22,17:00:00,40,"151,4",JOAO PINHEIRO,MG,Colisão frontal,Manobra de mudança de faixa,Céu Claro,2025-03-22,17
2025-03-20,15:30:00,135,485,MONTE ALEGRE DO PIAUI,PI,Saída de leito carroçável,Ausência de reação do condutor,Chuva,2025-03-20,15
2025-03-23,00:34:00,40,"21,1",LUZIANIA,GO,Colisão com objeto,Reação tardia ou ineficiente do condutor,Céu Claro,2025-03-23,0
2025-03-23,01:40:00,20,17,BRASILIA,DF,Colisão traseira,Reação tardia ou ineficiente do condutor,Garoa/Chuvisco,2025-03-23,1
2025-03-23,02:13:00,116,228,SAO PAULO,SP,Colisão traseira,Reação tardia ou ineficiente do condutor,Nublado,2025-03-23,2
2025-03-23,01:15:00,116,55,APARECIDA,SP,Colisão traseira,Ausência de reação do condutor,Céu Claro,2025-03-23,1
2025-03-23,02:00:00,365,"622,7",UBERLANDIA,MG,Colisão com objeto,Reação tardia ou ineficiente do condutor,Céu Claro,2025-03-23,2
2025-03-23,02:00:00,262,"316,8",CAMPO GRANDE,MS,Atropelamento de Pedestre,Pedestre andava na pista,Céu Claro,2025-03-23,2
2025-03-23,05:30:00,277,239,FERNANDES PINHEIRO,PR,Colisão transversal,Acessar a via sem observar a presença dos outros veículos,Céu Claro,2025-03-23,5
2025-03-23,05:20:00,40,444,PARAOPEBA,MG,Tombamento,Carga excessiva e/ou mal acondicionada,Céu Claro,2025-03-23,5
2025-03-23,06:30:00,376,"600,2",CURITIBA,PR,Saída de leito carroçável,Ausência de reação do condutor,Céu Claro,2025-03-23,6
2025-03-23,05:12:00,364,"382,1",SANTO ANTONIO DO LEVERGER,MT,Saída de leito carroçável,Condutor Dormindo,Céu Claro,2025-03-23,5
2025-03-23,05:50:00,116,"701,8",JEQUIE,BA,Saída de leito carroçável,Condutor Dormindo,Céu Claro,2025-03-23,5
2025-03-23,05:30:00,116,228,TEOFILO OTONI,MG,Tombamento,Ausência de reação do condutor,Chuva,2025-03-23,5
2025-03-23,05:30:00,421,65,ARIQUEMES,RO,Saída de leito carroçável,Ausência de reação do condutor,Céu Claro,2025-03-23,5
2025-03-23,08:45:00,262,385,MATEUS LEME,MG,Saída de leito carroçável,Ausência de reação do condutor,Nublado,2025-03-23,8
2025-03-23,06:10:00,251,"239,2",SANTA CRUZ DE SALINAS,MG,Colisão traseira,Ausência de reação do condutor,Céu Claro,2025-03-23,6
2025-03-23,06:07:00,116,495,BREJO SANTO,CE,Colisão traseira,Condutor deixou de manter distância do veículo da frente,Céu Claro,2025-03-23,6
2025-01-26,15:45:00,70,320,JUSSARA,GO,Colisão lateral sentido oposto,Acumulo de água sobre o pavimento,Chuva,2025-01-26,15
2025-03-23,10:00:00,116,"267,7",CAPAO ALTO,SC,Colisão transversal,Desrespeitar a preferência no cruzamento,Céu Claro,2025-03-23,10
2025-03-23,12:27:00,153,542,HIDROLANDIA,GO,Saída de leito carroçável,Velocidade Incompatível,Chuva,2025-03-23,12
2025-03-23,13:20:00,365,"91,7",JEQUITAI,MG,Colisão com objeto,Velocidade Incompatível,Chuva,2025-03-23,13
2025-03-23,14:10:00,381,335,NOVA ERA,MG,Colisão traseira,Velocidade Incompatível,Céu Claro,2025-03-23,14
2025-03-23,14:20:00,381,874,ESTIVA,MG,Tombamento,Velocidade Incompatível,Céu Claro,2025-03-23,14
2025-03-23,02:30:00,324,396,NOVA FATIMA,BA,Colisão frontal,Transitar na contramão,Céu Claro,2025-03-23,2
2025-03-23,15:35:00,50,194,DELTA,MG,Colisão traseira,Estacionar ou parar em local proibido,Chuva,2025-03-23,15
2025-03-23,17:20:00,116,54,PACAJUS,CE,Colisão traseira,Ingestão de álcool pelo condutor,Céu Claro,2025-03-23,17
2025-03-22,23:00:00,116,66,CHOROZINHO,CE,Saída de leito carroçável,Condutor Dormindo,Céu Claro,2025-03-22,23
2025-03-23,19:35:00,153,"237,3",FRONTEIRA,MG,Colisão frontal,Transitar na contramão,Nublado,2025-03-23,19
2025-03-23,18:40:00,101,43,PALHOCA,SC,Colisão lateral mesmo sentido,Reação tardia ou ineficiente do condutor,Nublado,2025-03-23,18
2025-03-23,19:20:00,232,212,PESQUEIRA,PE,Colisão frontal,Reação tardia ou ineficiente do condutor,Céu Claro,2025-03-23,19
2025-03-23,20:02:00,153,497,PORTO VITORIA,PR,Colisão frontal,Acumulo de óleo sobre o pavimento,Céu Claro,2025-03-23,20
2025-03-23,12:00:00,251,334,RUBELITA,MG,Saída de leito carroçável,Reação tardia ou ineficiente do condutor,Céu Claro,2025-03-23,12
2025-03-23,20:15:00,116,544,BARRA DO TURVO,SP,Tombamento,Reação tardia ou ineficiente do condutor,Céu Claro,2025-03-23,20
2025-03-23,21:37:00,101,"217,2",PALHOCA,SC,Atropelamento de Pedestre,Entrada inopinada do pedestre,Céu Claro,2025-03-23,21
2025-03-23,18:30:00,420,345,JAGUAQUARA,BA,Colisão frontal,Transitar na contramão,Céu Claro,2025-03-23,18
2025-03-23,21:20:00,277,"1,5",PARANAGUA,PR,Colisão transversal,Reação tardia ou ineficiente do condutor,Céu Claro,2025-03-23,21
2025-03-23,22:30:00,381,72,SAO PAULO,SP,Colisão traseira,Reação tardia ou ineficiente do condutor,Céu Claro,2025-03-23,22
2025-01-26,23:25:00,116,496,CAJATI,SP,Colisão lateral mesmo sentido,Ausência de reação do condutor,Chuva,2025-01-26,23
2025-03-24,01:05:00,60,72,ABADIANIA,GO,Colisão traseira,Reação tardia ou ineficiente do condutor,Céu Claro,2025-03-24,1
2025-03-24,01:15:00,101,495,ANGRA DOS REIS,RJ,Colisão traseira,Chuva,Chuva,2025-03-24,1
2025-03-24,01:14:00,153,"240,3",FRONTEIRA,MG,Colisão traseira,Ingestão de álcool pelo condutor,Nublado,2025-03-24,1
2025-03-24,04:30:00,116,"232,5",ESTANCIA VELHA,RS,Colisão com objeto,Carga excessiva e/ou mal acondicionada,Céu Claro,2025-03-24,4
2025-03-24,04:45:00,381,"794,5",SAO GONCALO DO SAPUCAI,MG,Colisão com objeto,Ausência de reação do condutor,Céu Claro,2025-03-24,4
2025-03-24,04:40:00,163,259,TOLEDO,PR,Saída de leito carroçável,Mal súbito do condutor,Céu Claro,2025-03-24,4
2025-03-23,21:00:00,116,327,ITATIAIA,RJ,Colisão traseira,Acumulo de água sobre o pavimento,Chuva,2025-03-23,21
2025-03-24,06:19:00,101,"400,5",ITAPEMIRIM,ES,Tombamento,Carga excessiva e/ou mal acondicionada,Céu Claro,2025-03-24,6
2025-03-24,07:00:00,277,63,CURITIBA,PR,Colisão lateral mesmo sentido,Ausência de reação do condutor,Nevoeiro/Neblina,2025-03-24,7
2025-03-24,06:30:00,101,"261,3",SERRA,ES,Engavetamento,Manobra de mudança de faixa,Céu Claro,2025-03-24,6
2025-03-24,08:15:00,101,201,SAO JOSE,SC,Colisão traseira,Manobra de mudança de faixa,Céu Claro,2025-03-24,8
2025-03-24,06:11:00,101,109,CABO DE SANTO AGOSTINHO,PE,Colisão lateral mesmo sentido,Manobra de mudança de faixa,Sol,2025-03-24,6
2025-03-24,06:30:00,20,1,FORMOSA,GO,Colisão frontal,Ausência de reação do condutor,Chuva,2025-03-24,6
2025-03-24,09:10:00,324,599,SIMOES FILHO,BA,Colisão traseira,Ingestão de álcool pelo condutor,Céu Claro,2025-03-24,9
2025-03-24,09:00:00,153,"268,8",VERA CRUZ,SP,Colisão traseira,Reação tardia ou ineficiente do condutor,Céu Claro,2025-03-24,9
2025-03-24,04:15:00,365,"138,2",VARZEA DA PALMA,MG,Colisão frontal,Condutor Dormindo,Nublado,2025-03-24,4
2025-03-24,08:30:00,376,"603,9",CURITIBA,PR,Colisão traseira,Velocidade Incompatível,Céu Claro,2025-03-24,8
2025-03-24,09:10:00,381,"568,5",ITAGUARA,MG,Colisão com objeto,Velocidade Incompatível,Chuva,2025-03-24,9
2025-03-24,11:00:00,116,16,FORTALEZA,CE,Engavetamento,Condutor deixou de manter distância do veículo da frente,Chuva,2025-03-24,11