data_inversa,horario,br,km,municipio,uf,tipo_acidente,causa_acidente,condicao_metereologica,data,hora
2025-03-24,09:45:00,40,"270,1",SAO GONCALO DO ABAETE,MG,Tombamento,Reação tardia ou ineficiente do condutor,Chuva,2025-03-24,9
2025-03-24,11:55:00,40,89,PETROPOLIS,RJ,Incêndio,Demais falhas mecânicas ou elétricas,Garoa/Chuvisco,2025-03-24,11
2025-03-24,11:20:00,381,515,IGARAPE,MG,Colisão traseira,Ausência de reação do condutor,Chuva,2025-03-24,11
2025-03-24,12:20:00,40,3,VALPARAISO DE GOIAS,GO,Colisão traseira,Condutor deixou de manter distância do veículo da frente,Chuva,2025-03-24,12
2025-03-24,11:15:00,480,"128,6",CHAPECO,SC,Saída de leito carroçável,Mal súbito do condutor,Céu Claro,2025-03-24,11
2025-03-24,04:30:00,476,227,LAPA,PR,Saída de leito carroçável,Reação tardia ou ineficiente do condutor,Ignorado,2025-03-24,4
2025-03-24,10:00:00,282,"592,9",SAUDADES,SC,Colisão lateral sentido oposto,Ultrapassagem Indevida,Sol,2025-03-24,10
2025-03-21,20:00:00,101,76,ENTRE RIOS,BA,Colisão lateral mesmo sentido,Ultrapassagem Indevida,Céu Claro,2025-03-21,20
2025-03-24,14:00:00,101,"57,4",RECIFE,PE,Incêndio,Demais falhas mecânicas ou elétricas,Céu Claro,2025-03-24,14
2025-03-24,12:50:00,381,"923,8",ITAPEVA,MG,Colisão traseira,Ausência de reação do condutor,Céu Claro,2025-03-24,12
2025-03-24,14:30:00,235,8,NOSSA SENHORA DO SOCORRO,SE,Colisão traseira,Condutor deixou de manter distância do veículo da frente,Céu Claro,2025-03-24,14
2025-03-24,10:50:00,70,695,CACERES,MT,Colisão transversal,Demais falhas mecânicas ou elétricas,Céu Claro,2025-03-24,10
2025-03-21,21:30:00,153,46,ERECHIM,RS,Colisão lateral sentido oposto,Transitar na contramão,Céu Claro,2025-03-21,21
2025-03-24,14:20:00,472,560,URUGUAIANA,RS,Colisão lateral mesmo sentido,Manobra de mudança de faixa,Céu Claro,2025-03-24,14
2025-03-24,15:25:00,381,"544,5",ITATIAIUCU,MG,Colisão traseira,Reação tardia ou ineficiente do condutor,Nublado,2025-03-24,15
2025-03-24,16:20:00,364,"391,1",CUIABA,MT,Saída de leito carroçável,Chuva,Chuva,2025-03-24,16
2025-03-24,16:50:00,153,366,RIO AZUL,PR,Colisão transversal,Ausência de sinalização,Nublado,2025-03-24,16
2025-03-24,17:30:00,60,107,GOIANAPOLIS,GO,Colisão com objeto,Problema com o freio,Vento,2025-03-24,17
2025-03-24,17:00:00,20,20,BRASILIA,DF,Saída de leito carroçável,Chuva,Chuva,2025-03-24,17
2025-03-24,15:35:00,280,24,ARAQUARI,SC,Colisão frontal,Pista Escorregadia,Céu Claro,2025-03-24,15
2025-03-24,18:00:00,20,"26,2",BRASILIA,DF,Saída de leito carroçável,Acumulo de água sobre o pavimento,Chuva,2025-03-24,18
2025-03-24,14:40:00,116,"40,4",PEDRA AZUL,MG,Atropelamento de Animal,Animais na Pista,Céu Claro,2025-03-24,14
2025-03-24,17:35:00,116,207,CATUJI,MG,Colisão frontal,Ultrapassagem Indevida,Céu Claro,2025-03-24,17
2025-03-24,17:30:00,235,130,JEREMOABO,BA,Capotamento,Reação tardia ou ineficiente do condutor,Céu Claro,2025-03-24,17
2025-03-24,20:45:00,101,289,CARIACICA,ES,Atropelamento de Pedestre,Entrada inopinada do pedestre,Nublado,2025-03-24,20
2025-02-19,17:35:00,116,"10,8",MAFRA,SC,Engavetamento,Reação tardia ou ineficiente do condutor,Chuva,2025-02-19,17
2025-03-24,20:30:00,163,786,VERA,MT,Incêndio,Demais falhas mecânicas ou elétricas,Nublado,2025-03-24,20
2025-03-24,21:20:00,116,202,SEROPEDICA,RJ,Colisão traseira,Ausência de reação do condutor,Nublado,2025-03-24,21
2025-03-24,16:00:00,421,64,MONTE NEGRO,RO,Tombamento,Reação tardia ou ineficiente do condutor,Céu Claro,2025-03-24,16
2025-03-24,18:30:00,251,"218,8",CACHOEIRA DE PAJEU,MG,Colisão frontal,Transitar na contramão,Céu Claro,2025-03-24,18
2025-03-24,23:00:00,414,357,COCALZINHO DE GOIAS,GO,Tombamento,Velocidade Incompatível,Ignorado,2025-03-24,23
2025-03-25,00:30:00,116,116,TAUBATE,SP,Tombamento,Reação tardia ou ineficiente do condutor,Céu Claro,2025-03-25,0
2025-03-25,02:00:00,386,"284,2",SAO JOSE DO HERVAL,RS,Tombamento,Carga excessiva e/ou mal acondicionada,Nublado,2025-03-25,2
2025-03-24,23:36:00,153,"121,5",IBAITI,PR,Tombamento,Velocidade Incompatível,Céu Claro,2025-03-24,23
2025-03-25,04:00:00,104,"77,9",AGRESTINA,PE,Saída de leito carroçável,Velocidade Incompatível,Nublado,2025-03-25,4
2025-03-25,06:40:00,163,481,CAMPO GRANDE,MS,Colisão transversal,Acessar a via sem observar a presença dos outros veículos,Céu Claro,2025-03-25,6
2025-03-25,08:00:00,316,54,CASTANHAL,PA,Engavetamento,Ausência de reação do condutor,Céu Claro,2025-03-25,8
2025-03-25,09:10:00,101,"93,4",NOSSA SENHORA DO SOCORRO,SE,Colisão lateral mesmo sentido,Demais falhas mecânicas ou elétricas,Céu Claro,2025-03-25,9
2025-02-21,23:45:00,116,223,GUARULHOS,SP,Engavetamento,Reação tardia ou ineficiente do condutor,Céu Claro,2025-02-21,23
2025-03-25,08:00:00,158,280,TRES LAGOAS,MS,Colisão transversal,Reação tardia ou ineficiente do condutor,Céu Claro,2025-03-25,8
2025-02-10,18:49:00,163,318,NOVO PROGRESSO,PA,Tombamento,Ultrapassagem Indevida,Ignorado,2025-02-10,18
2025-03-25,08:00:00,40,93,CRISTALINA,GO,Colisão transversal,Acessar a via sem observar a presença dos outros veículos,Céu Claro,2025-03-25,8
2025-03-25,08:00:00,70,728,CACERES,MT,Incêndio,Demais falhas mecânicas ou elétricas,Céu Claro,2025-03-25,8
2025-03-17,10:30:00,116,180,BELFORD ROXO,RJ,Colisão com objeto,Ausência de reação do condutor,Chuva,2025-03-17,10
2025-03-25,07:30:00,242,291,LAJEDINHO,BA,Colisão traseira,Ultrapassagem Indevida,Céu Claro,2025-03-25,7
2025-02-26,06:40:00,365,424,PATOS DE MINAS,MG,Saída de leito carroçável,Demais falhas na via,Céu Claro,2025-02-26,6
2025-03-25,08:30:00,415,29,ILHEUS,BA,Colisão lateral mesmo sentido,Manobra de mudança de faixa,Sol,2025-03-25,8
2025-03-25,12:40:00,40,107,DUQUE DE CAXIAS,RJ,Colisão lateral mesmo sentido,Manobra de mudança de faixa,Sol,2025-03-25,12
2025-03-25,08:00:00,381,249,SANTANA DO PARAISO,MG,Colisão traseira,Frear bruscamente,Céu Claro,2025-03-25,8
2025-03-25,13:45:00,101,137,BALNEARIO CAMBORIU,SC,Colisão lateral mesmo sentido,Trafegar com motocicleta (ou similar) entre as faixas,Nublado,2025-03-25,13
2025-03-25,13:26:00,116,389,MIRACATU,SP,Colisão lateral mesmo sentido,Reação tardia ou ineficiente do condutor,Céu Claro,2025-03-25,13
2025-03-25,14:25:00,381,47,ATIBAIA,SP,Eventos atípicos,Demais falhas mecânicas ou elétricas,Céu Claro,2025-03-25,14
2025-03-21,08:30:00,267,233,NOVA ALVORADA DO SUL,MS,Colisão com objeto,Reação tardia ou ineficiente do condutor,Céu Claro,2025-03-21,8
2025-03-25,12:25:00,376,501,PONTA GROSSA,PR,Colisão traseira,Reação tardia ou ineficiente do condutor,Sol,2025-03-25,12
2025-03-25,15:00:00,101,"152,9",LINHARES,ES,Colisão frontal,Transitar na contramão,Céu Claro,2025-03-25,15
2025-03-25,15:50:00,40,"747,9",SANTOS DUMONT,MG,Colisão lateral mesmo sentido,Falta de acostamento,Nublado,2025-03-25,15
2025-03-25,16:10:00,277,70,SAO JOSE DOS PINHAIS,PR,Colisão traseira,Condutor deixou de manter distância do veículo da frente,Céu Claro,2025-03-25,16
2025-03-25,16:10:00,60,"8,7",BRASILIA,DF,Saída de leito carroçável,Reação tardia ou ineficiente do condutor,Nublado,2025-03-25,16
2025-03-25,16:00:00,70,"11,9",BRASILIA,DF,Colisão transversal,Acessar a via sem observar a presença dos outros veículos,Nublado,2025-03-25,16
2025-03-25,11:15:00,262,"568,3",CORREGO DANTA,MG,Colisão frontal,Velocidade Incompatível,Chuva,2025-03-25,11
2025-03-25,17:15:00,101,207,SAO JOSE,SC,Colisão traseira,Manobra de mudança de faixa,Nublado,2025-03-25,17
2025-03-25,14:45:00,222,182,BOM JESUS DO TOCANTINS,PA,Colisão frontal,Reação tardia ou ineficiente do condutor,Chuva,2025-03-25,14
2025-03-25,18:00:00,101,"285,3",CARIACICA,ES,Colisão lateral mesmo sentido,Acessar a via sem observar a presença dos outros veículos,Céu Claro,2025-03-25,18
2025-03-25,17:50:00,163,548,BANDEIRANTES,MS,Colisão lateral sentido oposto,Transitar na contramão,Céu Claro,2025-03-25,17
2025-03-25,16:30:00,10,"262,1",AURORA DO PARA,PA,Colisão transversal,Conversão proibida,Sol,2025-03-25,16
2025-03-25,17:00:00,282,"54,3",AGUAS MORNAS,SC,Colisão frontal,Velocidade Incompatível,Chuva,2025-03-25,17
2025-03-25,20:30:00,116,206,GUARULHOS,SP,Colisão traseira,Estacionar ou parar em local proibido,Vento,2025-03-25,20
2025-03-25,19:30:00,364,208,RONDONOPOLIS,MT,Colisão lateral mesmo sentido,Ausência de reação do condutor,Céu Claro,2025-03-25,19
2025-03-25,19:28:00,116,"406,4",GOVERNADOR VALADARES,MG,Colisão lateral mesmo sentido,Ultrapassagem Indevida,Céu Claro,2025-03-25,19
2025-03-25,19:25:00,365,"139,8",VARZEA DA PALMA,MG,Colisão com objeto,Reação tardia ou ineficiente do condutor,Nublado,2025-03-25,19
2025-02-13,13:00:00,101,"125,6",SOORETAMA,ES,Colisão lateral mesmo sentido,Transitar no Acostamento,Céu Claro,2025-02-13,13
2025-03-25,21:50:00,343,345,TERESINA,PI,Colisão transversal,Desrespeitar a preferência no cruzamento,Céu Claro,2025-03-25,21
2025-03-25,19:15:00,373,"199,1",IPIRANGA,PR,Colisão transversal,Acessar a via sem observar a presença dos outros veículos,Nublado,2025-03-25,19
2025-03-25,21:50:00,116,"22,9",LAVRINHAS,SP,Incêndio,Demais falhas mecânicas ou elétricas,Céu Claro,2025-03-25,21
2025-03-25,22:15:00,101,"27,2",JOINVILLE,SC,Colisão com objeto,Manobra de mudança de faixa,Chuva,2025-03-25,22
2025-03-25,20:50:00,116,220,CATUJI,MG,Saída de leito carroçável,Reação tardia ou ineficiente do condutor,Céu Claro,2025-03-25,20
2025-03-26,00:55:00,60,"13,2",BRASILIA,DF,Colisão transversal,Ingestão de álcool pelo condutor,Nublado,2025-03-26,0
2025-03-25,21:30:00,470,192,POUSO REDONDO,SC,Colisão com objeto,Problema com o freio,Chuva,2025-03-25,21
2025-03-26,05:50:00,232,11,JABOATAO DOS GUARARAPES,PE,Tombamento,Demais falhas mecânicas ou elétricas,Céu Claro,2025-03-26,5
2025-03-26,06:55:00,135,125,RIACHAO DAS NEVES,BA,Colisão lateral sentido oposto,Ultrapassagem Indevida,Chuva,2025-03-26,6
2025-03-26,07:40:00,116,308,SAO LOURENCO DA SERRA,SP,Tombamento,Ausência de reação do condutor,Céu Claro,2025-03-26,7
2025-03-26,08:12:00,116,351,MIRACATU,SP,Incêndio,Demais falhas mecânicas ou elétricas,Céu Claro,2025-03-26,8
2025-03-26,07:50:00,153,511,APARECIDA DE GOIANIA,GO,Colisão traseira,Velocidade Incompatível,Céu Claro,2025-03-26,7
2025-03-26,06:50:00,163,823,SINOP,MT,Colisão transversal,Retorno proibido,Nublado,2025-03-26,6
2025-03-24,08:15:00,0,0,CAMBE,PR,Colisão traseira,Condutor deixou de manter distância do veículo da frente,Sol,2025-03-24,8
2025-03-26,09:20:00,101,"236,1",FUNDAO,ES,Colisão com objeto,Demais falhas mecânicas ou elétricas,Nublado,2025-03-26,9
2025-03-26,07:45:00,364,34,FRUTAL,MG,Colisão frontal,Acumulo de areia ou detritos sobre o pavimento,Chuva,2025-03-26,7
2025-03-26,10:15:00,50,"113,7",CRISTALINA,GO,Capotamento,Chuva,Chuva,2025-03-26,10
2025-03-26,10:10:00,101,152,PORTO BELO,SC,Colisão traseira,Ausência de reação do condutor,Céu Claro,2025-03-26,10
2025-03-26,07:20:00,101,324,CAPIVARI DE BAIXO,SC,Colisão traseira,Condutor deixou de manter distância do veículo da frente,Céu Claro,2025-03-26,7
2025-03-26,08:10:00,101,311,LAGUNA,SC,Colisão traseira,Ausência de reação do condutor,Nublado,2025-03-26,8
2025-03-26,10:00:00,101,"87,6",JABOATAO DOS GUARARAPES,PE,Colisão lateral sentido oposto,Transitar na contramão,Céu Claro,2025-03-26,10
2025-03-26,10:30:00,116,348,MIRACATU,SP,Derramamento de carga,Reação tardia ou ineficiente do condutor,Céu Claro,2025-03-26,10
2025-03-26,11:40:00,70,455,ARAGARCAS,GO,Colisão transversal,Retorno proibido,Céu Claro,2025-03-26,11
2025-03-26,07:40:00,116,"48,2",PAPANDUVA,SC,Tombamento,Manobra de mudança de faixa,Nublado,2025-03-26,7
2025-03-26,09:30:00,116,42,CAMPINA GRANDE DO SUL,PR,Tombamento,Velocidade Incompatível,Garoa/Chuvisco,2025-03-26,9
2025-02-14,09:25:00,116,107,SAO JOSE DOS PINHAIS,PR,Engavetamento,Reação tardia ou ineficiente do condutor,Sol,2025-02-14,9
2025-03-26,11:00:00,101,105,CABO DE SANTO AGOSTINHO,PE,Colisão traseira,Condutor deixou de manter distância do veículo da frente,Céu Claro,2025-03-26,11
2025-03-26,06:30:00,470,"270,5",CURITIBANOS,SC,Tombamento,Demais falhas na via,Nevoeiro/Neblina,2025-03-26,6
2025-03-26,12:40:00,40,"77,2",CRISTALINA,GO,Colisão frontal,Ausência de reação do condutor,Nublado,2025-03-26,12
2025-03-26,08:40:00,230,160,SAO JOAO DA VARJOTA,PI,Saída de leito carroçável,Reação tardia ou ineficiente do condutor,Céu Claro,2025-03-26,8
2025-03-26,13:30:00,116,384,SANTA BARBARA,BA,Colisão traseira,Condutor deixou de manter distância do veículo da frente,Sol,2025-03-26,13
2025-03-26,12:50:00,116,"26,9",VITORIA DA CONQUISTA,BA,Tombamento,Acostamento em desnível,Céu Claro,2025-03-26,12
2025-03-13,10:40:00,262,"702,6",ARAXA,MG,Colisão lateral mesmo sentido,Reação tardia ou ineficiente do condutor,Céu Claro,2025-03-13,10
2025-03-26,14:30:00,101,205,SAO JOSE,SC,Colisão lateral mesmo sentido,Ausência de reação do condutor,Céu Claro,2025-03-26,14
2025-03-26,11:50:00,381,"293,7",ANTONIO DIAS,MG,Colisão traseira,Velocidade Incompatível,Nublado,2025-03-26,11
2025-03-26,11:50:00,251,"467,6",MONTES CLAROS,MG,Colisão lateral sentido oposto,Chuva,Chuva,2025-03-26,11
2025-03-26,14:35:00,163,"91,5",RONDONOPOLIS,MT,Saída de leito carroçável,Avarias e/ou desgaste excessivo no pneu,Céu Claro,2025-03-26,14
2025-03-26,14:15:00,163,982,TERRA NOVA DO NORTE,MT,Colisão frontal,Ingestão de álcool pelo condutor,Sol,2025-03-26,14
2025-03-26,13:20:00,153,588,SANTA RITA DO TOCANTINS,TO,Colisão lateral sentido oposto,Ultrapassagem Indevida,Nublado,2025-03-26,13
2025-03-26,16:50:00,101,"216,5",PALHOCA,SC,Colisão transversal,Manobra de mudança de faixa,Céu Claro,2025-03-26,16
2025-03-26,14:40:00,116,"780,7",LEOPOLDINA,MG,Tombamento,Velocidade Incompatível,Nublado,2025-03-26,14
2025-03-26,18:05:00,376,614,SAO JOSE DOS PINHAIS,PR,Colisão traseira,Manobra de mudança de faixa,Nublado,2025-03-26,18
2025-03-26,18:55:00,285,"567,7",SAO LUIZ GONZAGA,RS,Colisão traseira,Ingestão de álcool pelo condutor,Céu Claro,2025-03-26,18
2025-03-26,12:00:00,163,761,SORRISO,MT,Tombamento,Reação tardia ou ineficiente do condutor,Garoa/Chuvisco,2025-03-26,12
2025-03-26,18:30:00,116,112,TAUBATE,SP,Colisão lateral mesmo sentido,Manobra de mudança de faixa,Nublado,2025-03-26,18
2025-03-26,16:30:00,40,"36,5",PETROPOLIS,RJ,Colisão com objeto,Pista Escorregadia,Chuva,2025-03-26,16
2025-03-26,13:05:00,163,119,NOVO PROGRESSO,PA,Colisão traseira,Condutor deixou de manter distância do veículo da frente,Céu Claro,2025-03-26,13
2025-03-26,18:45:00,287,402,SANTIAGO,RS,Colisão transversal,Desrespeitar a preferência no cruzamento,Céu Claro,2025-03-26,18
2025-03-26,18:00:00,116,"658,8",SAO FRANCISCO DO GLORIA,MG,Colisão traseira,Acumulo de areia ou detritos sobre o pavimento,Chuva,2025-03-26,18
2025-03-26,19:20:00,376,"333,9",ORTIGUEIRA,PR,Colisão frontal,Transitar na contramão,Nublado,2025-03-26,19
2025-02-28,12:55:00,163,424,ITAITUBA,PA,Colisão lateral sentido oposto,Velocidade Incompatível,Chuva,2025-02-28,12
2025-01-05,17:06:00,259,"59,1",COLATINA,ES,Colisão transversal,Condutor desrespeitou a iluminação vermelha do semáforo,Céu Claro,2025-01-05,17
2025-03-26,20:30:00,304,"6,6",MOSSORO,RN,Saída de leito carroçável,Acumulo de óleo sobre o pavimento,Céu Claro,2025-03-26,20
2025-03-26,18:00:00,262,843,UBERABA,MG,Colisão traseira,Reação tardia ou ineficiente do condutor,Céu Claro,2025-03-26,18
2025-03-26,21:00:00,222,147,IRAUCUBA,CE,Colisão traseira,Ingestão de álcool pelo condutor,Nublado,2025-03-26,21
2025-03-26,21:45:00,70,516,VARZEA GRANDE,MT,Colisão lateral sentido oposto,Transitar na contramão,Céu Claro,2025-03-26,21
2025-03-26,23:20:00,476,115,COLOMBO,PR,Colisão lateral sentido oposto,Condutor Dormindo,Céu Claro,2025-03-26,23
2025-03-27,00:20:00,101,112,NAVEGANTES,SC,Colisão traseira,Reação tardia ou ineficiente do condutor,Céu Claro,2025-03-27,0
2025-03-26,14:30:00,381,402,BOM JESUS DO AMPARO,MG,Colisão com objeto,Demais falhas mecânicas ou elétricas,Céu Claro,2025-03-26,14
2025-03-26,20:30:00,40,97,DUQUE DE CAXIAS,RJ,Tombamento,Problema com o freio,Céu Claro,2025-03-26,20
2025-03-27,01:30:00,20,148,SAO DESIDERIO,BA,Incêndio,Demais falhas mecânicas ou elétricas,Céu Claro,2025-03-27,1
2025-03-27,05:25:00,153,"31,2",SANTO ANTONIO DA PLATINA,PR,Colisão transversal,Ausência de reação do condutor,Céu Claro,2025-03-27,5
2025-03-27,06:38:00,153,156,FRUTAL,MG,Saída de leito carroçável,Ausência de reação do condutor,Céu Claro,2025-03-27,6
2025-03-27,06:40:00,101,357,SANGAO,SC,Saída de leito carroçável,Ausência de reação do condutor,Céu Claro,2025-03-27,6
2025-03-27,07:15:00,116,353,MIRACATU,SP,Colisão traseira,Demais falhas mecânicas ou elétricas,Céu Claro,2025-03-27,7
2025-03-27,09:40:00,369,"188,9",ARAPONGAS,PR,Saída de leito carroçável,Avarias e/ou desgaste excessivo no pneu,Céu Claro,2025-03-27,9
2025-03-27,06:10:00,153,"245,5",SAO LUIZ DO NORTE,GO,Colisão transversal,Acessar a via sem observar a presença dos outros veículos,Céu Claro,2025-03-27,6
2025-03-27,09:40:00,116,225,SAO PAULO,SP,Colisão lateral mesmo sentido,Manobra de mudança de faixa,Sol,2025-03-27,9
2025-03-27,05:20:00,174,338,CONQUISTA DOESTE,MT,Saída de leito carroçável,Demais falhas mecânicas ou elétricas,Sol,2025-03-27,5
2025-03-27,10:00:00,381,27,BRAGANCA PAULISTA,SP,Colisão traseira,Reação tardia ou ineficiente do condutor,Céu Claro,2025-03-27,10
2025-03-27,08:10:00,135,5,SAO LUIS,MA,Colisão traseira,Reação tardia ou ineficiente do condutor,Céu Claro,2025-03-27,8
2025-03-27,08:05:00,364,"484,9",JANGADA,MT,Colisão transversal,Reação tardia ou ineficiente do condutor,Chuva,2025-03-27,8
2025-03-27,10:55:00,290,679,URUGUAIANA,RS,Saída de leito carroçável,Reação tardia ou ineficiente do condutor,Chuva,2025-03-27,10
2025-03-27,06:00:00,401,36,BONFIM,RR,Colisão lateral sentido oposto,Manobra de mudança de faixa,Céu Claro,2025-03-27,6
2025-03-27,08:50:00,153,"340,5",OURINHOS,SP,Colisão lateral mesmo sentido,Manobra de mudança de faixa,Céu Claro,2025-03-27,8
2025-03-27,11:35:00,392,351,SANTA MARIA,RS,Colisão traseira,Ausência de reação do condutor,Chuva,2025-03-27,11
2025-03-27,12:00:00,163,208,CASCAVEL,PR,Colisão traseira,Reação tardia ou ineficiente do condutor,Céu Claro,2025-03-27,12
2025-03-27,12:30:00,116,"147,3",CAXIAS DO SUL,RS,Colisão lateral mesmo sentido,Reação tardia ou ineficiente do condutor,Céu Claro,2025-03-27,12
2025-03-27,12:20:00,290,116,ELDORADO DO SUL,RS,Saída de leito carroçável,Ausência de reação do condutor,Nublado,2025-03-27,12
2025-03-27,12:20:00,267,147,LIMA DUARTE,MG,Colisão transversal,Acessar a via sem observar a presença dos outros veículos,Céu Claro,2025-03-27,12
2025-03-27,12:30:00,470,215,BENTO GONCALVES,RS,Colisão lateral sentido oposto,Ausência de reação do condutor,Céu Claro,2025-03-27,12
2025-03-27,12:27:00,470,64,INDAIAL,SC,Colisão traseira,Ausência de reação do condutor,Céu Claro,2025-03-27,12
2025-03-27,12:39:00,408,"60,5",CARPINA,PE,Colisão frontal,Reação tardia ou ineficiente do condutor,Céu Claro,2025-03-27,12
2025-03-27,12:20:00,153,680,ITUMBIARA,GO,Colisão traseira,Ausência de reação do condutor,Céu Claro,2025-03-27,12
2025-03-16,03:10:00,277,"297,5",PRUDENTOPOLIS,PR,Colisão lateral sentido oposto,Transitar na contramão,Nublado,2025-03-16,3
2025-03-27,12:30:00,364,"349,9",SANTO ANTONIO DO LEVERGER,MT,Colisão traseira,Reação tardia ou ineficiente do condutor,Chuva,2025-03-27,12
2025-03-27,10:10:00,290,115,ELDORADO DO SUL,RS,Tombamento,Acostamento em desnível,Céu Claro,2025-03-27,10
2025-02-15,07:50:00,262,"434,7",SAO GONCALO DO PARA,MG,Colisão lateral mesmo sentido,Manobra de mudança de faixa,Sol,2025-02-15,7
2025-03-27,14:30:00,277,37,MORRETES,PR,Colisão traseira,Condutor deixou de manter distância do veículo da frente,Céu Claro,2025-03-27,14
2025-03-27,09:40:00,116,"554,7",MILAGRES,BA,Colisão lateral mesmo sentido,Demais falhas mecânicas ou elétricas,Céu Claro,2025-03-27,9
2025-03-27,14:20:00,153,493,GOIANIA,GO,Colisão com objeto,Ausência de reação do condutor,Céu Claro,2025-03-27,14
2025-03-25,12:40:00,116,"36,6",SALGUEIRO,PE,Incêndio,Demais falhas mecânicas ou elétricas,Sol,2025-03-25,12
2025-03-27,16:00:00,282,57,RANCHO QUEIMADO,SC,Saída de leito carroçável,Ausência de reação do condutor,Céu Claro,2025-03-27,16
2025-03-27,16:17:00,116,"543,9",ITATIM,BA,Colisão traseira,Reação tardia ou ineficiente do condutor,Céu Claro,2025-03-27,16
2025-03-27,16:45:00,392,"709,8",PORTO XAVIER,RS,Colisão frontal,Chuva,Chuva,2025-03-27,16
2025-03-27,15:30:00,101,"374,5",GANDU,BA,Saída de leito carroçável,Problema com o freio,Céu Claro,2025-03-27,15
2025-03-27,17:45:00,290,352,SAO SEPE,RS,Saída de leito carroçável,Reação tardia ou ineficiente do condutor,Garoa/Chuvisco,2025-03-27,17
2025-03-27,16:50:00,470,"139,6",RIO DO SUL,SC,Colisão transversal,Ingestão de álcool pelo condutor,Nublado,2025-03-27,16
2025-03-27,17:00:00,163,141,CAPITAO LEONIDAS MARQUES,PR,Colisão transversal,Acessar a via sem observar a presença dos outros veículos,Sol,2025-03-27,17
2025-03-27,17:55:00,101,"290,5",CARIACICA,ES,Colisão traseira,Ausência de reação do condutor,Céu Claro,2025-03-27,17
2025-03-27,14:35:00,324,599,SIMOES FILHO,BA,Atropelamento de Pedestre,Pedestre andava na pista,Céu Claro,2025-03-27,14
2025-03-27,14:20:00,174,258,PONTES E LACERDA,MT,Colisão lateral mesmo sentido,Ultrapassagem Indevida,Céu Claro,2025-03-27,14
2025-03-27,15:40:00,277,"254,5",IRATI,PR,Tombamento,Ingestão de álcool pelo condutor,Céu Claro,2025-03-27,15
2025-03-27,18:35:00,262,114,CONCEICAO DO CASTELO,ES,Colisão frontal,Ultrapassagem Indevida,Céu Claro,2025-03-27,18
2025-03-27,18:00:00,60,"227,7",CEZARINA,GO,Colisão frontal,Acumulo de água sobre o pavimento,Chuva,2025-03-27,18
2025-03-27,17:10:00,262,"569,5",CORREGO DANTA,MG,Colisão transversal,Acessar a via sem observar a presença dos outros veículos,Sol,2025-03-27,17
2025-03-27,18:20:00,242,887,BARREIRAS,BA,Colisão lateral mesmo sentido,Ausência de reação do condutor,Céu Claro,2025-03-27,18
2025-03-27,17:00:00,101,384,ICARA,SC,Tombamento,Velocidade Incompatível,Céu Claro,2025-03-27,17
2025-03-27,19:47:00,116,425,FEIRA DE SANTANA,BA,Atropelamento de Pedestre,Acessar a via sem observar a presença dos outros veículos,Céu Claro,2025-03-27,19
2025-03-27,18:30:00,470,86,RODEIO,SC,Colisão transversal,Condutor Dormindo,Céu Claro,2025-03-27,18
2025-03-27,16:55:00,407,586,ACAUA,PI,Colisão frontal,Transitar na contramão,Céu Claro,2025-03-27,16
2025-03-27,20:30:00,365,793,GURINHATA,MG,Colisão traseira,Objeto estático sobre o leito carroçável,Céu Claro,2025-03-27,20
2025-03-27,20:40:00,40,"49,6",LUZIANIA,GO,Colisão traseira,Reação tardia ou ineficiente do condutor,Nublado,2025-03-27,20
2025-01-14,18:50:00,235,"1,6",ARACAJU,SE,Tombamento,Velocidade Incompatível,Nublado,2025-01-14,18
2025-03-27,21:25:00,343,"347,1",TERESINA,PI,Atropelamento de Pedestre,Suicídio (presumido),Céu Claro,2025-03-27,21
2025-03-27,16:00:00,364,70,VILHENA,RO,Colisão frontal,Acumulo de água sobre o pavimento,Chuva,2025-03-27,16
2025-03-27,20:45:00,381,"873,5",ESTIVA,MG,Tombamento,Ausência de reação do condutor,Céu Claro,2025-03-27,20
2025-03-27,22:40:00,101,26,JOINVILLE,SC,Colisão traseira,Ingestão de álcool pelo condutor,Nublado,2025-03-27,22
2025-03-27,17:30:00,493,90,JAPERI,RJ,Saída de leito carroçável,Reação tardia ou ineficiente do condutor,Nublado,2025-03-27,17
2025-03-27,23:40:00,60,1,SANTO ANTONIO DO DESCOBERTO,GO,Colisão lateral sentido oposto,Transitar na contramão,Céu Claro,2025-03-27,23
2025-03-27,21:45:00,232,406,SERRA TALHADA,PE,Colisão frontal,Transitar na contramão,Nublado,2025-03-27,21
2025-03-27,23:30:00,376,671,GUARATUBA,PR,Colisão traseira,Ausência de reação do condutor,Nublado,2025-03-27,23
2025-03-28,00:35:00,116,146,SAO JOSE DOS CAMPOS,SP,Colisão lateral mesmo sentido,Acessar a via sem observar a presença dos outros veículos,Céu Claro,2025-03-28,0
2025-03-28,00:20:00,222,26,CAUCAIA,CE,Saída de leito carroçável,Ausência de reação do condutor,Céu Claro,2025-03-28,0
2025-03-28,01:00:00,393,178,PARAIBA DO SUL,RJ,Colisão traseira,Ausência de reação do condutor,Nublado,2025-03-28,1
2025-03-27,23:05:00,116,"195,5",RIO NEGRO,PR,Tombamento,Ausência de reação do condutor,Nublado,2025-03-27,23
2025-03-27,12:10:00,101,475,URUCUCA,BA,Incêndio,Demais falhas mecânicas ou elétricas,Céu Claro,2025-03-27,12
2025-03-28,02:45:00,116,"475,3",JACUPIRANGA,SP,Atropelamento de Pedestre,Acessar a via sem observar a presença dos outros veículos,Céu Claro,2025-03-28,2
2025-03-28,03:00:00,101,22,JOINVILLE,SC,Colisão traseira,Reação tardia ou ineficiente do condutor,Nublado,2025-03-28,3