data_inversa,horario,br,km,municipio,uf,tipo_acidente,causa_acidente,condicao_metereologica,data,hora
2025-03-28,03:00:00,116,"3,3",ABARE,BA,Incêndio,Demais falhas mecânicas ou elétricas,Céu Claro,2025-03-28,3
2025-03-28,03:00:00,50,45,ARAGUARI,MG,Colisão traseira,Condutor Dormindo,Céu Claro,2025-03-28,3
2025-03-28,03:15:00,116,120,SANTA CECILIA,SC,Colisão transversal,Ingestão de álcool pelo condutor,Céu Claro,2025-03-28,3
2025-03-28,04:30:00,40,"461,7",SETE LAGOAS,MG,Tombamento,Ausência de reação do condutor,Céu Claro,2025-03-28,4
2025-03-28,03:40:00,277,442,LARANJEIRAS DO SUL,PR,Colisão lateral sentido oposto,Ingestão de álcool pelo condutor,Chuva,2025-03-28,3
2025-03-28,04:00:00,101,"208,8",SAO JOSE,SC,Colisão traseira,Reação tardia ou ineficiente do condutor,Céu Claro,2025-03-28,4
2025-03-28,04:50:00,40,"632,4",CONSELHEIRO LAFAIETE,MG,Colisão com objeto,Ingestão de álcool pelo condutor,Céu Claro,2025-03-28,4
2025-03-27,23:50:00,222,142,IRAUCUBA,CE,Colisão traseira,Reação tardia ou ineficiente do condutor,Céu Claro,2025-03-27,23
2025-03-28,06:20:00,116,18,VITORIA DA CONQUISTA,BA,Colisão transversal,Acessar a via sem observar a presença dos outros veículos,Céu Claro,2025-03-28,6
2025-03-28,03:00:00,153,574,SANTA RITA DO TOCANTINS,TO,Colisão frontal,Transitar na contramão,Céu Claro,2025-03-28,3
2025-03-28,06:50:00,101,69,RECIFE,PE,Colisão lateral mesmo sentido,Manobra de mudança de faixa,Nublado,2025-03-28,6
2025-03-28,05:15:00,101,646,BELMONTE,BA,Colisão frontal,Condutor Dormindo,Nublado,2025-03-28,5
2025-03-28,04:45:00,376,438,TIBAGI,PR,Colisão com objeto,Chuva,Chuva,2025-03-28,4
2025-03-28,05:25:00,101,"52,6",TERRA DE AREIA,RS,Saída de leito carroçável,Condutor Dormindo,Céu Claro,2025-03-28,5
2025-03-28,07:10:00,101,"73,3",RECIFE,PE,Colisão lateral mesmo sentido,Transitar no Acostamento,Céu Claro,2025-03-28,7
2025-03-27,19:00:00,470,67,INDAIAL,SC,Colisão transversal,Acessar a via sem observar a presença dos outros veículos,Nevoeiro/Neblina,2025-03-27,19
2025-03-28,07:00:00,230,"27,7",JOAO PESSOA,PB,Colisão traseira,Condutor deixou de manter distância do veículo da frente,Sol,2025-03-28,7
2025-03-28,07:10:00,116,292,ITAPECERICA DA SERRA,SP,Colisão traseira,Ultrapassagem Indevida,Céu Claro,2025-03-28,7
2025-03-28,07:45:00,101,"152,3",LINHARES,ES,Colisão lateral sentido oposto,Transitar na contramão,Céu Claro,2025-03-28,7
2025-03-28,08:23:00,101,70,RECIFE,PE,Colisão transversal,Transitar no Acostamento,Nublado,2025-03-28,8
2025-02-19,17:30:00,116,"16,2",COLOMBO,PR,Tombamento,Chuva,Chuva,2025-02-19,17
2025-03-28,06:00:00,222,"281,5",FRECHEIRINHA,CE,Incêndio,Demais falhas mecânicas ou elétricas,Céu Claro,2025-03-28,6
2025-02-18,15:40:00,116,105,MONTE CASTELO,SC,Colisão frontal,Ultrapassagem Indevida,Chuva,2025-02-18,15
2025-03-28,00:01:00,101,784,ITABELA,BA,Incêndio,Demais falhas mecânicas ou elétricas,Céu Claro,2025-03-28,0
2025-03-28,08:30:00,364,340,JI-PARANA,RO,Colisão lateral mesmo sentido,Condutor deixou de manter distância do veículo da frente,Céu Claro,2025-03-28,8
2025-03-20,13:20:00,163,11,BARRACAO,PR,Colisão transversal,Acessar a via sem observar a presença dos outros veículos,Céu Claro,2025-03-20,13
2025-03-17,07:45:00,116,112,TAUBATE,SP,Colisão com objeto,Reação tardia ou ineficiente do condutor,Céu Claro,2025-03-17,7
2025-03-28,11:30:00,407,230,CAPIM GROSSO,BA,Colisão lateral mesmo sentido,Faixas de trânsito com largura insuficiente,Sol,2025-03-28,11
2025-03-28,13:16:00,101,"129,7",ARAMARI,BA,Colisão lateral sentido oposto,Reação tardia ou ineficiente do condutor,Céu Claro,2025-03-28,13
2025-03-28,09:50:00,40,22,TRES RIOS,RJ,Tombamento,Velocidade Incompatível,Céu Claro,2025-03-28,9
2025-03-28,11:30:00,163,548,DIAMANTINO,MT,Saída de leito carroçável,Reação tardia ou ineficiente do condutor,Nublado,2025-03-28,11
2025-03-20,16:45:00,40,530,CONTAGEM,MG,Engavetamento,Reação tardia ou ineficiente do condutor,Chuva,2025-03-20,16
2025-03-28,14:00:00,153,135,PRATA,MG,Colisão frontal,Ausência de reação do condutor,Nublado,2025-03-28,14
2025-03-28,16:10:00,471,"151,2",SANTA CRUZ DO SUL,RS,Colisão lateral mesmo sentido,Manobra de mudança de faixa,Céu Claro,2025-03-28,16
2025-03-28,16:30:00,235,33,AREIA BRANCA,SE,Tombamento,Transitar no Acostamento,Céu Claro,2025-03-28,16
2025-03-28,15:15:00,277,1,PARANAGUA,PR,Colisão transversal,Transitar no Acostamento,Céu Claro,2025-03-28,15
2025-03-28,17:17:00,153,146,NOVA OLINDA,TO,Colisão traseira,Reação tardia ou ineficiente do condutor,Céu Claro,2025-03-28,17
2025-03-28,14:45:00,470,"104,6",APIUNA,SC,Colisão frontal,Ausência de reação do condutor,Céu Claro,2025-03-28,14
2025-03-28,11:38:00,419,"232,3",AQUIDAUANA,MS,Colisão transversal,Ausência de sinalização,Céu Claro,2025-03-28,11
2025-03-28,14:30:00,116,"267,7",CAPAO ALTO,SC,Tombamento,Demais falhas mecânicas ou elétricas,Nublado,2025-03-28,14
2025-03-28,17:40:00,116,836,VITORIA DA CONQUISTA,BA,Colisão traseira,Reação tardia ou ineficiente do condutor,Céu Claro,2025-03-28,17
2025-03-28,18:10:00,116,16,VITORIA DA CONQUISTA,BA,Colisão traseira,Ausência de reação do condutor,Céu Claro,2025-03-28,18
2025-03-28,18:20:00,116,511,CAJATI,SP,Saída de leito carroçável,Velocidade Incompatível,Céu Claro,2025-03-28,18
2025-03-28,16:40:00,235,"52,9",ITABAIANA,SE,Colisão transversal,Acessar a via sem observar a presença dos outros veículos,Céu Claro,2025-03-28,16
2025-03-28,17:00:00,376,491,PONTA GROSSA,PR,Colisão traseira,Condutor deixou de manter distância do veículo da frente,Sol,2025-03-28,17
2025-03-28,19:30:00,101,78,ARAQUARI,SC,Colisão traseira,Manobra de mudança de faixa,Céu Claro,2025-03-28,19
2025-03-28,18:39:00,232,229,PESQUEIRA,PE,Colisão lateral sentido oposto,Ultrapassagem Indevida,Céu Claro,2025-03-28,18
2025-03-28,16:00:00,376,470,PONTA GROSSA,PR,Colisão traseira,Problema com o freio,Céu Claro,2025-03-28,16
2025-03-28,18:45:00,493,50,DUQUE DE CAXIAS,RJ,Engavetamento,Acessar a via sem observar a presença dos outros veículos,Nublado,2025-03-28,18
2025-03-28,19:40:00,40,6,VALPARAISO DE GOIAS,GO,Colisão traseira,Condutor deixou de manter distância do veículo da frente,Nublado,2025-03-28,19
2025-03-28,20:25:00,116,360,MIRACATU,SP,Tombamento,Carga excessiva e/ou mal acondicionada,Nublado,2025-03-28,20
2025-03-28,20:30:00,101,760,ITABELA,BA,Colisão lateral sentido oposto,Transitar na contramão,Nublado,2025-03-28,20
2025-03-28,15:25:00,174,495,COMODORO,MT,Colisão frontal,Transitar na contramão,Chuva,2025-03-28,15
2025-03-28,20:50:00,116,"105,8",MONTE CASTELO,SC,Tombamento,Velocidade Incompatível,Nublado,2025-03-28,20
2025-03-28,21:10:00,60,"108,8",GOIANAPOLIS,GO,Colisão transversal,Ausência de reação do condutor,Vento,2025-03-28,21
2025-03-28,19:40:00,376,184,SARANDI,PR,Colisão frontal,Transtornos Mentais (exceto suicidio),Céu Claro,2025-03-28,19
2025-03-28,19:00:00,364,48,ALTO GARCAS,MT,Colisão frontal,Transitar na contramão,Céu Claro,2025-03-28,19
2025-03-28,22:40:00,70,273,PRIMAVERA DO LESTE,MT,Tombamento,Ingestão de álcool pelo condutor,Céu Claro,2025-03-28,22
2025-03-28,23:00:00,381,421,CAETE,MG,Incêndio,Demais falhas mecânicas ou elétricas,Céu Claro,2025-03-28,23
2025-03-29,00:30:00,222,"121,7",RONDON DO PARA,PA,Incêndio,Demais falhas mecânicas ou elétricas,Céu Claro,2025-03-29,0
2025-03-29,03:30:00,470,"85,6",RODEIO,SC,Colisão traseira,Ingestão de álcool pelo condutor,Céu Claro,2025-03-29,3
2025-03-29,03:00:00,20,158,SAO DESIDERIO,BA,Colisão lateral sentido oposto,Reação tardia ou ineficiente do condutor,Céu Claro,2025-03-29,3
2025-03-28,21:10:00,319,707,HUMAITA,AM,Colisão lateral mesmo sentido,Ultrapassagem Indevida,Nublado,2025-03-28,21
2025-03-29,05:30:00,101,137,BALNEARIO CAMBORIU,SC,Colisão traseira,Ausência de reação do condutor,Céu Claro,2025-03-29,5
2025-03-29,05:30:00,153,"24,3",CENTRALINA,MG,Saída de leito carroçável,Ausência de reação do condutor,Céu Claro,2025-03-29,5
2025-03-29,05:45:00,135,3,SAO LUIS,MA,Tombamento,Reação tardia ou ineficiente do condutor,Nublado,2025-03-29,5
2025-03-29,05:50:00,364,295,JACIARA,MT,Colisão traseira,Condutor deixou de manter distância do veículo da frente,Céu Claro,2025-03-29,5
2025-03-28,21:30:00,364,475,ARIQUEMES,RO,Engavetamento,Reação tardia ou ineficiente do condutor,Nublado,2025-03-28,21
2025-03-29,07:00:00,116,194,QUEIMADOS,RJ,Colisão traseira,Ausência de reação do condutor,Céu Claro,2025-03-29,7
2025-03-29,06:50:00,262,354,CAMPO GRANDE,MS,Saída de leito carroçável,Demais falhas mecânicas ou elétricas,Garoa/Chuvisco,2025-03-29,6
2025-03-29,04:00:00,116,"216,7",CATUJI,MG,Saída de leito carroçável,Ausência de reação do condutor,Ignorado,2025-03-29,4
2025-03-26,08:20:00,493,68,NOVA IGUACU,RJ,Saída de leito carroçável,Velocidade Incompatível,Céu Claro,2025-03-26,8
2025-03-29,11:40:00,116,27,ITAITINGA,CE,Atropelamento de Pedestre,Pedestre cruzava a pista fora da faixa,Nublado,2025-03-29,11
2025-03-29,11:27:00,226,303,BARRA DO CORDA,MA,Atropelamento de Pedestre,Suicídio (presumido),Céu Claro,2025-03-29,11
2025-03-29,07:40:00,135,146,RIACHAO DAS NEVES,BA,Tombamento,Acostamento em desnível,Céu Claro,2025-03-29,7
2025-03-29,12:05:00,116,402,FEIRA DE SANTANA,BA,Colisão lateral mesmo sentido,Manobra de mudança de faixa,Céu Claro,2025-03-29,12
2025-03-29,13:15:00,101,46,CAMPOS DOS GOYTACAZES,RJ,Colisão transversal,Acessar a via sem observar a presença dos outros veículos,Céu Claro,2025-03-29,13
2025-03-29,12:50:00,365,"65,9",CLARO DOS POCOES,MG,Saída de leito carroçável,Velocidade Incompatível,Céu Claro,2025-03-29,12
2025-03-28,19:00:00,116,553,MILAGRES,BA,Incêndio,Demais falhas mecânicas ou elétricas,Céu Claro,2025-03-28,19
2025-03-21,14:50:00,163,"575,3",BANDEIRANTES,MS,Colisão transversal,Acessar a via sem observar a presença dos outros veículos,Céu Claro,2025-03-21,14
2025-03-29,06:30:00,158,126,PIRANHAS,GO,Colisão lateral sentido oposto,Condutor Dormindo,Céu Claro,2025-03-29,6
2025-03-29,15:20:00,480,"128,7",CHAPECO,SC,Tombamento,Reação tardia ou ineficiente do condutor,Garoa/Chuvisco,2025-03-29,15
2025-03-29,13:30:00,282,"443,6",PONTE SERRADA,SC,Colisão lateral sentido oposto,Acumulo de água sobre o pavimento,Chuva,2025-03-29,13
2025-03-29,12:05:00,282,"640,1",DESCANSO,SC,Colisão frontal,Transitar na contramão,Nublado,2025-03-29,12
2025-03-29,16:30:00,153,493,GOIANIA,GO,Colisão lateral mesmo sentido,Reação tardia ou ineficiente do condutor,Céu Claro,2025-03-29,16
2025-03-29,17:00:00,381,931,ITAPEVA,MG,Colisão traseira,Ingestão de álcool pelo condutor,Céu Claro,2025-03-29,17
2025-03-29,16:55:00,20,3,BRASILIA,DF,Colisão traseira,Ausência de reação do condutor,Céu Claro,2025-03-29,16
2025-03-29,15:55:00,369,"22,2",CAMBARA,PR,Colisão transversal,Acessar a via sem observar a presença dos outros veículos,Céu Claro,2025-03-29,15
2025-03-29,09:30:00,101,283,ITABORAI,RJ,Tombamento,Ausência de reação do condutor,Céu Claro,2025-03-29,9
2025-03-29,14:00:00,116,"20,4",SALGUEIRO,PE,Colisão frontal,Transitar na contramão,Céu Claro,2025-03-29,14
2025-03-29,18:00:00,10,"514,8",APARECIDA DO RIO NEGRO,TO,Colisão lateral sentido oposto,Reação tardia ou ineficiente do condutor,Ignorado,2025-03-29,18
2025-03-29,19:15:00,116,502,BREJO SANTO,CE,Colisão lateral sentido oposto,Pista esburacada,Céu Claro,2025-03-29,19
2025-03-29,18:00:00,101,8,PEDRO CANARIO,ES,Tombamento,Velocidade Incompatível,Céu Claro,2025-03-29,18
2025-03-29,19:45:00,470,"164,5",TROMBUDO CENTRAL,SC,Colisão frontal,Conversão proibida,Céu Claro,2025-03-29,19
2025-03-29,20:00:00,40,"491,1",ESMERALDAS,MG,Colisão lateral mesmo sentido,Reação tardia ou ineficiente do condutor,Céu Claro,2025-03-29,20
2025-03-29,17:00:00,163,765,SORRISO,MT,Colisão lateral mesmo sentido,Ultrapassagem Indevida,Nublado,2025-03-29,17
2025-03-29,19:30:00,493,19,MAGE,RJ,Colisão transversal,Acessar a via sem observar a presença dos outros veículos,Céu Claro,2025-03-29,19
2025-03-29,16:10:00,452,162,ITUMBIARA,GO,Saída de leito carroçável,Acostamento em desnível,Céu Claro,2025-03-29,16
2025-03-29,18:50:00,174,96,CACERES,MT,Colisão lateral sentido oposto,Ingestão de álcool pelo condutor,Chuva,2025-03-29,18
2025-03-29,15:00:00,116,"194,2",LIMOEIRO DO NORTE,CE,Tombamento,Curva acentuada,Céu Claro,2025-03-29,15
2025-03-29,08:30:00,116,135,CANUDOS,BA,Incêndio,Demais falhas mecânicas ou elétricas,Céu Claro,2025-03-29,8
2025-03-29,18:30:00,101,"817,2",ITAMARAJU,BA,Tombamento,Reação tardia ou ineficiente do condutor,Nublado,2025-03-29,18
2025-03-29,21:10:00,476,182,LAPA,PR,Saída de leito carroçável,Ausência de reação do condutor,Céu Claro,2025-03-29,21
2025-03-29,22:30:00,101,"193,9",CRISTINAPOLIS,SE,Colisão lateral sentido oposto,Transitar na contramão,Céu Claro,2025-03-29,22
2025-03-29,19:45:00,153,290,RIALMA,GO,Colisão traseira,Condutor deixou de manter distância do veículo da frente,Céu Claro,2025-03-29,19
2025-03-29,22:55:00,373,"190,5",PONTA GROSSA,PR,Colisão com objeto,Condutor Dormindo,Nublado,2025-03-29,22
2025-03-29,22:15:00,116,"656,4",SAO FRANCISCO DO GLORIA,MG,Colisão lateral sentido oposto,Ingestão de álcool pelo condutor,Céu Claro,2025-03-29,22
2025-03-30,01:00:00,285,400,SANTA BARBARA DO SUL,RS,Colisão traseira,Ausência de reação do condutor,Céu Claro,2025-03-30,1
2025-03-30,01:00:00,343,"345,4",TERESINA,PI,Colisão transversal,Condutor desrespeitou a iluminação vermelha do semáforo,Céu Claro,2025-03-30,1
2025-03-30,03:00:00,101,509,ITABUNA,BA,Atropelamento de Animal,Animais na Pista,Céu Claro,2025-03-30,3
2025-03-30,02:35:00,116,"172,2",JACAREI,SP,Colisão traseira,Ausência de reação do condutor,Céu Claro,2025-03-30,2
2025-03-30,04:30:00,40,"471,3",SETE LAGOAS,MG,Tombamento,Carga excessiva e/ou mal acondicionada,Céu Claro,2025-03-30,4
2025-03-30,06:00:00,280,226,TRES BARRAS,SC,Colisão com objeto,Ausência de reação do condutor,Céu Claro,2025-03-30,6
2025-03-30,06:05:00,280,"51,5",GUARAMIRIM,SC,Colisão transversal,Conversão proibida,Céu Claro,2025-03-30,6
2025-03-30,08:30:00,153,173,GUAICARA,SP,Colisão transversal,Acessar a via sem observar a presença dos outros veículos,Céu Claro,2025-03-30,8
2025-03-30,05:20:00,373,"454,6",CHOPINZINHO,PR,Colisão frontal,Ingestão de álcool pelo condutor,Céu Claro,2025-03-30,5
2025-03-30,08:00:00,364,69,ALTO GARCAS,MT,Colisão transversal,Acessar a via sem observar a presença dos outros veículos,Céu Claro,2025-03-30,8
2025-03-30,09:50:00,110,1,PAULO AFONSO,BA,Engavetamento,Condutor deixou de manter distância do veículo da frente,Céu Claro,2025-03-30,9
2025-03-30,10:30:00,116,"358,8",MIRACATU,SP,Colisão traseira,Demais falhas mecânicas ou elétricas,Sol,2025-03-30,10
2025-03-30,12:30:00,101,"108,1",PENHA,SC,Saída de leito carroçável,Velocidade Incompatível,Sol,2025-03-30,12
2025-03-30,09:00:00,163,94,RONDONOPOLIS,MT,Colisão lateral mesmo sentido,Ausência de reação do condutor,Nublado,2025-03-30,9
2025-03-30,12:20:00,282,454,PONTE SERRADA,SC,Colisão transversal,Conversão proibida,Céu Claro,2025-03-30,12
2025-03-30,14:50:00,40,"435,5",PARAOPEBA,MG,Incêndio,Demais falhas mecânicas ou elétricas,Céu Claro,2025-03-30,14
2025-03-30,11:30:00,376,"335,8",ORTIGUEIRA,PR,Colisão lateral mesmo sentido,Ausência de reação do condutor,Nublado,2025-03-30,11
2025-03-30,16:03:00,324,"7,1",FEIRA DE SANTANA,BA,Colisão traseira,Reação tardia ou ineficiente do condutor,Sol,2025-03-30,16
2025-03-30,16:20:00,153,540,NOVA ROSALANDIA,TO,Colisão traseira,Ausência de reação do condutor,Nublado,2025-03-30,16
2025-03-30,17:15:00,293,"15,7",CAPAO DO LEAO,RS,Colisão transversal,Acessar a via sem observar a presença dos outros veículos,Céu Claro,2025-03-30,17
2025-03-30,18:30:00,280,3,SAO FRANCISCO DO SUL,SC,Colisão lateral sentido oposto,Transitar na contramão,Nublado,2025-03-30,18
2025-03-01,11:00:00,280,"206,8",MAFRA,SC,Colisão frontal,Condutor Dormindo,Céu Claro,2025-03-01,11
2025-03-30,18:00:00,408,55,CARPINA,PE,Colisão lateral sentido oposto,Transitar na contramão,Céu Claro,2025-03-30,18
2025-03-30,18:30:00,116,422,ELDORADO DO SUL,RS,Colisão lateral mesmo sentido,Ultrapassagem Indevida,Céu Claro,2025-03-30,18
2025-03-30,14:00:00,153,593,PIRACANJUBA,GO,Capotamento,Velocidade Incompatível,Céu Claro,2025-03-30,14
2025-03-30,19:20:00,282,"641,5",SAO MIGUEL DO OESTE,SC,Colisão lateral sentido oposto,Ingestão de álcool pelo condutor,Céu Claro,2025-03-30,19
2025-03-06,15:10:00,116,"294,5",ITAPECERICA DA SERRA,SP,Tombamento,Reação tardia ou ineficiente do condutor,Céu Claro,2025-03-06,15
2025-03-30,12:50:00,280,114,SAO BENTO DO SUL,SC,Atropelamento de Pedestre,Acessar a via sem observar a presença dos outros veículos,Céu Claro,2025-03-30,12
2025-03-30,21:00:00,116,629,JAGUAQUARA,BA,Colisão traseira,Ingestão de álcool pelo condutor,Nublado,2025-03-30,21
2025-02-15,16:30:00,153,"95,1",JACI,SP,Colisão lateral mesmo sentido,Ingestão de álcool pelo condutor,Céu Claro,2025-02-15,16
2025-03-30,20:30:00,465,18,NOVA IGUACU,RJ,Colisão lateral mesmo sentido,Transitar no Acostamento,Céu Claro,2025-03-30,20
2025-03-30,21:30:00,101,"101,6",BALNEARIO PICARRAS,SC,Colisão traseira,Estacionar ou parar em local proibido,Céu Claro,2025-03-30,21
2025-03-30,18:00:00,267,"235,1",NOVA ALVORADA DO SUL,MS,Incêndio,Carga excessiva e/ou mal acondicionada,Garoa/Chuvisco,2025-03-30,18
2025-03-30,21:00:00,101,160,CONCEICAO DO JACUIPE,BA,Tombamento,Acostamento em desnível,Céu Claro,2025-03-30,21
2025-03-30,23:05:00,381,351,JOAO MONLEVADE,MG,Saída de leito carroçável,Ingestão de álcool pelo condutor,Céu Claro,2025-03-30,23
2025-03-30,22:23:00,222,649,ACAILANDIA,MA,Colisão lateral sentido oposto,Reação tardia ou ineficiente do condutor,Céu Claro,2025-03-30,22
2025-03-31,01:00:00,285,207,LAGOA VERMELHA,RS,Colisão traseira,Reação tardia ou ineficiente do condutor,Céu Claro,2025-03-31,1
2025-03-30,23:19:00,116,436,BARRO,CE,Colisão traseira,Ausência de reação do condutor,Céu Claro,2025-03-30,23
2025-03-31,02:00:00,40,"588,5",ITABIRITO,MG,Tombamento,Ausência de reação do condutor,Nublado,2025-03-31,2
2025-03-31,02:45:00,407,"143,7",SENHOR DO BONFIM,BA,Colisão lateral sentido oposto,Transitar na contramão,Céu Claro,2025-03-31,2
2025-03-31,03:31:00,376,674,GUARATUBA,PR,Colisão traseira,Reação tardia ou ineficiente do condutor,Nublado,2025-03-31,3
2025-03-31,05:55:00,116,410,FEIRA DE SANTANA,BA,Colisão lateral mesmo sentido,Ingestão de álcool pelo condutor,Céu Claro,2025-03-31,5
2025-03-31,06:45:00,101,371,ICARA,SC,Colisão lateral mesmo sentido,Ausência de reação do condutor,Céu Claro,2025-03-31,6
2025-03-31,07:00:00,116,97,SAO JOSE DOS PINHAIS,PR,Colisão lateral mesmo sentido,Condutor deixou de manter distância do veículo da frente,Nevoeiro/Neblina,2025-03-31,7
2025-03-31,06:00:00,163,681,LUCAS DO RIO VERDE,MT,Saída de leito carroçável,Ultrapassagem Indevida,Nublado,2025-03-31,6
2025-03-30,17:10:00,317,145,CAPIXABA,AC,Colisão com objeto,Ingestão de álcool pelo condutor,Céu Claro,2025-03-30,17
2025-02-24,19:30:00,116,"187,4",SAO CRISTOVAO DO SUL,SC,Colisão frontal,Transitar na contramão,Céu Claro,2025-02-24,19
2025-03-31,07:05:00,153,544,CACAPAVA DO SUL,RS,Colisão traseira,Objeto estático sobre o leito carroçável,Céu Claro,2025-03-31,7
2025-02-21,12:00:00,155,222,ELDORADO DO CARAJAS,PA,Saída de leito carroçável,Ausência de reação do condutor,Nublado,2025-02-21,12
2025-02-11,12:45:00,116,10,COLOMBO,PR,Colisão lateral mesmo sentido,Trafegar com motocicleta (ou similar) entre as faixas,Céu Claro,2025-02-11,12
2025-03-31,05:00:00,232,"461,7",MIRANDIBA,PE,Saída de leito carroçável,Condutor Dormindo,Céu Claro,2025-03-31,5
2025-03-31,07:30:00,158,"141,2",APARECIDA DO TABOADO,MS,Colisão traseira,Ausência de reação do condutor,Chuva,2025-03-31,7
2025-03-31,11:10:00,230,"0,5",CABEDELO,PB,Colisão transversal,Acessar a via sem observar a presença dos outros veículos,Céu Claro,2025-03-31,11
2025-01-13,03:30:00,316,518,CAXIAS,MA,Tombamento,Ingestão de álcool pelo condutor,Chuva,2025-01-13,3
2025-03-31,11:00:00,343,"2,7",TERESINA,PI,Colisão lateral mesmo sentido,Trafegar com motocicleta (ou similar) entre as faixas,Céu Claro,2025-03-31,11
2025-03-31,11:32:00,232,66,GRAVATA,PE,Tombamento,Demais falhas mecânicas ou elétricas,Céu Claro,2025-03-31,11
2025-03-31,12:50:00,101,"329,8",GUARAPARI,ES,Colisão traseira,Acessar a via sem observar a presença dos outros veículos,Nublado,2025-03-31,12
2025-03-31,12:40:00,277,"280,6",PRUDENTOPOLIS,PR,Colisão traseira,Ultrapassagem Indevida,Sol,2025-03-31,12
2025-03-30,23:00:00,116,729,BOA NOVA,BA,Saída de leito carroçável,Ausência de reação do condutor,Céu Claro,2025-03-30,23
2025-03-31,12:10:00,101,217,MURITIBA,BA,Colisão traseira,Frear bruscamente,Céu Claro,2025-03-31,12
2025-03-31,10:30:00,116,596,NOVA ITARANA,BA,Tombamento,Ausência de reação do condutor,Céu Claro,2025-03-31,10
2025-03-24,17:30:00,101,313,SAO GONCALO,RJ,Colisão lateral mesmo sentido,Reação tardia ou ineficiente do condutor,Céu Claro,2025-03-24,17
2025-03-27,23:00:00,470,81,RODEIO,SC,Tombamento,Demais falhas na via,Céu Claro,2025-03-27,23
2025-03-31,14:10:00,101,478,ANGRA DOS REIS,RJ,Colisão com objeto,Objeto estático sobre o leito carroçável,Céu Claro,2025-03-31,14
2025-03-31,15:45:00,116,211,SEROPEDICA,RJ,Colisão traseira,Ausência de reação do condutor,Céu Claro,2025-03-31,15
2025-03-31,16:00:00,116,321,BARRA DO RIBEIRO,RS,Saída de leito carroçável,Avarias e/ou desgaste excessivo no pneu,Garoa/Chuvisco,2025-03-31,16
2025-03-31,16:20:00,343,"339,7",TERESINA,PI,Colisão com objeto,Avarias e/ou desgaste excessivo no pneu,Chuva,2025-03-31,16
2025-03-31,14:30:00,101,"205,1",SAO JOSE,SC,Colisão traseira,Ausência de reação do condutor,Céu Claro,2025-03-31,14
2025-03-31,16:45:00,277,1,PARANAGUA,PR,Colisão traseira,Ausência de reação do condutor,Céu Claro,2025-03-31,16
2025-03-31,14:20:00,153,86,SANTA TEREZA DE GOIAS,GO,Colisão traseira,Reação tardia ou ineficiente do condutor,Garoa/Chuvisco,2025-03-31,14
2025-03-31,13:20:00,277,"503,1",DIAMANTE DO SUL,PR,Colisão lateral mesmo sentido,Ultrapassagem Indevida,Céu Claro,2025-03-31,13
2025-03-31,15:30:00,381,163,GOVERNADOR VALADARES,MG,Colisão lateral sentido oposto,Ausência de reação do condutor,Céu Claro,2025-03-31,15
2025-03-31,15:52:00,163,750,SORRISO,MT,Engavetamento,Ausência de reação do condutor,Céu Claro,2025-03-31,15
2025-03-31,14:20:00,381,"877,4",ESTIVA,MG,Colisão com objeto,Velocidade Incompatível,Chuva,2025-03-31,14
2025-03-31,17:30:00,277,"50,5",SAO JOSE DOS PINHAIS,PR,Colisão com objeto,Mal súbito do condutor,Sol,2025-03-31,17
2025-03-31,20:00:00,116,340,MIRACATU,SP,Colisão lateral mesmo sentido,Manobra de mudança de faixa,Nublado,2025-03-31,20
2025-03-31,19:00:00,101,503,ITABUNA,BA,Colisão traseira,Retorno proibido,Céu Claro,2025-03-31,19
2025-03-31,19:15:00,290,94,PORTO ALEGRE,RS,Colisão lateral mesmo sentido,Ausência de reação do condutor,Chuva,2025-03-31,19
2025-03-31,20:20:00,262,371,JUATUBA,MG,Colisão transversal,Acessar a via sem observar a presença dos outros veículos,Céu Claro,2025-03-31,20
2025-03-31,17:00:00,290,2,PORTO ALEGRE,RS,Tombamento,Demais Fenômenos da natureza,Chuva,2025-03-31,17
2025-03-31,21:00:00,381,"831,5",SAO SEBASTIAO DA BELA VISTA,MG,Colisão traseira,Reação tardia ou ineficiente do condutor,Nublado,2025-03-31,21
2025-03-31,17:35:00,40,122,DUQUE DE CAXIAS,RJ,Colisão lateral mesmo sentido,Manobra de mudança de faixa,Céu Claro,2025-03-31,17
2025-03-31,21:00:00,116,933,ENCRUZILHADA,BA,Colisão lateral sentido oposto,Ausência de reação do condutor,Nublado,2025-03-31,21
2025-03-31,17:55:00,153,479,PORTO VITORIA,PR,Tombamento,Demais falhas mecânicas ou elétricas,Céu Claro,2025-03-31,17
2025-03-31,21:20:00,364,431,JARU,RO,Colisão transversal,Desrespeitar a preferência no cruzamento,Céu Claro,2025-03-31,21
2025-04-01,01:40:00,101,"128,3",ESTANCIA,SE,Saída de leito carroçável,Ausência de reação do condutor,Céu Claro,2025-04-01,1
2025-04-01,01:20:00,381,"519,1",IGARAPE,MG,Tombamento,Velocidade Incompatível,Céu Claro,2025-04-01,1
2025-04-01,00:05:00,316,151,ELESBAO VELOSO,PI,Saída de leito carroçável,Reação tardia ou ineficiente do condutor,Céu Claro,2025-04-01,0
2025-04-01,02:49:00,101,"263,9",RIO BONITO,RJ,Colisão traseira,Condutor Dormindo,Céu Claro,2025-04-01,2
2025-04-01,01:00:00,262,900,VERISSIMO,MG,Eventos atípicos,Ingestão de substâncias psicoativas pelo condutor,Céu Claro,2025-04-01,1
2025-04-01,04:35:00,116,"116,5",TAUBATE,SP,Colisão traseira,Condutor Dormindo,Nublado,2025-04-01,4
2025-04-01,04:55:00,365,"665,8",MONTE ALEGRE DE MINAS,MG,Colisão traseira,Condutor Dormindo,Nublado,2025-04-01,4