data_inversa,horario,br,km,municipio,uf,tipo_acidente,causa_acidente,condicao_metereologica,data,hora
2025-01-20,19:20:00,262,"562,2",MIRANDA,MS,Colisão lateral sentido oposto,Avarias e/ou desgaste excessivo no pneu,Céu Claro,2025-01-20,19
2025-01-21,18:30:00,116,325,JUQUITIBA,SP,Saída de leito carroçável,Demais falhas mecânicas ou elétricas,Céu Claro,2025-01-21,18
2025-01-22,14:35:00,101,283,IMBITUBA,SC,Capotamento,Demais falhas mecânicas ou elétricas,Céu Claro,2025-01-22,14
2025-01-22,16:24:00,101,"72,5",RECIFE,PE,Colisão traseira,Demais falhas mecânicas ou elétricas,Sol,2025-01-22,16
2025-01-22,18:30:00,153,418,ANAPOLIS,GO,Tombamento,Ingestão de álcool pelo condutor,Céu Claro,2025-01-22,18
2025-01-25,09:50:00,50,261,CATALAO,GO,Saída de leito carroçável,Velocidade Incompatível,Céu Claro,2025-01-25,9
2025-01-25,15:55:00,163,"28,7",MUNDO NOVO,MS,Saída de leito carroçável,Chuva,Chuva,2025-01-25,15
2025-01-26,00:01:00,50,"2,7",UBERLANDIA,MG,Colisão com objeto,Reação tardia ou ineficiente do condutor,Céu Claro,2025-01-26,0
2025-01-25,20:30:00,222,85,PIRIPIRI,PI,Saída de leito carroçável,Demais falhas na via,Céu Claro,2025-01-25,20
2025-01-27,07:00:00,364,131,APARECIDA DO RIO DOCE,GO,Saída de leito carroçável,Condutor Dormindo,Céu Claro,2025-01-27,7
2025-01-27,08:50:00,101,"916,9",NOVA VICOSA,BA,Colisão traseira,Acessar a via sem observar a presença dos outros veículos,Céu Claro,2025-01-27,8
2025-01-29,17:30:00,163,"900,6",CLAUDIA,MT,Colisão frontal,Ultrapassagem Indevida,Nublado,2025-01-29,17
2025-01-31,16:40:00,364,605,ITAPUA DO OESTE,RO,Colisão transversal,Acessar a via sem observar a presença dos outros veículos,Céu Claro,2025-01-31,16
2025-02-01,04:00:00,101,145,ITAPEMA,SC,Colisão lateral mesmo sentido,Ingestão de álcool pelo condutor,Nublado,2025-02-01,4
2025-02-01,12:00:00,365,620,UBERLANDIA,MG,Colisão traseira,Reação tardia ou ineficiente do condutor,Nublado,2025-02-01,12
2025-02-01,16:40:00,60,"418,8",RIO VERDE,GO,Colisão traseira,Condutor Dormindo,Nublado,2025-02-01,16
2025-02-02,01:10:00,376,603,CURITIBA,PR,Colisão traseira,Reação tardia ou ineficiente do condutor,Nublado,2025-02-02,1
2025-02-02,17:00:00,365,"818,5",SANTA VITORIA,MG,Colisão frontal,Chuva,Chuva,2025-02-02,17
2025-02-02,19:50:00,116,74,APARECIDA,SP,Colisão lateral mesmo sentido,Acessar a via sem observar a presença dos outros veículos,Nublado,2025-02-02,19
2025-02-06,19:45:00,230,289,SANTA LUZIA,PB,Colisão frontal,Transitar na contramão,Céu Claro,2025-02-06,19
2025-02-08,03:30:00,153,410,CACHOEIRA DO SUL,RS,Colisão traseira,Condutor deixou de manter distância do veículo da frente,Céu Claro,2025-02-08,3
2025-02-08,11:00:00,230,"314,1",SAO MAMEDE,PB,Colisão traseira,Ausência de reação do condutor,Céu Claro,2025-02-08,11
2025-02-10,21:30:00,324,526,FEIRA DE SANTANA,BA,Colisão traseira,Ausência de reação do condutor,Céu Claro,2025-02-10,21
2025-02-11,19:50:00,319,55,PORTO VELHO,RO,Saída de leito carroçável,Avarias e/ou desgaste excessivo no pneu,Chuva,2025-02-11,19
2025-02-12,06:25:00,116,"175,9",GUARAREMA,SP,Colisão traseira,Condutor deixou de manter distância do veículo da frente,Sol,2025-02-12,6
2025-02-13,19:37:00,226,"47,5",DARCINOPOLIS,TO,Colisão traseira,Ausência de reação do condutor,Céu Claro,2025-02-13,19
2025-02-13,17:00:00,493,68,NOVA IGUACU,RJ,Saída de leito carroçável,Condutor Dormindo,Céu Claro,2025-02-13,17
2025-02-15,23:10:00,210,106,PORTO GRANDE,AP,Colisão traseira,Reação tardia ou ineficiente do condutor,Chuva,2025-02-15,23
2025-02-17,06:35:00,364,516,ARIQUEMES,RO,Colisão traseira,Acessar a via sem observar a presença dos outros veículos,Garoa/Chuvisco,2025-02-17,6
2025-02-20,18:30:00,376,594,CURITIBA,PR,Colisão traseira,Condutor deixou de manter distância do veículo da frente,Nublado,2025-02-20,18
2025-02-23,20:00:00,158,139,PALMITOS,SC,Colisão transversal,Acesso irregular,Céu Claro,2025-02-23,20
2025-02-26,07:30:00,101,356,SANGAO,SC,Saída de leito carroçável,Manobra de mudança de faixa,Céu Claro,2025-02-26,7
2025-01-31,13:50:00,463,84,PONTA PORA,MS,Colisão lateral sentido oposto,Velocidade Incompatível,Chuva,2025-01-31,13
2025-02-28,17:40:00,116,302,PORTO REAL,RJ,Colisão traseira,Ausência de reação do condutor,Céu Claro,2025-02-28,17
2025-02-27,12:00:00,40,101,DUQUE DE CAXIAS,RJ,Colisão transversal,Conversão proibida,Céu Claro,2025-02-27,12
2025-03-04,22:55:00,101,80,JABOATAO DOS GUARARAPES,PE,Colisão lateral mesmo sentido,Manobra de mudança de faixa,Céu Claro,2025-03-04,22
2025-03-07,19:40:00,101,60,CAMPOS DOS GOYTACAZES,RJ,Colisão traseira,Reação tardia ou ineficiente do condutor,Nublado,2025-03-07,19
2025-03-10,15:35:00,381,937,EXTREMA,MG,Colisão traseira,Ausência de reação do condutor,Chuva,2025-03-10,15
2025-03-11,05:30:00,365,860,SANTA VITORIA,MG,Colisão lateral mesmo sentido,Deficiência do Sistema de Iluminação/Sinalização,Céu Claro,2025-03-11,5
2025-03-12,16:41:00,364,237,CACOAL,RO,Colisão lateral mesmo sentido,Reação tardia ou ineficiente do condutor,Céu Claro,2025-03-12,16
2025-03-13,16:30:00,316,312,FLORESTA,PE,Tombamento,Carga excessiva e/ou mal acondicionada,Céu Claro,2025-03-13,16
2025-03-14,16:50:00,101,148,ITAPEMA,SC,Colisão traseira,Condutor deixou de manter distância do veículo da frente,Céu Claro,2025-03-14,16
2025-03-14,13:50:00,381,429,SABARA,MG,Tombamento,Velocidade Incompatível,Chuva,2025-03-14,13
2025-03-15,08:25:00,285,459,IJUI,RS,Colisão lateral sentido oposto,Ingestão de álcool pelo condutor,Nublado,2025-03-15,8
2025-03-15,07:00:00,242,"453,5",FORMOSO DO ARAGUAIA,TO,Colisão lateral mesmo sentido,Ultrapassagem Indevida,Céu Claro,2025-03-15,7
2025-03-16,13:35:00,101,"103,2",BALNEARIO PICARRAS,SC,Saída de leito carroçável,Ingestão de álcool pelo condutor,Nublado,2025-03-16,13
2025-03-16,20:00:00,153,"396,5",PIRENOPOLIS,GO,Colisão traseira,Ingestão de álcool pelo condutor,Céu Claro,2025-03-16,20
2025-03-16,21:40:00,116,169,RIO DE JANEIRO,RJ,Colisão traseira,Condutor deixou de manter distância do veículo da frente,Céu Claro,2025-03-16,21
2025-03-19,12:00:00,153,292,RIALMA,GO,Colisão transversal,Condutor deixou de manter distância do veículo da frente,Céu Claro,2025-03-19,12
2025-03-20,10:30:00,230,161,CAMPINA GRANDE,PB,Colisão transversal,Manobra de mudança de faixa,Céu Claro,2025-03-20,10
2025-03-21,15:10:00,493,82,NOVA IGUACU,RJ,Saída de leito carroçável,Reação tardia ou ineficiente do condutor,Nublado,2025-03-21,15
2025-03-21,19:50:00,174,165,CACERES,MT,Colisão traseira,Deficiência do Sistema de Iluminação/Sinalização,Céu Claro,2025-03-21,19
2025-03-23,02:40:00,232,494,VERDEJANTE,PE,Colisão traseira,Deficiência do Sistema de Iluminação/Sinalização,Chuva,2025-03-23,2
2025-03-23,03:45:00,364,679,CANDEIAS DO JAMARI,RO,Colisão traseira,Velocidade Incompatível,Céu Claro,2025-03-23,3
2025-03-23,13:00:00,40,235,SAO GONCALO DO ABAETE,MG,Saída de leito carroçável,Chuva,Chuva,2025-03-23,13
2025-03-25,09:00:00,40,11,LUZIANIA,GO,Colisão traseira,Condutor deixou de manter distância do veículo da frente,Céu Claro,2025-03-25,9
2025-03-25,15:00:00,101,213,PALHOCA,SC,Colisão traseira,Reação tardia ou ineficiente do condutor,Nublado,2025-03-25,15
2025-03-27,10:10:00,424,"78,9",GARANHUNS,PE,Colisão lateral sentido oposto,Avarias e/ou desgaste excessivo no pneu,Céu Claro,2025-03-27,10
2025-03-28,20:00:00,470,195,PONTE ALTA,SC,Colisão frontal,Ultrapassagem Indevida,Céu Claro,2025-03-28,20
2025-03-28,21:15:00,428,"149,5",PETROLINA,PE,Colisão traseira,Deficiência do Sistema de Iluminação/Sinalização,Céu Claro,2025-03-28,21
2025-03-29,04:20:00,40,"12,1",LUZIANIA,GO,Colisão traseira,Condutor Dormindo,Nublado,2025-03-29,4
2025-04-01,17:21:00,343,"305,8",ALTOS,PI,Colisão lateral sentido oposto,Ultrapassagem Indevida,Sol,2025-04-01,17
2025-04-02,12:30:00,290,356,SAO SEPE,RS,Saída de leito carroçável,Ausência de reação do condutor,Chuva,2025-04-02,12
2025-04-03,19:31:00,277,375,GUARAPUAVA,PR,Colisão lateral sentido oposto,Transitar na contramão,Céu Claro,2025-04-03,19
2025-04-04,11:10:00,40,544,BELO HORIZONTE,MG,Colisão lateral mesmo sentido,Manobra de mudança de faixa,Céu Claro,2025-04-04,11
2025-04-04,17:10:00,101,139,SAO MIGUEL DOS CAMPOS,AL,Colisão lateral mesmo sentido,Condutor deixou de manter distância do veículo da frente,Céu Claro,2025-04-04,17
2025-04-05,04:00:00,60,414,SIDROLANDIA,MS,Incêndio,Demais falhas mecânicas ou elétricas,Vento,2025-04-05,4
2025-04-05,19:25:00,163,"76,5",SAO MIGUEL DO OESTE,SC,Saída de leito carroçável,Ingestão de álcool pelo condutor,Céu Claro,2025-04-05,19
2025-04-03,09:30:00,282,3,FLORIANOPOLIS,SC,Colisão lateral mesmo sentido,Acessar a via sem observar a presença dos outros veículos,Nublado,2025-04-03,9
2025-04-07,13:00:00,316,"239,9",ATALAIA,AL,Colisão lateral sentido oposto,Reação tardia ou ineficiente do condutor,Céu Claro,2025-04-07,13
2025-04-06,19:20:00,470,64,INDAIAL,SC,Colisão traseira,Demais falhas mecânicas ou elétricas,Céu Claro,2025-04-06,19
2025-04-11,05:00:00,40,783,JUIZ DE FORA,MG,Incêndio,Demais falhas mecânicas ou elétricas,Céu Claro,2025-04-11,5
2025-04-11,20:00:00,285,"267,9",MATO CASTELHANO,RS,Colisão frontal,Ultrapassagem Indevida,Céu Claro,2025-04-11,20
2025-04-12,04:00:00,101,71,SAO MATEUS,ES,Colisão traseira,Reação tardia ou ineficiente do condutor,Céu Claro,2025-04-12,4
2025-04-12,09:10:00,110,"47,5",MOSSORO,RN,Colisão transversal,Acessar a via sem observar a presença dos outros veículos,Nublado,2025-04-12,9
2025-04-06,17:50:00,163,769,COXIM,MS,Capotamento,Reação tardia ou ineficiente do condutor,Céu Claro,2025-04-06,17
2025-04-15,19:50:00,381,34,ATIBAIA,SP,Colisão traseira,Reação tardia ou ineficiente do condutor,Céu Claro,2025-04-15,19
2025-04-17,07:30:00,101,89,JOAO PESSOA,PB,Colisão lateral mesmo sentido,Acessar a via sem observar a presença dos outros veículos,Céu Claro,2025-04-17,7
2025-04-17,13:01:00,364,132,RIO BRANCO,AC,Colisão transversal,Transitar na contramão,Chuva,2025-04-17,13
2025-04-17,23:00:00,277,"111,2",CAMPO LARGO,PR,Engavetamento,Condutor deixou de manter distância do veículo da frente,Céu Claro,2025-04-17,23
2025-04-19,20:15:00,70,14,BRASILIA,DF,Colisão traseira,Ingestão de álcool pelo condutor,Céu Claro,2025-04-19,20
2025-04-21,22:15:00,277,57,SAO JOSE DOS PINHAIS,PR,Colisão traseira,Ausência de reação do condutor,Nevoeiro/Neblina,2025-04-21,22
2025-04-23,18:42:00,70,16,BRASILIA,DF,Incêndio,Demais falhas mecânicas ou elétricas,Céu Claro,2025-04-23,18
2025-03-30,18:40:00,116,105,GUAPIMIRIM,RJ,Colisão frontal,Transitar na contramão,Garoa/Chuvisco,2025-03-30,18
2025-04-25,15:00:00,251,492,FRANCISCO SA,MG,Colisão lateral sentido oposto,Demais falhas mecânicas ou elétricas,Céu Claro,2025-04-25,15
2025-04-25,20:30:00,316,"441,8",PERITORO,MA,Colisão frontal,Ultrapassagem Indevida,Chuva,2025-04-25,20
2025-04-26,08:07:00,163,"70,9",SAO MIGUEL DO OESTE,SC,Colisão lateral mesmo sentido,Manobra de mudança de faixa,Céu Claro,2025-04-26,8
2025-04-26,22:57:00,60,42,ALEXANIA,GO,Saída de leito carroçável,Ingestão de álcool pelo condutor,Chuva,2025-04-26,22
2025-04-29,17:00:00,163,832,SINOP,MT,Colisão frontal,Demais falhas mecânicas ou elétricas,Ignorado,2025-04-29,17
2025-04-29,20:35:00,50,"185,5",UBERABA,MG,Colisão traseira,Ausência de reação do condutor,Céu Claro,2025-04-29,20
2025-01-01,00:30:00,101,"89,5",JABOATAO DOS GUARARAPES,PE,Colisão traseira,Reação tardia ou ineficiente do condutor,Céu Claro,2025-01-01,0
2025-01-01,00:50:00,101,120,ITAJAI,SC,Tombamento,Ausência de reação do condutor,Nublado,2025-01-01,0
2025-01-01,01:15:00,153,414,ANAPOLIS,GO,Colisão lateral sentido oposto,Transitar na contramão,Garoa/Chuvisco,2025-01-01,1
2025-01-01,02:00:00,116,"11,3",COLOMBO,PR,Saída de leito carroçável,Ingestão de álcool pelo condutor,Céu Claro,2025-01-01,2
2025-01-01,01:40:00,20,"8,8",BRASILIA,DF,Colisão transversal,Reação tardia ou ineficiente do condutor,Céu Claro,2025-01-01,1
2025-01-01,02:30:00,163,"219,7",CASCAVEL,PR,Capotamento,Velocidade Incompatível,Céu Claro,2025-01-01,2
2025-01-01,02:37:00,230,"35,9",SANTA RITA,PB,Tombamento,Ausência de reação do condutor,Céu Claro,2025-01-01,2
2025-01-01,01:30:00,116,"6,7",QUELUZ,SP,Colisão com objeto,Ausência de reação do condutor,Céu Claro,2025-01-01,1
2025-01-01,03:00:00,116,14,COLOMBO,PR,Capotamento,Suicídio (presumido),Nublado,2025-01-01,3
2025-01-01,03:15:00,101,143,ITAPEMA,SC,Incêndio,Demais falhas mecânicas ou elétricas,Céu Claro,2025-01-01,3
2025-01-01,03:35:00,343,"8,4",PARNAIBA,PI,Colisão traseira,Ausência de reação do condutor,Céu Claro,2025-01-01,3
2025-01-01,03:50:00,101,41,IGARASSU,PE,Saída de leito carroçável,Velocidade Incompatível,Céu Claro,2025-01-01,3
2025-01-01,01:50:00,373,173,PONTA GROSSA,PR,Atropelamento de Pedestre,Entrada inopinada do pedestre,Nublado,2025-01-01,1
2025-01-01,04:00:00,376,"141,9",NOVA ESPERANCA,PR,Colisão traseira,Ingestão de álcool pelo condutor,Céu Claro,2025-01-01,4
2025-01-01,04:15:00,70,16,BRASILIA,DF,Colisão com objeto,Ausência de reação do condutor,Nublado,2025-01-01,4
2025-01-01,03:15:00,101,446,SANTA ROSA DO SUL,SC,Colisão traseira,Ingestão de álcool pelo condutor,Céu Claro,2025-01-01,3
2025-01-01,03:15:00,101,"530,8",ANGRA DOS REIS,RJ,Colisão transversal,Retorno proibido,Nublado,2025-01-01,3
2025-01-01,03:40:00,476,143,CURITIBA,PR,Saída de leito carroçável,Ausência de reação do condutor,Céu Claro,2025-01-01,3
2025-01-01,03:15:00,373,234,IMBITUVA,PR,Saída de leito carroçável,Ausência de reação do condutor,Céu Claro,2025-01-01,3
2025-01-01,03:00:00,364,266,SAO PEDRO DA CIPA,MT,Saída de leito carroçável,Ingestão de álcool pelo condutor,Céu Claro,2025-01-01,3
2025-01-01,05:40:00,153,330,IRATI,PR,Colisão com objeto,Ausência de reação do condutor,Céu Claro,2025-01-01,5
2025-01-01,06:00:00,50,177,UBERABA,MG,Colisão traseira,Ingestão de álcool pelo condutor,Céu Claro,2025-01-01,6
2025-01-01,03:00:00,277,35,MORRETES,PR,Tombamento,Reação tardia ou ineficiente do condutor,Nevoeiro/Neblina,2025-01-01,3
2025-01-01,06:00:00,50,180,UBERABA,MG,Capotamento,Reação tardia ou ineficiente do condutor,Céu Claro,2025-01-01,6
2025-01-01,03:55:00,381,497,BETIM,MG,Colisão com objeto,Velocidade Incompatível,Chuva,2025-01-01,3
2025-01-01,07:10:00,20,10,BRASILIA,DF,Saída de leito carroçável,Reação tardia ou ineficiente do condutor,Nublado,2025-01-01,7
2025-01-01,06:20:00,290,18,SANTO ANTONIO DA PATRULHA,RS,Saída de leito carroçável,Demais falhas mecânicas ou elétricas,Céu Claro,2025-01-01,6
2025-01-01,04:30:00,459,96,POUSO ALEGRE,MG,Colisão transversal,Transitar na contramão,Céu Claro,2025-01-01,4
2025-01-01,02:09:00,280,"79,7",CORUPA,SC,Tombamento,Reação tardia ou ineficiente do condutor,Céu Claro,2025-01-01,2
2025-01-01,05:50:00,101,"46,1",JOINVILLE,SC,Colisão traseira,Condutor deixou de manter distância do veículo da frente,Céu Claro,2025-01-01,5
2025-01-01,07:00:00,277,"19,7",MORRETES,PR,Saída de leito carroçável,Velocidade Incompatível,Sol,2025-01-01,7
2025-01-01,07:00:00,70,1,AGUAS LINDAS DE GOIAS,GO,Capotamento,Ausência de reação do condutor,Nublado,2025-01-01,7
2025-01-01,05:30:00,428,192,PETROLINA,PE,Saída de leito carroçável,Ausência de reação do condutor,Céu Claro,2025-01-01,5
2025-01-01,07:00:00,230,"514,9",BOM JESUS,PB,Colisão transversal,Desrespeitar a preferência no cruzamento,Céu Claro,2025-01-01,7
2025-01-01,07:10:00,20,119,FLORES DE GOIAS,GO,Saída de leito carroçável,Condutor Dormindo,Nublado,2025-01-01,7
2025-01-01,04:45:00,267,37,ARGIRITA,MG,Saída de leito carroçável,Demais Fenômenos da natureza,Garoa/Chuvisco,2025-01-01,4
2025-01-01,05:25:00,163,790,VERA,MT,Saída de leito carroçável,Ingestão de álcool pelo condutor,Chuva,2025-01-01,5
2025-01-01,07:53:00,381,"37,4",ATIBAIA,SP,Colisão traseira,Reação tardia ou ineficiente do condutor,Céu Claro,2025-01-01,7
2025-01-01,07:05:00,277,"445,1",LARANJEIRAS DO SUL,PR,Colisão lateral mesmo sentido,Acessar a via sem observar a presença dos outros veículos,Céu Claro,2025-01-01,7
2025-01-01,06:00:00,101,"197,5",SAO JOSE,SC,Atropelamento de Pedestre,Reação tardia ou ineficiente do condutor,Nublado,2025-01-01,6
2025-01-01,06:50:00,319,58,PORTO VELHO,RO,Colisão traseira,Condutor deixou de manter distância do veículo da frente,Chuva,2025-01-01,6
2025-01-01,08:50:00,101,150,ITAPEMA,SC,Colisão com objeto,Ingestão de álcool pelo condutor,Nublado,2025-01-01,8
2025-01-01,07:15:00,230,4,CABEDELO,PB,Colisão com objeto,Ingestão de álcool pelo condutor,Céu Claro,2025-01-01,7
2025-01-01,07:51:00,470,72,INDAIAL,SC,Saída de leito carroçável,Ingestão de álcool pelo condutor,Céu Claro,2025-01-01,7
2025-01-01,06:30:00,226,"297,4",BARRA DO CORDA,MA,Colisão traseira,Ingestão de álcool pelo condutor,Céu Claro,2025-01-01,6
2025-01-01,02:15:00,163,"1044,8",MATUPA,MT,Saída de leito carroçável,Ingestão de álcool pelo condutor,Nublado,2025-01-01,2
2025-01-01,09:50:00,101,135,BALNEARIO CAMBORIU,SC,Colisão frontal,Transitar na contramão,Céu Claro,2025-01-01,9
2025-01-01,09:55:00,230,52,CRUZ DO ESPIRITO SANTO,PB,Tombamento,Demais falhas mecânicas ou elétricas,Céu Claro,2025-01-01,9
2025-01-01,09:45:00,101,368,ICARA,SC,Saída de leito carroçável,Condutor Dormindo,Céu Claro,2025-01-01,9
2025-01-01,07:20:00,50,180,UBERABA,MG,Colisão com objeto,Ingestão de álcool pelo condutor,Céu Claro,2025-01-01,7
2025-01-01,09:15:00,135,33,BACABEIRA,MA,Saída de leito carroçável,Ausência de reação do condutor,Céu Claro,2025-01-01,9
2025-01-01,10:00:00,101,109,PENHA,SC,Queda de ocupante de veículo,Avarias e/ou desgaste excessivo no pneu,Sol,2025-01-01,10
2025-01-01,10:30:00,470,7,NAVEGANTES,SC,Colisão frontal,Transitar na contramão,Céu Claro,2025-01-01,10
2025-01-01,08:20:00,262,129,RIO CASCA,MG,Saída de leito carroçável,Ausência de reação do condutor,Garoa/Chuvisco,2025-01-01,8
2025-01-01,04:00:00,222,126,ITAPAJE,CE,Atropelamento de Pedestre,Reação tardia ou ineficiente do condutor,Nublado,2025-01-01,4
2025-01-01,10:00:00,116,"632,9",JAGUARAO,RS,Saída de leito carroçável,Ausência de reação do condutor,Céu Claro,2025-01-01,10
2025-01-01,11:05:00,280,"20,2",ARAQUARI,SC,Capotamento,Velocidade Incompatível,Céu Claro,2025-01-01,11
2025-01-01,09:50:00,116,"643,5",FERVEDOURO,MG,Colisão lateral mesmo sentido,Velocidade Incompatível,Nublado,2025-01-01,9
2025-01-01,10:45:00,163,33,SANTO ANTONIO DO SUDOESTE,PR,Colisão transversal,Acessar a via sem observar a presença dos outros veículos,Céu Claro,2025-01-01,10
2025-01-01,11:00:00,222,"1,8",FORTALEZA,CE,Colisão traseira,Condutor deixou de manter distância do veículo da frente,Céu Claro,2025-01-01,11
2025-01-01,09:15:00,282,"99,3",ALFREDO WAGNER,SC,Colisão frontal,Demais falhas mecânicas ou elétricas,Céu Claro,2025-01-01,9
2025-01-01,12:59:00,116,144,MANDIRITUBA,PR,Colisão traseira,Condutor deixou de manter distância do veículo da frente,Céu Claro,2025-01-01,12
2025-01-01,12:40:00,365,607,UBERLANDIA,MG,Colisão transversal,Acessar a via sem observar a presença dos outros veículos,Céu Claro,2025-01-01,12
2025-01-01,13:00:00,101,132,BALNEARIO CAMBORIU,SC,Colisão traseira,Ingestão de álcool pelo condutor,Céu Claro,2025-01-01,13
2025-01-01,12:35:00,392,"285,4",SAO SEPE,RS,Colisão transversal,Reação tardia ou ineficiente do condutor,Sol,2025-01-01,12
2025-01-01,08:30:00,381,428,CAETE,MG,Colisão lateral sentido oposto,Acumulo de água sobre o pavimento,Nublado,2025-01-01,8
2025-01-01,09:30:00,70,"42,3",BARRA DO GARCAS,MT,Saída de leito carroçável,Ausência de reação do condutor,Céu Claro,2025-01-01,9
2025-01-01,13:52:00,381,482,BETIM,MG,Colisão com objeto,Condutor Dormindo,Céu Claro,2025-01-01,13
2025-01-01,09:20:00,40,"78,3",PARACATU,MG,Saída de leito carroçável,Ausência de reação do condutor,Nublado,2025-01-01,9
2025-01-01,13:20:00,101,157,PORTO BELO,SC,Colisão lateral mesmo sentido,Velocidade Incompatível,Céu Claro,2025-01-01,13
2025-01-01,14:00:00,50,155,UBERABA,MG,Incêndio,Demais falhas mecânicas ou elétricas,Sol,2025-01-01,14
2025-01-01,13:18:00,369,"56,9",BANDEIRANTES,PR,Queda de ocupante de veículo,Condutor desrespeitou a iluminação vermelha do semáforo,Nublado,2025-01-01,13
2025-01-01,13:00:00,364,691,CANDEIAS DO JAMARI,RO,Colisão com objeto,Ingestão de álcool pelo condutor,Chuva,2025-01-01,13
2025-01-01,13:30:00,101,31,ESPLANADA,BA,Capotamento,Velocidade Incompatível,Céu Claro,2025-01-01,13
2025-01-01,14:10:00,282,448,CAMPOS NOVOS,SC,Saída de leito carroçável,Manobra de mudança de faixa,Garoa/Chuvisco,2025-01-01,14
2025-01-01,13:30:00,40,"463,8",SETE LAGOAS,MG,Saída de leito carroçável,Pista esburacada,Céu Claro,2025-01-01,13
2025-01-01,14:40:00,222,"64,9",SAO GONCALO DO AMARANTE,CE,Colisão lateral mesmo sentido,Conversão proibida,Céu Claro,2025-01-01,14
2025-01-01,14:00:00,230,120,MARABA,PA,Colisão transversal,Acesso irregular,Céu Claro,2025-01-01,14
2025-01-01,12:10:00,262,155,IBATIBA,ES,Colisão com objeto,Reação tardia ou ineficiente do condutor,Nublado,2025-01-01,12
2025-01-01,13:20:00,116,129,MAGE,RJ,Tombamento,Condutor deixou de manter distância do veículo da frente,Nublado,2025-01-01,13
2025-01-01,13:46:00,101,924,NOVA VICOSA,BA,Colisão lateral sentido oposto,Reação tardia ou ineficiente do condutor,Nublado,2025-01-01,13
2025-01-01,13:44:00,60,"210,8",VARJAO,GO,Queda de ocupante de veículo,Ausência de reação do condutor,Céu Claro,2025-01-01,13
2025-01-01,14:25:00,230,10,CABEDELO,PB,Tombamento,Acostamento em desnível,Céu Claro,2025-01-01,14
2025-01-01,14:00:00,277,131,CAMPO LARGO,PR,Saída de leito carroçável,Ingestão de álcool pelo condutor,Céu Claro,2025-01-01,14
2025-01-01,15:15:00,101,"64,5",SANTA RITA,PB,Colisão traseira,Manobra de mudança de faixa,Céu Claro,2025-01-01,15
2025-01-01,14:05:00,101,"481,5",ANGRA DOS REIS,RJ,Colisão traseira,Ausência de reação do condutor,Nublado,2025-01-01,14
2025-01-01,15:20:00,376,407,TIBAGI,PR,Colisão com objeto,Demais falhas mecânicas ou elétricas,Nublado,2025-01-01,15
2025-01-01,15:13:00,163,755,COXIM,MS,Tombamento,Demais falhas mecânicas ou elétricas,Céu Claro,2025-01-01,15
2025-01-01,14:45:00,381,408,NOVA UNIAO,MG,Saída de leito carroçável,Pista Escorregadia,Chuva,2025-01-01,14
2025-01-01,15:30:00,116,"61,2",CHOROZINHO,CE,Engavetamento,Condutor deixou de manter distância do veículo da frente,Céu Claro,2025-01-01,15
2025-01-01,16:20:00,381,"564,9",ITAGUARA,MG,Atropelamento de Pedestre,Pedestre andava na pista,Céu Claro,2025-01-01,16
2025-01-01,16:10:00,116,203,QUEIMADOS,RJ,Atropelamento de Pedestre,Acesso irregular,Céu Claro,2025-01-01,16
2025-01-01,13:20:00,304,"116,4",ITAJA,RN,Saída de leito carroçável,Ingestão de álcool pelo condutor,Céu Claro,2025-01-01,13
2025-01-01,16:20:00,101,"222,3",PALHOCA,SC,Colisão lateral mesmo sentido,Manobra de mudança de faixa,Nublado,2025-01-01,16
2025-01-01,16:00:00,262,580,CAMPOS ALTOS,MG,Queda de ocupante de veículo,Ausência de reação do condutor,Céu Claro,2025-01-01,16
2025-01-01,15:50:00,101,46,IGARASSU,PE,Colisão lateral mesmo sentido,Trafegar com motocicleta (ou similar) entre as faixas,Céu Claro,2025-01-01,15
2025-01-01,14:20:00,158,564,SANTANA DO LIVRAMENTO,RS,Colisão com objeto,Ausência de reação do condutor,Céu Claro,2025-01-01,14
2025-01-01,15:50:00,280,"19,8",ARAQUARI,SC,Colisão traseira,Reação tardia ou ineficiente do condutor,Nublado,2025-01-01,15
2025-01-01,16:26:00,116,259,VOLTA REDONDA,RJ,Queda de ocupante de veículo,Demais falhas mecânicas ou elétricas,Nublado,2025-01-01,16
2025-01-01,16:10:00,316,"10,9",TERESINA,PI,Colisão transversal,Desrespeitar a preferência no cruzamento,Sol,2025-01-01,16
2025-01-01,17:00:00,116,"3,3",FORTALEZA,CE,Colisão traseira,Condutor deixou de manter distância do veículo da frente,Céu Claro,2025-01-01,17
2025-01-01,16:15:00,230,"124,2",RIACHAO DO BACAMARTE,PB,Saída de leito carroçável,Reação tardia ou ineficiente do condutor,Céu Claro,2025-01-01,16
2025-01-01,17:00:00,116,564,BARRA DO TURVO,SP,Colisão com objeto,Acumulo de água sobre o pavimento,Chuva,2025-01-01,17
2025-01-01,14:45:00,262,"58,5",MANHUACU,MG,Incêndio,Demais falhas mecânicas ou elétricas,Nublado,2025-01-01,14
2025-01-01,17:10:00,476,"161,1",ARAUCARIA,PR,Colisão frontal,Acessar a via sem observar a presença dos outros veículos,Nublado,2025-01-01,17
2025-01-01,17:15:00,381,"908,3",CAMBUI,MG,Saída de leito carroçável,Ausência de reação do condutor,Chuva,2025-01-01,17
2025-01-01,14:30:00,277,"657,9",MATELANDIA,PR,Colisão com objeto,Ausência de reação do condutor,Céu Claro,2025-01-01,14
2025-01-01,16:00:00,20,"376,7",CAUCAIA,CE,Colisão frontal,Ultrapassagem Indevida,Céu Claro,2025-01-01,16
2025-01-01,17:30:00,277,"69,8",SAO JOSE DOS PINHAIS,PR,Engavetamento,Condutor deixou de manter distância do veículo da frente,Chuva,2025-01-01,17