data_inversa,horario,br,km,municipio,uf,tipo_acidente,causa_acidente,condicao_metereologica,data,hora
2025-01-04,14:45:00,116,"429,9",ALPERCATA,MG,Saída de leito carroçável,Demais falhas mecânicas ou elétricas,Nublado,2025-01-04,14
2025-01-04,13:25:00,116,"546,6",SANTA BARBARA DO LESTE,MG,Saída de leito carroçável,Reação tardia ou ineficiente do condutor,Céu Claro,2025-01-04,13
2025-01-04,16:20:00,282,"3,2",FLORIANOPOLIS,SC,Colisão traseira,Ingestão de álcool pelo condutor,Nublado,2025-01-04,16
2025-01-04,15:20:00,280,"307,3",BARRACAO,PR,Colisão traseira,Condutor deixou de manter distância do veículo da frente,Céu Claro,2025-01-04,15
2025-01-04,16:35:00,101,490,ANGRA DOS REIS,RJ,Atropelamento de Pedestre,Ausência de reação do condutor,Céu Claro,2025-01-04,16
2025-01-04,17:00:00,235,11,NOSSA SENHORA DO SOCORRO,SE,Colisão transversal,Acessar a via sem observar a presença dos outros veículos,Céu Claro,2025-01-04,17
2025-01-04,16:15:00,101,51,ABREU E LIMA,PE,Saída de leito carroçável,Velocidade Incompatível,Sol,2025-01-04,16
2025-01-04,16:15:00,101,"51,8",ABREU E LIMA,PE,Saída de leito carroçável,Velocidade Incompatível,Céu Claro,2025-01-04,16
2025-01-04,17:30:00,101,"118,1",ITAJAI,SC,Tombamento,Ausência de reação do condutor,Sol,2025-01-04,17
2025-01-04,15:40:00,316,"406,5",ALTO ALEGRE DO MARANHAO,MA,Saída de leito carroçável,Chuva,Chuva,2025-01-04,15
2025-01-04,16:40:00,101,"122,7",ITAJAI,SC,Colisão lateral mesmo sentido,Manobra de mudança de faixa,Nublado,2025-01-04,16
2025-01-04,15:15:00,290,654,URUGUAIANA,RS,Saída de leito carroçável,Ausência de reação do condutor,Céu Claro,2025-01-04,15
2025-01-04,17:50:00,101,72,NATAL,RN,Colisão transversal,Desrespeitar a preferência no cruzamento,Céu Claro,2025-01-04,17
2025-01-04,18:15:00,101,"391,9",RIO NOVO DO SUL,ES,Colisão traseira,Acessar a via sem observar a presença dos outros veículos,Céu Claro,2025-01-04,18
2025-01-04,18:20:00,373,399,CANDOI,PR,Saída de leito carroçável,Reação tardia ou ineficiente do condutor,Céu Claro,2025-01-04,18
2025-01-04,17:55:00,101,"271,5",SERRA,ES,Colisão lateral sentido oposto,Transitar na contramão,Céu Claro,2025-01-04,17
2025-01-04,15:10:00,70,373,MONTES CLAROS DE GOIAS,GO,Saída de leito carroçável,Reação tardia ou ineficiente do condutor,Céu Claro,2025-01-04,15
2025-01-04,18:36:00,407,130,PETROLINA,PE,Colisão frontal,Transitar na contramão,Céu Claro,2025-01-04,18
2025-01-04,19:00:00,110,"51,6",MOSSORO,RN,Colisão transversal,Acessar a via sem observar a presença dos outros veículos,Céu Claro,2025-01-04,19
2025-01-04,19:15:00,101,44,UBATUBA,SP,Colisão transversal,Reação tardia ou ineficiente do condutor,Nublado,2025-01-04,19
2025-01-04,18:05:00,376,"4,6",MANDAGUARI,PR,Colisão transversal,Conversão proibida,Céu Claro,2025-01-04,18
2025-01-04,19:30:00,116,804,ALEM PARAIBA,MG,Saída de leito carroçável,Velocidade Incompatível,Chuva,2025-01-04,19
2025-01-04,17:40:00,101,327,CAPIVARI DE BAIXO,SC,Colisão traseira,Ausência de reação do condutor,Céu Claro,2025-01-04,17
2025-01-04,18:30:00,316,59,MONSENHOR GIL,PI,Colisão transversal,Acessar a via sem observar a presença dos outros veículos,Céu Claro,2025-01-04,18
2025-01-04,18:00:00,222,35,CAUCAIA,CE,Colisão com objeto,Velocidade Incompatível,Céu Claro,2025-01-04,18
2025-01-04,19:30:00,381,498,BETIM,MG,Colisão traseira,Velocidade Incompatível,Nublado,2025-01-04,19
2025-01-04,20:00:00,116,"102,9",PINDAMONHANGABA,SP,Colisão traseira,Trafegar com motocicleta (ou similar) entre as faixas,Céu Claro,2025-01-04,20
2025-01-04,18:30:00,101,100,ALAGOINHAS,BA,Colisão traseira,Ingestão de álcool pelo condutor,Céu Claro,2025-01-04,18
2025-01-04,19:40:00,406,148,CEARA-MIRIM,RN,Atropelamento de Animal,Animais na Pista,Céu Claro,2025-01-04,19
2025-01-04,20:10:00,476,151,ARAUCARIA,PR,Atropelamento de Pedestre,Entrada inopinada do pedestre,Céu Claro,2025-01-04,20
2025-01-04,19:50:00,376,641,TIJUCAS DO SUL,PR,Engavetamento,Manobra de mudança de faixa,Garoa/Chuvisco,2025-01-04,19
2025-01-04,18:40:00,110,"126,9",AUGUSTO SEVERO,RN,Saída de leito carroçável,Reação tardia ou ineficiente do condutor,Céu Claro,2025-01-04,18
2025-01-04,20:25:00,232,"256,2",ARCOVERDE,PE,Atropelamento de Animal,Animais na Pista,Céu Claro,2025-01-04,20
2025-01-04,17:00:00,153,253,COLINAS DO TOCANTINS,TO,Tombamento,Reação tardia ou ineficiente do condutor,Céu Claro,2025-01-04,17
2025-01-04,20:30:00,282,"16,6",PALHOCA,SC,Colisão frontal,Acesso irregular,Céu Claro,2025-01-04,20
2025-01-04,20:10:00,70,"8,5",AGUAS LINDAS DE GOIAS,GO,Atropelamento de Pedestre,Pedestre cruzava a pista fora da faixa,Céu Claro,2025-01-04,20
2025-01-04,18:20:00,435,"85,3",COLORADO DO OESTE,RO,Colisão transversal,Ultrapassagem Indevida,Céu Claro,2025-01-04,18
2025-01-04,21:00:00,226,2,NATAL,RN,Atropelamento de Pedestre,Pedestre andava na pista,Céu Claro,2025-01-04,21
2025-01-04,19:50:00,101,118,ITAJAI,SC,Incêndio,Demais falhas mecânicas ou elétricas,Céu Claro,2025-01-04,19
2025-01-04,19:41:00,232,409,SERRA TALHADA,PE,Colisão transversal,Ultrapassagem Indevida,Céu Claro,2025-01-04,19
2025-01-04,20:40:00,235,"36,3",AREIA BRANCA,SE,Colisão traseira,Ingestão de álcool pelo condutor,Nublado,2025-01-04,20
2025-01-04,21:21:00,262,362,BETIM,MG,Tombamento,Ausência de reação do condutor,Céu Claro,2025-01-04,21
2025-01-04,20:30:00,153,"73,6",CONSELHEIRO MAIRINCK,PR,Colisão traseira,Condutor desrespeitou a iluminação vermelha do semáforo,Céu Claro,2025-01-04,20
2025-01-04,17:45:00,230,408,POMBAL,PB,Colisão traseira,Condutor deixou de manter distância do veículo da frente,Ignorado,2025-01-04,17
2025-01-04,20:02:00,319,64,PORTO VELHO,RO,Colisão transversal,Condutor desrespeitou a iluminação vermelha do semáforo,Céu Claro,2025-01-04,20
2025-01-04,20:54:00,369,"47,4",BANDEIRANTES,PR,Saída de leito carroçável,Ausência de reação do condutor,Céu Claro,2025-01-04,20
2025-01-04,21:20:00,163,"80,4",ITAQUIRAI,MS,Tombamento,Ausência de reação do condutor,Céu Claro,2025-01-04,21
2025-01-04,21:20:00,324,"609,5",SIMOES FILHO,BA,Saída de leito carroçável,Ausência de reação do condutor,Céu Claro,2025-01-04,21
2025-01-04,21:25:00,116,"218,9",CORREIA PINTO,SC,Atropelamento de Pedestre,Entrada inopinada do pedestre,Céu Claro,2025-01-04,21
2025-01-04,21:00:00,432,209,CANTA,RR,Colisão com objeto,Ausência de reação do condutor,Céu Claro,2025-01-04,21
2025-01-04,12:00:00,101,149,ITAPEMA,SC,Colisão lateral mesmo sentido,Ultrapassagem Indevida,Sol,2025-01-04,12
2025-01-04,22:50:00,364,30,FRUTAL,MG,Atropelamento de Animal,Animais na Pista,Céu Claro,2025-01-04,22
2025-01-04,19:00:00,116,"91,9",CAMPESTRE DA SERRA,RS,Tombamento,Demais falhas na via,Céu Claro,2025-01-04,19
2025-01-04,21:40:00,153,338,JARAGUA,GO,Colisão traseira,Condutor deixou de manter distância do veículo da frente,Céu Claro,2025-01-04,21
2025-01-04,23:30:00,470,"147,2",RIO DO SUL,SC,Saída de leito carroçável,Demais falhas na via,Céu Claro,2025-01-04,23
2025-01-04,21:30:00,285,5,SAO BORJA,RS,Colisão frontal,Transitar na contramão,Céu Claro,2025-01-04,21
2025-01-04,20:54:00,101,399,ITAGUAI,RJ,Colisão traseira,Condutor deixou de manter distância do veículo da frente,Céu Claro,2025-01-04,20
2025-01-04,21:15:00,40,124,DUQUE DE CAXIAS,RJ,Colisão lateral mesmo sentido,Acesso irregular,Céu Claro,2025-01-04,21
2025-01-04,23:57:00,70,"3,3",BRASILIA,DF,Colisão traseira,Ingestão de álcool pelo condutor,Céu Claro,2025-01-04,23
2025-01-04,20:50:00,116,"407,8",GOVERNADOR VALADARES,MG,Colisão transversal,Conversão proibida,Céu Claro,2025-01-04,20
2025-01-05,00:05:00,101,321,NITEROI,RJ,Tombamento,Reação tardia ou ineficiente do condutor,Céu Claro,2025-01-05,0
2025-01-04,23:45:00,50,42,ARAGUARI,MG,Colisão traseira,Manobra de mudança de faixa,Nublado,2025-01-04,23
2025-01-05,01:15:00,20,"179,8",ALVORADA DO NORTE,GO,Colisão frontal,Ingestão de álcool pelo condutor,Nublado,2025-01-05,1
2025-01-05,01:20:00,101,96,NATAL,RN,Colisão com objeto,Reação tardia ou ineficiente do condutor,Ignorado,2025-01-05,1
2025-01-05,00:04:00,116,546,BARRA DO TURVO,SP,Colisão com objeto,Reação tardia ou ineficiente do condutor,Garoa/Chuvisco,2025-01-05,0
2025-01-05,00:40:00,470,"222,9",GARIBALDI,RS,Saída de leito carroçável,Reação tardia ou ineficiente do condutor,Céu Claro,2025-01-05,0
2025-01-04,23:00:00,493,66,NOVA IGUACU,RJ,Atropelamento de Pedestre,Entrada inopinada do pedestre,Céu Claro,2025-01-04,23
2025-01-05,03:00:00,304,24,MOSSORO,RN,Saída de leito carroçável,Reação tardia ou ineficiente do condutor,Céu Claro,2025-01-05,3
2025-01-05,02:00:00,110,9,PAULO AFONSO,BA,Queda de ocupante de veículo,Ausência de reação do condutor,Céu Claro,2025-01-05,2
2025-01-05,03:30:00,324,601,SIMOES FILHO,BA,Queda de ocupante de veículo,Ausência de reação do condutor,Céu Claro,2025-01-05,3
2025-01-05,02:48:00,262,"169,9",RIBAS DO RIO PARDO,MS,Saída de leito carroçável,Avarias e/ou desgaste excessivo no pneu,Céu Claro,2025-01-05,2
2025-01-05,03:40:00,153,493,GOIANIA,GO,Queda de ocupante de veículo,Ausência de reação do condutor,Céu Claro,2025-01-05,3
2025-01-05,03:05:00,50,257,CATALAO,GO,Saída de leito carroçável,Mal súbito do condutor,Chuva,2025-01-05,3
2025-01-05,04:10:00,116,"54,9",LORENA,SP,Tombamento,Ingestão de álcool pelo condutor,Céu Claro,2025-01-05,4
2025-01-05,05:18:00,40,523,CONTAGEM,MG,Tombamento,Demais falhas na via,Nublado,2025-01-05,5
2025-01-05,04:26:00,476,216,LAPA,PR,Saída de leito carroçável,Ausência de reação do condutor,Nublado,2025-01-05,4
2025-01-05,05:00:00,316,16,TERESINA,PI,Saída de leito carroçável,Ingestão de álcool pelo condutor,Nublado,2025-01-05,5
2025-01-05,06:10:00,101,85,SAO GONCALO DO AMARANTE,RN,Colisão traseira,Condutor deixou de manter distância do veículo da frente,Céu Claro,2025-01-05,6
2025-01-05,06:30:00,381,"746,9",TRES CORACOES,MG,Saída de leito carroçável,Condutor Dormindo,Céu Claro,2025-01-05,6
2025-01-05,05:00:00,472,"136,8",TRES DE MAIO,RS,Saída de leito carroçável,Demais falhas mecânicas ou elétricas,Céu Claro,2025-01-05,5
2025-01-05,00:20:00,324,"0,3",FEIRA DE SANTANA,BA,Colisão com objeto,Ingestão de álcool pelo condutor,Céu Claro,2025-01-05,0
2025-01-05,06:00:00,101,160,GAMELEIRA,PE,Colisão traseira,Condutor deixou de manter distância do veículo da frente,Céu Claro,2025-01-05,6
2025-01-05,06:40:00,277,180,PALMEIRA,PR,Colisão frontal,Ultrapassagem Indevida,Nublado,2025-01-05,6
2025-01-05,06:45:00,230,"19,9",JOAO PESSOA,PB,Tombamento,Ausência de reação do condutor,Chuva,2025-01-05,6
2025-01-05,06:45:00,230,20,JOAO PESSOA,PB,Tombamento,Pista Escorregadia,Chuva,2025-01-05,6
2025-01-04,22:30:00,40,120,DUQUE DE CAXIAS,RJ,Colisão traseira,Reação tardia ou ineficiente do condutor,Nublado,2025-01-04,22
2025-01-05,05:30:00,101,448,AURELINO LEAL,BA,Saída de leito carroçável,Condutor Dormindo,Céu Claro,2025-01-05,5
2025-01-05,07:45:00,262,34,DOMINGOS MARTINS,ES,Saída de leito carroçável,Pista Escorregadia,Chuva,2025-01-05,7
2025-01-05,04:20:00,381,491,BETIM,MG,Colisão com objeto,Velocidade Incompatível,Céu Claro,2025-01-05,4
2025-01-05,07:35:00,343,188,PIRIPIRI,PI,Colisão transversal,Acessar a via sem observar a presença dos outros veículos,Céu Claro,2025-01-05,7
2025-01-05,08:30:00,101,"195,2",BIGUACU,SC,Colisão transversal,Transitar na contramão,Céu Claro,2025-01-05,8
2025-01-05,06:30:00,364,"421,3",JARU,RO,Tombamento,Velocidade Incompatível,Nublado,2025-01-05,6
2025-01-05,08:40:00,101,123,ITAJAI,SC,Colisão transversal,Desrespeitar a preferência no cruzamento,Nublado,2025-01-05,8
2025-01-05,09:35:00,365,"41,3",CLARO DOS POCOES,MG,Saída de leito carroçável,Ausência de reação do condutor,Sol,2025-01-05,9
2025-01-05,09:30:00,262,94,ABRE CAMPO,MG,Colisão transversal,Acessar a via sem observar a presença dos outros veículos,Nublado,2025-01-05,9
2025-01-05,08:00:00,101,198,BIGUACU,SC,Incêndio,Demais falhas mecânicas ou elétricas,Céu Claro,2025-01-05,8
2025-01-05,10:05:00,230,"132,8",CAMPINA GRANDE,PB,Tombamento,Ausência de reação do condutor,Sol,2025-01-05,10
2025-01-05,06:00:00,40,"258,5",SAO GONCALO DO ABAETE,MG,Saída de leito carroçável,Pista esburacada,Nublado,2025-01-05,6
2025-01-05,07:30:00,116,29,SAPUCAIA,RJ,Colisão com objeto,Velocidade Incompatível,Nublado,2025-01-05,7
2025-01-05,07:20:00,101,762,ITABELA,BA,Colisão frontal,Avarias e/ou desgaste excessivo no pneu,Céu Claro,2025-01-05,7
2025-01-05,10:10:00,316,"10,9",TERESINA,PI,Colisão transversal,Desrespeitar a preferência no cruzamento,Sol,2025-01-05,10
2025-01-05,09:40:00,101,40,UBATUBA,SP,Colisão traseira,Ausência de reação do condutor,Céu Claro,2025-01-05,9
2025-01-05,09:00:00,101,128,ALAGOINHAS,BA,Saída de leito carroçável,Demais Fenômenos da natureza,Céu Claro,2025-01-05,9
2025-01-05,09:20:00,262,"532,9",LUZ,MG,Colisão traseira,Reação tardia ou ineficiente do condutor,Céu Claro,2025-01-05,9
2025-01-05,09:40:00,135,43,BACABEIRA,MA,Colisão traseira,Reação tardia ou ineficiente do condutor,Céu Claro,2025-01-05,9
2025-01-05,11:21:00,101,66,SAO MATEUS,ES,Colisão traseira,Condutor deixou de manter distância do veículo da frente,Chuva,2025-01-05,11
2025-01-05,10:00:00,354,20,RESENDE,RJ,Colisão lateral sentido oposto,Transitar na contramão,Céu Claro,2025-01-05,10
2025-01-05,11:00:00,60,285,ACREUNA,GO,Colisão com objeto,Reação tardia ou ineficiente do condutor,Nublado,2025-01-05,11
2025-01-05,12:06:00,101,"40,7",CONCEICAO DA BARRA,ES,Queda de ocupante de veículo,Chuva,Chuva,2025-01-05,12
2025-01-05,10:55:00,101,"403,3",MARACAJA,SC,Engavetamento,Condutor deixou de manter distância do veículo da frente,Céu Claro,2025-01-05,10
2025-01-05,11:45:00,116,307,SAO LOURENCO DA SERRA,SP,Colisão lateral mesmo sentido,Manobra de mudança de faixa,Céu Claro,2025-01-05,11
2025-01-05,12:00:00,381,"0,5",BETIM,MG,Colisão lateral mesmo sentido,Trafegar com motocicleta (ou similar) entre as faixas,Céu Claro,2025-01-05,12
2025-01-05,12:10:00,101,"36,7",TRES CACHOEIRAS,RS,Colisão com objeto,Ausência de reação do condutor,Céu Claro,2025-01-05,12
2025-01-05,11:15:00,101,"33,5",TRES CACHOEIRAS,RS,Tombamento,Demais falhas mecânicas ou elétricas,Céu Claro,2025-01-05,11
2025-01-05,12:00:00,277,"335,2",GUARAPUAVA,PR,Tombamento,Reação tardia ou ineficiente do condutor,Céu Claro,2025-01-05,12
2025-01-05,13:10:00,381,76,SAO PAULO,SP,Colisão lateral mesmo sentido,Velocidade Incompatível,Céu Claro,2025-01-05,13
2025-01-05,13:15:00,116,283,EMBU DAS ARTES,SP,Colisão transversal,Conversão proibida,Céu Claro,2025-01-05,13
2025-01-05,12:00:00,116,264,VOLTA REDONDA,RJ,Colisão lateral mesmo sentido,Acessar a via sem observar a presença dos outros veículos,Céu Claro,2025-01-05,12
2025-01-05,13:00:00,101,"12,2",GARUVA,SC,Colisão lateral mesmo sentido,Ausência de reação do condutor,Nublado,2025-01-05,13
2025-01-05,13:10:00,101,433,MANGARATIBA,RJ,Colisão transversal,Conversão proibida,Nublado,2025-01-05,13
2025-01-05,09:45:00,10,167,PORTO FRANCO,MA,Colisão lateral sentido oposto,Transitar na contramão,Céu Claro,2025-01-05,9
2025-01-05,11:00:00,70,474,ARAGARCAS,GO,Colisão com objeto,Reação tardia ou ineficiente do condutor,Céu Claro,2025-01-05,11
2025-01-05,12:02:00,364,345,JI-PARANA,RO,Colisão lateral mesmo sentido,Conversão proibida,Sol,2025-01-05,12
2025-01-05,14:10:00,101,220,PALHOCA,SC,Colisão traseira,Condutor deixou de manter distância do veículo da frente,Céu Claro,2025-01-05,14
2025-01-05,13:10:00,232,418,SERRA TALHADA,PE,Tombamento,Ausência de reação do condutor,Céu Claro,2025-01-05,13
2025-01-05,13:00:00,376,512,PONTA GROSSA,PR,Saída de leito carroçável,Ausência de reação do condutor,Céu Claro,2025-01-05,13
2025-01-05,13:00:00,262,535,LUZ,MG,Saída de leito carroçável,Reação tardia ou ineficiente do condutor,Céu Claro,2025-01-05,13
2025-01-05,09:10:00,262,624,MIRANDA,MS,Tombamento,Ausência de reação do condutor,Céu Claro,2025-01-05,9
2025-01-05,13:30:00,101,180,PALMARES,PE,Colisão transversal,Acesso irregular,Céu Claro,2025-01-05,13
2025-01-05,15:30:00,277,"7,7",PARANAGUA,PR,Colisão traseira,Ausência de reação do condutor,Nublado,2025-01-05,15
2025-01-05,15:30:00,290,24,SANTO ANTONIO DA PATRULHA,RS,Colisão traseira,Ausência de reação do condutor,Céu Claro,2025-01-05,15
2025-01-05,15:30:00,469,13,FOZ DO IGUACU,PR,Incêndio,Demais falhas mecânicas ou elétricas,Céu Claro,2025-01-05,15
2025-01-05,14:30:00,232,"79,4",GRAVATA,PE,Colisão traseira,Ingestão de álcool pelo condutor,Céu Claro,2025-01-05,14
2025-01-05,16:08:00,230,27,JOAO PESSOA,PB,Colisão traseira,Condutor deixou de manter distância do veículo da frente,Céu Claro,2025-01-05,16
2025-01-05,15:10:00,381,358,JOAO MONLEVADE,MG,Colisão transversal,Acessar a via sem observar a presença dos outros veículos,Nublado,2025-01-05,15
2025-01-05,16:00:00,232,"7,1",RECIFE,PE,Colisão traseira,Condutor deixou de manter distância do veículo da frente,Céu Claro,2025-01-05,16
2025-01-05,14:40:00,101,57,CAMPOS DOS GOYTACAZES,RJ,Colisão transversal,Acessar a via sem observar a presença dos outros veículos,Chuva,2025-01-05,14
2025-01-05,16:50:00,365,683,MONTE ALEGRE DE MINAS,MG,Saída de leito carroçável,Animais na Pista,Nublado,2025-01-05,16
2025-01-05,16:10:00,392,"53,9",RIO GRANDE,RS,Saída de leito carroçável,Ingestão de álcool pelo condutor,Céu Claro,2025-01-05,16
2025-01-05,17:00:00,20,184,LUIS EDUARDO MAGALHAES,BA,Colisão traseira,Acessar a via sem observar a presença dos outros veículos,Nublado,2025-01-05,17
2025-01-05,15:40:00,101,"61,9",ARAQUARI,SC,Tombamento,Reação tardia ou ineficiente do condutor,Céu Claro,2025-01-05,15
2025-01-05,16:15:00,277,"631,7",CEU AZUL,PR,Saída de leito carroçável,Ultrapassagem Indevida,Céu Claro,2025-01-05,16
2025-01-05,17:45:00,101,226,PALHOCA,SC,Colisão traseira,Condutor deixou de manter distância do veículo da frente,Céu Claro,2025-01-05,17
2025-01-05,17:55:00,101,"46,8",CONCEICAO DA BARRA,ES,Queda de ocupante de veículo,Chuva,Chuva,2025-01-05,17
2025-01-05,18:05:00,230,9,CABEDELO,PB,Colisão lateral mesmo sentido,Ingestão de álcool pelo condutor,Céu Claro,2025-01-05,18
2025-01-05,17:55:00,369,347,CAMPO MOURAO,PR,Colisão traseira,Acesso irregular,Céu Claro,2025-01-05,17
2025-01-05,17:50:00,153,"500,2",GOIANIA,GO,Colisão traseira,Condutor deixou de manter distância do veículo da frente,Céu Claro,2025-01-05,17
2025-01-05,15:50:00,174,478,COMODORO,MT,Colisão traseira,Reação tardia ou ineficiente do condutor,Garoa/Chuvisco,2025-01-05,15
2025-01-05,16:40:00,381,"777,8",CAMPANHA,MG,Colisão com objeto,Demais falhas mecânicas ou elétricas,Céu Claro,2025-01-05,16
2025-01-05,18:35:00,230,"292,2",SANTA LUZIA,PB,Colisão transversal,Acessar a via sem observar a presença dos outros veículos,Céu Claro,2025-01-05,18
2025-01-05,18:00:00,365,"749,1",ITUIUTABA,MG,Saída de leito carroçável,Ausência de reação do condutor,Céu Claro,2025-01-05,18
2025-01-05,11:30:00,242,477,IBITIARA,BA,Saída de leito carroçável,Velocidade Incompatível,Céu Claro,2025-01-05,11
2025-01-05,17:45:00,116,196,QUEIMADOS,RJ,Colisão com objeto,Velocidade Incompatível,Céu Claro,2025-01-05,17
2025-01-05,13:40:00,230,309,SAO RAIMUNDO DAS MANGABEIRAS,MA,Saída de leito carroçável,Ultrapassagem Indevida,Céu Claro,2025-01-05,13
2025-01-05,19:06:00,262,359,BETIM,MG,Saída de leito carroçável,Ingestão de álcool pelo condutor,Chuva,2025-01-05,19
2025-01-05,17:11:00,376,355,ORTIGUEIRA,PR,Colisão traseira,Condutor deixou de manter distância do veículo da frente,Céu Claro,2025-01-05,17
2025-01-05,18:45:00,277,84,CURITIBA,PR,Tombamento,Reação tardia ou ineficiente do condutor,Nublado,2025-01-05,18
2025-01-05,14:00:00,418,77,NOVA VICOSA,BA,Atropelamento de Pedestre,Entrada inopinada do pedestre,Céu Claro,2025-01-05,14
2025-01-05,19:20:00,259,"31,8",COLATINA,ES,Colisão frontal,Transitar na contramão,Garoa/Chuvisco,2025-01-05,19
2025-01-05,19:30:00,101,805,ITAMARAJU,BA,Tombamento,Reação tardia ou ineficiente do condutor,Nublado,2025-01-05,19
2025-01-05,18:30:00,343,219,COCAL DE TELHA,PI,Colisão lateral sentido oposto,Transitar na contramão,Nublado,2025-01-05,18
2025-01-05,14:00:00,116,"64,6",MONTE CASTELO,SC,Colisão traseira,Ausência de reação do condutor,Sol,2025-01-05,14
2025-01-05,20:00:00,116,364,SERRINHA,BA,Incêndio,Demais falhas mecânicas ou elétricas,Céu Claro,2025-01-05,20
2025-01-05,19:10:00,470,0,NAVEGANTES,SC,Colisão transversal,Acessar a via sem observar a presença dos outros veículos,Céu Claro,2025-01-05,19
2025-01-05,20:00:00,116,"445,1",ENGENHEIRO CALDAS,MG,Atropelamento de Pedestre,Entrada inopinada do pedestre,Chuva,2025-01-05,20
2025-01-05,20:30:00,381,3,BETIM,MG,Saída de leito carroçável,Reação tardia ou ineficiente do condutor,Céu Claro,2025-01-05,20
2025-01-05,19:55:00,116,"498,5",INHAPIM,MG,Colisão frontal,Transitar na contramão,Nublado,2025-01-05,19
2025-01-05,21:00:00,277,650,MATELANDIA,PR,Saída de leito carroçável,Ausência de reação do condutor,Céu Claro,2025-01-05,21
2025-01-05,17:10:00,174,338,CONQUISTA DOESTE,MT,Saída de leito carroçável,Velocidade Incompatível,Garoa/Chuvisco,2025-01-05,17
2025-01-05,21:15:00,393,"281,3",VOLTA REDONDA,RJ,Tombamento,Velocidade Incompatível,Nublado,2025-01-05,21
2025-01-05,17:45:00,316,313,PICOS,PI,Atropelamento de Pedestre,Área urbana sem a presença de local apropriado para a travessia de pedestres,Nublado,2025-01-05,17
2025-01-05,21:30:00,277,124,CAMPO LARGO,PR,Atropelamento de Pedestre,Pedestre cruzava a pista fora da faixa,Ignorado,2025-01-05,21
2025-01-05,20:38:00,40,35,LUZIANIA,GO,Colisão transversal,Conversão proibida,Céu Claro,2025-01-05,20
2025-01-05,19:00:00,465,6,SEROPEDICA,RJ,Colisão transversal,Acessar a via sem observar a presença dos outros veículos,Céu Claro,2025-01-05,19
2025-01-05,21:45:00,60,"101,4",ANAPOLIS,GO,Atropelamento de Pedestre,Suicídio (presumido),Céu Claro,2025-01-05,21
2025-01-05,21:40:00,163,8,BARRACAO,PR,Colisão transversal,Acessar a via sem observar a presença dos outros veículos,Ignorado,2025-01-05,21
2025-01-05,20:40:00,101,"256,2",SERRA,ES,Capotamento,Acessar a via sem observar a presença dos outros veículos,Chuva,2025-01-05,20
2025-01-05,21:30:00,101,"692,6",EUNAPOLIS,BA,Capotamento,Velocidade Incompatível,Céu Claro,2025-01-05,21
2025-01-05,17:05:00,381,"768,9",CAMPANHA,MG,Saída de leito carroçável,Velocidade Incompatível,Sol,2025-01-05,17
2025-01-05,22:30:00,290,"91,7",PORTO ALEGRE,RS,Capotamento,Ingestão de álcool pelo condutor,Céu Claro,2025-01-05,22
2025-01-05,20:30:00,116,69,APARECIDA,SP,Atropelamento de Pedestre,Entrada inopinada do pedestre,Nublado,2025-01-05,20
2025-01-05,22:40:00,116,"465,3",SAO LOURENCO DO SUL,RS,Colisão traseira,Deficiência do Sistema de Iluminação/Sinalização,Céu Claro,2025-01-05,22
2025-01-05,22:50:00,116,181,NOVA IGUACU,RJ,Colisão com objeto,Ingestão de álcool pelo condutor,Garoa/Chuvisco,2025-01-05,22
2025-01-05,22:48:00,101,263,SERRA,ES,Colisão lateral mesmo sentido,Manobra de mudança de faixa,Nublado,2025-01-05,22
2025-01-05,22:30:00,50,176,UBERABA,MG,Colisão com objeto,Reação tardia ou ineficiente do condutor,Céu Claro,2025-01-05,22
2025-01-05,21:40:00,459,15,PIQUETE,SP,Colisão transversal,Acessar a via sem observar a presença dos outros veículos,Céu Claro,2025-01-05,21
2025-01-06,00:10:00,60,90,ANAPOLIS,GO,Colisão com objeto,Ausência de reação do condutor,Céu Claro,2025-01-06,0
2025-01-06,00:10:00,116,178,BELFORD ROXO,RJ,Queda de ocupante de veículo,Ausência de reação do condutor,Céu Claro,2025-01-06,0
2025-01-06,00:30:00,116,"219,7",GUARULHOS,SP,Tombamento,Reação tardia ou ineficiente do condutor,Nublado,2025-01-06,0
2025-01-05,23:20:00,230,12,BARAO DE GRAJAU,MA,Atropelamento de Animal,Animais na Pista,Céu Claro,2025-01-05,23
2025-01-06,01:00:00,40,523,CONTAGEM,MG,Saída de leito carroçável,Ingestão de álcool pelo condutor,Garoa/Chuvisco,2025-01-06,1
2025-01-06,00:30:00,40,79,PETROPOLIS,RJ,Capotamento,Reação tardia ou ineficiente do condutor,Nublado,2025-01-06,0
2025-01-05,23:45:00,101,297,ITABORAI,RJ,Colisão traseira,Transtornos Mentais (exceto suicidio),Céu Claro,2025-01-05,23
2025-01-05,21:30:00,282,325,CAMPOS NOVOS,SC,Colisão lateral mesmo sentido,Acessar a via sem observar a presença dos outros veículos,Céu Claro,2025-01-05,21
2025-01-06,03:30:00,277,39,MORRETES,PR,Colisão com objeto,Curva acentuada,Garoa/Chuvisco,2025-01-06,3
2025-01-06,03:10:00,290,"222,1",PANTANO GRANDE,RS,Saída de leito carroçável,Ausência de reação do condutor,Céu Claro,2025-01-06,3
2025-01-06,03:53:00,470,255,SALVADOR DO SUL,RS,Saída de leito carroçável,Reação tardia ou ineficiente do condutor,Céu Claro,2025-01-06,3
2025-01-06,05:10:00,376,"626,9",SAO JOSE DOS PINHAIS,PR,Saída de leito carroçável,Condutor Dormindo,Nublado,2025-01-06,5