data_inversa,horario,br,km,municipio,uf,tipo_acidente,causa_acidente,condicao_metereologica,data,hora
2025-01-06,05:00:00,407,"33,8",JUAZEIRO,BA,Saída de leito carroçável,Ausência de reação do condutor,Céu Claro,2025-01-06,5
2025-01-06,05:30:00,282,528,XAXIM,SC,Capotamento,Reação tardia ou ineficiente do condutor,Céu Claro,2025-01-06,5
2025-01-05,20:30:00,381,430,SABARA,MG,Colisão frontal,Acumulo de água sobre o pavimento,Chuva,2025-01-05,20
2025-01-06,06:27:00,101,"282,9",TANGUA,RJ,Queda de ocupante de veículo,Acumulo de areia ou detritos sobre o pavimento,Sol,2025-01-06,6
2025-01-05,08:00:00,70,50,BARRA DO GARCAS,MT,Capotamento,Acumulo de água sobre o pavimento,Chuva,2025-01-05,8
2025-01-06,02:00:00,376,"513,5",PONTA GROSSA,PR,Colisão com objeto,Condutor Dormindo,Nublado,2025-01-06,2
2025-01-06,07:00:00,153,619,MORRINHOS,GO,Saída de leito carroçável,Ingestão de álcool pelo condutor,Chuva,2025-01-06,7
2025-01-06,06:45:00,50,21,UBERLANDIA,MG,Colisão lateral mesmo sentido,Ausência de reação do condutor,Nublado,2025-01-06,6
2025-01-06,07:20:00,116,"125,7",FAZENDA RIO GRANDE,PR,Colisão lateral mesmo sentido,Demais falhas mecânicas ou elétricas,Céu Claro,2025-01-06,7
2025-01-06,07:45:00,376,617,SAO JOSE DOS PINHAIS,PR,Colisão frontal,Acessar a via sem observar a presença dos outros veículos,Céu Claro,2025-01-06,7
2025-01-06,07:40:00,386,"344,6",LAJEADO,RS,Colisão transversal,Acessar a via sem observar a presença dos outros veículos,Céu Claro,2025-01-06,7
2025-01-06,06:40:00,163,751,SORRISO,MT,Colisão transversal,Acessar a via sem observar a presença dos outros veículos,Nublado,2025-01-06,6
2025-01-05,19:40:00,101,511,ANGRA DOS REIS,RJ,Colisão transversal,Ingestão de álcool pelo condutor,Nublado,2025-01-05,19
2025-01-06,07:30:00,116,"111,6",TAUBATE,SP,Colisão traseira,Reação tardia ou ineficiente do condutor,Céu Claro,2025-01-06,7
2025-01-06,06:10:00,262,"70,3",MATIPO,MG,Colisão frontal,Ausência de reação do condutor,Nublado,2025-01-06,6
2025-01-06,07:00:00,116,411,GOVERNADOR VALADARES,MG,Colisão transversal,Acessar a via sem observar a presença dos outros veículos,Céu Claro,2025-01-06,7
2025-01-06,07:45:00,101,"145,5",LINHARES,ES,Colisão traseira,Velocidade Incompatível,Céu Claro,2025-01-06,7
2025-01-06,06:30:00,101,477,ANGRA DOS REIS,RJ,Colisão lateral mesmo sentido,Velocidade Incompatível,Céu Claro,2025-01-06,6
2025-01-06,08:00:00,277,"21,6",MORRETES,PR,Tombamento,Avarias e/ou desgaste excessivo no pneu,Nublado,2025-01-06,8
2025-01-06,08:20:00,290,80,GRAVATAI,RS,Colisão traseira,Manobra de mudança de faixa,Céu Claro,2025-01-06,8
2025-01-06,06:00:00,40,119,DUQUE DE CAXIAS,RJ,Colisão com objeto,Ausência de reação do condutor,Céu Claro,2025-01-06,6
2025-01-06,08:10:00,290,86,PORTO ALEGRE,RS,Colisão traseira,Condutor deixou de manter distância do veículo da frente,Céu Claro,2025-01-06,8
2025-01-06,08:40:00,101,118,ITAJAI,SC,Colisão traseira,Trafegar com motocicleta (ou similar) entre as faixas,Céu Claro,2025-01-06,8
2025-01-06,06:55:00,153,"328,9",RIANAPOLIS,GO,Saída de leito carroçável,Reação tardia ou ineficiente do condutor,Chuva,2025-01-06,6
2025-01-06,08:30:00,153,"513,5",APARECIDA DE GOIANIA,GO,Colisão transversal,Ingestão de álcool pelo condutor,Céu Claro,2025-01-06,8
2025-01-06,08:00:00,381,"63,8",MAIRIPORA,SP,Tombamento,Reação tardia ou ineficiente do condutor,Sol,2025-01-06,8
2025-01-06,08:30:00,415,31,ILHEUS,BA,Colisão lateral mesmo sentido,Manobra de mudança de faixa,Céu Claro,2025-01-06,8
2025-01-06,08:08:00,267,"482,1",JARDIM,MS,Colisão traseira,Ausência de reação do condutor,Sol,2025-01-06,8
2025-01-06,09:00:00,101,119,ITAJAI,SC,Colisão traseira,Reação tardia ou ineficiente do condutor,Nublado,2025-01-06,9
2025-01-06,08:00:00,290,"376,8",VILA NOVA DO SUL,RS,Colisão traseira,Reação tardia ou ineficiente do condutor,Céu Claro,2025-01-06,8
2025-01-06,08:57:00,324,610,SIMOES FILHO,BA,Colisão traseira,Condutor deixou de manter distância do veículo da frente,Céu Claro,2025-01-06,8
2025-01-06,09:30:00,70,320,JUSSARA,GO,Colisão transversal,Retorno proibido,Nublado,2025-01-06,9
2025-01-06,10:40:00,101,"205,7",SAO JOSE,SC,Colisão traseira,Reação tardia ou ineficiente do condutor,Céu Claro,2025-01-06,10
2025-01-06,11:10:00,101,60,RECIFE,PE,Queda de ocupante de veículo,Animais na Pista,Sol,2025-01-06,11
2025-01-06,10:10:00,386,"294,4",POUSO NOVO,RS,Saída de leito carroçável,Mal súbito do condutor,Céu Claro,2025-01-06,10
2025-01-06,11:30:00,262,358,BETIM,MG,Saída de leito carroçável,Velocidade Incompatível,Sol,2025-01-06,11
2025-01-06,09:30:00,20,"108,7",FLORES DE GOIAS,GO,Incêndio,Demais falhas mecânicas ou elétricas,Céu Claro,2025-01-06,9
2025-01-06,08:30:00,101,273,LAJE,BA,Engavetamento,Ausência de reação do condutor,Céu Claro,2025-01-06,8
2025-01-06,11:29:00,104,"76,9",CARUARU,PE,Colisão traseira,Condutor deixou de manter distância do veículo da frente,Céu Claro,2025-01-06,11
2025-01-06,12:10:00,101,"209,8",SAO JOSE,SC,Tombamento,Reação tardia ou ineficiente do condutor,Céu Claro,2025-01-06,12
2025-01-06,11:50:00,316,395,FRANCISCO MACEDO,PI,Colisão traseira,Condutor deixou de manter distância do veículo da frente,Chuva,2025-01-06,11
2025-01-06,13:00:00,101,114,CAMPOS DOS GOYTACAZES,RJ,Colisão com objeto,Demais falhas mecânicas ou elétricas,Céu Claro,2025-01-06,13
2025-01-06,12:40:00,101,"114,3",ITAJAI,SC,Colisão traseira,Manobra de mudança de faixa,Céu Claro,2025-01-06,12
2025-01-06,13:00:00,277,"1,5",PARANAGUA,PR,Tombamento,Reação tardia ou ineficiente do condutor,Nublado,2025-01-06,13
2025-01-06,12:39:00,316,1,TERESINA,PI,Colisão traseira,Ausência de reação do condutor,Céu Claro,2025-01-06,12
2025-01-06,09:50:00,40,121,DUQUE DE CAXIAS,RJ,Colisão lateral mesmo sentido,Ultrapassagem Indevida,Céu Claro,2025-01-06,9
2025-01-06,13:40:00,280,52,GUARAMIRIM,SC,Colisão transversal,Desrespeitar a preferência no cruzamento,Nublado,2025-01-06,13
2025-01-06,10:50:00,116,395,SANTA BARBARA,BA,Capotamento,Avarias e/ou desgaste excessivo no pneu,Céu Claro,2025-01-06,10
2025-01-06,13:10:00,493,117,ITAGUAI,RJ,Colisão traseira,Problema com o freio,Céu Claro,2025-01-06,13
2025-01-06,11:15:00,153,"191,9",GETULINA,SP,Saída de leito carroçável,Reação tardia ou ineficiente do condutor,Céu Claro,2025-01-06,11
2025-01-06,13:40:00,116,"519,2",CARATINGA,MG,Tombamento,Avarias e/ou desgaste excessivo no pneu,Céu Claro,2025-01-06,13
2025-01-06,13:00:00,101,285,ITABORAI,RJ,Colisão traseira,Reação tardia ou ineficiente do condutor,Céu Claro,2025-01-06,13
2025-01-06,13:50:00,116,"106,3",TAUBATE,SP,Colisão lateral mesmo sentido,Manobra de mudança de faixa,Nublado,2025-01-06,13
2025-01-06,11:45:00,101,311,SAO GONCALO,RJ,Tombamento,Ausência de reação do condutor,Céu Claro,2025-01-06,11
2025-01-06,12:05:00,436,"7,3",APARECIDA DO TABOADO,MS,Colisão com objeto,Velocidade Incompatível,Céu Claro,2025-01-06,12
2025-01-06,13:20:00,381,"543,9",ITATIAIUCU,MG,Saída de leito carroçável,Velocidade Incompatível,Chuva,2025-01-06,13
2025-01-06,14:40:00,60,360,RIO VERDE,GO,Saída de leito carroçável,Acumulo de água sobre o pavimento,Chuva,2025-01-06,14
2025-01-06,14:45:00,116,"154,1",SAO JOSE DOS CAMPOS,SP,Colisão lateral mesmo sentido,Trafegar com motocicleta (ou similar) entre as faixas,Sol,2025-01-06,14
2025-01-06,14:58:00,232,443,SAO JOSE DO BELMONTE,PE,Colisão lateral sentido oposto,Reação tardia ou ineficiente do condutor,Céu Claro,2025-01-06,14
2025-01-06,16:00:00,230,"26,5",JOAO PESSOA,PB,Colisão traseira,Condutor deixou de manter distância do veículo da frente,Céu Claro,2025-01-06,16
2025-01-06,08:30:00,116,321,ARACI,BA,Colisão transversal,Acessar a via sem observar a presença dos outros veículos,Céu Claro,2025-01-06,8
2025-01-06,16:05:00,101,"415,1",ARARANGUA,SC,Colisão traseira,Manobra de mudança de faixa,Céu Claro,2025-01-06,16
2025-01-06,16:20:00,101,29,UBATUBA,SP,Queda de ocupante de veículo,Animais na Pista,Céu Claro,2025-01-06,16
2025-01-06,16:00:00,101,443,MANGARATIBA,RJ,Colisão traseira,Chuva,Chuva,2025-01-06,16
2025-01-06,16:40:00,235,"1,9",ARACAJU,SE,Colisão traseira,Condutor deixou de manter distância do veículo da frente,Céu Claro,2025-01-06,16
2025-01-06,16:20:00,290,"68,4",GRAVATAI,RS,Tombamento,Ausência de reação do condutor,Sol,2025-01-06,16
2025-01-06,17:20:00,101,88,JOAO PESSOA,PB,Colisão traseira,Condutor deixou de manter distância do veículo da frente,Céu Claro,2025-01-06,17
2025-01-06,16:20:00,163,486,CAMPO GRANDE,MS,Tombamento,Demais falhas mecânicas ou elétricas,Céu Claro,2025-01-06,16
2025-01-06,16:20:00,116,373,FREI INOCENCIO,MG,Atropelamento de Pedestre,Entrada inopinada do pedestre,Nublado,2025-01-06,16
2025-01-06,15:00:00,365,"399,9",PATOS DE MINAS,MG,Saída de leito carroçável,Pista Escorregadia,Chuva,2025-01-06,15
2025-01-06,17:25:00,230,83,CALDAS BRANDAO,PB,Colisão transversal,Acessar a via sem observar a presença dos outros veículos,Céu Claro,2025-01-06,17
2025-01-06,16:50:00,101,675,EUNAPOLIS,BA,Engavetamento,Ausência de reação do condutor,Nublado,2025-01-06,16
2025-01-06,16:35:00,40,122,DUQUE DE CAXIAS,RJ,Colisão lateral mesmo sentido,Manobra de mudança de faixa,Céu Claro,2025-01-06,16
2025-01-06,17:49:00,116,264,CANOAS,RS,Queda de ocupante de veículo,Ausência de reação do condutor,Céu Claro,2025-01-06,17
2025-01-06,16:46:00,304,51,MOSSORO,RN,Colisão frontal,Ultrapassagem Indevida,Céu Claro,2025-01-06,16
2025-01-06,17:30:00,101,69,EXTREMOZ,RN,Colisão transversal,Desrespeitar a preferência no cruzamento,Céu Claro,2025-01-06,17
2025-01-06,17:50:00,381,"483,5",BETIM,MG,Tombamento,Velocidade Incompatível,Chuva,2025-01-06,17
2025-01-06,17:40:00,116,"702,9",MURIAE,MG,Colisão lateral mesmo sentido,Ultrapassagem Indevida,Nublado,2025-01-06,17
2025-01-06,17:25:00,324,530,FEIRA DE SANTANA,BA,Colisão traseira,Frear bruscamente,Céu Claro,2025-01-06,17
2025-01-06,17:26:00,316,151,CAPANEMA,PA,Colisão transversal,Acessar a via sem observar a presença dos outros veículos,Nublado,2025-01-06,17
2025-01-06,15:30:00,381,"75,9",SAO PAULO,SP,Incêndio,Demais falhas mecânicas ou elétricas,Céu Claro,2025-01-06,15
2025-01-06,18:00:00,70,1,BRASILIA,DF,Queda de ocupante de veículo,Reação tardia ou ineficiente do condutor,Céu Claro,2025-01-06,18
2025-01-06,14:15:00,365,"285,9",JOAO PINHEIRO,MG,Saída de leito carroçável,Acumulo de água sobre o pavimento,Chuva,2025-01-06,14
2025-01-06,16:00:00,354,"742,9",POUSO ALTO,MG,Tombamento,Reação tardia ou ineficiente do condutor,Céu Claro,2025-01-06,16
2025-01-06,16:20:00,354,757,ITAMONTE,MG,Colisão traseira,Velocidade Incompatível,Céu Claro,2025-01-06,16
2025-01-06,17:04:00,287,"275,6",SAO PEDRO DO SUL,RS,Colisão com objeto,Demais falhas mecânicas ou elétricas,Céu Claro,2025-01-06,17
2025-01-06,18:30:00,381,340,BELA VISTA DE MINAS,MG,Colisão lateral sentido oposto,Acessar a via sem observar a presença dos outros veículos,Céu Claro,2025-01-06,18
2025-01-06,16:29:00,174,13,VILHENA,RO,Colisão transversal,Desrespeitar a preferência no cruzamento,Céu Claro,2025-01-06,16
2025-01-06,19:00:00,101,"265,9",SERRA,ES,Colisão lateral mesmo sentido,Manobra de mudança de faixa,Chuva,2025-01-06,19
2025-01-06,18:15:00,101,88,JOAO PESSOA,PB,Colisão lateral mesmo sentido,Manobra de mudança de faixa,Céu Claro,2025-01-06,18
2025-01-06,19:00:00,101,"205,1",SAO JOSE,SC,Atropelamento de Pedestre,Pedestre andava na pista,Nublado,2025-01-06,19
2025-01-06,14:30:00,174,379,CONQUISTA DOESTE,MT,Colisão lateral sentido oposto,Ultrapassagem Indevida,Nublado,2025-01-06,14
2025-01-06,18:20:00,104,"119,3",CAMPINA GRANDE,PB,Colisão transversal,Conversão proibida,Céu Claro,2025-01-06,18
2025-01-06,19:30:00,116,321,ITATIAIA,RJ,Colisão com objeto,Acumulo de água sobre o pavimento,Garoa/Chuvisco,2025-01-06,19
2025-01-06,19:59:00,153,434,ANAPOLIS,GO,Colisão com objeto,Reação tardia ou ineficiente do condutor,Céu Claro,2025-01-06,19
2025-01-06,20:05:00,101,"34,9",JOINVILLE,SC,Colisão lateral mesmo sentido,Manobra de mudança de faixa,Garoa/Chuvisco,2025-01-06,20
2025-01-06,17:55:00,476,150,ARAUCARIA,PR,Colisão lateral mesmo sentido,Trafegar com motocicleta (ou similar) entre as faixas,Sol,2025-01-06,17
2025-01-06,19:40:00,364,207,RONDONOPOLIS,MT,Colisão traseira,Chuva,Chuva,2025-01-06,19
2025-01-06,21:20:00,101,45,UBATUBA,SP,Atropelamento de Pedestre,Pedestre andava na pista,Chuva,2025-01-06,21
2025-01-06,21:30:00,235,"5,8",NOSSA SENHORA DO SOCORRO,SE,Saída de leito carroçável,Reação tardia ou ineficiente do condutor,Nublado,2025-01-06,21
2025-01-06,17:30:00,364,149,JATAI,GO,Saída de leito carroçável,Acumulo de água sobre o pavimento,Chuva,2025-01-06,17
2025-01-05,22:00:00,135,640,CRISTALANDIA DO PIAUI,PI,Colisão frontal,Reação tardia ou ineficiente do condutor,Céu Claro,2025-01-05,22
2025-01-06,19:40:00,262,438,NOVA SERRANA,MG,Atropelamento de Pedestre,Pedestre andava na pista,Vento,2025-01-06,19
2025-01-06,23:15:00,116,109,CURITIBA,PR,Colisão traseira,Manobra de mudança de faixa,Nublado,2025-01-06,23
2025-01-06,22:20:00,163,763,SORRISO,MT,Queda de ocupante de veículo,Reação tardia ou ineficiente do condutor,Céu Claro,2025-01-06,22
2025-01-07,03:00:00,101,"202,4",SAO JOSE,SC,Colisão com objeto,Reação tardia ou ineficiente do condutor,Céu Claro,2025-01-07,3
2025-01-07,02:40:00,20,334,CARIDADE,CE,Atropelamento de Animal,Animais na Pista,Nublado,2025-01-07,2
2025-01-07,04:52:00,407,117,PETROLINA,PE,Capotamento,Reação tardia ou ineficiente do condutor,Nublado,2025-01-07,4
2025-01-07,05:50:00,101,86,SAO MATEUS,ES,Colisão frontal,Transitar na contramão,Chuva,2025-01-07,5
2025-01-07,00:10:00,282,"406,8",CATANDUVAS,SC,Saída de leito carroçável,Ingestão de álcool pelo condutor,Céu Claro,2025-01-07,0
2025-01-07,06:50:00,230,"18,5",JOAO PESSOA,PB,Queda de ocupante de veículo,Demais falhas mecânicas ou elétricas,Céu Claro,2025-01-07,6
2025-01-07,06:30:00,304,"215,3",CAICARA DO RIO DO VENTO,RN,Queda de ocupante de veículo,Demais falhas mecânicas ou elétricas,Sol,2025-01-07,6
2025-01-07,05:45:00,369,177,ROLANDIA,PR,Colisão transversal,Desrespeitar a preferência no cruzamento,Céu Claro,2025-01-07,5
2025-01-07,06:50:00,222,3,FORTALEZA,CE,Colisão lateral mesmo sentido,Manobra de mudança de faixa,Céu Claro,2025-01-07,6
2025-01-07,07:00:00,116,545,BARRA DO TURVO,SP,Colisão com objeto,Reação tardia ou ineficiente do condutor,Nublado,2025-01-07,7
2025-01-07,06:50:00,0,0,IJUI,RS,Colisão traseira,Objeto estático sobre o leito carroçável,Céu Claro,2025-01-07,6
2025-01-07,07:40:00,101,"280,9",IMBITUBA,SC,Colisão traseira,Ausência de reação do condutor,Céu Claro,2025-01-07,7
2025-01-06,21:50:00,163,555,DIAMANTINO,MT,Saída de leito carroçável,Ausência de reação do condutor,Chuva,2025-01-06,21
2025-01-07,06:41:00,101,121,ITAJAI,SC,Tombamento,Reação tardia ou ineficiente do condutor,Céu Claro,2025-01-07,6
2025-01-07,07:15:00,116,8,FORTALEZA,CE,Colisão traseira,Reação tardia ou ineficiente do condutor,Céu Claro,2025-01-07,7
2025-01-07,07:45:00,116,265,CANOAS,RS,Tombamento,Manobra de mudança de faixa,Céu Claro,2025-01-07,7
2025-01-07,08:00:00,101,295,CARIACICA,ES,Colisão traseira,Manobra de mudança de faixa,Céu Claro,2025-01-07,8
2025-01-07,05:34:00,465,11,SEROPEDICA,RJ,Queda de ocupante de veículo,Animais na Pista,Céu Claro,2025-01-07,5
2025-01-07,07:40:00,364,"204,8",RONDONOPOLIS,MT,Colisão lateral mesmo sentido,Acessar a via sem observar a presença dos outros veículos,Nublado,2025-01-07,7
2025-01-07,09:15:00,290,95,PORTO ALEGRE,RS,Colisão lateral mesmo sentido,Trafegar com motocicleta (ou similar) entre as faixas,Céu Claro,2025-01-07,9
2025-01-07,07:30:00,364,712,PORTO VELHO,RO,Colisão transversal,Desrespeitar a preferência no cruzamento,Chuva,2025-01-07,7
2025-01-07,08:20:00,101,137,BALNEARIO CAMBORIU,SC,Colisão lateral mesmo sentido,Manobra de mudança de faixa,Céu Claro,2025-01-07,8
2025-01-07,09:40:00,116,"12,8",VITORIA DA CONQUISTA,BA,Colisão transversal,Acessar a via sem observar a presença dos outros veículos,Céu Claro,2025-01-07,9
2025-01-07,09:30:00,158,"312,2",ITAARA,RS,Colisão frontal,Condutor Dormindo,Céu Claro,2025-01-07,9
2025-01-07,09:55:00,116,280,EMBU DAS ARTES,SP,Colisão lateral mesmo sentido,Trafegar com motocicleta (ou similar) entre as faixas,Céu Claro,2025-01-07,9
2025-01-07,07:45:00,116,508,CAJATI,SP,Saída de leito carroçável,Reação tardia ou ineficiente do condutor,Chuva,2025-01-07,7
2025-01-07,10:05:00,324,514,FEIRA DE SANTANA,BA,Colisão frontal,Ultrapassagem Indevida,Céu Claro,2025-01-07,10
2025-01-07,09:41:00,163,"518,9",JARAGUARI,MS,Colisão com objeto,Mal súbito do condutor,Céu Claro,2025-01-07,9
2025-01-07,11:20:00,153,145,ARAGUAINA,TO,Colisão traseira,Ausência de reação do condutor,Nublado,2025-01-07,11
2025-01-07,11:10:00,101,207,SAO JOSE,SC,Colisão traseira,Reação tardia ou ineficiente do condutor,Céu Claro,2025-01-07,11
2025-01-07,10:00:00,230,616,HUMAITA,AM,Atropelamento de Pedestre,Acessar a via sem observar a presença dos outros veículos,Nublado,2025-01-07,10
2025-01-07,11:10:00,232,"5,6",RECIFE,PE,Colisão traseira,Condutor deixou de manter distância do veículo da frente,Céu Claro,2025-01-07,11
2025-01-07,10:50:00,408,"60,4",CARPINA,PE,Tombamento,Reação tardia ou ineficiente do condutor,Céu Claro,2025-01-07,10
2025-01-07,11:45:00,116,212,GUARULHOS,SP,Engavetamento,Reação tardia ou ineficiente do condutor,Céu Claro,2025-01-07,11
2025-01-07,12:30:00,101,"206,9",SAO JOSE,SC,Engavetamento,Ausência de reação do condutor,Céu Claro,2025-01-07,12
2025-01-07,12:50:00,101,"202,3",SAO JOSE,SC,Tombamento,Acumulo de óleo sobre o pavimento,Nublado,2025-01-07,12
2025-01-07,10:20:00,116,"506,3",UBAPORANGA,MG,Colisão transversal,Acessar a via sem observar a presença dos outros veículos,Céu Claro,2025-01-07,10
2025-01-07,12:00:00,230,"156,3",CAMPINA GRANDE,PB,Colisão transversal,Conversão proibida,Sol,2025-01-07,12
2025-01-07,12:45:00,116,"86,3",PIRAQUARA,PR,Tombamento,Avarias e/ou desgaste excessivo no pneu,Céu Claro,2025-01-07,12
2025-01-07,13:00:00,386,344,LAJEADO,RS,Colisão com objeto,Reação tardia ou ineficiente do condutor,Céu Claro,2025-01-07,13
2025-01-07,13:05:00,230,"14,5",CABEDELO,PB,Colisão traseira,Ausência de reação do condutor,Céu Claro,2025-01-07,13
2025-01-07,12:50:00,381,431,SABARA,MG,Saída de leito carroçável,Velocidade Incompatível,Chuva,2025-01-07,12
2025-01-07,10:00:00,174,252,JAURU,MT,Saída de leito carroçável,Ausência de reação do condutor,Céu Claro,2025-01-07,10
2025-01-07,13:50:00,230,"301,9",SANTA LUZIA,PB,Tombamento,Acostamento em desnível,Céu Claro,2025-01-07,13
2025-01-07,11:55:00,262,"143,5",AGUA CLARA,MS,Colisão lateral mesmo sentido,Manobra de mudança de faixa,Céu Claro,2025-01-07,11
2025-01-07,12:25:00,280,56,GUARAMIRIM,SC,Colisão frontal,Acessar a via sem observar a presença dos outros veículos,Céu Claro,2025-01-07,12
2025-01-07,10:20:00,101,"348,8",JAGUARUNA,SC,Atropelamento de Pedestre,Conversão proibida,Sol,2025-01-07,10
2025-01-07,03:00:00,135,580,CORRENTE,PI,Colisão com objeto,Reação tardia ou ineficiente do condutor,Nublado,2025-01-07,3
2025-01-07,12:15:00,163,"715,9",SORRISO,MT,Saída de leito carroçável,Acumulo de água sobre o pavimento,Chuva,2025-01-07,12
2025-01-03,07:30:00,101,81,JABOATAO DOS GUARARAPES,PE,Colisão lateral mesmo sentido,Manobra de mudança de faixa,Céu Claro,2025-01-03,7
2025-01-07,13:00:00,101,32,CAPELA,SE,Colisão com objeto,Avarias e/ou desgaste excessivo no pneu,Céu Claro,2025-01-07,13
2025-01-07,11:40:00,316,21,TERESINA,PI,Saída de leito carroçável,Reação tardia ou ineficiente do condutor,Nublado,2025-01-07,11
2025-01-07,15:10:00,40,"638,6",CONSELHEIRO LAFAIETE,MG,Colisão frontal,Chuva,Chuva,2025-01-07,15
2025-01-07,14:10:00,316,"265,1",SATUBA,AL,Queda de ocupante de veículo,Transtornos Mentais (exceto suicidio),Céu Claro,2025-01-07,14
2025-01-07,15:30:00,101,"215,5",PALHOCA,SC,Tombamento,Pista Escorregadia,Nublado,2025-01-07,15
2025-01-07,15:40:00,104,85,RIO LARGO,AL,Colisão com objeto,Velocidade Incompatível,Céu Claro,2025-01-07,15
2025-01-07,15:50:00,101,126,ITAJAI,SC,Incêndio,Demais falhas mecânicas ou elétricas,Nublado,2025-01-07,15
2025-01-07,16:40:00,280,54,GUARAMIRIM,SC,Incêndio,Demais falhas mecânicas ou elétricas,Nublado,2025-01-07,16
2025-01-07,15:25:00,324,"517,5",FEIRA DE SANTANA,BA,Colisão lateral mesmo sentido,Reação tardia ou ineficiente do condutor,Céu Claro,2025-01-07,15
2025-01-07,16:28:00,230,"5,2",CABEDELO,PB,Saída de leito carroçável,Acesso irregular,Céu Claro,2025-01-07,16
2025-01-07,14:15:00,70,"564,5",NOSSA SENHORA DO LIVRAMENTO,MT,Saída de leito carroçável,Condutor Dormindo,Nublado,2025-01-07,14
2025-01-07,17:00:00,277,137,BALSA NOVA,PR,Saída de leito carroçável,Demais falhas mecânicas ou elétricas,Garoa/Chuvisco,2025-01-07,17
2025-01-07,15:30:00,40,"563,5",NOVA LIMA,MG,Queda de ocupante de veículo,Ingestão de álcool pelo condutor,Chuva,2025-01-07,15
2025-01-04,06:55:00,365,"318,2",SAO GONCALO DO ABAETE,MG,Saída de leito carroçável,Chuva,Chuva,2025-01-04,6
2025-01-07,16:50:00,101,307,SAO GONCALO,RJ,Queda de ocupante de veículo,Demais falhas na via,Céu Claro,2025-01-07,16
2025-01-07,17:45:00,381,72,SAO PAULO,SP,Colisão traseira,Ausência de reação do condutor,Nublado,2025-01-07,17
2025-01-07,16:20:00,70,2,BARRA DO GARCAS,MT,Colisão transversal,Desrespeitar a preferência no cruzamento,Nublado,2025-01-07,16
2025-01-07,17:50:00,101,321,NITEROI,RJ,Colisão lateral mesmo sentido,Reação tardia ou ineficiente do condutor,Céu Claro,2025-01-07,17
2025-01-07,17:50:00,304,37,MOSSORO,RN,Colisão traseira,Manobra de mudança de faixa,Céu Claro,2025-01-07,17
2025-01-07,18:00:00,381,64,MAIRIPORA,SP,Colisão traseira,Condutor deixou de manter distância do veículo da frente,Céu Claro,2025-01-07,18
2025-01-07,18:50:00,101,"29,4",ITAPISSUMA,PE,Colisão frontal,Acessar a via sem observar a presença dos outros veículos,Céu Claro,2025-01-07,18
2025-01-07,18:30:00,277,75,SAO JOSE DOS PINHAIS,PR,Saída de leito carroçável,Ausência de reação do condutor,Céu Claro,2025-01-07,18
2025-01-07,18:26:00,116,"278,9",EMBU DAS ARTES,SP,Colisão lateral mesmo sentido,Manobra de mudança de faixa,Céu Claro,2025-01-07,18
2025-01-07,17:30:00,101,295,ITABORAI,RJ,Colisão traseira,Ausência de reação do condutor,Céu Claro,2025-01-07,17
2025-01-07,19:20:00,343,"1,8",TERESINA,PI,Colisão lateral mesmo sentido,Reação tardia ou ineficiente do condutor,Nublado,2025-01-07,19
2025-01-07,16:35:00,369,170,ROLANDIA,PR,Colisão lateral mesmo sentido,Reação tardia ou ineficiente do condutor,Céu Claro,2025-01-07,16
2025-01-07,19:15:00,153,232,FRONTEIRA,MG,Colisão traseira,Demais falhas mecânicas ou elétricas,Céu Claro,2025-01-07,19
2025-01-07,19:35:00,381,493,BETIM,MG,Colisão com objeto,Reação tardia ou ineficiente do condutor,Nublado,2025-01-07,19
2025-01-07,18:10:00,70,12,BARRA DO GARCAS,MT,Saída de leito carroçável,Reação tardia ou ineficiente do condutor,Céu Claro,2025-01-07,18
2025-01-07,18:20:00,101,458,ANGRA DOS REIS,RJ,Queda de ocupante de veículo,Reação tardia ou ineficiente do condutor,Chuva,2025-01-07,18
2025-01-07,20:00:00,116,208,GUARULHOS,SP,Colisão com objeto,Condutor Dormindo,Nublado,2025-01-07,20
2025-01-07,19:40:00,304,32,MOSSORO,RN,Colisão transversal,Retorno proibido,Céu Claro,2025-01-07,19
2025-01-07,16:05:00,280,"81,6",CORUPA,SC,Colisão transversal,Acessar a via sem observar a presença dos outros veículos,Céu Claro,2025-01-07,16
2025-01-07,19:45:00,101,145,ITAPEMA,SC,Colisão lateral mesmo sentido,Manobra de mudança de faixa,Céu Claro,2025-01-07,19
2025-01-07,19:45:00,101,408,ITAGUAI,RJ,Colisão traseira,Ausência de reação do condutor,Chuva,2025-01-07,19
2025-01-07,18:30:00,101,52,UBATUBA,SP,Colisão lateral mesmo sentido,Ultrapassagem Indevida,Garoa/Chuvisco,2025-01-07,18
2025-01-07,18:30:00,40,120,DUQUE DE CAXIAS,RJ,Colisão lateral mesmo sentido,Ausência de reação do condutor,Nublado,2025-01-07,18
2025-01-07,21:30:00,376,651,TIJUCAS DO SUL,PR,Saída de leito carroçável,Reação tardia ou ineficiente do condutor,Garoa/Chuvisco,2025-01-07,21
2025-01-07,20:00:00,364,"20,5",FRUTAL,MG,Tombamento,Mal súbito do condutor,Céu Claro,2025-01-07,20
2025-01-07,22:00:00,101,"18,1",BIGUACU,SC,Colisão com objeto,Acumulo de óleo sobre o pavimento,Céu Claro,2025-01-07,22
2025-01-07,21:20:00,364,326,CAMPO VERDE,MT,Queda de ocupante de veículo,Reação tardia ou ineficiente do condutor,Garoa/Chuvisco,2025-01-07,21
2025-01-07,23:00:00,116,243,SAO LEOPOLDO,RS,Colisão transversal,Acessar a via sem observar a presença dos outros veículos,Céu Claro,2025-01-07,23