data_inversa,horario,br,km,municipio,uf,tipo_acidente,causa_acidente,condicao_metereologica,data,hora
2025-01-10,05:25:00,101,"168,1",TEOTONIO VILELA,AL,Saída de leito carroçável,Reação tardia ou ineficiente do condutor,Nublado,2025-01-10,5
2025-01-10,06:00:00,116,438,REGISTRO,SP,Capotamento,Ausência de reação do condutor,Nevoeiro/Neblina,2025-01-10,6
2025-01-10,04:40:00,381,497,BETIM,MG,Saída de leito carroçável,Ausência de reação do condutor,Céu Claro,2025-01-10,4
2025-01-10,05:30:00,153,210,FRUTAL,MG,Saída de leito carroçável,Reação tardia ou ineficiente do condutor,Céu Claro,2025-01-10,5
2025-01-10,06:35:00,280,"140,2",RIO NEGRINHO,SC,Saída de leito carroçável,Velocidade Incompatível,Céu Claro,2025-01-10,6
2025-01-10,07:33:00,116,226,GUARULHOS,SP,Tombamento,Reação tardia ou ineficiente do condutor,Céu Claro,2025-01-10,7
2025-01-10,06:45:00,50,"174,8",UBERABA,MG,Atropelamento de Animal,Animais na Pista,Sol,2025-01-10,6
2025-01-10,06:45:00,163,255,DOURADOS,MS,Tombamento,Demais falhas mecânicas ou elétricas,Céu Claro,2025-01-10,6
2025-01-10,07:23:00,116,444,REGISTRO,SP,Queda de ocupante de veículo,Avarias e/ou desgaste excessivo no pneu,Céu Claro,2025-01-10,7
2025-01-10,05:53:00,163,723,COXIM,MS,Saída de leito carroçável,Ausência de reação do condutor,Céu Claro,2025-01-10,5
2025-01-10,05:30:00,163,108,RONDONOPOLIS,MT,Saída de leito carroçável,Velocidade Incompatível,Nublado,2025-01-10,5
2025-01-10,07:35:00,101,"38,9",JOINVILLE,SC,Colisão lateral mesmo sentido,Manobra de mudança de faixa,Céu Claro,2025-01-10,7
2025-01-10,06:20:00,101,"151,6",ITAPEMA,SC,Colisão transversal,Desrespeitar a preferência no cruzamento,Nublado,2025-01-10,6
2025-01-10,07:12:00,232,24,MORENO,PE,Colisão traseira,Ausência de reação do condutor,Céu Claro,2025-01-10,7
2025-01-10,07:45:00,235,50,ITABAIANA,SE,Colisão lateral mesmo sentido,Desvio temporário,Céu Claro,2025-01-10,7
2025-01-10,08:05:00,101,"403,8",ARARANGUA,SC,Tombamento,Demais falhas mecânicas ou elétricas,Céu Claro,2025-01-10,8
2025-01-10,07:50:00,101,308,SAO GONCALO,RJ,Colisão lateral mesmo sentido,Acessar a via sem observar a presença dos outros veículos,Nublado,2025-01-10,7
2025-01-10,08:15:00,101,131,CAMBORIU,SC,Colisão lateral mesmo sentido,Acessar a via sem observar a presença dos outros veículos,Céu Claro,2025-01-10,8
2025-01-10,07:30:00,116,"42,8",CACHOEIRA PAULISTA,SP,Colisão traseira,Reação tardia ou ineficiente do condutor,Céu Claro,2025-01-10,7
2025-01-10,08:38:00,101,67,RECIFE,PE,Colisão lateral mesmo sentido,Manobra de mudança de faixa,Sol,2025-01-10,8
2025-01-10,08:00:00,277,725,FOZ DO IGUACU,PR,Colisão com objeto,Trafegar com motocicleta (ou similar) entre as faixas,Céu Claro,2025-01-10,8
2025-01-10,08:15:00,232,117,CARUARU,PE,Engavetamento,Ausência de reação do condutor,Céu Claro,2025-01-10,8
2025-01-10,08:30:00,101,"271,9",SERRA,ES,Colisão lateral mesmo sentido,Condutor deixou de manter distância do veículo da frente,Nublado,2025-01-10,8
2025-01-10,08:00:00,420,339,JAGUAQUARA,BA,Colisão frontal,Transitar na contramão,Céu Claro,2025-01-10,8
2025-01-10,09:17:00,230,27,JOAO PESSOA,PB,Colisão traseira,Condutor deixou de manter distância do veículo da frente,Céu Claro,2025-01-10,9
2025-01-10,09:00:00,116,145,SAO JOSE DOS CAMPOS,SP,Colisão traseira,Condutor deixou de manter distância do veículo da frente,Céu Claro,2025-01-10,9
2025-01-10,09:00:00,277,378,GUARAPUAVA,PR,Colisão frontal,Ultrapassagem Indevida,Céu Claro,2025-01-10,9
2025-01-10,10:00:00,116,247,SAO LEOPOLDO,RS,Tombamento,Avarias e/ou desgaste excessivo no pneu,Sol,2025-01-10,10
2025-01-10,08:20:00,101,"269,8",SERRA,ES,Colisão com objeto,Reação tardia ou ineficiente do condutor,Sol,2025-01-10,8
2025-01-10,09:00:00,465,"21,8",RIO DE JANEIRO,RJ,Colisão traseira,Condutor deixou de manter distância do veículo da frente,Céu Claro,2025-01-10,9
2025-01-10,08:40:00,163,117,RONDONOPOLIS,MT,Saída de leito carroçável,Ausência de reação do condutor,Céu Claro,2025-01-10,8
2025-01-10,09:28:00,365,"168,3",BURITIZEIRO,MG,Colisão transversal,Acessar a via sem observar a presença dos outros veículos,Nublado,2025-01-10,9
2025-01-10,10:45:00,116,116,TAUBATE,SP,Colisão com objeto,Velocidade Incompatível,Nublado,2025-01-10,10
2025-01-10,10:00:00,40,24,TRES RIOS,RJ,Colisão com objeto,Demais falhas mecânicas ou elétricas,Céu Claro,2025-01-10,10
2025-01-10,09:30:00,470,153,NOVA PRATA,RS,Tombamento,Acumulo de areia ou detritos sobre o pavimento,Céu Claro,2025-01-10,9
2025-01-10,05:50:00,116,"15,9",AGUAS VERMELHAS,MG,Colisão transversal,Neblina,Nevoeiro/Neblina,2025-01-10,5
2025-01-10,11:30:00,230,"16,5",JOAO PESSOA,PB,Colisão traseira,Reação tardia ou ineficiente do condutor,Céu Claro,2025-01-10,11
2025-01-10,12:00:00,386,"347,2",LAJEADO,RS,Tombamento,Manobra de mudança de faixa,Sol,2025-01-10,12
2025-01-10,10:20:00,364,"524,8",ARIQUEMES,RO,Colisão traseira,Condutor deixou de manter distância do veículo da frente,Céu Claro,2025-01-10,10
2025-01-10,10:00:00,101,319,NITEROI,RJ,Queda de ocupante de veículo,Demais falhas mecânicas ou elétricas,Nublado,2025-01-10,10
2025-01-10,11:00:00,354,"731,3",POUSO ALTO,MG,Colisão traseira,Condutor deixou de manter distância do veículo da frente,Céu Claro,2025-01-10,11
2025-01-10,11:00:00,407,89,PETROLINA,PE,Queda de ocupante de veículo,Ausência de reação do condutor,Céu Claro,2025-01-10,11
2025-01-10,12:20:00,376,"223,7",CAMBIRA,PR,Colisão transversal,Desrespeitar a preferência no cruzamento,Céu Claro,2025-01-10,12
2025-01-10,12:00:00,101,"38,8",JOINVILLE,SC,Queda de ocupante de veículo,Avarias e/ou desgaste excessivo no pneu,Nublado,2025-01-10,12
2025-01-10,12:20:00,116,288,ITAPECERICA DA SERRA,SP,Colisão lateral mesmo sentido,Acessar a via sem observar a presença dos outros veículos,Céu Claro,2025-01-10,12
2025-01-08,14:15:00,364,589,ITAPUA DO OESTE,RO,Colisão lateral mesmo sentido,Ausência de sinalização,Chuva,2025-01-08,14
2025-01-10,11:10:00,376,"172,9",MARINGA,PR,Colisão traseira,Ausência de reação do condutor,Céu Claro,2025-01-10,11
2025-01-10,12:04:00,405,26,SAO JOAO DO RIO DO PEIXE,PB,Saída de leito carroçável,Ausência de reação do condutor,Céu Claro,2025-01-10,12
2025-01-10,14:00:00,40,"632,1",CONSELHEIRO LAFAIETE,MG,Atropelamento de Pedestre,Pedestre cruzava a pista fora da faixa,Sol,2025-01-10,14
2025-01-10,13:30:00,40,554,NOVA LIMA,MG,Colisão lateral mesmo sentido,Manobra de mudança de faixa,Nublado,2025-01-10,13
2025-01-10,13:40:00,116,"275,5",EMBU DAS ARTES,SP,Incêndio,Demais falhas mecânicas ou elétricas,Céu Claro,2025-01-10,13
2025-01-03,18:00:00,226,75,CAXIAS,MA,Colisão transversal,Acessar a via sem observar a presença dos outros veículos,Céu Claro,2025-01-03,18
2025-01-10,09:50:00,163,"618,1",SAO GABRIEL DO OESTE,MS,Tombamento,Ausência de reação do condutor,Céu Claro,2025-01-10,9
2025-01-10,15:00:00,146,"439,9",CABO VERDE,MG,Saída de leito carroçável,Ingestão de álcool pelo condutor,Céu Claro,2025-01-10,15
2025-01-10,14:18:00,101,146,LINHARES,ES,Colisão traseira,Ausência de reação do condutor,Nublado,2025-01-10,14
2025-01-10,09:25:00,101,295,IMBITUBA,SC,Colisão traseira,Condutor deixou de manter distância do veículo da frente,Céu Claro,2025-01-10,9
2025-01-10,13:30:00,174,"1,3",PONTES E LACERDA,MT,Eventos atípicos,Ausência de reação do condutor,Céu Claro,2025-01-10,13
2025-01-10,14:55:00,230,"145,9",CAMPINA GRANDE,PB,Tombamento,Mal súbito do condutor,Nublado,2025-01-10,14
2025-01-10,14:30:00,101,42,MAXARANGUAPE,RN,Colisão transversal,Acessar a via sem observar a presença dos outros veículos,Céu Claro,2025-01-10,14
2025-01-10,13:00:00,40,74,PETROPOLIS,RJ,Capotamento,Avarias e/ou desgaste excessivo no pneu,Nublado,2025-01-10,13
2025-01-10,15:15:00,414,439,ANAPOLIS,GO,Tombamento,Mal súbito do condutor,Céu Claro,2025-01-10,15
2025-01-10,15:00:00,101,151,ITAPEMA,SC,Colisão traseira,Reação tardia ou ineficiente do condutor,Céu Claro,2025-01-10,15
2025-01-10,15:20:00,101,147,ITAPEMA,SC,Colisão lateral mesmo sentido,Trafegar com motocicleta (ou similar) entre as faixas,Céu Claro,2025-01-10,15
2025-01-10,11:40:00,364,12,VILHENA,RO,Colisão transversal,Desrespeitar a preferência no cruzamento,Céu Claro,2025-01-10,11
2025-01-10,15:36:00,251,41,BRASILIA,DF,Saída de leito carroçável,Ausência de reação do condutor,Nublado,2025-01-10,15
2025-01-10,16:30:00,381,"498,9",BETIM,MG,Colisão lateral mesmo sentido,Ausência de reação do condutor,Céu Claro,2025-01-10,16
2025-01-10,12:00:00,232,405,SERRA TALHADA,PE,Colisão transversal,Acessar a via sem observar a presença dos outros veículos,Céu Claro,2025-01-10,12
2025-01-10,16:08:00,381,484,BETIM,MG,Colisão traseira,Reação tardia ou ineficiente do condutor,Céu Claro,2025-01-10,16
2025-01-10,15:30:00,110,371,CATU,BA,Saída de leito carroçável,Ausência de reação do condutor,Chuva,2025-01-10,15
2025-01-10,14:30:00,230,"405,1",BALSAS,MA,Colisão transversal,Acessar a via sem observar a presença dos outros veículos,Céu Claro,2025-01-10,14
2025-01-10,16:55:00,20,"2,2",BRASILIA,DF,Colisão traseira,Condutor Dormindo,Céu Claro,2025-01-10,16
2025-01-10,17:30:00,280,27,ARAQUARI,SC,Colisão lateral mesmo sentido,Trafegar com motocicleta (ou similar) entre as faixas,Nublado,2025-01-10,17
2025-01-10,14:40:00,174,480,COMODORO,MT,Colisão transversal,Acessar a via sem observar a presença dos outros veículos,Garoa/Chuvisco,2025-01-10,14
2025-01-10,17:05:00,153,139,ARAGUAINA,TO,Colisão transversal,Acessar a via sem observar a presença dos outros veículos,Céu Claro,2025-01-10,17
2025-01-10,17:40:00,116,5,FORTALEZA,CE,Colisão traseira,Condutor deixou de manter distância do veículo da frente,Céu Claro,2025-01-10,17
2025-01-10,17:15:00,101,177,BIGUACU,SC,Colisão traseira,Reação tardia ou ineficiente do condutor,Céu Claro,2025-01-10,17
2025-01-10,15:35:00,235,"6,2",NOSSA SENHORA DO SOCORRO,SE,Tombamento,Chuva,Chuva,2025-01-10,15
2025-01-10,17:15:00,116,"1,7",MAFRA,SC,Colisão traseira,Ausência de reação do condutor,Céu Claro,2025-01-10,17
2025-01-10,17:30:00,381,27,ATIBAIA,SP,Engavetamento,Reação tardia ou ineficiente do condutor,Céu Claro,2025-01-10,17
2025-01-10,17:00:00,381,375,SAO GONCALO DO RIO ABAIXO,MG,Saída de leito carroçável,Chuva,Chuva,2025-01-10,17
2025-01-10,18:00:00,60,234,INDIARA,GO,Saída de leito carroçável,Velocidade Incompatível,Nublado,2025-01-10,18
2025-01-10,18:20:00,290,102,ELDORADO DO SUL,RS,Engavetamento,Condutor deixou de manter distância do veículo da frente,Céu Claro,2025-01-10,18
2025-01-10,17:45:00,40,"750,4",SANTOS DUMONT,MG,Saída de leito carroçável,Acumulo de água sobre o pavimento,Nublado,2025-01-10,17
2025-01-10,16:55:00,101,"38,5",JOINVILLE,SC,Colisão transversal,Desrespeitar a preferência no cruzamento,Céu Claro,2025-01-10,16
2025-01-10,17:48:00,116,"507,5",UBAPORANGA,MG,Colisão transversal,Acessar a via sem observar a presença dos outros veículos,Nublado,2025-01-10,17
2025-01-10,18:15:00,369,202,APUCARANA,PR,Colisão traseira,Mal súbito do condutor,Céu Claro,2025-01-10,18
2025-01-10,17:20:00,467,"102,8",CASCAVEL,PR,Colisão transversal,Ausência de sinalização,Sol,2025-01-10,17
2025-01-10,19:30:00,135,139,RIACHAO DAS NEVES,BA,Colisão frontal,Transitar na contramão,Chuva,2025-01-10,19
2025-01-10,16:20:00,116,512,UBAPORANGA,MG,Colisão com objeto,Reação tardia ou ineficiente do condutor,Sol,2025-01-10,16
2025-01-10,19:33:00,259,"16,6",JOAO NEIVA,ES,Colisão frontal,Transitar na contramão,Nublado,2025-01-10,19
2025-01-10,19:40:00,116,"277,2",TEOFILO OTONI,MG,Colisão lateral mesmo sentido,Ausência de reação do condutor,Céu Claro,2025-01-10,19
2025-01-10,18:30:00,470,168,VILA FLORES,RS,Saída de leito carroçável,Ausência de reação do condutor,Céu Claro,2025-01-10,18
2025-01-10,15:00:00,101,48,UBATUBA,SP,Colisão frontal,Transitar na contramão,Céu Claro,2025-01-10,15
2025-01-10,18:45:00,101,"41,5",PALHOCA,SC,Queda de ocupante de veículo,Reação tardia ou ineficiente do condutor,Céu Claro,2025-01-10,18
2025-01-10,19:29:00,101,"42,3",MAMANGUAPE,PB,Saída de leito carroçável,Ingestão de álcool pelo condutor,Céu Claro,2025-01-10,19
2025-01-10,20:45:00,470,121,IBIRAMA,SC,Colisão lateral sentido oposto,Transitar na contramão,Céu Claro,2025-01-10,20
2025-01-10,20:10:00,60,"92,3",ANAPOLIS,GO,Colisão com objeto,Reação tardia ou ineficiente do condutor,Nublado,2025-01-10,20
2025-01-10,20:30:00,101,875,TEIXEIRA DE FREITAS,BA,Colisão lateral sentido oposto,Ingestão de álcool pelo condutor,Garoa/Chuvisco,2025-01-10,20
2025-01-09,00:15:00,356,178,SAO JOAO DA BARRA,RJ,Colisão traseira,Iluminação deficiente,Garoa/Chuvisco,2025-01-09,0
2025-01-10,20:40:00,277,124,CAMPO LARGO,PR,Colisão lateral mesmo sentido,Ausência de reação do condutor,Céu Claro,2025-01-10,20
2025-01-10,20:00:00,60,"23,2",BRASILIA,DF,Atropelamento de Pedestre,Pedestre andava na pista,Céu Claro,2025-01-10,20
2025-01-10,19:40:00,40,525,CONTAGEM,MG,Colisão traseira,Ausência de reação do condutor,Nublado,2025-01-10,19
2025-01-10,19:50:00,40,"738,2",SANTOS DUMONT,MG,Colisão traseira,Condutor deixou de manter distância do veículo da frente,Nublado,2025-01-10,19
2025-01-10,21:15:00,277,"46,5",MORRETES,PR,Tombamento,Ausência de reação do condutor,Garoa/Chuvisco,2025-01-10,21
2025-01-10,20:30:00,110,393,SAO SEBASTIAO DO PASSE,BA,Colisão frontal,Transitar na contramão,Chuva,2025-01-10,20
2025-01-10,20:30:00,101,"212,7",IBIRACU,ES,Colisão transversal,Conversão proibida,Garoa/Chuvisco,2025-01-10,20
2025-01-10,22:15:00,116,126,FAZENDA RIO GRANDE,PR,Colisão lateral mesmo sentido,Reação tardia ou ineficiente do condutor,Nublado,2025-01-10,22
2025-01-10,21:15:00,364,277,JACIARA,MT,Colisão com objeto,Reação tardia ou ineficiente do condutor,Céu Claro,2025-01-10,21
2025-01-10,22:13:00,406,152,CEARA-MIRIM,RN,Atropelamento de Animal,Animais na Pista,Céu Claro,2025-01-10,22
2025-01-10,13:10:00,101,473,ANGRA DOS REIS,RJ,Queda de ocupante de veículo,Acesso irregular,Céu Claro,2025-01-10,13
2025-01-10,21:30:00,116,418,CRISTAL,RS,Saída de leito carroçável,Reação tardia ou ineficiente do condutor,Céu Claro,2025-01-10,21
2025-01-10,20:30:00,163,"0,5",ITIQUIRA,MT,Saída de leito carroçável,Ausência de reação do condutor,Chuva,2025-01-10,20
2025-01-10,20:00:00,163,833,SINOP,MT,Eventos atípicos,Iluminação deficiente,Céu Claro,2025-01-10,20
2025-01-10,21:30:00,386,"147,6",SARANDI,RS,Saída de leito carroçável,Ausência de reação do condutor,Chuva,2025-01-10,21
2025-01-10,23:20:00,40,503,ESMERALDAS,MG,Colisão lateral mesmo sentido,Velocidade Incompatível,Nublado,2025-01-10,23
2025-01-10,23:00:00,10,453,PALMAS,TO,Colisão com objeto,Ausência de reação do condutor,Nublado,2025-01-10,23
2025-01-11,00:50:00,60,388,RIO VERDE,GO,Colisão frontal,Transitar na contramão,Céu Claro,2025-01-11,0
2025-01-11,01:07:00,408,98,JABOATAO DOS GUARARAPES,PE,Capotamento,Ausência de reação do condutor,Céu Claro,2025-01-11,1
2025-01-11,00:50:00,116,520,PELOTAS,RS,Saída de leito carroçável,Reação tardia ou ineficiente do condutor,Céu Claro,2025-01-11,0
2025-01-10,23:30:00,280,195,MAFRA,SC,Queda de ocupante de veículo,Ausência de reação do condutor,Nublado,2025-01-10,23
2025-01-11,00:20:00,163,837,SONORA,MS,Tombamento,Ingestão de álcool pelo condutor,Céu Claro,2025-01-11,0
2025-01-11,00:30:00,365,607,UBERLANDIA,MG,Saída de leito carroçável,Condutor Dormindo,Céu Claro,2025-01-11,0
2025-01-11,01:51:00,101,"139,4",LINHARES,ES,Colisão transversal,Desrespeitar a preferência no cruzamento,Céu Claro,2025-01-11,1
2025-01-11,03:00:00,230,4,CABEDELO,PB,Atropelamento de Animal,Animais na Pista,Nublado,2025-01-11,3
2025-01-11,04:00:00,365,701,MONTE ALEGRE DE MINAS,MG,Tombamento,Reação tardia ou ineficiente do condutor,Céu Claro,2025-01-11,4
2025-01-11,03:15:00,376,634,SAO JOSE DOS PINHAIS,PR,Colisão com objeto,Ingestão de álcool pelo condutor,Nublado,2025-01-11,3
2025-01-11,04:40:00,470,54,BLUMENAU,SC,Colisão transversal,Desrespeitar a preferência no cruzamento,Céu Claro,2025-01-11,4
2025-01-11,04:45:00,369,"197,4",APUCARANA,PR,Colisão com objeto,Ausência de reação do condutor,Céu Claro,2025-01-11,4
2025-01-11,05:20:00,230,2,CABEDELO,PB,Colisão com objeto,Ausência de reação do condutor,Céu Claro,2025-01-11,5
2025-01-11,05:10:00,210,"2,5",MACAPA,AP,Atropelamento de Pedestre,Pedestre andava na pista,Nublado,2025-01-11,5
2025-01-11,04:40:00,470,178,POUSO REDONDO,SC,Colisão transversal,Ingestão de álcool pelo condutor,Céu Claro,2025-01-11,4
2025-01-11,05:30:00,153,151,ARAGUAINA,TO,Colisão frontal,Transitar na contramão,Nevoeiro/Neblina,2025-01-11,5
2025-01-11,04:50:00,101,"242,5",PORTO REAL DO COLEGIO,AL,Colisão com objeto,Condutor Dormindo,Céu Claro,2025-01-11,4
2025-01-11,05:00:00,471,"151,5",SANTA CRUZ DO SUL,RS,Capotamento,Ingestão de álcool pelo condutor,Céu Claro,2025-01-11,5
2025-01-11,05:30:00,369,"479,5",CORBELIA,PR,Colisão frontal,Ingestão de álcool pelo condutor,Céu Claro,2025-01-11,5
2025-01-11,05:10:00,277,"417,9",CANTAGALO,PR,Saída de leito carroçável,Acumulo de óleo sobre o pavimento,Garoa/Chuvisco,2025-01-11,5
2025-01-11,06:05:00,280,167,MAFRA,SC,Colisão traseira,Ausência de reação do condutor,Céu Claro,2025-01-11,6
2025-01-11,04:40:00,290,158,ARROIO DOS RATOS,RS,Saída de leito carroçável,Velocidade Incompatível,Céu Claro,2025-01-11,4
2025-01-11,03:05:00,163,730,COXIM,MS,Saída de leito carroçável,Ingestão de álcool pelo condutor,Nublado,2025-01-11,3
2025-01-11,05:30:00,116,"917,8",ENCRUZILHADA,BA,Saída de leito carroçável,Velocidade Incompatível,Nevoeiro/Neblina,2025-01-11,5
2025-01-11,03:35:00,116,258,ESTEIO,RS,Saída de leito carroçável,Ingestão de álcool pelo condutor,Céu Claro,2025-01-11,3
2025-01-11,00:15:00,364,13,SAO SIMAO,GO,Saída de leito carroçável,Ingestão de álcool pelo condutor,Céu Claro,2025-01-11,0
2025-01-07,22:30:00,369,85,CORNELIO PROCOPIO,PR,Saída de leito carroçável,Reação tardia ou ineficiente do condutor,Céu Claro,2025-01-07,22
2025-01-11,07:00:00,116,"528,7",CARATINGA,MG,Colisão traseira,Velocidade Incompatível,Céu Claro,2025-01-11,7
2025-01-10,23:30:00,116,"321,5",ARACI,BA,Saída de leito carroçável,Avarias e/ou desgaste excessivo no pneu,Chuva,2025-01-10,23
2025-01-11,07:54:00,316,"1,3",TERESINA,PI,Queda de ocupante de veículo,Pista esburacada,Céu Claro,2025-01-11,7
2025-01-11,08:00:00,376,179,MARINGA,PR,Colisão transversal,Condutor desrespeitou a iluminação vermelha do semáforo,Céu Claro,2025-01-11,8
2025-01-10,18:25:00,116,275,BARRA MANSA,RJ,Colisão com objeto,Problema com o freio,Nublado,2025-01-10,18
2025-01-11,05:30:00,116,193,QUEIMADOS,RJ,Colisão com objeto,Ausência de reação do condutor,Céu Claro,2025-01-11,5
2025-01-11,08:00:00,155,300,MARABA,PA,Colisão com objeto,Ausência de reação do condutor,Nublado,2025-01-11,8
2025-01-11,08:20:00,158,224,CRUZ ALTA,RS,Saída de leito carroçável,Condutor Dormindo,Sol,2025-01-11,8
2025-01-11,05:10:00,40,115,DUQUE DE CAXIAS,RJ,Colisão com objeto,Condutor Dormindo,Céu Claro,2025-01-11,5
2025-01-10,23:30:00,277,"476,5",NOVA LARANJEIRAS,PR,Capotamento,Reação tardia ou ineficiente do condutor,Garoa/Chuvisco,2025-01-10,23
2025-01-11,06:55:00,40,116,DUQUE DE CAXIAS,RJ,Colisão com objeto,Condutor Dormindo,Céu Claro,2025-01-11,6
2025-01-11,07:40:00,316,401,ALTO ALEGRE DO MARANHAO,MA,Colisão transversal,Acessar a via sem observar a presença dos outros veículos,Nublado,2025-01-11,7
2025-01-11,08:15:00,381,516,IGARAPE,MG,Colisão com objeto,Ausência de reação do condutor,Céu Claro,2025-01-11,8
2025-01-11,07:40:00,381,82,SAO PAULO,SP,Incêndio,Demais falhas mecânicas ou elétricas,Sol,2025-01-11,7
2025-01-11,09:10:00,381,520,IGARAPE,MG,Colisão com objeto,Velocidade Incompatível,Céu Claro,2025-01-11,9
2025-01-11,07:34:00,262,95,ABRE CAMPO,MG,Colisão traseira,Ausência de reação do condutor,Chuva,2025-01-11,7
2025-01-11,08:15:00,230,"120,5",RIACHAO DO BACAMARTE,PB,Saída de leito carroçável,Reação tardia ou ineficiente do condutor,Nublado,2025-01-11,8
2025-01-11,09:00:00,101,51,UBATUBA,SP,Tombamento,Reação tardia ou ineficiente do condutor,Céu Claro,2025-01-11,9
2025-01-11,08:30:00,116,"110,7",TAUBATE,SP,Engavetamento,Condutor deixou de manter distância do veículo da frente,Sol,2025-01-11,8
2025-01-11,08:00:00,158,"144,5",PANAMBI,RS,Colisão com objeto,Condutor usando celular,Céu Claro,2025-01-11,8
2025-01-11,09:40:00,343,343,TERESINA,PI,Colisão traseira,Problema com o freio,Céu Claro,2025-01-11,9
2025-01-11,09:52:00,101,186,BIGUACU,SC,Saída de leito carroçável,Ausência de reação do condutor,Chuva,2025-01-11,9
2025-01-11,10:25:00,101,399,ITAGUAI,RJ,Colisão lateral mesmo sentido,Manobra de mudança de faixa,Céu Claro,2025-01-11,10
2025-01-11,10:20:00,290,75,GRAVATAI,RS,Colisão com objeto,Reação tardia ou ineficiente do condutor,Céu Claro,2025-01-11,10
2025-01-11,09:39:00,163,795,COXIM,MS,Saída de leito carroçável,Ausência de reação do condutor,Céu Claro,2025-01-11,9
2025-01-11,09:15:00,435,"85,2",COLORADO DO OESTE,RO,Colisão lateral mesmo sentido,Ausência de reação do condutor,Céu Claro,2025-01-11,9
2025-01-11,10:20:00,381,"416,5",CAETE,MG,Colisão lateral mesmo sentido,Manobra de mudança de faixa,Nublado,2025-01-11,10
2025-01-11,11:00:00,116,"17,1",EUSEBIO,CE,Colisão transversal,Acessar a via sem observar a presença dos outros veículos,Céu Claro,2025-01-11,11
2025-01-11,09:30:00,116,17,ANTONINA,PR,Atropelamento de Pedestre,Reação tardia ou ineficiente do condutor,Céu Claro,2025-01-11,9
2025-01-11,10:45:00,448,6,ESTEIO,RS,Colisão traseira,Ausência de reação do condutor,Céu Claro,2025-01-11,10
2025-01-11,11:15:00,116,13,FORTALEZA,CE,Colisão traseira,Trafegar com motocicleta (ou similar) entre as faixas,Céu Claro,2025-01-11,11
2025-01-11,11:00:00,287,410,SANTIAGO,RS,Saída de leito carroçável,Ausência de reação do condutor,Céu Claro,2025-01-11,11
2025-01-11,11:10:00,155,307,MARABA,PA,Tombamento,Ingestão de álcool pelo condutor,Céu Claro,2025-01-11,11
2025-01-11,11:44:00,316,57,CASTANHAL,PA,Atropelamento de Pedestre,Pedestre cruzava a pista fora da faixa,Chuva,2025-01-11,11
2025-01-11,11:50:00,40,"791,7",JUIZ DE FORA,MG,Saída de leito carroçável,Reação tardia ou ineficiente do condutor,Sol,2025-01-11,11
2025-01-11,10:40:00,50,22,ARAGUARI,MG,Tombamento,Ingestão de álcool pelo condutor,Sol,2025-01-11,10
2025-01-11,11:50:00,277,727,FOZ DO IGUACU,PR,Colisão transversal,Acesso irregular,Céu Claro,2025-01-11,11
2025-01-11,13:00:00,101,92,CAMPOS DOS GOYTACAZES,RJ,Queda de ocupante de veículo,Demais falhas mecânicas ou elétricas,Céu Claro,2025-01-11,13
2025-01-11,12:00:00,70,317,JUSSARA,GO,Colisão traseira,Manobra de mudança de faixa,Céu Claro,2025-01-11,12
2025-01-11,13:00:00,407,119,PETROLINA,PE,Colisão transversal,Acessar a via sem observar a presença dos outros veículos,Chuva,2025-01-11,13
2025-01-11,12:20:00,174,11,VILHENA,RO,Colisão lateral mesmo sentido,Ultrapassagem Indevida,Nublado,2025-01-11,12
2025-01-11,14:10:00,116,263,CANOAS,RS,Tombamento,Demais falhas mecânicas ou elétricas,Céu Claro,2025-01-11,14
2025-01-11,12:15:00,376,432,TIBAGI,PR,Colisão com objeto,Velocidade Incompatível,Nublado,2025-01-11,12
2025-01-11,12:00:00,116,"222,5",DOIS IRMAOS,RS,Colisão transversal,Acessar a via sem observar a presença dos outros veículos,Céu Claro,2025-01-11,12
2025-01-11,14:00:00,381,"843,1",SAO SEBASTIAO DA BELA VISTA,MG,Colisão lateral mesmo sentido,Manobra de mudança de faixa,Sol,2025-01-11,14
2025-01-11,14:35:00,235,"51,2",ITABAIANA,SE,Colisão traseira,Condutor deixou de manter distância do veículo da frente,Céu Claro,2025-01-11,14
2025-01-11,10:50:00,232,147,SAO CAITANO,PE,Tombamento,Ausência de reação do condutor,Céu Claro,2025-01-11,10
2025-01-11,13:00:00,282,"54,4",RANCHO QUEIMADO,SC,Colisão frontal,Velocidade Incompatível,Garoa/Chuvisco,2025-01-11,13
2025-01-11,12:35:00,110,144,CICERO DANTAS,BA,Saída de leito carroçável,Ausência de reação do condutor,Nublado,2025-01-11,12
2025-01-11,13:00:00,349,956,CORRENTINA,BA,Tombamento,Reação tardia ou ineficiente do condutor,Céu Claro,2025-01-11,13
2025-01-11,12:00:00,101,425,MANGARATIBA,RJ,Colisão frontal,Ultrapassagem Indevida,Céu Claro,2025-01-11,12
2025-01-11,09:30:00,285,"569,8",SAO LUIZ GONZAGA,RS,Colisão frontal,Transitar na contramão,Céu Claro,2025-01-11,9
2025-01-11,14:20:00,463,4,DOURADOS,MS,Colisão transversal,Acessar a via sem observar a presença dos outros veículos,Céu Claro,2025-01-11,14
2025-01-11,11:50:00,493,72,DUQUE DE CAXIAS,RJ,Saída de leito carroçável,Ausência de reação do condutor,Céu Claro,2025-01-11,11
2025-01-11,09:00:00,487,"178,3",CAMPO MOURAO,PR,Colisão lateral mesmo sentido,Manobra de mudança de faixa,Céu Claro,2025-01-11,9