data_inversa,horario,br,km,municipio,uf,tipo_acidente,causa_acidente,condicao_metereologica,data,hora
2025-01-14,08:35:00,381,337,NOVA ERA,MG,Capotamento,Acumulo de água sobre o pavimento,Céu Claro,2025-01-14,8
2025-01-13,11:30:00,163,1049,MATUPA,MT,Engavetamento,Manobra de mudança de faixa,Chuva,2025-01-13,11
2025-01-07,08:00:00,116,224,GUARULHOS,SP,Queda de ocupante de veículo,Ausência de reação do condutor,Nublado,2025-01-07,8
2025-01-14,10:15:00,101,"77,2",ARAQUARI,SC,Saída de leito carroçável,Frear bruscamente,Céu Claro,2025-01-14,10
2025-01-14,07:10:00,135,"311,8",DOM PEDRO,MA,Saída de leito carroçável,Acumulo de água sobre o pavimento,Chuva,2025-01-14,7
2025-01-14,10:00:00,495,29,PETROPOLIS,RJ,Colisão frontal,Transitar na contramão,Céu Claro,2025-01-14,10
2025-01-14,10:35:00,40,736,SANTOS DUMONT,MG,Colisão lateral mesmo sentido,Curva acentuada,Nublado,2025-01-14,10
2025-01-14,10:15:00,280,"31,4",ARAQUARI,SC,Colisão traseira,Reação tardia ou ineficiente do condutor,Nublado,2025-01-14,10
2025-01-14,08:15:00,364,341,JI-PARANA,RO,Colisão traseira,Condutor deixou de manter distância do veículo da frente,Nublado,2025-01-14,8
2025-01-14,10:20:00,316,3,TERESINA,PI,Colisão transversal,Condutor desrespeitou a iluminação vermelha do semáforo,Céu Claro,2025-01-14,10
2025-01-14,08:45:00,290,"326,6",CACAPAVA DO SUL,RS,Colisão lateral mesmo sentido,Manobra de mudança de faixa,Céu Claro,2025-01-14,8
2025-01-14,08:35:00,116,407,GOVERNADOR VALADARES,MG,Colisão transversal,Acessar a via sem observar a presença dos outros veículos,Nublado,2025-01-14,8
2025-01-14,11:40:00,101,"148,7",ITAPEMA,SC,Colisão traseira,Reação tardia ou ineficiente do condutor,Céu Claro,2025-01-14,11
2025-01-14,11:10:00,476,"172,9",CONTENDA,PR,Colisão traseira,Reação tardia ou ineficiente do condutor,Sol,2025-01-14,11
2025-01-14,09:50:00,116,"637,9",DIVINO,MG,Colisão frontal,Ultrapassagem Indevida,Garoa/Chuvisco,2025-01-14,9
2025-01-14,11:45:00,232,"73,6",GRAVATA,PE,Saída de leito carroçável,Chuva,Chuva,2025-01-14,11
2025-01-14,10:01:00,50,197,DELTA,MG,Saída de leito carroçável,Velocidade Incompatível,Céu Claro,2025-01-14,10
2025-01-14,12:45:00,262,388,FLORESTAL,MG,Colisão com objeto,Velocidade Incompatível,Chuva,2025-01-14,12
2025-01-03,20:53:00,116,171,SAO JOAO DE MERITI,RJ,Colisão traseira,Ausência de sinalização,Céu Claro,2025-01-03,20
2025-01-14,11:30:00,163,18,MUNDO NOVO,MS,Tombamento,Ausência de reação do condutor,Céu Claro,2025-01-14,11
2025-01-14,12:40:00,101,"367,5",ICARA,SC,Colisão traseira,Condutor deixou de manter distância do veículo da frente,Céu Claro,2025-01-14,12
2025-01-14,09:50:00,116,170,RIO DE JANEIRO,RJ,Colisão lateral mesmo sentido,Ultrapassagem Indevida,Nublado,2025-01-14,9
2025-01-14,12:30:00,101,470,ANGRA DOS REIS,RJ,Colisão transversal,Acessar a via sem observar a presença dos outros veículos,Nublado,2025-01-14,12
2025-01-14,12:30:00,116,"69,2",APARECIDA,SP,Colisão traseira,Ausência de reação do condutor,Nublado,2025-01-14,12
2025-01-12,23:35:00,40,105,DUQUE DE CAXIAS,RJ,Colisão frontal,Ausência de reação do condutor,Céu Claro,2025-01-12,23
2025-01-14,12:17:00,153,494,PARAISO DO TOCANTINS,TO,Colisão transversal,Reação tardia ou ineficiente do condutor,Garoa/Chuvisco,2025-01-14,12
2025-01-14,13:00:00,101,333,TUBARAO,SC,Colisão lateral mesmo sentido,Manobra de mudança de faixa,Céu Claro,2025-01-14,13
2025-01-14,13:10:00,110,50,MOSSORO,RN,Colisão traseira,Condutor deixou de manter distância do veículo da frente,Ignorado,2025-01-14,13
2025-01-14,13:55:00,153,356,JARAGUA,GO,Colisão transversal,Ingestão de álcool pelo condutor,Nublado,2025-01-14,13
2025-01-14,13:25:00,367,84,EUNAPOLIS,BA,Colisão traseira,Ausência de reação do condutor,Garoa/Chuvisco,2025-01-14,13
2025-01-14,12:10:00,285,"292,7",PASSO FUNDO,RS,Colisão transversal,Desrespeitar a preferência no cruzamento,Céu Claro,2025-01-14,12
2025-01-14,13:30:00,101,54,CAMPOS DOS GOYTACAZES,RJ,Colisão transversal,Acessar a via sem observar a presença dos outros veículos,Garoa/Chuvisco,2025-01-14,13
2025-01-14,07:55:00,367,84,EUNAPOLIS,BA,Tombamento,Reação tardia ou ineficiente do condutor,Garoa/Chuvisco,2025-01-14,7
2025-01-14,12:50:00,40,"618,7",CONGONHAS,MG,Saída de leito carroçável,Velocidade Incompatível,Chuva,2025-01-14,12
2025-01-14,12:50:00,116,282,EMBU DAS ARTES,SP,Queda de ocupante de veículo,Velocidade Incompatível,Nublado,2025-01-14,12
2025-01-14,14:40:00,153,334,GUARAI,TO,Colisão transversal,Acessar a via sem observar a presença dos outros veículos,Garoa/Chuvisco,2025-01-14,14
2025-01-14,14:20:00,101,"206,5",JOAO NEIVA,ES,Colisão com objeto,Reação tardia ou ineficiente do condutor,Chuva,2025-01-14,14
2025-01-14,13:01:00,116,187,NOVA IGUACU,RJ,Tombamento,Demais falhas mecânicas ou elétricas,Céu Claro,2025-01-14,13
2025-01-14,12:31:00,70,540,NOSSA SENHORA DO LIVRAMENTO,MT,Colisão traseira,Ausência de reação do condutor,Nublado,2025-01-14,12
2025-01-14,11:20:00,135,"297,2",CRISTINO CASTRO,PI,Colisão transversal,Acesso irregular,Nublado,2025-01-14,11
2025-01-14,12:50:00,153,"424,4",ANAPOLIS,GO,Saída de leito carroçável,Avarias e/ou desgaste excessivo no pneu,Chuva,2025-01-14,12
2025-01-14,13:10:00,116,201,QUEIMADOS,RJ,Colisão traseira,Animais na Pista,Nublado,2025-01-14,13
2025-01-14,15:20:00,40,462,SETE LAGOAS,MG,Saída de leito carroçável,Acumulo de água sobre o pavimento,Chuva,2025-01-14,15
2025-01-14,15:15:00,277,"724,2",FOZ DO IGUACU,PR,Colisão lateral mesmo sentido,Manobra de mudança de faixa,Nublado,2025-01-14,15
2025-01-14,15:50:00,40,"457,5",CAETANOPOLIS,MG,Saída de leito carroçável,Avarias e/ou desgaste excessivo no pneu,Chuva,2025-01-14,15
2025-01-14,15:50:00,116,"201,8",RIO NEGRO,PR,Colisão traseira,Velocidade Incompatível,Céu Claro,2025-01-14,15
2025-01-14,14:49:00,101,"60,4",RECIFE,PE,Colisão lateral mesmo sentido,Trafegar com motocicleta (ou similar) entre as faixas,Céu Claro,2025-01-14,14
2025-01-14,15:55:00,101,195,BIGUACU,SC,Colisão lateral mesmo sentido,Reação tardia ou ineficiente do condutor,Céu Claro,2025-01-14,15
2025-01-14,14:20:00,101,199,CRISTINAPOLIS,SE,Colisão transversal,Ausência de reação do condutor,Chuva,2025-01-14,14
2025-01-14,16:00:00,116,268,CANOAS,RS,Colisão com objeto,Ausência de reação do condutor,Céu Claro,2025-01-14,16
2025-01-14,16:35:00,101,69,RECIFE,PE,Saída de leito carroçável,Ausência de reação do condutor,Nublado,2025-01-14,16
2025-01-14,17:10:00,116,"449,7",REGISTRO,SP,Queda de ocupante de veículo,Afundamento ou ondulação no pavimento,Céu Claro,2025-01-14,17
2025-01-14,16:45:00,101,"262,9",SERRA,ES,Colisão lateral mesmo sentido,Trafegar com motocicleta (ou similar) entre as faixas,Nublado,2025-01-14,16
2025-01-14,15:10:00,40,112,DUQUE DE CAXIAS,RJ,Colisão lateral mesmo sentido,Ultrapassagem Indevida,Céu Claro,2025-01-14,15
2025-01-14,17:00:00,60,"28,4",BRASILIA,DF,Colisão com objeto,Acumulo de água sobre o pavimento,Chuva,2025-01-14,17
2025-01-14,12:30:00,135,401,REDENCAO DO GURGUEIA,PI,Saída de leito carroçável,Reação tardia ou ineficiente do condutor,Chuva,2025-01-14,12
2025-01-14,17:40:00,406,167,SAO GONCALO DO AMARANTE,RN,Colisão transversal,Acessar a via sem observar a presença dos outros veículos,Céu Claro,2025-01-14,17
2025-01-14,17:45:00,40,3,VALPARAISO DE GOIAS,GO,Colisão traseira,Reação tardia ou ineficiente do condutor,Nublado,2025-01-14,17
2025-01-14,12:45:00,381,620,OLIVEIRA,MG,Saída de leito carroçável,Velocidade Incompatível,Chuva,2025-01-14,12
2025-01-14,12:20:00,280,"304,1",PORTO UNIAO,SC,Colisão transversal,Acessar a via sem observar a presença dos outros veículos,Céu Claro,2025-01-14,12
2025-01-14,06:30:00,251,472,FRANCISCO SA,MG,Colisão lateral sentido oposto,Pista Escorregadia,Chuva,2025-01-14,6
2025-01-14,18:15:00,230,"9,9",CABEDELO,PB,Tombamento,Demais falhas na via,Chuva,2025-01-14,18
2025-01-14,18:00:00,116,"51,1",LORENA,SP,Queda de ocupante de veículo,Acumulo de água sobre o pavimento,Garoa/Chuvisco,2025-01-14,18
2025-01-14,17:15:00,277,669,MEDIANEIRA,PR,Saída de leito carroçável,Acessar a via sem observar a presença dos outros veículos,Chuva,2025-01-14,17
2025-01-14,18:20:00,101,193,BIGUACU,SC,Engavetamento,Condutor deixou de manter distância do veículo da frente,Céu Claro,2025-01-14,18
2025-01-14,16:00:00,381,380,SAO GONCALO DO RIO ABAIXO,MG,Colisão frontal,Condutor Dormindo,Céu Claro,2025-01-14,16
2025-01-14,17:45:00,153,"62,3",SAO JOSE DO RIO PRETO,SP,Colisão traseira,Reação tardia ou ineficiente do condutor,Céu Claro,2025-01-14,17
2025-01-14,18:30:00,373,172,PONTA GROSSA,PR,Colisão lateral mesmo sentido,Manobra de mudança de faixa,Nublado,2025-01-14,18
2025-01-14,19:25:00,101,"237,7",PALHOCA,SC,Colisão lateral mesmo sentido,Trafegar com motocicleta (ou similar) entre as faixas,Céu Claro,2025-01-14,19
2025-01-14,18:35:00,116,"372,8",ICO,CE,Colisão traseira,Ausência de reação do condutor,Céu Claro,2025-01-14,18
2025-01-14,18:34:00,316,44,SANTA IZABEL DO PARA,PA,Tombamento,Demais falhas mecânicas ou elétricas,Ignorado,2025-01-14,18
2025-01-14,19:00:00,364,386,SANTA RITA DO ARAGUAIA,GO,Colisão transversal,Acessar a via sem observar a presença dos outros veículos,Céu Claro,2025-01-14,19
2025-01-14,16:05:00,262,"437,1",NOVA SERRANA,MG,Saída de leito carroçável,Chuva,Chuva,2025-01-14,16
2025-01-14,19:00:00,153,495,GOIANIA,GO,Colisão transversal,Ultrapassagem Indevida,Chuva,2025-01-14,19
2025-01-14,16:00:00,226,"324,7",MESSIAS TARGINO,RN,Colisão transversal,Acessar a via sem observar a presença dos outros veículos,Céu Claro,2025-01-14,16
2025-01-10,07:10:00,163,9,BARRACAO,PR,Colisão com objeto,Velocidade Incompatível,Céu Claro,2025-01-10,7
2025-01-14,19:35:00,101,83,SAO GONCALO DO AMARANTE,RN,Colisão traseira,Reação tardia ou ineficiente do condutor,Céu Claro,2025-01-14,19
2025-01-14,19:19:00,163,681,RIO VERDE DE MATO GROSSO,MS,Colisão transversal,Acessar a via sem observar a presença dos outros veículos,Céu Claro,2025-01-14,19
2025-01-14,17:20:00,116,408,GOVERNADOR VALADARES,MG,Tombamento,Pista Escorregadia,Chuva,2025-01-14,17
2025-01-14,19:15:00,116,6,FORTALEZA,CE,Colisão traseira,Manobra de mudança de faixa,Chuva,2025-01-14,19
2025-01-14,17:30:00,428,186,PETROLINA,PE,Colisão traseira,Reação tardia ou ineficiente do condutor,Céu Claro,2025-01-14,17
2025-01-14,20:30:00,40,3,VALPARAISO DE GOIAS,GO,Colisão traseira,Condutor deixou de manter distância do veículo da frente,Céu Claro,2025-01-14,20
2025-01-14,20:30:00,230,"18,2",JOAO PESSOA,PB,Colisão traseira,Ausência de reação do condutor,Céu Claro,2025-01-14,20
2025-01-14,20:40:00,153,518,HIDROLANDIA,GO,Colisão traseira,Manobra de mudança de faixa,Chuva,2025-01-14,20
2025-01-14,19:50:00,277,"497,7",GUARANIACU,PR,Colisão traseira,Condutor deixou de manter distância do veículo da frente,Chuva,2025-01-14,19
2025-01-14,19:40:00,163,"109,2",GUARUJA DO SUL,SC,Saída de leito carroçável,Avarias e/ou desgaste excessivo no pneu,Chuva,2025-01-14,19
2025-01-14,21:00:00,407,123,PETROLINA,PE,Colisão frontal,Transitar na contramão,Nublado,2025-01-14,21
2025-01-14,18:50:00,282,1,FLORIANOPOLIS,SC,Colisão lateral mesmo sentido,Reação tardia ou ineficiente do condutor,Nublado,2025-01-14,18
2025-01-14,19:00:00,153,407,CACHOEIRA DO SUL,RS,Colisão transversal,Acessar a via sem observar a presença dos outros veículos,Céu Claro,2025-01-14,19
2025-01-14,18:20:00,230,"433,9",POMBAL,PB,Saída de leito carroçável,Ausência de reação do condutor,Chuva,2025-01-14,18
2025-01-14,22:15:00,101,48,JOINVILLE,SC,Saída de leito carroçável,Ingestão de álcool pelo condutor,Céu Claro,2025-01-14,22
2025-01-14,22:30:00,230,"138,3",CAMPINA GRANDE,PB,Atropelamento de Animal,Animais na Pista,Céu Claro,2025-01-14,22
2025-01-14,21:41:00,230,81,VARZEA ALEGRE,CE,Atropelamento de Pedestre,Pedestre andava na pista,Chuva,2025-01-14,21
2025-01-14,20:00:00,163,805,SINOP,MT,Colisão traseira,Reação tardia ou ineficiente do condutor,Céu Claro,2025-01-14,20
2025-01-14,20:00:00,174,405,NOVA LACERDA,MT,Atropelamento de Animal,Animais na Pista,Nublado,2025-01-14,20
2025-01-14,22:40:00,364,516,ARIQUEMES,RO,Saída de leito carroçável,Reação tardia ou ineficiente do condutor,Chuva,2025-01-14,22
2025-01-15,02:00:00,365,"68,5",JEQUITAI,MG,Colisão frontal,Condutor Dormindo,Chuva,2025-01-15,2
2025-01-15,02:00:00,369,138,IBIPORA,PR,Colisão transversal,Acessar a via sem observar a presença dos outros veículos,Céu Claro,2025-01-15,2
2025-01-15,01:30:00,40,97,PETROPOLIS,RJ,Queda de ocupante de veículo,Reação tardia ou ineficiente do condutor,Chuva,2025-01-15,1
2025-01-15,02:10:00,116,"113,3",TAUBATE,SP,Colisão com objeto,Problema com o freio,Céu Claro,2025-01-15,2
2025-01-15,00:27:00,110,"35,4",MOSSORO,RN,Atropelamento de Animal,Animais na Pista,Nublado,2025-01-15,0
2025-01-15,03:30:00,101,"205,1",JOAO NEIVA,ES,Atropelamento de Pedestre,Chuva,Chuva,2025-01-15,3
2025-01-15,02:50:00,364,213,RONDONOPOLIS,MT,Atropelamento de Animal,Animais na Pista,Céu Claro,2025-01-15,2
2025-01-15,03:30:00,60,186,ABADIA DE GOIAS,GO,Tombamento,Reação tardia ou ineficiente do condutor,Céu Claro,2025-01-15,3
2025-01-15,04:20:00,116,"865,3",VITORIA DA CONQUISTA,BA,Colisão frontal,Avarias e/ou desgaste excessivo no pneu,Chuva,2025-01-15,4
2025-01-15,04:30:00,381,483,BETIM,MG,Colisão com objeto,Objeto estático sobre o leito carroçável,Chuva,2025-01-15,4
2025-01-15,05:20:00,101,70,RECIFE,PE,Colisão lateral mesmo sentido,Reação tardia ou ineficiente do condutor,Céu Claro,2025-01-15,5
2025-01-15,07:00:00,116,223,GUARULHOS,SP,Queda de ocupante de veículo,Velocidade Incompatível,Céu Claro,2025-01-15,7
2025-01-15,07:30:00,153,"74,6",BADY BASSITT,SP,Colisão lateral mesmo sentido,Ausência de reação do condutor,Céu Claro,2025-01-15,7
2025-01-15,07:00:00,304,96,NATAL,RN,Colisão traseira,Reação tardia ou ineficiente do condutor,Chuva,2025-01-15,7
2025-01-14,18:40:00,163,826,SINOP,MT,Colisão traseira,Acessar a via sem observar a presença dos outros veículos,Céu Claro,2025-01-14,18
2025-01-14,21:16:00,116,146,DUQUE DE CAXIAS,RJ,Colisão frontal,Transitar na contramão,Céu Claro,2025-01-14,21
2025-01-15,06:30:00,50,133,IPAMERI,GO,Incêndio,Demais falhas mecânicas ou elétricas,Céu Claro,2025-01-15,6
2025-01-15,07:40:00,324,619,SALVADOR,BA,Queda de ocupante de veículo,Ausência de reação do condutor,Sol,2025-01-15,7
2025-01-15,08:15:00,116,4,FORTALEZA,CE,Colisão traseira,Condutor deixou de manter distância do veículo da frente,Céu Claro,2025-01-15,8
2025-01-15,03:38:00,116,184,NOVA IGUACU,RJ,Tombamento,Ausência de reação do condutor,Céu Claro,2025-01-15,3
2025-01-15,08:45:00,406,160,CEARA-MIRIM,RN,Colisão transversal,Ingestão de álcool pelo condutor,Céu Claro,2025-01-15,8
2025-01-15,06:30:00,116,"308,5",CAPAO ALTO,SC,Saída de leito carroçável,Reação tardia ou ineficiente do condutor,Céu Claro,2025-01-15,6
2025-01-14,20:55:00,116,141,DUQUE DE CAXIAS,RJ,Colisão frontal,Transitar na contramão,Céu Claro,2025-01-14,20
2025-01-15,09:00:00,230,"472,4",SOUSA,PB,Incêndio,Demais falhas mecânicas ou elétricas,Céu Claro,2025-01-15,9
2025-01-15,08:40:00,235,350,JUAZEIRO,BA,Colisão transversal,Acessar a via sem observar a presença dos outros veículos,Chuva,2025-01-15,8
2025-01-15,09:00:00,493,21,MAGE,RJ,Colisão traseira,Condutor deixou de manter distância do veículo da frente,Nublado,2025-01-15,9
2025-01-15,07:56:00,174,14,VILHENA,RO,Colisão transversal,Acessar a via sem observar a presença dos outros veículos,Nublado,2025-01-15,7
2025-01-15,08:40:00,101,"393,3",RIO NOVO DO SUL,ES,Colisão transversal,Desrespeitar a preferência no cruzamento,Céu Claro,2025-01-15,8
2025-01-15,09:30:00,135,176,BARREIRAS,BA,Colisão frontal,Conversão proibida,Céu Claro,2025-01-15,9
2025-01-15,09:10:00,343,"265,5",CAMPO MAIOR,PI,Colisão transversal,Acessar a via sem observar a presença dos outros veículos,Nublado,2025-01-15,9
2025-01-15,07:50:00,316,"261,7",SANTA INES,MA,Colisão transversal,Desrespeitar a preferência no cruzamento,Céu Claro,2025-01-15,7
2025-01-15,09:45:00,277,"146,8",BALSA NOVA,PR,Atropelamento de Pedestre,Manobra de mudança de faixa,Céu Claro,2025-01-15,9
2025-01-15,10:15:00,235,52,ITABAIANA,SE,Colisão traseira,Reação tardia ou ineficiente do condutor,Nublado,2025-01-15,10
2025-01-05,07:01:00,101,"102,5",PARNAMIRIM,RN,Saída de leito carroçável,Reação tardia ou ineficiente do condutor,Sol,2025-01-05,7
2025-01-14,21:00:00,101,596,CAMACAN,BA,Colisão com objeto,Demais Fenômenos da natureza,Chuva,2025-01-14,21
2025-01-15,10:30:00,415,48,ITABUNA,BA,Engavetamento,Condutor deixou de manter distância do veículo da frente,Céu Claro,2025-01-15,10
2025-01-15,10:00:00,40,96,DUQUE DE CAXIAS,RJ,Saída de leito carroçável,Reação tardia ou ineficiente do condutor,Nublado,2025-01-15,10
2025-01-15,10:12:00,116,309,ITAMBACURI,MG,Tombamento,Ausência de reação do condutor,Chuva,2025-01-15,10
2025-01-15,11:20:00,230,121,MARABA,PA,Colisão traseira,Ausência de reação do condutor,Céu Claro,2025-01-15,11
2025-01-15,07:00:00,316,40,SANTA IZABEL DO PARA,PA,Saída de leito carroçável,Ausência de reação do condutor,Nublado,2025-01-15,7
2025-01-15,12:00:00,470,45,GASPAR,SC,Colisão traseira,Ausência de reação do condutor,Nublado,2025-01-15,12
2025-01-15,11:55:00,101,60,RECIFE,PE,Capotamento,Ausência de reação do condutor,Céu Claro,2025-01-15,11
2025-01-15,12:40:00,304,48,MOSSORO,RN,Colisão transversal,Acessar a via sem observar a presença dos outros veículos,Nublado,2025-01-15,12
2025-01-15,12:30:00,116,15,VITORIA DA CONQUISTA,BA,Colisão frontal,Ingestão de álcool pelo condutor,Nevoeiro/Neblina,2025-01-15,12
2025-01-15,07:50:00,343,520,AMARANTE,PI,Colisão traseira,Reação tardia ou ineficiente do condutor,Chuva,2025-01-15,7
2025-01-15,12:49:00,101,112,SAO JOSE DE MIPIBU,RN,Colisão traseira,Acessar a via sem observar a presença dos outros veículos,Céu Claro,2025-01-15,12
2025-01-14,09:55:00,277,"13,8",PARANAGUA,PR,Engavetamento,Ausência de reação do condutor,Sol,2025-01-14,9
2025-01-15,14:10:00,235,52,ITABAIANA,SE,Colisão traseira,Reação tardia ou ineficiente do condutor,Nublado,2025-01-15,14
2025-01-15,11:20:00,50,157,CAMPO ALEGRE DE GOIAS,GO,Saída de leito carroçável,Reação tardia ou ineficiente do condutor,Garoa/Chuvisco,2025-01-15,11
2025-01-15,13:25:00,376,"663,9",GUARATUBA,PR,Colisão lateral mesmo sentido,Acessar a via sem observar a presença dos outros veículos,Nublado,2025-01-15,13
2025-01-15,12:29:00,163,680,LUCAS DO RIO VERDE,MT,Colisão traseira,Ausência de reação do condutor,Céu Claro,2025-01-15,12
2025-01-15,14:30:00,116,"167,7",JACAREI,SP,Queda de ocupante de veículo,Mal súbito do condutor,Céu Claro,2025-01-15,14
2025-01-15,15:20:00,381,49,ATIBAIA,SP,Colisão lateral mesmo sentido,Ausência de reação do condutor,Céu Claro,2025-01-15,15
2025-01-15,13:45:00,369,138,IBIPORA,PR,Colisão transversal,Acessar a via sem observar a presença dos outros veículos,Céu Claro,2025-01-15,13
2025-01-15,14:40:00,376,"175,8",MARINGA,PR,Colisão traseira,Condutor deixou de manter distância do veículo da frente,Céu Claro,2025-01-15,14
2025-01-15,15:00:00,101,"282,5",IMBITUBA,SC,Tombamento,Reação tardia ou ineficiente do condutor,Céu Claro,2025-01-15,15
2025-01-15,15:00:00,10,255,IMPERATRIZ,MA,Colisão transversal,Acessar a via sem observar a presença dos outros veículos,Céu Claro,2025-01-15,15
2025-01-03,17:30:00,116,175,SAO JOAO DE MERITI,RJ,Colisão lateral mesmo sentido,Ausência de reação do condutor,Céu Claro,2025-01-03,17
2025-01-15,13:30:00,60,"128,6",PARAISO DAS AGUAS,MS,Saída de leito carroçável,Reação tardia ou ineficiente do condutor,Céu Claro,2025-01-15,13
2025-01-15,13:00:00,110,157,RIBEIRA DO POMBAL,BA,Saída de leito carroçável,Condutor Dormindo,Nublado,2025-01-15,13
2025-01-15,12:30:00,60,33,ALEXANIA,GO,Saída de leito carroçável,Acumulo de água sobre o pavimento,Céu Claro,2025-01-15,12
2025-01-15,16:00:00,116,"213,6",GUARULHOS,SP,Tombamento,Ausência de reação do condutor,Céu Claro,2025-01-15,16
2025-01-15,13:30:00,242,374,PALMEIRAS,BA,Saída de leito carroçável,Velocidade Incompatível,Chuva,2025-01-15,13
2025-01-15,16:20:00,70,"3,5",BRASILIA,DF,Colisão traseira,Condutor deixou de manter distância do veículo da frente,Chuva,2025-01-15,16
2025-01-15,14:30:00,424,117,GARANHUNS,PE,Colisão transversal,Acessar a via sem observar a presença dos outros veículos,Céu Claro,2025-01-15,14
2025-01-15,16:45:00,101,196,BIGUACU,SC,Colisão lateral mesmo sentido,Manobra de mudança de faixa,Céu Claro,2025-01-15,16
2025-01-15,16:35:00,153,"578,9",PROFESSOR JAMIL,GO,Capotamento,Acumulo de água sobre o pavimento,Chuva,2025-01-15,16
2025-01-15,17:51:00,406,170,SAO GONCALO DO AMARANTE,RN,Colisão transversal,Ausência de reação do condutor,Céu Claro,2025-01-15,17
2025-01-15,09:37:00,324,583,CANDEIAS,BA,Saída de leito carroçável,Condutor Dormindo,Nublado,2025-01-15,9
2025-01-15,17:30:00,101,"209,4",SAO JOSE,SC,Colisão traseira,Ausência de reação do condutor,Céu Claro,2025-01-15,17
2025-01-15,18:00:00,230,"20,7",JOAO PESSOA,PB,Colisão lateral mesmo sentido,Manobra de mudança de faixa,Céu Claro,2025-01-15,18
2025-01-15,16:45:00,101,"22,5",TRES CACHOEIRAS,RS,Colisão lateral mesmo sentido,Acessar a via sem observar a presença dos outros veículos,Nublado,2025-01-15,16
2025-01-15,18:00:00,471,458,RIO GRANDE,RS,Colisão transversal,Desrespeitar a preferência no cruzamento,Céu Claro,2025-01-15,18
2025-01-15,11:30:00,116,"200,9",CARAI,MG,Saída de leito carroçável,Avarias e/ou desgaste excessivo no pneu,Garoa/Chuvisco,2025-01-15,11
2025-01-15,17:40:00,116,"700,5",MURIAE,MG,Colisão lateral sentido oposto,Transitar na contramão,Nublado,2025-01-15,17
2025-01-15,17:10:00,369,"187,4",ARAPONGAS,PR,Colisão lateral mesmo sentido,Ultrapassagem Indevida,Céu Claro,2025-01-15,17
2025-01-15,18:00:00,116,15,COLOMBO,PR,Colisão traseira,Reação tardia ou ineficiente do condutor,Céu Claro,2025-01-15,18
2025-01-15,17:20:00,101,"334,1",TUBARAO,SC,Colisão traseira,Condutor deixou de manter distância do veículo da frente,Céu Claro,2025-01-15,17
2025-01-15,17:50:00,101,319,NITEROI,RJ,Colisão traseira,Condutor deixou de manter distância do veículo da frente,Céu Claro,2025-01-15,17
2025-01-15,17:40:00,101,104,PILAR,AL,Capotamento,Ultrapassagem Indevida,Céu Claro,2025-01-15,17
2025-01-15,17:30:00,262,755,SACRAMENTO,MG,Colisão transversal,Acessar a via sem observar a presença dos outros veículos,Céu Claro,2025-01-15,17
2025-01-15,15:00:00,251,443,GRAO MOGOL,MG,Colisão com objeto,Pista esburacada,Céu Claro,2025-01-15,15
2025-01-15,18:40:00,369,"504,5",CASCAVEL,PR,Colisão lateral sentido oposto,Ultrapassagem Indevida,Céu Claro,2025-01-15,18
2025-01-15,19:00:00,101,106,PARNAMIRIM,RN,Atropelamento de Pedestre,Pedestre cruzava a pista fora da faixa,Céu Claro,2025-01-15,19
2025-01-15,18:45:00,277,"78,6",CURITIBA,PR,Tombamento,Reação tardia ou ineficiente do condutor,Céu Claro,2025-01-15,18
2025-01-15,18:30:00,226,"7,3",MACAIBA,RN,Atropelamento de Animal,Animais na Pista,Céu Claro,2025-01-15,18
2025-01-15,18:00:00,70,"11,3",BARRA DO GARCAS,MT,Colisão transversal,Ingestão de álcool pelo condutor,Nublado,2025-01-15,18
2025-01-15,19:00:00,277,659,MATELANDIA,PR,Tombamento,Ausência de reação do condutor,Céu Claro,2025-01-15,19
2025-01-15,18:40:00,369,136,IBIPORA,PR,Colisão transversal,Conversão proibida,Céu Claro,2025-01-15,18
2025-01-15,19:30:00,101,202,SAO JOSE,SC,Colisão lateral mesmo sentido,Manobra de mudança de faixa,Céu Claro,2025-01-15,19
2025-01-15,16:55:00,116,"50,3",LORENA,SP,Colisão traseira,Condutor deixou de manter distância do veículo da frente,Céu Claro,2025-01-15,16
2025-01-15,20:10:00,116,"16,8",VITORIA DA CONQUISTA,BA,Colisão transversal,Acessar a via sem observar a presença dos outros veículos,Garoa/Chuvisco,2025-01-15,20
2025-01-15,18:30:00,365,"433,5",PATOS DE MINAS,MG,Saída de leito carroçável,Reação tardia ou ineficiente do condutor,Chuva,2025-01-15,18
2025-01-15,19:45:00,373,178,PONTA GROSSA,PR,Saída de leito carroçável,Condutor Dormindo,Céu Claro,2025-01-15,19
2025-01-15,19:30:00,163,"455,9",CAMPO GRANDE,MS,Colisão transversal,Desrespeitar a preferência no cruzamento,Nublado,2025-01-15,19
2025-01-15,19:38:00,343,"309,6",ALTOS,PI,Colisão transversal,Acessar a via sem observar a presença dos outros veículos,Nublado,2025-01-15,19
2025-01-15,20:45:00,40,"614,1",CONGONHAS,MG,Colisão com objeto,Ausência de reação do condutor,Céu Claro,2025-01-15,20
2025-01-15,16:40:00,493,25,MAGE,RJ,Colisão traseira,Reação tardia ou ineficiente do condutor,Céu Claro,2025-01-15,16
2025-01-15,19:20:00,153,498,PARAISO DO TOCANTINS,TO,Colisão transversal,Ultrapassagem Indevida,Céu Claro,2025-01-15,19