data_inversa,horario,br,km,municipio,uf,tipo_acidente,causa_acidente,condicao_metereologica,data,hora
2025-01-18,19:00:00,282,310,VARGEM,SC,Colisão transversal,Manobra de mudança de faixa,Céu Claro,2025-01-18,19
2025-01-18,21:00:00,40,120,DUQUE DE CAXIAS,RJ,Colisão traseira,Manobra de mudança de faixa,Céu Claro,2025-01-18,21
2025-01-18,22:30:00,101,52,UBATUBA,SP,Colisão transversal,Acessar a via sem observar a presença dos outros veículos,Nublado,2025-01-18,22
2025-01-18,22:35:00,316,11,TERESINA,PI,Colisão lateral mesmo sentido,Manobra de mudança de faixa,Nublado,2025-01-18,22
2025-01-18,22:50:00,101,80,JABOATAO DOS GUARARAPES,PE,Atropelamento de Animal,Animais na Pista,Céu Claro,2025-01-18,22
2025-01-18,21:40:00,470,"112,5",IBIRAMA,SC,Colisão com objeto,Ausência de reação do condutor,Ignorado,2025-01-18,21
2025-01-18,22:35:00,116,71,TERESOPOLIS,RJ,Tombamento,Ausência de reação do condutor,Céu Claro,2025-01-18,22
2025-01-18,21:20:00,10,262,IMPERATRIZ,MA,Atropelamento de Animal,Animais na Pista,Nublado,2025-01-18,21
2025-01-19,00:15:00,324,6,FEIRA DE SANTANA,BA,Queda de ocupante de veículo,Avarias e/ou desgaste excessivo no pneu,Nublado,2025-01-19,0
2025-01-19,00:43:00,153,552,PIRACANJUBA,GO,Atropelamento de Pedestre,Acessar a via sem observar a presença dos outros veículos,Nublado,2025-01-19,0
2025-01-18,22:40:00,290,"106,4",ELDORADO DO SUL,RS,Atropelamento de Pedestre,Pedestre andava na pista,Céu Claro,2025-01-18,22
2025-01-18,23:21:00,469,13,FOZ DO IGUACU,PR,Engavetamento,Ingestão de álcool pelo condutor,Ignorado,2025-01-18,23
2025-01-19,00:05:00,277,83,CURITIBA,PR,Colisão traseira,Velocidade Incompatível,Nublado,2025-01-19,0
2025-01-19,00:40:00,116,152,CAXIAS DO SUL,RS,Saída de leito carroçável,Reação tardia ou ineficiente do condutor,Céu Claro,2025-01-19,0
2025-01-19,01:10:00,101,"201,3",SAO JOSE,SC,Colisão traseira,Reação tardia ou ineficiente do condutor,Nublado,2025-01-19,1
2025-01-18,21:50:00,153,"379,2",MALLET,PR,Saída de leito carroçável,Reação tardia ou ineficiente do condutor,Nublado,2025-01-18,21
2025-01-19,01:40:00,407,0,JUAZEIRO,BA,Colisão com objeto,Condutor usando celular,Céu Claro,2025-01-19,1
2025-01-19,00:30:00,153,347,GUARAI,TO,Colisão traseira,Ausência de reação do condutor,Céu Claro,2025-01-19,0
2025-01-19,01:30:00,324,593,CANDEIAS,BA,Atropelamento de Animal,Animais na Pista,Céu Claro,2025-01-19,1
2025-01-19,01:00:00,364,209,RONDONOPOLIS,MT,Colisão com objeto,Reação tardia ou ineficiente do condutor,Nublado,2025-01-19,1
2025-01-19,02:00:00,101,424,MANGARATIBA,RJ,Colisão lateral sentido oposto,Ingestão de álcool pelo condutor,Céu Claro,2025-01-19,2
2025-01-19,00:30:00,285,"607,3",SANTO ANTONIO DAS MISSOES,RS,Colisão frontal,Ingestão de álcool pelo condutor,Céu Claro,2025-01-19,0
2025-01-19,02:40:00,376,"188,3",MARIALVA,PR,Saída de leito carroçável,Animais na Pista,Céu Claro,2025-01-19,2
2025-01-19,03:00:00,282,"21,7",SANTO AMARO DA IMPERATRIZ,SC,Colisão frontal,Transitar na contramão,Céu Claro,2025-01-19,3
2025-01-19,03:00:00,153,"57,2",SAO JOSE DO RIO PRETO,SP,Saída de leito carroçável,Condutor Dormindo,Nublado,2025-01-19,3
2025-01-19,02:50:00,116,"157,9",SAO JOSE DOS CAMPOS,SP,Colisão com objeto,Reação tardia ou ineficiente do condutor,Nublado,2025-01-19,2
2025-01-19,03:05:00,232,79,GRAVATA,PE,Colisão transversal,Ingestão de álcool pelo condutor,Céu Claro,2025-01-19,3
2025-01-19,04:20:00,153,409,MIRANORTE,TO,Saída de leito carroçável,Acessar a via sem observar a presença dos outros veículos,Céu Claro,2025-01-19,4
2025-01-19,03:40:00,316,"4,3",TERESINA,PI,Saída de leito carroçável,Velocidade Incompatível,Céu Claro,2025-01-19,3
2025-01-19,04:00:00,104,"139,5",QUEIMADAS,PB,Colisão transversal,Desrespeitar a preferência no cruzamento,Nublado,2025-01-19,4
2025-01-19,04:30:00,116,302,GUAIBA,RS,Saída de leito carroçável,Ingestão de álcool pelo condutor,Nublado,2025-01-19,4
2025-01-19,05:35:00,101,"214,3",PALHOCA,SC,Colisão com objeto,Condutor Dormindo,Nublado,2025-01-19,5
2025-01-19,04:30:00,60,"39,9",ALEXANIA,GO,Saída de leito carroçável,Reação tardia ou ineficiente do condutor,Nublado,2025-01-19,4
2025-01-19,05:45:00,116,228,SAO PAULO,SP,Colisão com objeto,Ingestão de álcool pelo condutor,Nublado,2025-01-19,5
2025-01-19,04:30:00,50,176,UBERABA,MG,Colisão com objeto,Reação tardia ou ineficiente do condutor,Céu Claro,2025-01-19,4
2025-01-19,06:20:00,381,84,SAO PAULO,SP,Colisão traseira,Reação tardia ou ineficiente do condutor,Céu Claro,2025-01-19,6
2025-01-19,05:16:00,70,18,BRASILIA,DF,Colisão lateral mesmo sentido,Ausência de reação do condutor,Chuva,2025-01-19,5
2025-01-19,06:20:00,101,202,JOAO NEIVA,ES,Colisão lateral mesmo sentido,Ultrapassagem Indevida,Céu Claro,2025-01-19,6
2025-01-18,23:15:00,403,"25,5",BELA CRUZ,CE,Atropelamento de Pedestre,Acessar a via sem observar a presença dos outros veículos,Céu Claro,2025-01-18,23
2025-01-19,06:20:00,153,156,COMENDADOR GOMES,MG,Saída de leito carroçável,Reação tardia ou ineficiente do condutor,Céu Claro,2025-01-19,6
2025-01-19,07:00:00,40,1,BRASILIA,DF,Saída de leito carroçável,Ausência de reação do condutor,Nublado,2025-01-19,7
2025-01-19,06:50:00,116,303,SAO LOURENCO DA SERRA,SP,Colisão com objeto,Velocidade Incompatível,Céu Claro,2025-01-19,6
2025-01-19,06:15:00,393,237,VASSOURAS,RJ,Colisão frontal,Condutor Dormindo,Céu Claro,2025-01-19,6
2025-01-19,05:40:00,262,"76,5",MATIPO,MG,Saída de leito carroçável,Mal súbito do condutor,Céu Claro,2025-01-19,5
2025-01-19,06:45:00,465,20,NOVA IGUACU,RJ,Colisão frontal,Transitar na contramão,Céu Claro,2025-01-19,6
2025-01-19,01:30:00,163,42,ELDORADO,MS,Colisão com objeto,Reação tardia ou ineficiente do condutor,Céu Claro,2025-01-19,1
2025-01-19,08:00:00,101,"108,6",PARNAMIRIM,RN,Tombamento,Acumulo de água sobre o pavimento,Chuva,2025-01-19,8
2025-01-19,06:58:00,376,"18,4",FATIMA DO SUL,MS,Saída de leito carroçável,Ausência de reação do condutor,Céu Claro,2025-01-19,6
2025-01-19,08:30:00,110,169,RIBEIRA DO POMBAL,BA,Colisão lateral sentido oposto,Ingestão de álcool pelo condutor,Céu Claro,2025-01-19,8
2025-01-19,07:00:00,174,293,PONTES E LACERDA,MT,Saída de leito carroçável,Ingestão de álcool pelo condutor,Céu Claro,2025-01-19,7
2025-01-19,08:40:00,116,235,NOVO HAMBURGO,RS,Colisão traseira,Ausência de reação do condutor,Céu Claro,2025-01-19,8
2025-01-19,03:15:00,40,109,DUQUE DE CAXIAS,RJ,Capotamento,Velocidade Incompatível,Céu Claro,2025-01-19,3
2025-01-19,06:35:00,317,114,CAPIXABA,AC,Queda de ocupante de veículo,Reação tardia ou ineficiente do condutor,Nublado,2025-01-19,6
2025-01-19,05:00:00,369,191,ARAPONGAS,PR,Saída de leito carroçável,Velocidade Incompatível,Nublado,2025-01-19,5
2025-01-19,07:40:00,290,78,GRAVATAI,RS,Colisão com objeto,Manobra de mudança de faixa,Sol,2025-01-19,7
2025-01-19,08:00:00,20,2,BRASILIA,DF,Saída de leito carroçável,Velocidade Incompatível,Céu Claro,2025-01-19,8
2025-01-19,08:45:00,116,4,CAMPINA GRANDE DO SUL,PR,Saída de leito carroçável,Reação tardia ou ineficiente do condutor,Chuva,2025-01-19,8
2025-01-19,07:00:00,470,20,ILHOTA,SC,Colisão lateral mesmo sentido,Manobra de mudança de faixa,Céu Claro,2025-01-19,7
2025-01-19,07:50:00,153,"501,9",GENERAL CARNEIRO,PR,Capotamento,Reação tardia ou ineficiente do condutor,Sol,2025-01-19,7
2025-01-19,10:10:00,116,174,RUSSAS,CE,Colisão transversal,Acessar a via sem observar a presença dos outros veículos,Nublado,2025-01-19,10
2025-01-19,09:43:00,101,"1,7",MATARACA,PB,Colisão com objeto,Velocidade Incompatível,Garoa/Chuvisco,2025-01-19,9
2025-01-19,10:30:00,476,145,CURITIBA,PR,Saída de leito carroçável,Velocidade Incompatível,Chuva,2025-01-19,10
2025-01-19,11:00:00,116,126,FAZENDA RIO GRANDE,PR,Colisão transversal,Condutor desrespeitou a iluminação vermelha do semáforo,Nublado,2025-01-19,11
2025-01-19,11:30:00,277,134,CAMPO LARGO,PR,Colisão com objeto,Reação tardia ou ineficiente do condutor,Chuva,2025-01-19,11
2025-01-19,11:20:00,101,308,SAO GONCALO,RJ,Tombamento,Avarias e/ou desgaste excessivo no pneu,Céu Claro,2025-01-19,11
2025-01-19,10:05:00,163,"82,6",PLANALTO,PR,Colisão transversal,Acessar a via sem observar a presença dos outros veículos,Céu Claro,2025-01-19,10
2025-01-19,11:30:00,235,"5,3",NOSSA SENHORA DO SOCORRO,SE,Colisão traseira,Condutor deixou de manter distância do veículo da frente,Céu Claro,2025-01-19,11
2025-01-19,08:39:00,116,285,ITAPECERICA DA SERRA,SP,Colisão com objeto,Reação tardia ou ineficiente do condutor,Céu Claro,2025-01-19,8
2025-01-19,10:30:00,470,10,NAVEGANTES,SC,Colisão transversal,Acessar a via sem observar a presença dos outros veículos,Céu Claro,2025-01-19,10
2025-01-19,11:10:00,101,"108,7",PENHA,SC,Colisão traseira,Reação tardia ou ineficiente do condutor,Céu Claro,2025-01-19,11
2025-01-19,11:30:00,381,884,ESTIVA,MG,Colisão lateral mesmo sentido,Manobra de mudança de faixa,Céu Claro,2025-01-19,11
2025-01-19,12:20:00,116,43,CAMPINA GRANDE DO SUL,PR,Colisão com objeto,Chuva,Chuva,2025-01-19,12
2025-01-19,11:20:00,232,"10,6",JABOATAO DOS GUARARAPES,PE,Colisão transversal,Desrespeitar a preferência no cruzamento,Céu Claro,2025-01-19,11
2025-01-19,12:55:00,101,"194,4",BIGUACU,SC,Colisão com objeto,Objeto estático sobre o leito carroçável,Céu Claro,2025-01-19,12
2025-01-19,09:30:00,60,177,ABADIA DE GOIAS,GO,Saída de leito carroçável,Acessar a via sem observar a presença dos outros veículos,Garoa/Chuvisco,2025-01-19,9
2025-01-19,09:30:00,376,"407,7",TIBAGI,PR,Saída de leito carroçável,Velocidade Incompatível,Chuva,2025-01-19,9
2025-01-19,12:20:00,116,"216,9",MORRO REUTER,RS,Colisão lateral mesmo sentido,Ausência de reação do condutor,Sol,2025-01-19,12
2025-01-19,12:30:00,116,39,CAMPINA GRANDE DO SUL,PR,Colisão com objeto,Chuva,Chuva,2025-01-19,12
2025-01-19,10:45:00,282,"412,3",CATANDUVAS,SC,Capotamento,Ausência de reação do condutor,Sol,2025-01-19,10
2025-01-19,12:50:00,277,"332,9",GUARAPUAVA,PR,Saída de leito carroçável,Ausência de reação do condutor,Nublado,2025-01-19,12
2025-01-19,14:00:00,381,327,NOVA ERA,MG,Saída de leito carroçável,Velocidade Incompatível,Sol,2025-01-19,14
2025-01-19,12:15:00,116,"46,9",CAMPINA GRANDE DO SUL,PR,Saída de leito carroçável,Chuva,Chuva,2025-01-19,12
2025-01-19,13:23:00,408,98,RECIFE,PE,Saída de leito carroçável,Mal súbito do condutor,Sol,2025-01-19,13
2025-01-19,09:00:00,101,487,ANGRA DOS REIS,RJ,Colisão traseira,Ausência de reação do condutor,Sol,2025-01-19,9
2025-01-19,13:50:00,40,"678,2",CARANDAI,MG,Saída de leito carroçável,Condutor Dormindo,Céu Claro,2025-01-19,13
2025-01-19,10:20:00,116,818,VITORIA DA CONQUISTA,BA,Colisão lateral mesmo sentido,Manobra de mudança de faixa,Nublado,2025-01-19,10
2025-01-19,12:30:00,267,"17,3",BATAGUASSU,MS,Queda de ocupante de veículo,Demais falhas mecânicas ou elétricas,Sol,2025-01-19,12
2025-01-19,15:25:00,116,213,GUARULHOS,SP,Colisão traseira,Velocidade Incompatível,Céu Claro,2025-01-19,15
2025-01-19,15:40:00,381,501,BETIM,MG,Colisão traseira,Condutor deixou de manter distância do veículo da frente,Céu Claro,2025-01-19,15
2025-01-19,15:50:00,316,64,CASTANHAL,PA,Colisão traseira,Ausência de reação do condutor,Nublado,2025-01-19,15
2025-01-19,12:43:00,319,"705,8",HUMAITA,AM,Saída de leito carroçável,Problema com o freio,Céu Claro,2025-01-19,12
2025-01-19,16:15:00,381,10,VARGEM,SP,Queda de ocupante de veículo,Acumulo de água sobre o pavimento,Nublado,2025-01-19,16
2025-01-19,13:47:00,153,"659,8",GOIATUBA,GO,Tombamento,Acumulo de água sobre o pavimento,Chuva,2025-01-19,13
2025-01-19,15:08:00,116,108,TAUBATE,SP,Colisão lateral mesmo sentido,Manobra de mudança de faixa,Nublado,2025-01-19,15
2025-01-19,15:00:00,316,199,VALENCA DO PIAUI,PI,Queda de ocupante de veículo,Reação tardia ou ineficiente do condutor,Garoa/Chuvisco,2025-01-19,15
2025-01-19,16:10:00,110,"111,5",AUGUSTO SEVERO,RN,Capotamento,Pista Escorregadia,Chuva,2025-01-19,16
2025-01-19,15:55:00,470,139,RIO DO SUL,SC,Tombamento,Ingestão de álcool pelo condutor,Céu Claro,2025-01-19,15
2025-01-19,15:00:00,381,908,CAMBUI,MG,Saída de leito carroçável,Velocidade Incompatível,Chuva,2025-01-19,15
2025-01-19,16:20:00,290,"144,4",ELDORADO DO SUL,RS,Colisão frontal,Reação tardia ou ineficiente do condutor,Sol,2025-01-19,16
2025-01-19,16:45:00,290,1,OSORIO,RS,Colisão traseira,Reação tardia ou ineficiente do condutor,Céu Claro,2025-01-19,16
2025-01-19,16:40:00,101,"42,4",MAMANGUAPE,PB,Colisão lateral mesmo sentido,Demais falhas mecânicas ou elétricas,Céu Claro,2025-01-19,16
2025-01-19,14:15:00,376,"445,3",TIBAGI,PR,Saída de leito carroçável,Chuva,Chuva,2025-01-19,14
2025-01-19,16:31:00,104,68,CARUARU,PE,Colisão traseira,Ausência de reação do condutor,Céu Claro,2025-01-19,16
2025-01-19,17:00:00,381,505,BETIM,MG,Engavetamento,Ausência de reação do condutor,Céu Claro,2025-01-19,17
2025-01-19,16:55:00,10,259,IMPERATRIZ,MA,Tombamento,Ingestão de álcool pelo condutor,Céu Claro,2025-01-19,16
2025-01-19,15:30:00,381,"924,8",CAMANDUCAIA,MG,Colisão com objeto,Velocidade Incompatível,Chuva,2025-01-19,15
2025-01-19,17:10:00,101,427,MANGARATIBA,RJ,Colisão transversal,Transitar no Acostamento,Céu Claro,2025-01-19,17
2025-01-19,17:00:00,40,25,TRES RIOS,RJ,Colisão com objeto,Velocidade Incompatível,Céu Claro,2025-01-19,17
2025-01-19,13:00:00,470,115,IBIRAMA,SC,Queda de ocupante de veículo,Reação tardia ou ineficiente do condutor,Céu Claro,2025-01-19,13
2025-01-19,17:12:00,230,"23,1",JOAO PESSOA,PB,Colisão traseira,Trafegar com motocicleta (ou similar) entre as faixas,Nublado,2025-01-19,17
2025-01-19,17:59:00,101,"89,7",JOAO PESSOA,PB,Colisão lateral mesmo sentido,Ingestão de álcool pelo condutor,Céu Claro,2025-01-19,17
2025-01-19,15:10:00,280,"166,7",MAFRA,SC,Colisão traseira,Ausência de reação do condutor,Céu Claro,2025-01-19,15
2025-01-19,11:45:00,280,133,RIO NEGRINHO,SC,Incêndio,Demais falhas mecânicas ou elétricas,Nublado,2025-01-19,11
2025-01-19,17:30:00,40,12,LUZIANIA,GO,Eventos atípicos,Chuva,Chuva,2025-01-19,17
2025-01-19,17:48:00,101,49,ABREU E LIMA,PE,Colisão traseira,Reação tardia ou ineficiente do condutor,Céu Claro,2025-01-19,17
2025-01-19,17:45:00,40,"644,9",CONSELHEIRO LAFAIETE,MG,Saída de leito carroçável,Velocidade Incompatível,Céu Claro,2025-01-19,17
2025-01-19,17:50:00,356,171,SAO JOAO DA BARRA,RJ,Colisão traseira,Ausência de reação do condutor,Céu Claro,2025-01-19,17
2025-01-19,17:15:00,50,172,UBERABA,MG,Saída de leito carroçável,Ingestão de álcool pelo condutor,Céu Claro,2025-01-19,17
2025-01-19,14:05:00,367,30,PORTO SEGURO,BA,Colisão transversal,Acessar a via sem observar a presença dos outros veículos,Céu Claro,2025-01-19,14
2025-01-19,15:40:00,116,261,PINHEIRAL,RJ,Saída de leito carroçável,Ausência de reação do condutor,Garoa/Chuvisco,2025-01-19,15
2025-01-19,18:00:00,101,"357,9",ANCHIETA,ES,Colisão traseira,Reação tardia ou ineficiente do condutor,Céu Claro,2025-01-19,18
2025-01-19,18:00:00,343,345,TERESINA,PI,Colisão traseira,Reação tardia ou ineficiente do condutor,Ignorado,2025-01-19,18
2025-01-03,19:15:00,324,592,CANDEIAS,BA,Colisão lateral mesmo sentido,Reação tardia ou ineficiente do condutor,Céu Claro,2025-01-03,19
2025-01-19,17:45:00,470,160,NOVA PRATA,RS,Colisão lateral mesmo sentido,Ausência de reação do condutor,Céu Claro,2025-01-19,17
2025-01-19,17:30:00,101,129,SAO MIGUEL DOS CAMPOS,AL,Colisão traseira,Ausência de reação do condutor,Céu Claro,2025-01-19,17
2025-01-19,15:50:00,267,122,JUIZ DE FORA,MG,Colisão lateral mesmo sentido,Acessar a via sem observar a presença dos outros veículos,Chuva,2025-01-19,15
2025-01-19,18:28:00,232,5,RECIFE,PE,Colisão traseira,Ausência de reação do condutor,Céu Claro,2025-01-19,18
2025-01-19,16:15:00,290,"176,9",BUTIA,RS,Colisão transversal,Acessar a via sem observar a presença dos outros veículos,Sol,2025-01-19,16
2025-01-19,13:30:00,465,15,SEROPEDICA,RJ,Colisão transversal,Trafegar com motocicleta (ou similar) entre as faixas,Céu Claro,2025-01-19,13
2025-01-19,19:20:00,282,16,PALHOCA,SC,Colisão transversal,Acessar a via sem observar a presença dos outros veículos,Nublado,2025-01-19,19
2025-01-19,16:08:00,369,453,CORBELIA,PR,Saída de leito carroçável,Demais falhas mecânicas ou elétricas,Céu Claro,2025-01-19,16
2025-01-19,18:00:00,163,"372,5",NOVA ALVORADA DO SUL,MS,Saída de leito carroçável,Ingestão de álcool pelo condutor,Nublado,2025-01-19,18
2025-01-19,19:50:00,60,11,SANTO ANTONIO DO DESCOBERTO,GO,Colisão lateral mesmo sentido,Ingestão de álcool pelo condutor,Céu Claro,2025-01-19,19
2025-01-19,17:45:00,116,"173,5",SAO CRISTOVAO DO SUL,SC,Capotamento,Avarias e/ou desgaste excessivo no pneu,Chuva,2025-01-19,17
2025-01-19,19:00:00,364,710,PORTO VELHO,RO,Queda de ocupante de veículo,Pedestre - Ingestão de álcool/ substâncias psicoativas,Céu Claro,2025-01-19,19
2025-01-19,18:54:00,101,"274,4",SERRA,ES,Incêndio,Demais falhas mecânicas ou elétricas,Céu Claro,2025-01-19,18
2025-01-19,20:20:00,282,"5,6",SAO JOSE,SC,Tombamento,Velocidade Incompatível,Chuva,2025-01-19,20
2025-01-19,18:00:00,262,769,UBERABA,MG,Saída de leito carroçável,Reação tardia ou ineficiente do condutor,Céu Claro,2025-01-19,18
2025-01-19,19:20:00,135,18,SAO LUIS,MA,Atropelamento de Pedestre,Entrada inopinada do pedestre,Céu Claro,2025-01-19,19
2025-01-19,20:25:00,235,112,CARIRA,SE,Colisão traseira,Ingestão de álcool pelo condutor,Céu Claro,2025-01-19,20
2025-01-19,19:00:00,343,23,PARNAIBA,PI,Atropelamento de Pedestre,Pedestre andava na pista,Garoa/Chuvisco,2025-01-19,19
2025-01-19,19:40:00,316,"230,9",ATALAIA,AL,Atropelamento de Pedestre,Pedestre andava na pista,Nublado,2025-01-19,19
2025-01-19,20:15:00,116,"225,9",GUARULHOS,SP,Colisão lateral mesmo sentido,Manobra de mudança de faixa,Nublado,2025-01-19,20
2025-01-19,08:00:00,101,126,ITAJAI,SC,Saída de leito carroçável,Reação tardia ou ineficiente do condutor,Nublado,2025-01-19,8
2025-01-19,21:00:00,304,284,MACAIBA,RN,Colisão traseira,Estacionar ou parar em local proibido,Céu Claro,2025-01-19,21
2025-01-19,16:20:00,364,704,PORTO VELHO,RO,Queda de ocupante de veículo,Ausência de reação do condutor,Céu Claro,2025-01-19,16
2025-01-19,19:55:00,116,672,JEQUIE,BA,Colisão traseira,Ingestão de álcool pelo condutor,Céu Claro,2025-01-19,19
2025-01-19,16:40:00,40,101,DUQUE DE CAXIAS,RJ,Colisão com objeto,Ausência de reação do condutor,Nublado,2025-01-19,16
2025-01-19,21:00:00,280,"67,2",JARAGUA DO SUL,SC,Colisão transversal,Desrespeitar a preferência no cruzamento,Nublado,2025-01-19,21
2025-01-19,20:45:00,470,220,BENTO GONCALVES,RS,Colisão transversal,Acessar a via sem observar a presença dos outros veículos,Nublado,2025-01-19,20
2025-01-19,20:10:00,367,"79,7",EUNAPOLIS,BA,Saída de leito carroçável,Reação tardia ou ineficiente do condutor,Céu Claro,2025-01-19,20
2025-01-19,18:30:00,316,"11,5",ARARIPINA,PE,Colisão transversal,Ingestão de álcool pelo condutor,Nublado,2025-01-19,18
2025-01-19,19:55:00,262,"22,1",REDUTO,MG,Saída de leito carroçável,Problema com o freio,Céu Claro,2025-01-19,19
2025-01-19,16:15:00,376,13,DOURADOS,MS,Colisão traseira,Reação tardia ou ineficiente do condutor,Céu Claro,2025-01-19,16
2025-01-19,21:10:00,116,779,PLANALTO,BA,Colisão transversal,Acesso irregular,Céu Claro,2025-01-19,21
2025-01-19,22:16:00,282,"5,1",SAO JOSE,SC,Colisão com objeto,Velocidade Incompatível,Chuva,2025-01-19,22
2025-01-19,18:00:00,392,196,SANTANA DA BOA VISTA,RS,Saída de leito carroçável,Reação tardia ou ineficiente do condutor,Chuva,2025-01-19,18
2025-01-19,20:10:00,101,"442,5",SANTA ROSA DO SUL,SC,Atropelamento de Pedestre,Reação tardia ou ineficiente do condutor,Nublado,2025-01-19,20
2025-01-19,21:20:00,393,"248,1",BARRA DO PIRAI,RJ,Saída de leito carroçável,Ausência de reação do condutor,Céu Claro,2025-01-19,21
2025-01-19,19:30:00,405,"5,5",UIRAUNA,PB,Colisão frontal,Transitar na contramão,Céu Claro,2025-01-19,19
2025-01-19,20:45:00,364,402,CUIABA,MT,Atropelamento de Pedestre,Entrada inopinada do pedestre,Céu Claro,2025-01-19,20
2025-01-19,18:20:00,230,"194,7",OEIRAS,PI,Colisão frontal,Ausência de reação do condutor,Chuva,2025-01-19,18
2025-01-19,23:00:00,381,90,GUARULHOS,SP,Colisão traseira,Reação tardia ou ineficiente do condutor,Céu Claro,2025-01-19,23
2025-01-19,21:20:00,116,"293,3",BARRA MANSA,RJ,Atropelamento de Animal,Animais na Pista,Nublado,2025-01-19,21
2025-01-20,00:10:00,101,"356,7",ANCHIETA,ES,Atropelamento de Pedestre,Entrada inopinada do pedestre,Céu Claro,2025-01-20,0
2025-01-19,22:57:00,290,108,ELDORADO DO SUL,RS,Colisão lateral mesmo sentido,Ingestão de álcool pelo condutor,Chuva,2025-01-19,22
2025-01-19,23:00:00,470,24,ILHOTA,SC,Saída de leito carroçável,Ausência de reação do condutor,Garoa/Chuvisco,2025-01-19,23
2025-01-19,23:30:00,364,"422,8",JARU,RO,Saída de leito carroçável,Iluminação deficiente,Chuva,2025-01-19,23
2025-01-20,00:30:00,373,"245,1",GUAMIRANGA,PR,Atropelamento de Pedestre,Ingestão de álcool pelo condutor,Garoa/Chuvisco,2025-01-20,0
2025-01-19,23:15:00,104,"182,1",ALCANTIL,PB,Saída de leito carroçável,Condutor Dormindo,Nublado,2025-01-19,23
2025-01-20,01:30:00,153,494,GOIANIA,GO,Colisão com objeto,Ingestão de álcool pelo condutor,Céu Claro,2025-01-20,1
2025-01-20,01:35:00,116,"38,2",CACHOEIRA PAULISTA,SP,Colisão com objeto,Condutor Dormindo,Nublado,2025-01-20,1
2025-01-19,23:39:00,163,"831,5",SINOP,MT,Colisão com objeto,Ausência de reação do condutor,Nublado,2025-01-19,23
2025-01-20,01:00:00,163,1028,PEIXOTO DE AZEVEDO,MT,Atropelamento de Animal,Animais na Pista,Ignorado,2025-01-20,1
2025-01-20,02:58:00,153,359,JARAGUA,GO,Saída de leito carroçável,Reação tardia ou ineficiente do condutor,Céu Claro,2025-01-20,2
2025-01-19,22:50:00,101,104,PENHA,SC,Colisão com objeto,Ingestão de álcool pelo condutor,Nublado,2025-01-19,22
2025-01-20,04:30:00,242,758,CATOLANDIA,BA,Atropelamento de Animal,Animais na Pista,Céu Claro,2025-01-20,4
2025-01-20,05:00:00,381,786,SAO GONCALO DO SAPUCAI,MG,Saída de leito carroçável,Ausência de reação do condutor,Céu Claro,2025-01-20,5
2025-01-20,05:51:00,262,18,VIANA,ES,Atropelamento de Pedestre,Pedestre cruzava a pista fora da faixa,Sol,2025-01-20,5
2025-01-20,06:40:00,101,207,SAO JOSE,SC,Colisão traseira,Reação tardia ou ineficiente do condutor,Céu Claro,2025-01-20,6
2025-01-15,18:30:00,163,"257,5",TOLEDO,PR,Colisão com objeto,Ausência de reação do condutor,Céu Claro,2025-01-15,18
2025-01-20,05:00:00,376,"621,1",SAO JOSE DOS PINHAIS,PR,Colisão com objeto,Reação tardia ou ineficiente do condutor,Céu Claro,2025-01-20,5
2025-01-19,23:10:00,116,"64,7",GUARATINGUETA,SP,Atropelamento de Pedestre,Pedestre cruzava a pista fora da faixa,Céu Claro,2025-01-19,23
2025-01-20,01:00:00,70,"706,8",CACERES,MT,Saída de leito carroçável,Velocidade Incompatível,Chuva,2025-01-20,1
2025-01-19,19:30:00,40,103,DUQUE DE CAXIAS,RJ,Colisão traseira,Ingestão de álcool pelo condutor,Céu Claro,2025-01-19,19
2025-01-20,01:00:00,277,155,PALMEIRA,PR,Saída de leito carroçável,Reação tardia ou ineficiente do condutor,Chuva,2025-01-20,1
2025-01-20,07:05:00,101,"75,3",RECIFE,PE,Engavetamento,Condutor deixou de manter distância do veículo da frente,Sol,2025-01-20,7
2025-01-20,08:00:00,116,181,NOVA IGUACU,RJ,Colisão traseira,Trafegar com motocicleta (ou similar) entre as faixas,Céu Claro,2025-01-20,8
2025-01-20,08:00:00,290,95,PORTO ALEGRE,RS,Colisão transversal,Acessar a via sem observar a presença dos outros veículos,Nublado,2025-01-20,8
2025-01-20,06:30:00,101,97,PILAR,AL,Colisão traseira,Reação tardia ou ineficiente do condutor,Céu Claro,2025-01-20,6
2025-01-20,08:20:00,381,"889,8",CAMBUI,MG,Colisão traseira,Manobra de mudança de faixa,Sol,2025-01-20,8
2025-01-19,20:00:00,40,108,DUQUE DE CAXIAS,RJ,Colisão com objeto,Reação tardia ou ineficiente do condutor,Chuva,2025-01-19,20
2025-01-20,07:30:00,116,113,SAO MARCOS,RS,Colisão traseira,Conversão proibida,Nublado,2025-01-20,7
2025-01-20,08:45:00,290,19,SANTO ANTONIO DA PATRULHA,RS,Colisão traseira,Ausência de reação do condutor,Nublado,2025-01-20,8
2025-01-20,08:30:00,104,46,BRANQUINHA,AL,Colisão traseira,Condutor deixou de manter distância do veículo da frente,Sol,2025-01-20,8
2025-01-20,08:28:00,70,"7,4",BRASILIA,DF,Atropelamento de Pedestre,Acessar a via sem observar a presença dos outros veículos,Céu Claro,2025-01-20,8
2025-01-20,08:00:00,116,44,CAMPINA GRANDE DO SUL,PR,Colisão com objeto,Reação tardia ou ineficiente do condutor,Nublado,2025-01-20,8
2025-01-20,09:00:00,116,260,CANOAS,RS,Tombamento,Frear bruscamente,Céu Claro,2025-01-20,9
2025-01-20,09:00:00,101,"66,6",SAO MATEUS,ES,Colisão transversal,Desrespeitar a preferência no cruzamento,Céu Claro,2025-01-20,9