data_inversa,horario,br,km,municipio,uf,tipo_acidente,causa_acidente,condicao_metereologica,data,hora
2025-01-20,08:05:00,50,"178,2",UBERABA,MG,Saída de leito carroçável,Reação tardia ou ineficiente do condutor,Céu Claro,2025-01-20,8
2025-01-20,09:25:00,116,186,NOVA IGUACU,RJ,Colisão lateral mesmo sentido,Desrespeitar a preferência no cruzamento,Céu Claro,2025-01-20,9
2025-01-20,09:30:00,116,186,NOVA IGUACU,RJ,Colisão traseira,Reação tardia ou ineficiente do condutor,Sol,2025-01-20,9
2025-01-20,08:50:00,230,109,MARABA,PA,Saída de leito carroçável,Condutor deixou de manter distância do veículo da frente,Céu Claro,2025-01-20,8
2025-01-07,03:35:00,163,611,SAO GABRIEL DO OESTE,MS,Tombamento,Ausência de reação do condutor,Ignorado,2025-01-07,3
2025-01-20,07:40:00,40,545,NOVA LIMA,MG,Colisão traseira,Condutor deixou de manter distância do veículo da frente,Céu Claro,2025-01-20,7
2025-01-20,09:12:00,369,147,LONDRINA,PR,Colisão traseira,Condutor deixou de manter distância do veículo da frente,Céu Claro,2025-01-20,9
2025-01-20,08:30:00,324,622,SALVADOR,BA,Colisão lateral mesmo sentido,Reação tardia ou ineficiente do condutor,Céu Claro,2025-01-20,8
2025-01-20,09:38:00,290,95,PORTO ALEGRE,RS,Queda de ocupante de veículo,Demais falhas mecânicas ou elétricas,Chuva,2025-01-20,9
2025-01-20,09:00:00,290,"303,2",CACHOEIRA DO SUL,RS,Colisão frontal,Transitar na contramão,Céu Claro,2025-01-20,9
2025-01-20,07:20:00,116,10,CAMPINA GRANDE DO SUL,PR,Saída de leito carroçável,Chuva,Chuva,2025-01-20,7
2025-01-20,09:30:00,101,532,ANGRA DOS REIS,RJ,Atropelamento de Pedestre,Acessar a via sem observar a presença dos outros veículos,Céu Claro,2025-01-20,9
2025-01-20,09:30:00,222,"220,5",SOBRAL,CE,Colisão transversal,Acessar a via sem observar a presença dos outros veículos,Céu Claro,2025-01-20,9
2025-01-20,08:00:00,116,7,QUATRO BARRAS,PR,Colisão com objeto,Reação tardia ou ineficiente do condutor,Nublado,2025-01-20,8
2025-01-20,09:45:00,282,"574,4",PINHALZINHO,SC,Colisão com objeto,Pista Escorregadia,Garoa/Chuvisco,2025-01-20,9
2025-01-20,08:30:00,50,281,CATALAO,GO,Colisão transversal,Desrespeitar a preferência no cruzamento,Céu Claro,2025-01-20,8
2025-01-20,10:40:00,226,"13,2",MACAIBA,RN,Colisão frontal,Ingestão de álcool pelo condutor,Sol,2025-01-20,10
2025-01-20,10:30:00,343,200,PIRIPIRI,PI,Saída de leito carroçável,Transitar na contramão,Sol,2025-01-20,10
2025-01-20,09:55:00,40,115,CRISTALINA,GO,Saída de leito carroçável,Condutor Dormindo,Nublado,2025-01-20,9
2025-01-20,09:40:00,101,367,GANDU,BA,Colisão transversal,Desrespeitar a preferência no cruzamento,Céu Claro,2025-01-20,9
2025-01-20,10:40:00,163,"161,7",LINDOESTE,PR,Colisão com objeto,Reação tardia ou ineficiente do condutor,Garoa/Chuvisco,2025-01-20,10
2025-01-20,07:05:00,101,321,NITEROI,RJ,Tombamento,Reação tardia ou ineficiente do condutor,Céu Claro,2025-01-20,7
2025-01-20,06:52:00,163,"88,3",RONDONOPOLIS,MT,Colisão com objeto,Ausência de reação do condutor,Céu Claro,2025-01-20,6
2025-01-20,11:30:00,392,352,SANTA MARIA,RS,Colisão transversal,Acessar a via sem observar a presença dos outros veículos,Céu Claro,2025-01-20,11
2025-01-20,07:30:00,101,322,NITEROI,RJ,Colisão traseira,Ausência de reação do condutor,Céu Claro,2025-01-20,7
2025-01-20,11:45:00,101,258,SERRA,ES,Colisão traseira,Velocidade Incompatível,Sol,2025-01-20,11
2025-01-20,09:10:00,116,"555,7",MANHUACU,MG,Saída de leito carroçável,Velocidade Incompatível,Céu Claro,2025-01-20,9
2025-01-20,12:03:00,101,82,NATAL,RN,Colisão traseira,Problema com o freio,Sol,2025-01-20,12
2025-01-20,08:00:00,282,"299,6",VARGEM,SC,Colisão frontal,Ausência de reação do condutor,Céu Claro,2025-01-20,8
2025-01-20,12:20:00,70,7,BRASILIA,DF,Queda de ocupante de veículo,Demais falhas mecânicas ou elétricas,Sol,2025-01-20,12
2025-01-20,12:40:00,135,193,BARREIRAS,BA,Colisão frontal,Acessar a via sem observar a presença dos outros veículos,Céu Claro,2025-01-20,12
2025-01-20,11:20:00,290,248,CACHOEIRA DO SUL,RS,Engavetamento,Reação tardia ou ineficiente do condutor,Céu Claro,2025-01-20,11
2025-01-20,12:30:00,153,122,UBARANA,SP,Saída de leito carroçável,Manobra de mudança de faixa,Sol,2025-01-20,12
2025-01-20,13:15:00,153,"435,8",ANAPOLIS,GO,Tombamento,Avarias e/ou desgaste excessivo no pneu,Céu Claro,2025-01-20,13
2025-01-20,12:28:00,232,"7,8",RECIFE,PE,Colisão traseira,Condutor deixou de manter distância do veículo da frente,Céu Claro,2025-01-20,12
2025-01-20,13:10:00,135,358,BOM JESUS,PI,Saída de leito carroçável,Pista Escorregadia,Chuva,2025-01-20,13
2025-01-20,13:15:00,101,"119,7",PEDRAS DE FOGO,PB,Colisão com objeto,Ausência de reação do condutor,Céu Claro,2025-01-20,13
2025-01-20,13:15:00,70,"1,2",BARRA DO GARCAS,MT,Colisão lateral mesmo sentido,Reação tardia ou ineficiente do condutor,Sol,2025-01-20,13
2025-01-20,10:45:00,364,14,VILHENA,RO,Colisão traseira,Acessar a via sem observar a presença dos outros veículos,Garoa/Chuvisco,2025-01-20,10
2025-01-20,09:50:00,343,327,TERESINA,PI,Colisão traseira,Condutor deixou de manter distância do veículo da frente,Céu Claro,2025-01-20,9
2025-01-20,13:00:00,116,"114,5",CURITIBA,PR,Colisão com objeto,Acessar a via sem observar a presença dos outros veículos,Garoa/Chuvisco,2025-01-20,13
2025-01-20,11:15:00,101,415,MANGARATIBA,RJ,Colisão traseira,Condutor deixou de manter distância do veículo da frente,Céu Claro,2025-01-20,11
2025-01-20,13:20:00,373,"477,2",CORONEL VIVIDA,PR,Colisão transversal,Desrespeitar a preferência no cruzamento,Céu Claro,2025-01-20,13
2025-01-20,14:15:00,116,143,SAO JOSE DOS CAMPOS,SP,Colisão traseira,Ausência de reação do condutor,Sol,2025-01-20,14
2025-01-20,12:50:00,40,110,DUQUE DE CAXIAS,RJ,Colisão lateral mesmo sentido,Acessar a via sem observar a presença dos outros veículos,Céu Claro,2025-01-20,12
2025-01-20,14:05:00,116,212,GUARULHOS,SP,Tombamento,Carga excessiva e/ou mal acondicionada,Sol,2025-01-20,14
2025-01-20,14:20:00,101,"201,5",SAO JOSE,SC,Colisão traseira,Ausência de reação do condutor,Céu Claro,2025-01-20,14
2025-01-20,14:30:00,101,119,ITAJAI,SC,Tombamento,Ausência de reação do condutor,Sol,2025-01-20,14
2025-01-20,14:40:00,101,134,BALNEARIO CAMBORIU,SC,Colisão transversal,Acessar a via sem observar a presença dos outros veículos,Céu Claro,2025-01-20,14
2025-01-20,13:20:00,376,"391,5",IMBAU,PR,Colisão com objeto,Velocidade Incompatível,Chuva,2025-01-20,13
2025-01-20,13:12:00,367,"24,5",PORTO SEGURO,BA,Colisão transversal,Acessar a via sem observar a presença dos outros veículos,Céu Claro,2025-01-20,13
2025-01-20,14:40:00,20,5,BRASILIA,DF,Colisão lateral mesmo sentido,Reação tardia ou ineficiente do condutor,Céu Claro,2025-01-20,14
2025-01-20,14:20:00,20,5,BRASILIA,DF,Atropelamento de Pedestre,Entrada inopinada do pedestre,Céu Claro,2025-01-20,14
2025-01-20,12:30:00,163,"538,9",DIAMANTINO,MT,Saída de leito carroçável,Velocidade Incompatível,Nublado,2025-01-20,12
2025-01-20,15:05:00,282,514,XAXIM,SC,Colisão traseira,Condutor deixou de manter distância do veículo da frente,Céu Claro,2025-01-20,15
2025-01-20,15:00:00,280,58,GUARAMIRIM,SC,Tombamento,Manobra de mudança de faixa,Céu Claro,2025-01-20,15
2025-01-20,14:25:00,153,67,IRANI,SC,Saída de leito carroçável,Ausência de reação do condutor,Céu Claro,2025-01-20,14
2025-01-20,14:50:00,376,594,CURITIBA,PR,Colisão traseira,Ausência de reação do condutor,Chuva,2025-01-20,14
2025-01-20,07:55:00,116,115,CURITIBA,PR,Colisão lateral mesmo sentido,Acessar a via sem observar a presença dos outros veículos,Céu Claro,2025-01-20,7
2025-01-20,15:49:00,101,46,IGARASSU,PE,Colisão traseira,Condutor deixou de manter distância do veículo da frente,Céu Claro,2025-01-20,15
2025-01-20,16:20:00,10,255,IMPERATRIZ,MA,Colisão transversal,Acessar a via sem observar a presença dos outros veículos,Céu Claro,2025-01-20,16
2025-01-20,17:00:00,101,"484,9",ANGRA DOS REIS,RJ,Colisão traseira,Condutor deixou de manter distância do veículo da frente,Garoa/Chuvisco,2025-01-20,17
2025-01-20,16:30:00,101,245,SILVA JARDIM,RJ,Saída de leito carroçável,Condutor Dormindo,Céu Claro,2025-01-20,16
2025-01-20,16:25:00,101,67,RECIFE,PE,Colisão traseira,Condutor deixou de manter distância do veículo da frente,Céu Claro,2025-01-20,16
2025-01-20,16:15:00,290,"258,9",CACHOEIRA DO SUL,RS,Incêndio,Demais falhas mecânicas ou elétricas,Sol,2025-01-20,16
2025-01-20,16:55:00,116,783,PLANALTO,BA,Colisão transversal,Acessar a via sem observar a presença dos outros veículos,Céu Claro,2025-01-20,16
2025-01-20,13:45:00,101,"118,9",ITAJAI,SC,Tombamento,Ausência de reação do condutor,Sol,2025-01-20,13
2025-01-20,17:30:00,343,23,PARNAIBA,PI,Atropelamento de Pedestre,Acessar a via sem observar a presença dos outros veículos,Céu Claro,2025-01-20,17
2025-01-20,16:55:00,280,28,ARAQUARI,SC,Colisão transversal,Transitar no Acostamento,Céu Claro,2025-01-20,16
2025-01-20,17:50:00,386,349,LAJEADO,RS,Colisão lateral mesmo sentido,Manobra de mudança de faixa,Céu Claro,2025-01-20,17
2025-01-20,13:45:00,101,296,SAO GONCALO,RJ,Queda de ocupante de veículo,Reação tardia ou ineficiente do condutor,Céu Claro,2025-01-20,13
2025-01-20,17:35:00,373,"172,4",PONTA GROSSA,PR,Colisão traseira,Velocidade Incompatível,Chuva,2025-01-20,17
2025-01-20,17:45:00,116,186,NOVA IGUACU,RJ,Colisão traseira,Reação tardia ou ineficiente do condutor,Céu Claro,2025-01-20,17
2025-01-20,17:55:00,70,14,BRASILIA,DF,Queda de ocupante de veículo,Ausência de reação do condutor,Céu Claro,2025-01-20,17
2025-01-20,15:00:00,116,"492,9",CAJATI,SP,Tombamento,Avarias e/ou desgaste excessivo no pneu,Céu Claro,2025-01-20,15
2025-01-20,17:45:00,116,"210,8",RIO NEGRO,PR,Colisão transversal,Acessar a via sem observar a presença dos outros veículos,Céu Claro,2025-01-20,17
2025-01-20,18:10:00,277,71,SAO JOSE DOS PINHAIS,PR,Colisão traseira,Reação tardia ou ineficiente do condutor,Céu Claro,2025-01-20,18
2025-01-20,18:20:00,226,4,NATAL,RN,Colisão lateral sentido oposto,Manobra de mudança de faixa,Céu Claro,2025-01-20,18
2025-01-20,17:30:00,316,252,CACHOEIRA DO PIRIA,PA,Saída de leito carroçável,Avarias e/ou desgaste excessivo no pneu,Céu Claro,2025-01-20,17
2025-01-20,19:25:00,101,145,LINHARES,ES,Colisão lateral mesmo sentido,Ausência de reação do condutor,Céu Claro,2025-01-20,19
2025-01-20,19:05:00,230,27,JOAO PESSOA,PB,Colisão lateral mesmo sentido,Ausência de reação do condutor,Céu Claro,2025-01-20,19
2025-01-20,18:45:00,262,38,DOMINGOS MARTINS,ES,Colisão transversal,Conversão proibida,Céu Claro,2025-01-20,18
2025-01-20,19:45:00,153,490,GOIANIA,GO,Atropelamento de Pedestre,Pedestre andava na pista,Nublado,2025-01-20,19
2025-01-20,19:45:00,285,"408,8",PANAMBI,RS,Atropelamento de Animal,Animais na Pista,Céu Claro,2025-01-20,19
2025-01-20,20:00:00,101,78,NATAL,RN,Atropelamento de Animal,Animais na Pista,Céu Claro,2025-01-20,20
2025-01-20,15:55:00,40,"69,3",PETROPOLIS,RJ,Colisão com objeto,Suicídio (presumido),Nublado,2025-01-20,15
2025-01-20,19:40:00,376,4,MANDAGUARI,PR,Colisão transversal,Desrespeitar a preferência no cruzamento,Nublado,2025-01-20,19
2025-01-20,17:00:00,163,809,SINOP,MT,Saída de leito carroçável,Reação tardia ou ineficiente do condutor,Nublado,2025-01-20,17
2025-01-20,19:45:00,101,"45,5",UBATUBA,SP,Atropelamento de Pedestre,Acessar a via sem observar a presença dos outros veículos,Céu Claro,2025-01-20,19
2025-01-20,20:15:00,101,"89,5",JOAO PESSOA,PB,Atropelamento de Pedestre,Pedestre - Ingestão de álcool/ substâncias psicoativas,Céu Claro,2025-01-20,20
2025-01-20,15:00:00,470,63,INDAIAL,SC,Colisão traseira,Condutor deixou de manter distância do veículo da frente,Céu Claro,2025-01-20,15
2025-01-20,21:10:00,40,556,NOVA LIMA,MG,Colisão frontal,Ausência de reação do condutor,Céu Claro,2025-01-20,21
2025-01-20,18:05:00,101,"241,9",PALHOCA,SC,Tombamento,Acumulo de areia ou detritos sobre o pavimento,Nublado,2025-01-20,18
2025-01-20,19:15:00,277,42,MORRETES,PR,Incêndio,Demais falhas mecânicas ou elétricas,Nublado,2025-01-20,19
2025-01-20,20:40:00,116,"699,1",MURIAE,MG,Colisão lateral mesmo sentido,Acessar a via sem observar a presença dos outros veículos,Céu Claro,2025-01-20,20
2025-01-20,20:40:00,376,314,ORTIGUEIRA,PR,Saída de leito carroçável,Ausência de reação do condutor,Chuva,2025-01-20,20
2025-01-20,21:00:00,373,173,PONTA GROSSA,PR,Atropelamento de Pedestre,Pedestre cruzava a pista fora da faixa,Nublado,2025-01-20,21
2025-01-20,18:30:00,101,122,ITAJAI,SC,Colisão traseira,Condutor deixou de manter distância do veículo da frente,Garoa/Chuvisco,2025-01-20,18
2025-01-20,21:45:00,381,502,BETIM,MG,Tombamento,Demais falhas mecânicas ou elétricas,Céu Claro,2025-01-20,21
2025-01-20,21:40:00,393,279,BARRA DO PIRAI,RJ,Colisão transversal,Acessar a via sem observar a presença dos outros veículos,Céu Claro,2025-01-20,21
2025-01-20,20:00:00,262,"38,3",MANHUACU,MG,Colisão transversal,Conversão proibida,Céu Claro,2025-01-20,20
2025-01-20,20:30:00,101,384,RIO DE JANEIRO,RJ,Colisão traseira,Condutor deixou de manter distância do veículo da frente,Céu Claro,2025-01-20,20
2025-01-20,22:22:00,116,265,CANOAS,RS,Tombamento,Acesso irregular,Céu Claro,2025-01-20,22
2025-01-20,21:00:00,158,"98,6",PARANAIBA,MS,Saída de leito carroçável,Ingestão de álcool pelo condutor,Céu Claro,2025-01-20,21
2025-01-20,20:20:00,60,"167,2",GOIANIA,GO,Colisão com objeto,Participar de racha,Céu Claro,2025-01-20,20
2025-01-20,21:30:00,386,"355,4",ESTRELA,RS,Colisão com objeto,Reação tardia ou ineficiente do condutor,Céu Claro,2025-01-20,21
2025-01-20,18:10:00,493,1,ITABORAI,RJ,Colisão transversal,Retorno proibido,Céu Claro,2025-01-20,18
2025-01-20,12:10:00,101,328,RIO DE JANEIRO,RJ,Tombamento,Ausência de reação do condutor,Céu Claro,2025-01-20,12
2025-01-20,21:30:00,101,"56,5",ARAQUARI,SC,Atropelamento de Pedestre,Entrada inopinada do pedestre,Céu Claro,2025-01-20,21
2025-01-20,22:20:00,324,"621,8",SALVADOR,BA,Colisão transversal,Manobra de mudança de faixa,Céu Claro,2025-01-20,22
2025-01-20,21:45:00,70,"5,5",BARRA DO GARCAS,MT,Atropelamento de Animal,Reação tardia ou ineficiente do condutor,Nublado,2025-01-20,21
2025-01-20,21:00:00,101,925,NOVA VICOSA,BA,Colisão lateral mesmo sentido,Manobra de mudança de faixa,Céu Claro,2025-01-20,21
2025-01-21,00:10:00,116,190,NOVA IGUACU,RJ,Colisão lateral mesmo sentido,Ultrapassagem Indevida,Céu Claro,2025-01-21,0
2025-01-20,22:00:00,364,341,JI-PARANA,RO,Colisão lateral mesmo sentido,Condutor deixou de manter distância do veículo da frente,Nublado,2025-01-20,22
2025-01-21,01:40:00,230,"175,9",POCINHOS,PB,Saída de leito carroçável,Ausência de reação do condutor,Céu Claro,2025-01-21,1
2025-01-21,03:50:00,381,"527,2",BRUMADINHO,MG,Queda de ocupante de veículo,Acumulo de óleo sobre o pavimento,Nublado,2025-01-21,3
2025-01-21,06:00:00,414,439,ANAPOLIS,GO,Atropelamento de Pedestre,Desrespeitar a preferência no cruzamento,Céu Claro,2025-01-21,6
2025-01-09,14:10:00,232,7,RECIFE,PE,Colisão com objeto,Condutor Dormindo,Céu Claro,2025-01-09,14
2025-01-21,04:00:00,116,186,NOVA IGUACU,RJ,Incêndio,Demais falhas mecânicas ou elétricas,Céu Claro,2025-01-21,4
2025-01-21,04:00:00,116,132,MAGE,RJ,Tombamento,Reação tardia ou ineficiente do condutor,Céu Claro,2025-01-21,4
2025-01-20,21:15:00,316,"561,5",CAXIAS,MA,Colisão lateral sentido oposto,Transitar na contramão,Garoa/Chuvisco,2025-01-20,21
2025-01-21,03:30:00,472,"597,6",URUGUAIANA,RS,Saída de leito carroçável,Demais falhas na via,Céu Claro,2025-01-21,3
2025-01-21,05:45:00,153,58,IRANI,SC,Colisão transversal,Desrespeitar a preferência no cruzamento,Céu Claro,2025-01-21,5
2025-01-21,00:35:00,381,621,OLIVEIRA,MG,Colisão com objeto,Ausência de reação do condutor,Nublado,2025-01-21,0
2025-01-21,07:30:00,101,"346,8",JAGUARUNA,SC,Colisão lateral mesmo sentido,Ultrapassagem Indevida,Céu Claro,2025-01-21,7
2025-01-21,07:00:00,101,"201,3",SAO JOSE,SC,Colisão transversal,Acessar a via sem observar a presença dos outros veículos,Nublado,2025-01-21,7
2025-01-21,04:50:00,101,"81,5",DOMINGOS MARTINS,ES,Saída de leito carroçável,Velocidade Incompatível,Céu Claro,2025-01-21,4
2025-01-21,07:15:00,230,19,JOAO PESSOA,PB,Atropelamento de Pedestre,Entrada inopinada do pedestre,Céu Claro,2025-01-21,7
2025-01-21,07:40:00,116,147,DUQUE DE CAXIAS,RJ,Atropelamento de Pedestre,Entrada inopinada do pedestre,Sol,2025-01-21,7
2025-01-21,05:30:00,50,139,UBERABA,MG,Atropelamento de Animal,Animais na Pista,Céu Claro,2025-01-21,5
2025-01-21,07:55:00,369,"202,3",APUCARANA,PR,Colisão transversal,Acessar a via sem observar a presença dos outros veículos,Céu Claro,2025-01-21,7
2025-01-21,05:00:00,262,"755,1",SACRAMENTO,MG,Colisão transversal,Desrespeitar a preferência no cruzamento,Céu Claro,2025-01-21,5
2025-01-21,07:45:00,50,173,UBERABA,MG,Tombamento,Ausência de reação do condutor,Céu Claro,2025-01-21,7
2025-01-21,07:40:00,381,1,BETIM,MG,Colisão traseira,Ausência de reação do condutor,Céu Claro,2025-01-21,7
2025-01-21,07:30:00,476,115,COLOMBO,PR,Colisão traseira,Reação tardia ou ineficiente do condutor,Nublado,2025-01-21,7
2025-01-21,08:15:00,116,174,SAO JOAO DE MERITI,RJ,Colisão traseira,Ausência de reação do condutor,Céu Claro,2025-01-21,8
2025-01-21,07:30:00,104,"135,8",QUEIMADAS,PB,Colisão frontal,Condutor deixou de manter distância do veículo da frente,Céu Claro,2025-01-21,7
2025-01-09,17:56:00,277,121,CAMPO LARGO,PR,Colisão transversal,Acessar a via sem observar a presença dos outros veículos,Céu Claro,2025-01-09,17
2025-01-21,07:20:00,101,"210,6",SAO JOSE,SC,Colisão lateral mesmo sentido,Trafegar com motocicleta (ou similar) entre as faixas,Céu Claro,2025-01-21,7
2025-01-21,02:00:00,116,"133,6",MAGE,RJ,Saída de leito carroçável,Reação tardia ou ineficiente do condutor,Céu Claro,2025-01-21,2
2025-01-21,06:30:00,101,265,SERRA,ES,Tombamento,Reação tardia ou ineficiente do condutor,Sol,2025-01-21,6
2025-01-21,09:05:00,50,85,UBERLANDIA,MG,Saída de leito carroçável,Frear bruscamente,Sol,2025-01-21,9
2025-01-21,09:30:00,304,"134,9",ANGICOS,RN,Colisão transversal,Manobra de mudança de faixa,Céu Claro,2025-01-21,9
2025-01-21,09:00:00,116,214,SEROPEDICA,RJ,Colisão traseira,Acessar a via sem observar a presença dos outros veículos,Céu Claro,2025-01-21,9
2025-01-21,09:30:00,465,2,SEROPEDICA,RJ,Colisão transversal,Conversão proibida,Céu Claro,2025-01-21,9
2025-01-21,10:10:00,386,"344,8",LAJEADO,RS,Colisão com objeto,Objeto estático sobre o leito carroçável,Sol,2025-01-21,10
2025-01-21,10:10:00,290,577,ALEGRETE,RS,Colisão transversal,Acessar a via sem observar a presença dos outros veículos,Céu Claro,2025-01-21,10
2025-01-21,09:40:00,235,2,ARACAJU,SE,Atropelamento de Pedestre,Entrada inopinada do pedestre,Sol,2025-01-21,9
2025-01-21,10:15:00,101,288,CARIACICA,ES,Colisão transversal,Ausência de reação do condutor,Céu Claro,2025-01-21,10
2025-01-21,07:00:00,308,187,TRACUATEUA,PA,Colisão transversal,Acessar a via sem observar a presença dos outros veículos,Céu Claro,2025-01-21,7
2025-01-21,09:30:00,364,138,RIO BRANCO,AC,Colisão lateral mesmo sentido,Acessar a via sem observar a presença dos outros veículos,Chuva,2025-01-21,9
2025-01-21,10:20:00,116,144,DUQUE DE CAXIAS,RJ,Tombamento,Reação tardia ou ineficiente do condutor,Céu Claro,2025-01-21,10
2025-01-21,07:35:00,316,"268,6",BELEM DE SAO FRANCISCO,PE,Saída de leito carroçável,Ausência de reação do condutor,Céu Claro,2025-01-21,7
2025-01-21,12:29:00,116,264,VOLTA REDONDA,RJ,Queda de ocupante de veículo,Reação tardia ou ineficiente do condutor,Sol,2025-01-21,12
2025-01-21,09:10:00,116,"530,8",CARATINGA,MG,Tombamento,Demais falhas mecânicas ou elétricas,Céu Claro,2025-01-21,9
2025-01-21,11:30:00,369,"36,9",ANDIRA,PR,Colisão transversal,Acessar a via sem observar a presença dos outros veículos,Nublado,2025-01-21,11
2025-01-21,13:00:00,230,16,JOAO PESSOA,PB,Engavetamento,Condutor deixou de manter distância do veículo da frente,Céu Claro,2025-01-21,13
2025-01-21,06:40:00,316,119,SANTA MARIA DO PARA,PA,Colisão frontal,Ultrapassagem Indevida,Céu Claro,2025-01-21,6
2025-01-21,11:00:00,101,"507,5",ANGRA DOS REIS,RJ,Colisão transversal,Acessar a via sem observar a presença dos outros veículos,Céu Claro,2025-01-21,11
2025-01-21,14:00:00,101,73,ARAQUARI,SC,Queda de ocupante de veículo,Ausência de reação do condutor,Sol,2025-01-21,14
2025-01-21,14:30:00,101,146,ITAPEMA,SC,Colisão traseira,Reação tardia ou ineficiente do condutor,Céu Claro,2025-01-21,14
2025-01-21,08:00:00,465,19,NOVA IGUACU,RJ,Colisão transversal,Ultrapassagem Indevida,Céu Claro,2025-01-21,8
2025-01-21,14:00:00,376,647,TIJUCAS DO SUL,PR,Atropelamento de Pedestre,Entrada inopinada do pedestre,Nublado,2025-01-21,14
2025-01-21,14:50:00,101,87,CAMPOS DOS GOYTACAZES,RJ,Saída de leito carroçável,Condutor Dormindo,Chuva,2025-01-21,14
2025-01-21,15:00:00,476,"144,3",CURITIBA,PR,Colisão traseira,Condutor deixou de manter distância do veículo da frente,Céu Claro,2025-01-21,15
2025-01-21,13:15:00,116,2,SAPUCAIA,RJ,Colisão transversal,Conversão proibida,Sol,2025-01-21,13
2025-01-21,10:20:00,40,120,DUQUE DE CAXIAS,RJ,Colisão lateral mesmo sentido,Reação tardia ou ineficiente do condutor,Céu Claro,2025-01-21,10
2025-01-21,15:20:00,101,"71,6",RECIFE,PE,Colisão traseira,Reação tardia ou ineficiente do condutor,Céu Claro,2025-01-21,15
2025-01-21,15:30:00,101,146,ITAPEMA,SC,Colisão traseira,Ausência de reação do condutor,Céu Claro,2025-01-21,15
2025-01-21,14:30:00,381,827,SAO SEBASTIAO DA BELA VISTA,MG,Capotamento,Ausência de reação do condutor,Céu Claro,2025-01-21,14
2025-01-21,15:50:00,101,76,CAMPOS DOS GOYTACAZES,RJ,Queda de ocupante de veículo,Acumulo de óleo sobre o pavimento,Céu Claro,2025-01-21,15
2025-01-21,11:10:00,405,"156,2",RAFAEL FERNANDES,RN,Queda de ocupante de veículo,Ausência de reação do condutor,Céu Claro,2025-01-21,11
2025-01-21,15:30:00,277,"82,2",CURITIBA,PR,Colisão traseira,Reação tardia ou ineficiente do condutor,Nublado,2025-01-21,15
2025-01-21,16:00:00,232,257,ARCOVERDE,PE,Colisão traseira,Acessar a via sem observar a presença dos outros veículos,Céu Claro,2025-01-21,16
2025-01-21,15:40:00,101,"71,9",RECIFE,PE,Colisão traseira,Transitar no Acostamento,Céu Claro,2025-01-21,15
2025-01-21,15:50:00,20,7,BRASILIA,DF,Colisão lateral mesmo sentido,Manobra de mudança de faixa,Nublado,2025-01-21,15
2025-01-21,16:30:00,230,"19,8",JOAO PESSOA,PB,Queda de ocupante de veículo,Demais falhas mecânicas ou elétricas,Céu Claro,2025-01-21,16
2025-01-21,15:15:00,277,659,MEDIANEIRA,PR,Tombamento,Problema com o freio,Céu Claro,2025-01-21,15
2025-01-21,16:50:00,116,"631,3",JAGUAQUARA,BA,Colisão frontal,Demais falhas mecânicas ou elétricas,Céu Claro,2025-01-21,16
2025-01-21,16:30:00,101,318,SAO GONCALO,RJ,Incêndio,Demais falhas mecânicas ou elétricas,Céu Claro,2025-01-21,16
2025-01-21,17:10:00,381,86,GUARULHOS,SP,Queda de ocupante de veículo,Condutor deixou de manter distância do veículo da frente,Céu Claro,2025-01-21,17
2025-01-21,09:40:00,101,430,MANGARATIBA,RJ,Colisão transversal,Retorno proibido,Sol,2025-01-21,9
2025-01-21,17:00:00,101,186,BIGUACU,SC,Tombamento,Reação tardia ou ineficiente do condutor,Céu Claro,2025-01-21,17
2025-01-21,14:30:00,381,939,EXTREMA,MG,Queda de ocupante de veículo,Velocidade Incompatível,Nublado,2025-01-21,14
2025-01-21,17:30:00,365,625,UBERLANDIA,MG,Colisão traseira,Condutor deixou de manter distância do veículo da frente,Céu Claro,2025-01-21,17
2025-01-21,16:40:00,60,118,TEREZOPOLIS DE GOIAS,GO,Colisão traseira,Reação tardia ou ineficiente do condutor,Céu Claro,2025-01-21,16
2025-01-21,16:20:00,116,281,BARRA MANSA,RJ,Saída de leito carroçável,Mal súbito do condutor,Céu Claro,2025-01-21,16
2025-01-21,15:00:00,101,"507,8",ANGRA DOS REIS,RJ,Atropelamento de Pedestre,Desrespeitar a preferência no cruzamento,Nublado,2025-01-21,15
2025-01-21,07:30:00,101,477,ANGRA DOS REIS,RJ,Queda de ocupante de veículo,Reação tardia ou ineficiente do condutor,Céu Claro,2025-01-21,7
2025-01-19,16:00:00,101,420,MANGARATIBA,RJ,Colisão transversal,Velocidade Incompatível,Céu Claro,2025-01-19,16
2025-01-21,17:50:00,290,95,PORTO ALEGRE,RS,Tombamento,Acumulo de óleo sobre o pavimento,Céu Claro,2025-01-21,17
2025-01-21,18:00:00,285,338,CARAZINHO,RS,Colisão transversal,Acessar a via sem observar a presença dos outros veículos,Céu Claro,2025-01-21,18
2025-01-21,18:20:00,230,"27,8",JOAO PESSOA,PB,Atropelamento de Pedestre,Pedestre andava na pista,Céu Claro,2025-01-21,18
2025-01-21,17:50:00,116,117,CURITIBA,PR,Colisão traseira,Condutor deixou de manter distância do veículo da frente,Céu Claro,2025-01-21,17