data_inversa,horario,br,km,municipio,uf,tipo_acidente,causa_acidente,condicao_metereologica,data,hora
2025-01-21,18:00:00,101,"201,1",SAO JOSE,SC,Colisão lateral mesmo sentido,Condutor deixou de manter distância do veículo da frente,Céu Claro,2025-01-21,18
2025-01-21,18:40:00,101,"203,8",SAO JOSE,SC,Colisão traseira,Condutor deixou de manter distância do veículo da frente,Céu Claro,2025-01-21,18
2025-01-21,17:45:00,153,"503,5",GOIANIA,GO,Colisão lateral mesmo sentido,Manobra de mudança de faixa,Nublado,2025-01-21,17
2025-01-21,18:27:00,101,"75,1",RECIFE,PE,Colisão traseira,Ausência de reação do condutor,Céu Claro,2025-01-21,18
2025-01-21,17:30:00,163,829,SINOP,MT,Colisão traseira,Acessar a via sem observar a presença dos outros veículos,Céu Claro,2025-01-21,17
2025-01-21,19:00:00,101,"208,2",SAO JOSE,SC,Colisão traseira,Condutor deixou de manter distância do veículo da frente,Céu Claro,2025-01-21,19
2025-01-21,19:00:00,116,"221,8",GUARULHOS,SP,Colisão lateral mesmo sentido,Reação tardia ou ineficiente do condutor,Céu Claro,2025-01-21,19
2025-01-13,17:20:00,448,14,CANOAS,RS,Colisão traseira,Condutor deixou de manter distância do veículo da frente,Céu Claro,2025-01-13,17
2025-01-21,18:30:00,40,3,BRASILIA,DF,Colisão traseira,Reação tardia ou ineficiente do condutor,Céu Claro,2025-01-21,18
2025-01-21,17:30:00,319,58,PORTO VELHO,RO,Colisão traseira,Transitar no Acostamento,Céu Claro,2025-01-21,17
2025-01-21,17:30:00,101,297,ITABORAI,RJ,Queda de ocupante de veículo,Ausência de reação do condutor,Céu Claro,2025-01-21,17
2025-01-21,16:45:00,285,"398,8",SANTA BARBARA DO SUL,RS,Incêndio,Demais falhas mecânicas ou elétricas,Sol,2025-01-21,16
2025-01-21,18:04:00,222,"4,1",FORTALEZA,CE,Engavetamento,Condutor deixou de manter distância do veículo da frente,Céu Claro,2025-01-21,18
2025-01-21,17:32:00,163,83,RONDONOPOLIS,MT,Saída de leito carroçável,Chuva,Chuva,2025-01-21,17
2025-01-21,20:05:00,101,162,PORTO BELO,SC,Incêndio,Demais falhas mecânicas ou elétricas,Nublado,2025-01-21,20
2025-01-21,19:45:00,116,"151,6",CAXIAS DO SUL,RS,Saída de leito carroçável,Ausência de reação do condutor,Céu Claro,2025-01-21,19
2025-01-21,19:35:00,116,14,COLOMBO,PR,Colisão traseira,Condutor Dormindo,Céu Claro,2025-01-21,19
2025-01-21,18:51:00,364,"197,4",PIMENTA BUENO,RO,Colisão transversal,Manobra de mudança de faixa,Céu Claro,2025-01-21,18
2025-01-21,16:18:00,116,9,FORTALEZA,CE,Atropelamento de Pedestre,Entrada inopinada do pedestre,Sol,2025-01-21,16
2025-01-21,14:50:00,280,289,PORTO UNIAO,SC,Queda de ocupante de veículo,Ingestão de álcool pelo condutor,Céu Claro,2025-01-21,14
2025-01-21,20:20:00,101,"197,7",SAO JOSE,SC,Colisão lateral mesmo sentido,Condutor deixou de manter distância do veículo da frente,Nublado,2025-01-21,20
2025-01-21,09:55:00,116,"36,9",VACARIA,RS,Colisão transversal,Acessar a via sem observar a presença dos outros veículos,Céu Claro,2025-01-21,9
2025-01-21,19:50:00,232,332,CUSTODIA,PE,Atropelamento de Pedestre,Pedestre andava na pista,Chuva,2025-01-21,19
2025-01-21,18:30:00,116,42,HORIZONTE,CE,Tombamento,Afundamento ou ondulação no pavimento,Céu Claro,2025-01-21,18
2025-01-21,22:00:00,116,169,RIO DE JANEIRO,RJ,Atropelamento de Pedestre,Pedestre cruzava a pista fora da faixa,Céu Claro,2025-01-21,22
2025-01-21,21:00:00,324,595,CANDEIAS,BA,Colisão traseira,Ausência de reação do condutor,Céu Claro,2025-01-21,21
2025-01-21,21:00:00,116,39,HORIZONTE,CE,Colisão traseira,Ausência de reação do condutor,Céu Claro,2025-01-21,21
2025-01-21,21:10:00,101,83,BAYEUX,PB,Colisão traseira,Deficiência do Sistema de Iluminação/Sinalização,Céu Claro,2025-01-21,21
2025-01-21,20:33:00,40,105,DUQUE DE CAXIAS,RJ,Tombamento,Reação tardia ou ineficiente do condutor,Céu Claro,2025-01-21,20
2025-01-21,20:50:00,373,394,CANDOI,PR,Colisão frontal,Conversão proibida,Céu Claro,2025-01-21,20
2025-01-19,08:40:00,60,3,BRASILIA,DF,Saída de leito carroçável,Condutor Dormindo,Garoa/Chuvisco,2025-01-19,8
2025-01-21,22:40:00,101,"192,2",JUNQUEIRO,AL,Colisão transversal,Conversão proibida,Nublado,2025-01-21,22
2025-01-21,22:30:00,369,200,APUCARANA,PR,Colisão frontal,Transitar na contramão,Nublado,2025-01-21,22
2025-01-05,11:27:00,116,103,GUAPIMIRIM,RJ,Tombamento,Ausência de reação do condutor,Céu Claro,2025-01-05,11
2025-01-21,22:30:00,116,"227,4",CORREIA PINTO,SC,Saída de leito carroçável,Velocidade Incompatível,Céu Claro,2025-01-21,22
2025-01-21,22:40:00,470,42,GASPAR,SC,Saída de leito carroçável,Objeto estático sobre o leito carroçável,Céu Claro,2025-01-21,22
2025-01-21,22:08:00,376,"3,6",SAO JOSE DOS PINHAIS,PR,Colisão lateral mesmo sentido,Velocidade Incompatível,Céu Claro,2025-01-21,22
2025-01-21,23:30:00,101,"224,7",IBIRACU,ES,Tombamento,Reação tardia ou ineficiente do condutor,Céu Claro,2025-01-21,23
2025-01-22,00:30:00,60,"2,9",BRASILIA,DF,Colisão lateral mesmo sentido,Acessar a via sem observar a presença dos outros veículos,Céu Claro,2025-01-22,0
2025-01-21,23:15:00,163,21,MUNDO NOVO,MS,Tombamento,Ausência de reação do condutor,Céu Claro,2025-01-21,23
2025-01-22,01:30:00,116,46,CAMPINA GRANDE DO SUL,PR,Capotamento,Condutor Dormindo,Céu Claro,2025-01-22,1
2025-01-22,01:15:00,277,"485,5",NOVA LARANJEIRAS,PR,Tombamento,Velocidade Incompatível,Céu Claro,2025-01-22,1
2025-01-21,23:45:00,174,290,CARACARAI,RR,Saída de leito carroçável,Condutor Dormindo,Ignorado,2025-01-21,23
2025-01-22,01:20:00,381,81,SAO PAULO,SP,Colisão frontal,Reação tardia ou ineficiente do condutor,Céu Claro,2025-01-22,1
2025-01-22,04:25:00,163,832,SINOP,MT,Queda de ocupante de veículo,Reação tardia ou ineficiente do condutor,Nublado,2025-01-22,4
2025-01-22,06:00:00,110,342,ALAGOINHAS,BA,Colisão traseira,Ausência de reação do condutor,Céu Claro,2025-01-22,6
2025-01-22,06:45:00,101,"217,9",PALHOCA,SC,Incêndio,Demais falhas mecânicas ou elétricas,Céu Claro,2025-01-22,6
2025-01-22,06:30:00,467,109,CASCAVEL,PR,Saída de leito carroçável,Ingestão de álcool pelo condutor,Céu Claro,2025-01-22,6
2025-01-22,04:50:00,116,17,ANTONINA,PR,Incêndio,Demais falhas mecânicas ou elétricas,Céu Claro,2025-01-22,4
2025-01-22,07:00:00,101,83,BAYEUX,PB,Colisão traseira,Condutor deixou de manter distância do veículo da frente,Céu Claro,2025-01-22,7
2025-01-10,19:12:00,230,499,CAJAZEIRAS,PB,Colisão transversal,Desrespeitar a preferência no cruzamento,Céu Claro,2025-01-10,19
2025-01-22,07:25:00,116,283,EMBU DAS ARTES,SP,Colisão traseira,Reação tardia ou ineficiente do condutor,Céu Claro,2025-01-22,7
2025-01-22,07:35:00,365,279,JOAO PINHEIRO,MG,Saída de leito carroçável,Ultrapassagem Indevida,Céu Claro,2025-01-22,7
2025-01-22,07:00:00,116,"112,8",TAUBATE,SP,Colisão traseira,Condutor deixou de manter distância do veículo da frente,Céu Claro,2025-01-22,7
2025-01-22,07:00:00,235,50,ITABAIANA,SE,Tombamento,Animais na Pista,Céu Claro,2025-01-22,7
2025-01-22,06:20:00,277,584,CASCAVEL,PR,Colisão lateral mesmo sentido,Acessar a via sem observar a presença dos outros veículos,Céu Claro,2025-01-22,6
2025-01-22,07:58:00,376,1,MARINGA,PR,Tombamento,Demais falhas mecânicas ou elétricas,Céu Claro,2025-01-22,7
2025-01-22,06:15:00,376,"501,4",PONTA GROSSA,PR,Saída de leito carroçável,Ausência de reação do condutor,Sol,2025-01-22,6
2025-01-22,08:30:00,116,3,FORTALEZA,CE,Colisão traseira,Condutor deixou de manter distância do veículo da frente,Nublado,2025-01-22,8
2025-01-22,08:50:00,230,"416,6",POMBAL,PB,Colisão transversal,Acessar a via sem observar a presença dos outros veículos,Céu Claro,2025-01-22,8
2025-01-22,07:30:00,316,266,SATUBA,AL,Colisão frontal,Acumulo de água sobre o pavimento,Céu Claro,2025-01-22,7
2025-01-22,08:40:00,101,"40,7",PALHOCA,SC,Colisão com objeto,Reação tardia ou ineficiente do condutor,Céu Claro,2025-01-22,8
2025-01-22,08:40:00,381,"481,6",CONTAGEM,MG,Colisão lateral mesmo sentido,Ausência de reação do condutor,Céu Claro,2025-01-22,8
2025-01-22,07:30:00,282,368,ERVAL VELHO,SC,Colisão transversal,Acessar a via sem observar a presença dos outros veículos,Céu Claro,2025-01-22,7
2025-01-22,08:20:00,116,32,ITAIOPOLIS,SC,Saída de leito carroçável,Ausência de reação do condutor,Sol,2025-01-22,8
2025-01-22,09:42:00,101,49,ABREU E LIMA,PE,Colisão traseira,Reação tardia ou ineficiente do condutor,Céu Claro,2025-01-22,9
2025-01-22,10:20:00,116,24,AQUIRAZ,CE,Saída de leito carroçável,Acumulo de água sobre o pavimento,Chuva,2025-01-22,10
2025-01-22,10:10:00,40,"8,3",LUZIANIA,GO,Colisão traseira,Reação tardia ou ineficiente do condutor,Sol,2025-01-22,10
2025-01-22,08:00:00,116,111,GUAPIMIRIM,RJ,Saída de leito carroçável,Velocidade Incompatível,Céu Claro,2025-01-22,8
2025-01-22,11:15:00,60,52,ABADIANIA,GO,Colisão com objeto,Reação tardia ou ineficiente do condutor,Céu Claro,2025-01-22,11
2025-01-22,09:20:00,267,"481,2",JARDIM,MS,Colisão transversal,Acessar a via sem observar a presença dos outros veículos,Céu Claro,2025-01-22,9
2025-01-22,11:40:00,316,10,TERESINA,PI,Tombamento,Ausência de reação do condutor,Céu Claro,2025-01-22,11
2025-01-22,11:40:00,282,"4,5",FLORIANOPOLIS,SC,Colisão traseira,Reação tardia ou ineficiente do condutor,Céu Claro,2025-01-22,11
2025-01-22,12:45:00,381,484,BETIM,MG,Tombamento,Ausência de reação do condutor,Céu Claro,2025-01-22,12
2025-01-22,11:20:00,356,77,ITALVA,RJ,Colisão traseira,Reação tardia ou ineficiente do condutor,Sol,2025-01-22,11
2025-01-22,12:20:00,324,517,FEIRA DE SANTANA,BA,Colisão transversal,Conversão proibida,Céu Claro,2025-01-22,12
2025-01-22,12:30:00,101,96,NATAL,RN,Colisão traseira,Condutor deixou de manter distância do veículo da frente,Sol,2025-01-22,12
2025-01-22,12:40:00,153,"241,5",FRONTEIRA,MG,Colisão transversal,Acessar a via sem observar a presença dos outros veículos,Céu Claro,2025-01-22,12
2025-01-22,11:00:00,369,"24,5",CAMBARA,PR,Colisão transversal,Reação tardia ou ineficiente do condutor,Céu Claro,2025-01-22,11
2025-01-22,12:30:00,101,96,NATAL,RN,Engavetamento,Condutor deixou de manter distância do veículo da frente,Sol,2025-01-22,12
2025-01-22,12:50:00,470,"317,5",CAMPOS NOVOS,SC,Incêndio,Demais falhas mecânicas ou elétricas,Céu Claro,2025-01-22,12
2025-01-22,13:20:00,277,"2,8",PARANAGUA,PR,Tombamento,Demais falhas mecânicas ou elétricas,Chuva,2025-01-22,13
2025-01-22,14:15:00,101,"280,9",SERRA,ES,Tombamento,Pista esburacada,Céu Claro,2025-01-22,14
2025-01-22,13:40:00,101,"69,1",RECIFE,PE,Colisão traseira,Acessar a via sem observar a presença dos outros veículos,Céu Claro,2025-01-22,13
2025-01-22,11:40:00,101,"50,9",FLEXEIRAS,AL,Incêndio,Demais falhas mecânicas ou elétricas,Céu Claro,2025-01-22,11
2025-01-22,13:40:00,235,0,ARACAJU,SE,Colisão lateral mesmo sentido,Reação tardia ou ineficiente do condutor,Sol,2025-01-22,13
2025-01-22,14:30:00,116,441,ENGENHEIRO CALDAS,MG,Saída de leito carroçável,Ausência de reação do condutor,Céu Claro,2025-01-22,14
2025-01-22,14:15:00,101,203,CASIMIRO DE ABREU,RJ,Colisão traseira,Ingestão de álcool pelo condutor,Céu Claro,2025-01-22,14
2025-01-22,13:11:00,10,263,IMPERATRIZ,MA,Colisão traseira,Acesso irregular,Céu Claro,2025-01-22,13
2025-01-04,09:15:00,364,69,CACHOEIRA ALTA,GO,Saída de leito carroçável,Ausência de reação do condutor,Chuva,2025-01-04,9
2025-01-03,20:00:00,424,86,GARANHUNS,PE,Colisão lateral sentido oposto,Ingestão de álcool pelo condutor,Céu Claro,2025-01-03,20
2025-01-22,14:18:00,101,171,SANTA LUZIA DO ITANHY,SE,Colisão lateral mesmo sentido,Acessar a via sem observar a presença dos outros veículos,Céu Claro,2025-01-22,14
2025-01-22,15:20:00,262,"36,5",MANHUACU,MG,Queda de ocupante de veículo,Acumulo de areia ou detritos sobre o pavimento,Nublado,2025-01-22,15
2025-01-22,15:50:00,70,9,AGUAS LINDAS DE GOIAS,GO,Saída de leito carroçável,Ingestão de álcool pelo condutor,Céu Claro,2025-01-22,15
2025-01-22,15:15:00,369,"161,8",CAMBE,PR,Colisão traseira,Condutor deixou de manter distância do veículo da frente,Chuva,2025-01-22,15
2025-01-22,16:25:00,480,129,CHAPECO,SC,Colisão frontal,Acesso irregular,Céu Claro,2025-01-22,16
2025-01-22,16:00:00,40,"780,5",JUIZ DE FORA,MG,Tombamento,Pista Escorregadia,Nublado,2025-01-22,16
2025-01-22,11:35:00,262,"37,5",MANHUACU,MG,Colisão transversal,Acessar a via sem observar a presença dos outros veículos,Céu Claro,2025-01-22,11
2025-01-22,16:30:00,116,"58,3",GUARATINGUETA,SP,Colisão traseira,Ausência de sinalização,Nublado,2025-01-22,16
2025-01-22,16:30:00,381,"896,4",CAMBUI,MG,Colisão com objeto,Avarias e/ou desgaste excessivo no pneu,Chuva,2025-01-22,16
2025-01-22,17:15:00,472,139,TRES DE MAIO,RS,Colisão transversal,Acessar a via sem observar a presença dos outros veículos,Sol,2025-01-22,17
2025-01-22,17:20:00,470,"121,5",IBIRAMA,SC,Colisão frontal,Transitar na contramão,Céu Claro,2025-01-22,17
2025-01-22,16:30:00,40,11,LUZIANIA,GO,Atropelamento de Pedestre,Área urbana sem a presença de local apropriado para a travessia de pedestres,Sol,2025-01-22,16
2025-01-22,17:00:00,376,"299,4",MAUA DA SERRA,PR,Capotamento,Velocidade Incompatível,Chuva,2025-01-22,17
2025-01-22,17:30:00,290,91,PORTO ALEGRE,RS,Colisão lateral mesmo sentido,Manobra de mudança de faixa,Céu Claro,2025-01-22,17
2025-01-22,14:50:00,101,508,ANGRA DOS REIS,RJ,Colisão traseira,Condutor deixou de manter distância do veículo da frente,Céu Claro,2025-01-22,14
2025-01-22,17:15:00,101,191,CONCEICAO DA FEIRA,BA,Colisão transversal,Desrespeitar a preferência no cruzamento,Céu Claro,2025-01-22,17
2025-01-22,17:20:00,101,"204,5",FLORIANOPOLIS,SC,Colisão lateral mesmo sentido,Reação tardia ou ineficiente do condutor,Céu Claro,2025-01-22,17
2025-01-22,14:30:00,20,74,SAO DESIDERIO,BA,Colisão transversal,Acessar a via sem observar a presença dos outros veículos,Nublado,2025-01-22,14
2025-01-22,17:15:00,153,"62,8",SAO JOSE DO RIO PRETO,SP,Colisão lateral mesmo sentido,Manobra de mudança de faixa,Céu Claro,2025-01-22,17
2025-01-22,16:25:00,116,40,CAMPINA GRANDE DO SUL,PR,Queda de ocupante de veículo,Reação tardia ou ineficiente do condutor,Chuva,2025-01-22,16
2025-01-22,17:35:00,116,"527,7",CAPAO DO LEAO,RS,Colisão traseira,Condutor deixou de manter distância do veículo da frente,Céu Claro,2025-01-22,17
2025-01-22,17:30:00,282,"5,3",SAO JOSE,SC,Colisão traseira,Reação tardia ou ineficiente do condutor,Céu Claro,2025-01-22,17
2025-01-22,17:30:00,60,"7,1",BRASILIA,DF,Queda de ocupante de veículo,Reação tardia ou ineficiente do condutor,Céu Claro,2025-01-22,17
2025-01-22,14:30:00,70,649,CACERES,MT,Capotamento,Reação tardia ou ineficiente do condutor,Céu Claro,2025-01-22,14
2025-01-13,14:24:00,324,625,SALVADOR,BA,Queda de ocupante de veículo,Acessar a via sem observar a presença dos outros veículos,Nublado,2025-01-13,14
2025-01-22,18:37:00,116,18,ITAITINGA,CE,Colisão lateral mesmo sentido,Acessar a via sem observar a presença dos outros veículos,Ignorado,2025-01-22,18
2025-01-22,18:20:00,116,186,NOVA IGUACU,RJ,Colisão lateral mesmo sentido,Ausência de reação do condutor,Céu Claro,2025-01-22,18
2025-01-22,19:00:00,222,4,CAUCAIA,CE,Colisão traseira,Condutor deixou de manter distância do veículo da frente,Céu Claro,2025-01-22,19
2025-01-22,18:35:00,287,250,SANTA MARIA,RS,Colisão traseira,Animais na Pista,Céu Claro,2025-01-22,18
2025-01-22,19:00:00,101,"215,2",PALHOCA,SC,Colisão lateral mesmo sentido,Acessar a via sem observar a presença dos outros veículos,Céu Claro,2025-01-22,19
2025-01-22,17:20:00,40,"792,5",JUIZ DE FORA,MG,Colisão com objeto,Ausência de reação do condutor,Nublado,2025-01-22,17
2025-01-22,18:30:00,381,379,SAO GONCALO DO RIO ABAIXO,MG,Colisão transversal,Acessar a via sem observar a presença dos outros veículos,Céu Claro,2025-01-22,18
2025-01-22,18:25:00,116,412,GOVERNADOR VALADARES,MG,Colisão traseira,Condutor deixou de manter distância do veículo da frente,Céu Claro,2025-01-22,18
2025-01-22,19:20:00,116,262,CANOAS,RS,Colisão traseira,Ausência de reação do condutor,Céu Claro,2025-01-22,19
2025-01-22,16:04:00,163,"64,8",ALTAMIRA,PA,Saída de leito carroçável,Reação tardia ou ineficiente do condutor,Céu Claro,2025-01-22,16
2025-01-22,14:00:00,465,5,SEROPEDICA,RJ,Queda de ocupante de veículo,Ausência de reação do condutor,Céu Claro,2025-01-22,14
2025-01-22,19:50:00,101,45,UBATUBA,SP,Tombamento,Ausência de reação do condutor,Céu Claro,2025-01-22,19
2025-01-22,18:30:00,235,34,AREIA BRANCA,SE,Colisão transversal,Acessar a via sem observar a presença dos outros veículos,Céu Claro,2025-01-22,18
2025-01-22,18:48:00,364,"272,2",JACIARA,MT,Colisão traseira,Reação tardia ou ineficiente do condutor,Chuva,2025-01-22,18
2025-01-22,20:00:00,381,483,BETIM,MG,Colisão traseira,Ausência de reação do condutor,Céu Claro,2025-01-22,20
2025-01-22,16:50:00,381,907,CAMBUI,MG,Tombamento,Pista Escorregadia,Garoa/Chuvisco,2025-01-22,16
2025-01-22,20:10:00,222,5,CAUCAIA,CE,Colisão com objeto,Ausência de reação do condutor,Céu Claro,2025-01-22,20
2025-01-22,17:45:00,465,14,SEROPEDICA,RJ,Colisão transversal,Trafegar com motocicleta (ou similar) entre as faixas,Sol,2025-01-22,17
2025-01-22,19:30:00,365,241,JOAO PINHEIRO,MG,Atropelamento de Pedestre,Entrada inopinada do pedestre,Céu Claro,2025-01-22,19
2025-01-22,19:30:00,410,24,TUCANO,BA,Colisão traseira,Condutor deixou de manter distância do veículo da frente,Céu Claro,2025-01-22,19
2025-01-22,20:38:00,465,22,NOVA IGUACU,RJ,Colisão lateral mesmo sentido,Acessar a via sem observar a presença dos outros veículos,Ignorado,2025-01-22,20
2025-01-22,21:20:00,101,"147,3",LINHARES,ES,Colisão transversal,Acessar a via sem observar a presença dos outros veículos,Céu Claro,2025-01-22,21
2025-01-22,20:00:00,101,"63,2",MAQUINE,RS,Colisão frontal,Transitar na contramão,Céu Claro,2025-01-22,20
2025-01-22,22:17:00,40,515,RIBEIRAO DAS NEVES,MG,Saída de leito carroçável,Ausência de reação do condutor,Nublado,2025-01-22,22
2025-01-22,21:55:00,116,199,ARUJA,SP,Colisão lateral mesmo sentido,Reação tardia ou ineficiente do condutor,Nublado,2025-01-22,21
2025-01-22,20:00:00,163,834,SINOP,MT,Queda de ocupante de veículo,Ingestão de álcool pelo condutor,Nublado,2025-01-22,20
2025-01-22,21:50:00,101,"205,5",SAO JOSE,SC,Colisão traseira,Ausência de reação do condutor,Nublado,2025-01-22,21
2025-01-22,21:50:00,40,697,BARBACENA,MG,Saída de leito carroçável,Avarias e/ou desgaste excessivo no pneu,Céu Claro,2025-01-22,21
2025-01-22,20:50:00,267,"20,6",BATAGUASSU,MS,Colisão transversal,Acessar a via sem observar a presença dos outros veículos,Nublado,2025-01-22,20
2025-01-22,22:50:00,116,38,VACARIA,RS,Colisão frontal,Conversão proibida,Céu Claro,2025-01-22,22
2025-01-22,23:30:00,101,216,PALHOCA,SC,Colisão traseira,Acessar a via sem observar a presença dos outros veículos,Nublado,2025-01-22,23
2025-01-22,23:45:00,116,"66,2",GUARATINGUETA,SP,Colisão lateral mesmo sentido,Ausência de reação do condutor,Ignorado,2025-01-22,23
2025-01-23,00:01:00,226,80,TANGARA,RN,Colisão frontal,Transitar na contramão,Céu Claro,2025-01-23,0
2025-01-22,23:40:00,116,215,GUARULHOS,SP,Colisão com objeto,Ausência de reação do condutor,Nublado,2025-01-22,23
2025-01-23,00:10:00,116,160,JACAREI,SP,Colisão traseira,Condutor Dormindo,Céu Claro,2025-01-23,0
2025-01-23,01:15:00,153,280,OCAUCU,SP,Saída de leito carroçável,Ausência de reação do condutor,Nublado,2025-01-23,1
2025-01-22,20:00:00,349,1029,CORRENTINA,BA,Colisão traseira,Velocidade Incompatível,Nublado,2025-01-22,20
2025-01-23,03:00:00,369,133,IBIPORA,PR,Tombamento,Reação tardia ou ineficiente do condutor,Céu Claro,2025-01-23,3
2025-01-23,04:53:00,101,389,RIO DE JANEIRO,RJ,Colisão frontal,Acesso irregular,Céu Claro,2025-01-23,4
2025-01-23,06:02:00,101,40,IGARASSU,PE,Colisão traseira,Reação tardia ou ineficiente do condutor,Sol,2025-01-23,6
2025-01-23,05:50:00,282,"3,8",FLORIANOPOLIS,SC,Saída de leito carroçável,Reação tardia ou ineficiente do condutor,Nublado,2025-01-23,5
2025-01-23,02:20:00,163,929,ITAUBA,MT,Atropelamento de Animal,Ausência de reação do condutor,Céu Claro,2025-01-23,2
2025-01-23,06:10:00,365,607,UBERLANDIA,MG,Colisão com objeto,Reação tardia ou ineficiente do condutor,Céu Claro,2025-01-23,6
2025-01-23,06:45:00,60,99,ANAPOLIS,GO,Colisão transversal,Acessar a via sem observar a presença dos outros veículos,Céu Claro,2025-01-23,6
2025-01-22,20:00:00,280,128,RIO NEGRINHO,SC,Colisão lateral mesmo sentido,Conversão proibida,Céu Claro,2025-01-22,20
2025-01-22,23:30:00,116,144,DUQUE DE CAXIAS,RJ,Saída de leito carroçável,Ingestão de álcool pelo condutor,Céu Claro,2025-01-22,23
2025-01-19,21:23:00,101,313,SAO GONCALO,RJ,Atropelamento de Pedestre,Pedestre cruzava a pista fora da faixa,Céu Claro,2025-01-19,21
2025-01-23,05:15:00,376,"42,6",NOVA LONDRINA,PR,Colisão frontal,Ultrapassagem Indevida,Céu Claro,2025-01-23,5
2025-01-23,07:00:00,116,219,GUARULHOS,SP,Colisão lateral mesmo sentido,Reação tardia ou ineficiente do condutor,Nublado,2025-01-23,7
2025-01-23,07:15:00,116,220,GUARULHOS,SP,Colisão traseira,Ausência de reação do condutor,Sol,2025-01-23,7
2025-01-23,07:40:00,101,"218,1",PALHOCA,SC,Tombamento,Demais falhas mecânicas ou elétricas,Céu Claro,2025-01-23,7
2025-01-22,19:15:00,393,285,VOLTA REDONDA,RJ,Tombamento,Iluminação deficiente,Nublado,2025-01-22,19
2025-01-23,06:00:00,70,678,CACERES,MT,Saída de leito carroçável,Chuva,Chuva,2025-01-23,6
2025-01-23,07:18:00,153,147,ARAGUAINA,TO,Colisão lateral mesmo sentido,Manobra de mudança de faixa,Céu Claro,2025-01-23,7
2025-01-23,08:00:00,290,96,PORTO ALEGRE,RS,Tombamento,Condutor deixou de manter distância do veículo da frente,Céu Claro,2025-01-23,8
2025-01-23,07:40:00,293,"13,7",CAPAO DO LEAO,RS,Colisão traseira,Velocidade Incompatível,Céu Claro,2025-01-23,7
2025-01-23,06:45:00,153,"1,8",JACAREZINHO,PR,Colisão traseira,Condutor deixou de manter distância do veículo da frente,Céu Claro,2025-01-23,6
2025-01-23,08:13:00,116,"18,8",EUSEBIO,CE,Colisão traseira,Condutor deixou de manter distância do veículo da frente,Chuva,2025-01-23,8
2025-01-23,08:24:00,20,19,BRASILIA,DF,Colisão transversal,Acessar a via sem observar a presença dos outros veículos,Céu Claro,2025-01-23,8
2025-01-23,06:45:00,153,"54,8",MONTE ALEGRE DE MINAS,MG,Saída de leito carroçável,Velocidade Incompatível,Chuva,2025-01-23,6
2025-01-23,09:40:00,116,268,CANOAS,RS,Colisão lateral mesmo sentido,Reação tardia ou ineficiente do condutor,Céu Claro,2025-01-23,9
2025-01-22,21:54:00,163,1010,TERRA NOVA DO NORTE,MT,Queda de ocupante de veículo,Reação tardia ou ineficiente do condutor,Céu Claro,2025-01-22,21
2025-01-23,06:05:00,101,327,NITEROI,RJ,Colisão lateral mesmo sentido,Reação tardia ou ineficiente do condutor,Céu Claro,2025-01-23,6
2025-01-19,21:20:00,101,"93,5",JAGUARE,ES,Tombamento,Ausência de reação do condutor,Céu Claro,2025-01-19,21
2025-01-22,07:00:00,364,"641,7",CANDEIAS DO JAMARI,RO,Saída de leito carroçável,Ausência de reação do condutor,Céu Claro,2025-01-22,7
2025-01-11,10:10:00,101,323,NITEROI,RJ,Engavetamento,Ausência de reação do condutor,Céu Claro,2025-01-11,10
2025-01-23,08:10:00,287,399,SANTIAGO,RS,Colisão transversal,Acessar a via sem observar a presença dos outros veículos,Céu Claro,2025-01-23,8
2025-01-23,10:15:00,470,"176,4",VERANOPOLIS,RS,Colisão transversal,Acessar a via sem observar a presença dos outros veículos,Sol,2025-01-23,10
2025-01-23,10:20:00,116,170,RIO DE JANEIRO,RJ,Queda de ocupante de veículo,Demais falhas mecânicas ou elétricas,Céu Claro,2025-01-23,10
2025-01-23,09:15:00,153,"138,5",PROMISSAO,SP,Saída de leito carroçável,Condutor Dormindo,Céu Claro,2025-01-23,9
2025-01-23,09:20:00,101,84,BAYEUX,PB,Colisão lateral mesmo sentido,Reação tardia ou ineficiente do condutor,Céu Claro,2025-01-23,9
2025-01-23,10:55:00,230,16,JOAO PESSOA,PB,Colisão traseira,Ausência de reação do condutor,Céu Claro,2025-01-23,10
2025-01-23,10:22:00,280,60,GUARAMIRIM,SC,Colisão frontal,Transitar na contramão,Sol,2025-01-23,10
2025-01-23,09:47:00,230,406,BALSAS,MA,Colisão lateral sentido oposto,Ultrapassagem Indevida,Céu Claro,2025-01-23,9
2025-01-23,10:30:00,60,90,ANAPOLIS,GO,Colisão traseira,Manobra de mudança de faixa,Céu Claro,2025-01-23,10
2025-01-23,11:20:00,110,"45,3",MOSSORO,RN,Colisão traseira,Condutor deixou de manter distância do veículo da frente,Céu Claro,2025-01-23,11
2025-01-23,12:20:00,282,16,PALHOCA,SC,Colisão lateral mesmo sentido,Conversão proibida,Céu Claro,2025-01-23,12
2025-01-23,11:38:00,104,"75,8",CARUARU,PE,Engavetamento,Reação tardia ou ineficiente do condutor,Sol,2025-01-23,11
2025-01-23,12:30:00,282,"5,2",SAO JOSE,SC,Engavetamento,Reação tardia ou ineficiente do condutor,Céu Claro,2025-01-23,12