data_inversa,horario,br,km,municipio,uf,tipo_acidente,causa_acidente,condicao_metereologica,data,hora
2025-01-23,12:00:00,101,"50,5",TERRA DE AREIA,RS,Saída de leito carroçável,Ausência de reação do condutor,Céu Claro,2025-01-23,12
2025-01-23,12:40:00,153,"59,7",SAO JOSE DO RIO PRETO,SP,Tombamento,Demais falhas mecânicas ou elétricas,Céu Claro,2025-01-23,12
2025-01-23,12:00:00,40,"614,4",CONGONHAS,MG,Queda de ocupante de veículo,Reação tardia ou ineficiente do condutor,Céu Claro,2025-01-23,12
2025-01-23,10:00:00,116,198,QUEIMADOS,RJ,Colisão traseira,Reação tardia ou ineficiente do condutor,Sol,2025-01-23,10
2025-01-23,12:15:00,476,100,BOCAIUVA DO SUL,PR,Colisão transversal,Acessar a via sem observar a presença dos outros veículos,Céu Claro,2025-01-23,12
2025-01-23,12:30:00,163,615,SAO GABRIEL DO OESTE,MS,Colisão transversal,Acessar a via sem observar a presença dos outros veículos,Céu Claro,2025-01-23,12
2025-01-23,12:45:00,381,"158,5",GOVERNADOR VALADARES,MG,Tombamento,Velocidade Incompatível,Céu Claro,2025-01-23,12
2025-01-23,13:00:00,163,11,MUNDO NOVO,MS,Colisão com objeto,Reação tardia ou ineficiente do condutor,Chuva,2025-01-23,13
2025-01-23,12:15:00,158,535,PATO BRANCO,PR,Colisão transversal,Acessar a via sem observar a presença dos outros veículos,Sol,2025-01-23,12
2025-01-23,12:30:00,452,22,RIO VERDE,GO,Saída de leito carroçável,Reação tardia ou ineficiente do condutor,Sol,2025-01-23,12
2025-01-23,11:10:00,226,231,TUNTUM,MA,Colisão frontal,Manobra de mudança de faixa,Céu Claro,2025-01-23,11
2025-01-23,09:05:00,487,"170,8",CAMPO MOURAO,PR,Saída de leito carroçável,Condutor Dormindo,Céu Claro,2025-01-23,9
2025-01-23,07:20:00,158,637,NOVA XAVANTINA,MT,Saída de leito carroçável,Mal súbito do condutor,Céu Claro,2025-01-23,7
2025-01-23,15:35:00,414,440,ANAPOLIS,GO,Colisão traseira,Acesso irregular,Céu Claro,2025-01-23,15
2025-01-23,14:18:00,262,"37,9",MANHUACU,MG,Colisão transversal,Acessar a via sem observar a presença dos outros veículos,Céu Claro,2025-01-23,14
2025-01-23,14:30:00,381,292,ANTONIO DIAS,MG,Colisão lateral mesmo sentido,Pista esburacada,Céu Claro,2025-01-23,14
2025-01-23,15:15:00,116,"552,5",CAPAO DO LEAO,RS,Colisão frontal,Condutor Dormindo,Céu Claro,2025-01-23,15
2025-01-23,16:10:00,101,"301,9",VIANA,ES,Tombamento,Demais falhas mecânicas ou elétricas,Céu Claro,2025-01-23,16
2025-01-23,12:00:00,290,179,BUTIA,RS,Colisão transversal,Acessar a via sem observar a presença dos outros veículos,Céu Claro,2025-01-23,12
2025-01-23,16:00:00,116,"3,5",VITORIA DA CONQUISTA,BA,Saída de leito carroçável,Reação tardia ou ineficiente do condutor,Céu Claro,2025-01-23,16
2025-01-23,16:40:00,116,148,MANDIRITUBA,PR,Colisão lateral mesmo sentido,Reação tardia ou ineficiente do condutor,Sol,2025-01-23,16
2025-01-23,17:00:00,290,101,PORTO ALEGRE,RS,Colisão lateral mesmo sentido,Demais falhas mecânicas ou elétricas,Céu Claro,2025-01-23,17
2025-01-23,17:00:00,267,"70,6",BICAS,MG,Colisão frontal,Transitar na contramão,Ignorado,2025-01-23,17
2025-01-23,16:48:00,101,155,GOIANINHA,RN,Tombamento,Avarias e/ou desgaste excessivo no pneu,Céu Claro,2025-01-23,16
2025-01-23,17:00:00,282,"500,2",XANXERE,SC,Saída de leito carroçável,Velocidade Incompatível,Céu Claro,2025-01-23,17
2025-01-23,17:00:00,40,"710,8",BARBACENA,MG,Tombamento,Demais falhas mecânicas ou elétricas,Céu Claro,2025-01-23,17
2025-01-08,15:00:00,487,168,CAMPO MOURAO,PR,Colisão traseira,Ausência de reação do condutor,Céu Claro,2025-01-08,15
2025-01-23,17:25:00,242,864,BARREIRAS,BA,Colisão lateral sentido oposto,Chuva,Chuva,2025-01-23,17
2025-01-23,16:45:00,101,510,ANGRA DOS REIS,RJ,Colisão lateral mesmo sentido,Acessar a via sem observar a presença dos outros veículos,Garoa/Chuvisco,2025-01-23,16
2025-01-23,12:00:00,174,997,PRESIDENTE FIGUEIREDO,AM,Capotamento,Afundamento ou ondulação no pavimento,Garoa/Chuvisco,2025-01-23,12
2025-01-23,17:40:00,116,223,GUARULHOS,SP,Colisão transversal,Acesso irregular,Céu Claro,2025-01-23,17
2025-01-23,17:50:00,277,83,CURITIBA,PR,Colisão traseira,Trafegar com motocicleta (ou similar) entre as faixas,Céu Claro,2025-01-23,17
2025-01-08,06:40:00,376,"171,1",NOVA ANDRADINA,MS,Tombamento,Ausência de reação do condutor,Sol,2025-01-08,6
2025-01-23,17:00:00,101,112,ITAJAI,SC,Colisão lateral mesmo sentido,Manobra de mudança de faixa,Céu Claro,2025-01-23,17
2025-01-23,18:35:00,324,619,SALVADOR,BA,Colisão lateral mesmo sentido,Manobra de mudança de faixa,Céu Claro,2025-01-23,18
2025-01-23,18:20:00,116,435,REGISTRO,SP,Saída de leito carroçável,Ausência de reação do condutor,Céu Claro,2025-01-23,18
2025-01-23,17:39:00,230,149,CAMPINA GRANDE,PB,Colisão transversal,Acessar a via sem observar a presença dos outros veículos,Céu Claro,2025-01-23,17
2025-01-23,18:50:00,101,"212,6",PALHOCA,SC,Colisão lateral mesmo sentido,Trafegar com motocicleta (ou similar) entre as faixas,Nublado,2025-01-23,18
2025-01-23,18:45:00,60,4,BRASILIA,DF,Colisão lateral mesmo sentido,Manobra de mudança de faixa,Nublado,2025-01-23,18
2025-01-23,18:00:00,277,129,CAMPO LARGO,PR,Saída de leito carroçável,Problema com o freio,Céu Claro,2025-01-23,18
2025-01-23,18:57:00,222,"2,8",FORTALEZA,CE,Colisão transversal,Condutor desrespeitou a iluminação vermelha do semáforo,Céu Claro,2025-01-23,18
2025-01-23,13:45:00,277,10,PARANAGUA,PR,Queda de ocupante de veículo,Reação tardia ou ineficiente do condutor,Céu Claro,2025-01-23,13
2025-01-15,17:40:00,407,126,SENHOR DO BONFIM,BA,Colisão transversal,Desrespeitar a preferência no cruzamento,Chuva,2025-01-15,17
2025-01-23,20:20:00,414,437,ANAPOLIS,GO,Colisão lateral mesmo sentido,Acessar a via sem observar a presença dos outros veículos,Céu Claro,2025-01-23,20
2025-01-23,17:20:00,116,225,PIRAI,RJ,Queda de ocupante de veículo,Pista Escorregadia,Chuva,2025-01-23,17
2025-01-23,18:31:00,280,27,ARAQUARI,SC,Colisão lateral mesmo sentido,Manobra de mudança de faixa,Céu Claro,2025-01-23,18
2025-01-23,20:30:00,381,"485,6",BETIM,MG,Colisão lateral mesmo sentido,Ausência de reação do condutor,Nublado,2025-01-23,20
2025-01-23,19:40:00,50,278,CATALAO,GO,Colisão transversal,Acessar a via sem observar a presença dos outros veículos,Céu Claro,2025-01-23,19
2025-01-23,21:15:00,376,548,PALMEIRA,PR,Saída de leito carroçável,Ausência de reação do condutor,Céu Claro,2025-01-23,21
2025-01-23,19:30:00,415,59,ITABUNA,BA,Saída de leito carroçável,Condutor Dormindo,Céu Claro,2025-01-23,19
2025-01-23,21:30:00,153,693,CARIRI DO TOCANTINS,TO,Saída de leito carroçável,Reação tardia ou ineficiente do condutor,Céu Claro,2025-01-23,21
2025-01-23,21:40:00,470,"64,5",INDAIAL,SC,Queda de ocupante de veículo,Reação tardia ou ineficiente do condutor,Céu Claro,2025-01-23,21
2025-01-23,20:00:00,381,811,CAREACU,MG,Saída de leito carroçável,Velocidade Incompatível,Chuva,2025-01-23,20
2025-01-23,20:45:00,381,"671,3",PERDOES,MG,Saída de leito carroçável,Velocidade Incompatível,Garoa/Chuvisco,2025-01-23,20
2025-01-23,22:00:00,101,"266,3",SERRA,ES,Colisão transversal,Acessar a via sem observar a presença dos outros veículos,Garoa/Chuvisco,2025-01-23,22
2025-01-23,22:30:00,101,137,ARES,RN,Atropelamento de Animal,Animais na Pista,Céu Claro,2025-01-23,22
2025-01-23,17:25:00,324,608,SIMOES FILHO,BA,Colisão traseira,Reação tardia ou ineficiente do condutor,Céu Claro,2025-01-23,17
2025-01-23,19:00:00,70,230,POXOREO,MT,Colisão frontal,Manobra de mudança de faixa,Céu Claro,2025-01-23,19
2025-01-23,18:20:00,116,261,VOLTA REDONDA,RJ,Colisão traseira,Frear bruscamente,Garoa/Chuvisco,2025-01-23,18
2025-01-23,20:40:00,262,"95,5",ABRE CAMPO,MG,Atropelamento de Pedestre,Acessar a via sem observar a presença dos outros veículos,Céu Claro,2025-01-23,20
2025-01-23,22:00:00,40,114,DUQUE DE CAXIAS,RJ,Colisão traseira,Iluminação deficiente,Nublado,2025-01-23,22
2025-01-23,22:40:00,158,"794,8",BARRA DO GARCAS,MT,Saída de leito carroçável,Ausência de reação do condutor,Céu Claro,2025-01-23,22
2025-01-23,23:30:00,101,"289,4",CARIACICA,ES,Colisão traseira,Reação tardia ou ineficiente do condutor,Céu Claro,2025-01-23,23
2025-01-23,22:30:00,343,"511,9",AMARANTE,PI,Saída de leito carroçável,Animais na Pista,Céu Claro,2025-01-23,22
2025-01-23,23:15:00,101,231,SILVA JARDIM,RJ,Colisão transversal,Acessar a via sem observar a presença dos outros veículos,Céu Claro,2025-01-23,23
2025-01-24,01:45:00,232,"7,6",RECIFE,PE,Saída de leito carroçável,Participar de racha,Céu Claro,2025-01-24,1
2025-01-23,21:55:00,163,649,LUCAS DO RIO VERDE,MT,Saída de leito carroçável,Condutor Dormindo,Céu Claro,2025-01-23,21
2025-01-24,01:20:00,230,12,CABEDELO,PB,Saída de leito carroçável,Ausência de reação do condutor,Céu Claro,2025-01-24,1
2025-01-23,11:00:00,290,"175,5",BUTIA,RS,Colisão lateral mesmo sentido,Acessar a via sem observar a presença dos outros veículos,Sol,2025-01-23,11
2025-01-23,21:30:00,324,623,SALVADOR,BA,Queda de ocupante de veículo,Ausência de reação do condutor,Céu Claro,2025-01-23,21
2025-01-24,03:50:00,101,214,PALHOCA,SC,Saída de leito carroçável,Velocidade Incompatível,Nublado,2025-01-24,3
2025-01-23,22:30:00,471,"537,3",SANTA VITORIA DO PALMAR,RS,Capotamento,Reação tardia ou ineficiente do condutor,Céu Claro,2025-01-23,22
2025-01-24,04:56:00,343,589,FLORIANO,PI,Tombamento,Ausência de reação do condutor,Céu Claro,2025-01-24,4
2025-01-24,05:50:00,60,"425,3",SIDROLANDIA,MS,Colisão transversal,Acessar a via sem observar a presença dos outros veículos,Céu Claro,2025-01-24,5
2025-01-24,06:20:00,277,"588,7",CASCAVEL,PR,Colisão transversal,Manobra de mudança de faixa,Céu Claro,2025-01-24,6
2025-01-21,17:45:00,324,580,CANDEIAS,BA,Incêndio,Demais falhas mecânicas ou elétricas,Céu Claro,2025-01-21,17
2025-01-24,04:25:00,242,140,RAFAEL JAMBEIRO,BA,Saída de leito carroçável,Velocidade Incompatível,Céu Claro,2025-01-24,4
2025-01-12,12:00:00,116,228,DOIS IRMAOS,RS,Tombamento,Ausência de reação do condutor,Céu Claro,2025-01-12,12
2025-01-24,07:35:00,70,19,BRASILIA,DF,Colisão lateral mesmo sentido,Manobra de mudança de faixa,Céu Claro,2025-01-24,7
2025-01-24,06:30:00,40,525,CONTAGEM,MG,Tombamento,Manobra de mudança de faixa,Céu Claro,2025-01-24,6
2025-01-24,06:30:00,324,616,SALVADOR,BA,Queda de ocupante de veículo,Demais falhas mecânicas ou elétricas,Céu Claro,2025-01-24,6
2025-01-24,07:31:00,381,"739,5",TRES CORACOES,MG,Saída de leito carroçável,Reação tardia ou ineficiente do condutor,Céu Claro,2025-01-24,7
2025-01-24,07:10:00,104,59,MURICI,AL,Colisão transversal,Acessar a via sem observar a presença dos outros veículos,Céu Claro,2025-01-24,7
2025-01-24,08:00:00,101,211,PALHOCA,SC,Colisão lateral mesmo sentido,Trafegar com motocicleta (ou similar) entre as faixas,Nublado,2025-01-24,8
2025-01-24,07:15:00,381,36,ATIBAIA,SP,Colisão traseira,Demais falhas mecânicas ou elétricas,Céu Claro,2025-01-24,7
2025-01-24,07:40:00,470,"174,2",POUSO REDONDO,SC,Colisão traseira,Reação tardia ou ineficiente do condutor,Nublado,2025-01-24,7
2025-01-24,09:20:00,101,51,UBATUBA,SP,Colisão transversal,Acessar a via sem observar a presença dos outros veículos,Céu Claro,2025-01-24,9
2025-01-24,07:00:00,116,"818,8",VITORIA DA CONQUISTA,BA,Colisão transversal,Desrespeitar a preferência no cruzamento,Céu Claro,2025-01-24,7
2025-01-24,09:45:00,50,180,UBERABA,MG,Colisão traseira,Condutor deixou de manter distância do veículo da frente,Céu Claro,2025-01-24,9
2025-01-24,09:20:00,101,"333,7",TUBARAO,SC,Colisão transversal,Desrespeitar a preferência no cruzamento,Céu Claro,2025-01-24,9
2025-01-01,02:55:00,470,25,ILHOTA,SC,Atropelamento de Pedestre,Pedestre andava na pista,Nublado,2025-01-01,2
2025-01-24,08:10:00,277,583,CASCAVEL,PR,Colisão transversal,Manobra de mudança de faixa,Céu Claro,2025-01-24,8
2025-01-24,08:50:00,232,"319,2",CUSTODIA,PE,Incêndio,Demais falhas mecânicas ou elétricas,Sol,2025-01-24,8
2025-01-24,10:35:00,116,187,NOVA IGUACU,RJ,Colisão lateral mesmo sentido,Reação tardia ou ineficiente do condutor,Nublado,2025-01-24,10
2025-01-24,08:05:00,40,"98,7",LAGOA GRANDE,MG,Saída de leito carroçável,Reação tardia ou ineficiente do condutor,Céu Claro,2025-01-24,8
2025-01-24,10:00:00,101,321,NITEROI,RJ,Colisão traseira,Trafegar com motocicleta (ou similar) entre as faixas,Nublado,2025-01-24,10
2025-01-24,11:43:00,230,18,JOAO PESSOA,PB,Engavetamento,Condutor deixou de manter distância do veículo da frente,Sol,2025-01-24,11
2025-01-24,11:50:00,101,"333,7",TUBARAO,SC,Colisão transversal,Desrespeitar a preferência no cruzamento,Sol,2025-01-24,11
2025-01-24,10:00:00,381,756,TRES CORACOES,MG,Colisão traseira,Reação tardia ou ineficiente do condutor,Céu Claro,2025-01-24,10
2025-01-24,12:15:00,116,226,GUARULHOS,SP,Colisão lateral mesmo sentido,Acesso irregular,Céu Claro,2025-01-24,12
2025-01-24,12:00:00,163,160,LINDOESTE,PR,Saída de leito carroçável,Condutor Dormindo,Céu Claro,2025-01-24,12
2025-01-24,10:20:00,262,"669,4",IBIA,MG,Saída de leito carroçável,Velocidade Incompatível,Sol,2025-01-24,10
2025-01-24,12:30:00,101,416,MANGARATIBA,RJ,Atropelamento de Pedestre,Entrada inopinada do pedestre,Céu Claro,2025-01-24,12
2025-01-24,11:00:00,70,6,BARRA DO GARCAS,MT,Colisão transversal,Acessar a via sem observar a presença dos outros veículos,Céu Claro,2025-01-24,11
2025-01-24,12:05:00,407,129,PETROLINA,PE,Colisão traseira,Condutor deixou de manter distância do veículo da frente,Céu Claro,2025-01-24,12
2025-01-24,11:50:00,376,614,SAO JOSE DOS PINHAIS,PR,Colisão traseira,Reação tardia ou ineficiente do condutor,Céu Claro,2025-01-24,11
2025-01-24,10:30:00,364,429,JARU,RO,Engavetamento,Condutor deixou de manter distância do veículo da frente,Céu Claro,2025-01-24,10
2025-01-24,13:00:00,376,"4,2",MANDAGUARI,PR,Colisão transversal,Acessar a via sem observar a presença dos outros veículos,Céu Claro,2025-01-24,13
2025-01-24,13:00:00,262,"444,7",NOVA SERRANA,MG,Saída de leito carroçável,Demais falhas mecânicas ou elétricas,Sol,2025-01-24,13
2025-01-14,07:30:00,101,122,CAAPORA,PB,Saída de leito carroçável,Acumulo de água sobre o pavimento,Nublado,2025-01-14,7
2025-01-24,10:30:00,0,0,JOAO PESSOA,PB,Colisão com objeto,Velocidade Incompatível,Sol,2025-01-24,10
2025-01-20,07:45:00,101,205,SAO JOSE,SC,Colisão com objeto,Ausência de reação do condutor,Céu Claro,2025-01-20,7
2025-01-24,14:00:00,414,"383,7",CORUMBA DE GOIAS,GO,Saída de leito carroçável,Reação tardia ou ineficiente do condutor,Céu Claro,2025-01-24,14
2025-01-24,15:15:00,230,"6,3",CABEDELO,PB,Colisão lateral mesmo sentido,Manobra de mudança de faixa,Céu Claro,2025-01-24,15
2025-01-24,11:20:00,415,58,ITABUNA,BA,Colisão frontal,Velocidade Incompatível,Garoa/Chuvisco,2025-01-24,11
2025-01-24,07:20:00,40,10,COMENDADOR LEVY GASPARIAN,RJ,Saída de leito carroçável,Reação tardia ou ineficiente do condutor,Sol,2025-01-24,7
2025-01-24,14:30:00,153,"547,4",PROFESSOR JAMIL,GO,Saída de leito carroçável,Ausência de reação do condutor,Céu Claro,2025-01-24,14
2025-01-24,15:10:00,101,"318,5",PESCARIA BRAVA,SC,Saída de leito carroçável,Ausência de reação do condutor,Céu Claro,2025-01-24,15
2025-01-24,14:00:00,470,"66,5",INDAIAL,SC,Colisão transversal,Acessar a via sem observar a presença dos outros veículos,Nublado,2025-01-24,14
2025-01-24,15:40:00,376,"498,8",PONTA GROSSA,PR,Colisão lateral mesmo sentido,Reação tardia ou ineficiente do condutor,Céu Claro,2025-01-24,15
2025-01-24,14:00:00,277,"382,1",CANDOI,PR,Colisão com objeto,Reação tardia ou ineficiente do condutor,Céu Claro,2025-01-24,14
2025-01-24,15:55:00,428,"184,2",PETROLINA,PE,Colisão lateral mesmo sentido,Desrespeitar a preferência no cruzamento,Céu Claro,2025-01-24,15
2025-01-24,12:15:00,470,84,RODEIO,SC,Colisão transversal,Acessar a via sem observar a presença dos outros veículos,Céu Claro,2025-01-24,12
2025-01-24,13:00:00,116,140,SAO JOSE DOS CAMPOS,SP,Saída de leito carroçável,Ausência de reação do condutor,Céu Claro,2025-01-24,13
2025-01-24,16:30:00,101,88,JOAO PESSOA,PB,Atropelamento de Pedestre,Pedestre andava na pista,Céu Claro,2025-01-24,16
2025-01-24,16:45:00,40,"1,3",BRASILIA,DF,Colisão traseira,Condutor deixou de manter distância do veículo da frente,Céu Claro,2025-01-24,16
2025-01-24,15:20:00,316,61,CASTANHAL,PA,Colisão frontal,Transitar na contramão,Céu Claro,2025-01-24,15
2025-01-24,17:08:00,101,242,SERRA,ES,Tombamento,Ausência de reação do condutor,Céu Claro,2025-01-24,17
2025-01-24,16:50:00,70,8,BRASILIA,DF,Colisão lateral mesmo sentido,Manobra de mudança de faixa,Céu Claro,2025-01-24,16
2025-01-24,17:00:00,101,"6,9",SERRA,ES,Colisão traseira,Ingestão de álcool pelo condutor,Céu Claro,2025-01-24,17
2025-01-24,16:15:00,376,"8,3",MARINGA,PR,Colisão com objeto,Reação tardia ou ineficiente do condutor,Sol,2025-01-24,16
2025-01-24,16:30:00,324,"610,8",SIMOES FILHO,BA,Colisão traseira,Trafegar com motocicleta (ou similar) entre as faixas,Sol,2025-01-24,16
2025-01-24,17:30:00,290,91,PORTO ALEGRE,RS,Colisão transversal,Manobra de mudança de faixa,Céu Claro,2025-01-24,17
2025-01-24,17:00:00,10,211,IPIXUNA DO PARA,PA,Saída de leito carroçável,Ausência de reação do condutor,Céu Claro,2025-01-24,17
2025-01-24,16:05:00,163,41,ELDORADO,MS,Colisão transversal,Acessar a via sem observar a presença dos outros veículos,Céu Claro,2025-01-24,16
2025-01-24,17:25:00,116,97,SAO JOSE DOS PINHAIS,PR,Colisão lateral mesmo sentido,Ausência de reação do condutor,Nublado,2025-01-24,17
2025-01-24,17:10:00,376,668,GUARATUBA,PR,Incêndio,Demais falhas mecânicas ou elétricas,Garoa/Chuvisco,2025-01-24,17
2025-01-24,17:30:00,101,104,PILAR,AL,Queda de ocupante de veículo,Velocidade Incompatível,Céu Claro,2025-01-24,17
2025-01-24,18:00:00,101,141,BALNEARIO CAMBORIU,SC,Incêndio,Demais falhas mecânicas ou elétricas,Chuva,2025-01-24,18
2025-01-24,15:12:00,101,"47,5",JOINVILLE,SC,Colisão lateral mesmo sentido,Trafegar com motocicleta (ou similar) entre as faixas,Céu Claro,2025-01-24,15
2025-01-24,06:50:00,230,680,BRASIL NOVO,PA,Colisão lateral sentido oposto,Transitar na contramão,Céu Claro,2025-01-24,6
2025-01-24,16:20:00,116,413,JUQUIA,SP,Queda de ocupante de veículo,Avarias e/ou desgaste excessivo no pneu,Céu Claro,2025-01-24,16
2025-01-24,17:00:00,267,"245,5",NOVA ALVORADA DO SUL,MS,Queda de ocupante de veículo,Ausência de reação do condutor,Céu Claro,2025-01-24,17
2025-01-24,17:30:00,116,161,JACAREI,SP,Colisão lateral mesmo sentido,Manobra de mudança de faixa,Garoa/Chuvisco,2025-01-24,17
2025-01-24,18:30:00,40,"606,2",CONGONHAS,MG,Colisão transversal,Acessar a via sem observar a presença dos outros veículos,Céu Claro,2025-01-24,18
2025-01-24,18:15:00,153,"63,9",SAO JOSE DO RIO PRETO,SP,Colisão lateral mesmo sentido,Manobra de mudança de faixa,Céu Claro,2025-01-24,18
2025-01-24,15:20:00,101,"219,9",PALHOCA,SC,Tombamento,Avarias e/ou desgaste excessivo no pneu,Nublado,2025-01-24,15
2025-01-24,18:25:00,210,5,MACAPA,AP,Colisão transversal,Acessar a via sem observar a presença dos outros veículos,Chuva,2025-01-24,18
2025-01-24,17:50:00,101,"371,1",ICARA,SC,Saída de leito carroçável,Reação tardia ou ineficiente do condutor,Chuva,2025-01-24,17
2025-01-24,17:57:00,280,6,SAO FRANCISCO DO SUL,SC,Colisão transversal,Acessar a via sem observar a presença dos outros veículos,Nublado,2025-01-24,17
2025-01-24,18:20:00,381,"726,8",CARMO DA CACHOEIRA,MG,Colisão com objeto,Demais falhas mecânicas ou elétricas,Nublado,2025-01-24,18
2025-01-24,19:00:00,406,"166,9",SAO GONCALO DO AMARANTE,RN,Colisão lateral mesmo sentido,Manobra de mudança de faixa,Céu Claro,2025-01-24,19
2025-01-24,19:00:00,116,173,SAO JOAO DE MERITI,RJ,Incêndio,Demais falhas mecânicas ou elétricas,Céu Claro,2025-01-24,19
2025-01-24,17:30:00,470,"223,4",SAO CRISTOVAO DO SUL,SC,Saída de leito carroçável,Ausência de reação do condutor,Garoa/Chuvisco,2025-01-24,17
2025-01-24,17:00:00,262,121,CONCEICAO DO CASTELO,ES,Incêndio,Demais falhas mecânicas ou elétricas,Nublado,2025-01-24,17
2025-01-24,17:50:00,316,2,TERESINA,PI,Colisão traseira,Ausência de reação do condutor,Céu Claro,2025-01-24,17
2025-01-24,19:00:00,251,"6,5",BRASILIA,DF,Colisão lateral sentido oposto,Ausência de reação do condutor,Céu Claro,2025-01-24,19
2025-01-24,20:00:00,101,"52,2",SAO MATEUS,ES,Tombamento,Avarias e/ou desgaste excessivo no pneu,Céu Claro,2025-01-24,20
2025-01-24,19:00:00,70,9,BRASILIA,DF,Colisão traseira,Acessar a via sem observar a presença dos outros veículos,Céu Claro,2025-01-24,19
2025-01-24,17:30:00,101,"48,8",CAMPOS DOS GOYTACAZES,RJ,Colisão transversal,Ausência de reação do condutor,Céu Claro,2025-01-24,17
2025-01-24,18:30:00,101,"414,9",ARARANGUA,SC,Colisão com objeto,Ausência de reação do condutor,Garoa/Chuvisco,2025-01-24,18
2025-01-24,21:00:00,101,"266,3",SERRA,ES,Colisão traseira,Frear bruscamente,Céu Claro,2025-01-24,21
2025-01-24,18:50:00,116,"546,6",SANTA BARBARA DO LESTE,MG,Engavetamento,Condutor deixou de manter distância do veículo da frente,Céu Claro,2025-01-24,18
2025-01-24,20:20:00,116,258,PIRAI,RJ,Incêndio,Demais falhas mecânicas ou elétricas,Céu Claro,2025-01-24,20
2025-01-24,18:30:00,381,503,BETIM,MG,Colisão lateral mesmo sentido,Manobra de mudança de faixa,Céu Claro,2025-01-24,18
2025-01-24,18:18:00,364,425,JARU,RO,Colisão lateral mesmo sentido,Acessar a via sem observar a presença dos outros veículos,Céu Claro,2025-01-24,18
2025-01-24,21:20:00,116,"110,8",TAUBATE,SP,Colisão com objeto,Reação tardia ou ineficiente do condutor,Nublado,2025-01-24,21
2025-01-24,21:40:00,116,283,EMBU DAS ARTES,SP,Colisão lateral mesmo sentido,Reação tardia ou ineficiente do condutor,Céu Claro,2025-01-24,21
2025-01-24,20:00:00,262,"420,3",IGARATINGA,MG,Colisão transversal,Acessar a via sem observar a presença dos outros veículos,Céu Claro,2025-01-24,20
2025-01-24,22:10:00,116,"282,4",ITAPECERICA DA SERRA,SP,Colisão traseira,Ausência de reação do condutor,Céu Claro,2025-01-24,22
2025-01-24,19:48:00,429,129,SAO MIGUEL DO GUAPORE,RO,Atropelamento de Animal,Animais na Pista,Céu Claro,2025-01-24,19
2025-01-24,22:30:00,40,626,CONSELHEIRO LAFAIETE,MG,Colisão traseira,Condutor deixou de manter distância do veículo da frente,Nublado,2025-01-24,22
2025-01-24,22:50:00,153,"559,4",FATIMA,TO,Colisão frontal,Transitar na contramão,Nublado,2025-01-24,22
2025-01-24,22:35:00,101,69,RECIFE,PE,Colisão traseira,Condutor deixou de manter distância do veículo da frente,Nublado,2025-01-24,22
2025-01-24,22:30:00,262,38,MANHUACU,MG,Atropelamento de Animal,Animais na Pista,Céu Claro,2025-01-24,22
2025-01-24,21:16:00,153,133,ESTRELA DO NORTE,GO,Colisão traseira,Ausência de reação do condutor,Céu Claro,2025-01-24,21
2025-01-24,23:40:00,376,200,MANDAGUARI,PR,Colisão com objeto,Condutor Dormindo,Céu Claro,2025-01-24,23
2025-01-24,23:05:00,101,"129,7",BALNEARIO CAMBORIU,SC,Atropelamento de Pedestre,Pedestre andava na pista,Chuva,2025-01-24,23
2025-01-24,20:15:00,381,"248,2",SANTANA DO PARAISO,MG,Colisão transversal,Retorno proibido,Céu Claro,2025-01-24,20
2025-01-24,21:55:00,153,"4,2",IMBITUVA,PR,Saída de leito carroçável,Velocidade Incompatível,Nublado,2025-01-24,21
2025-01-24,23:20:00,495,2,TERESOPOLIS,RJ,Colisão transversal,Conversão proibida,Nublado,2025-01-24,23
2025-01-24,23:40:00,277,"245,1",IRATI,PR,Saída de leito carroçável,Acesso irregular,Céu Claro,2025-01-24,23
2025-01-25,00:10:00,376,5,APUCARANA,PR,Colisão frontal,Acessar a via sem observar a presença dos outros veículos,Nublado,2025-01-25,0
2025-01-24,23:15:00,373,"264,9",PRUDENTOPOLIS,PR,Atropelamento de Pedestre,Pedestre andava na pista,Nublado,2025-01-24,23
2025-01-25,01:00:00,101,29,CONCEICAO DA BARRA,ES,Queda de ocupante de veículo,Transitar no Acostamento,Nublado,2025-01-25,1
2025-01-25,01:05:00,101,"282,5",CARIACICA,ES,Queda de ocupante de veículo,Avarias e/ou desgaste excessivo no pneu,Céu Claro,2025-01-25,1
2025-01-25,01:30:00,386,"337,1",FORQUETINHA,RS,Saída de leito carroçável,Reação tardia ou ineficiente do condutor,Céu Claro,2025-01-25,1
2025-01-25,01:30:00,285,451,IJUI,RS,Colisão frontal,Transitar na contramão,Chuva,2025-01-25,1
2025-01-25,01:15:00,40,84,PETROPOLIS,RJ,Tombamento,Demais falhas mecânicas ou elétricas,Nublado,2025-01-25,1
2025-01-25,00:44:00,163,861,SINOP,MT,Queda de ocupante de veículo,Ausência de reação do condutor,Céu Claro,2025-01-25,0
2025-01-25,01:20:00,393,176,PARAIBA DO SUL,RJ,Colisão traseira,Frear bruscamente,Céu Claro,2025-01-25,1
2025-01-24,22:05:00,0,0,NITEROI,RJ,Colisão traseira,Frear bruscamente,Céu Claro,2025-01-24,22
2025-01-25,02:45:00,40,"611,2",CONGONHAS,MG,Saída de leito carroçável,Condutor Dormindo,Céu Claro,2025-01-25,2