data_inversa,horario,br,km,municipio,uf,tipo_acidente,causa_acidente,condicao_metereologica,data,hora
2025-01-26,09:00:00,116,"11,8",VITORIA DA CONQUISTA,BA,Queda de ocupante de veículo,Avarias e/ou desgaste excessivo no pneu,Céu Claro,2025-01-26,9
2025-01-26,07:05:00,70,"0,6",BARRA DO GARCAS,MT,Colisão traseira,Desrespeitar a preferência no cruzamento,Céu Claro,2025-01-26,7
2025-01-26,09:35:00,60,90,ANAPOLIS,GO,Tombamento,Demais falhas mecânicas ou elétricas,Céu Claro,2025-01-26,9
2025-01-26,08:59:00,153,"45,7",SAO JOSE DO RIO PRETO,SP,Colisão traseira,Ultrapassagem Indevida,Céu Claro,2025-01-26,8
2025-01-26,08:30:00,60,20,ALEXANIA,GO,Saída de leito carroçável,Reação tardia ou ineficiente do condutor,Céu Claro,2025-01-26,8
2025-01-19,06:10:00,282,561,NOVA ERECHIM,SC,Saída de leito carroçável,Condutor Dormindo,Céu Claro,2025-01-19,6
2025-01-26,09:25:00,116,173,SAO JOAO DE MERITI,RJ,Colisão traseira,Ausência de reação do condutor,Céu Claro,2025-01-26,9
2025-01-26,10:00:00,476,88,BOCAIUVA DO SUL,PR,Colisão com objeto,Declive acentuado,Céu Claro,2025-01-26,10
2025-01-26,10:00:00,40,"92,2",CRISTALINA,GO,Colisão transversal,Acessar a via sem observar a presença dos outros veículos,Céu Claro,2025-01-26,10
2025-01-26,10:30:00,101,"174,7",ARACRUZ,ES,Colisão transversal,Acessar a via sem observar a presença dos outros veículos,Céu Claro,2025-01-26,10
2025-01-26,10:00:00,376,"291,5",MAUA DA SERRA,PR,Queda de ocupante de veículo,Velocidade Incompatível,Céu Claro,2025-01-26,10
2025-01-26,10:30:00,101,415,MANGARATIBA,RJ,Saída de leito carroçável,Ingestão de álcool pelo condutor,Céu Claro,2025-01-26,10
2025-01-26,10:16:00,369,202,APUCARANA,PR,Colisão transversal,Conversão proibida,Céu Claro,2025-01-26,10
2025-01-26,10:55:00,101,"24,4",JOINVILLE,SC,Tombamento,Avarias e/ou desgaste excessivo no pneu,Céu Claro,2025-01-26,10
2025-01-26,10:30:00,262,"58,1",MARECHAL FLORIANO,ES,Colisão traseira,Conversão proibida,Sol,2025-01-26,10
2025-01-26,09:55:00,70,525,VARZEA GRANDE,MT,Colisão transversal,Acessar a via sem observar a presença dos outros veículos,Céu Claro,2025-01-26,9
2025-01-26,11:20:00,153,"72,7",SAO JOSE DO RIO PRETO,SP,Colisão com objeto,Ingestão de álcool pelo condutor,Céu Claro,2025-01-26,11
2025-01-26,11:30:00,262,"39,5",DOMINGOS MARTINS,ES,Colisão frontal,Transitar na contramão,Céu Claro,2025-01-26,11
2025-01-26,11:50:00,101,"365,3",ANCHIETA,ES,Colisão com objeto,Velocidade Incompatível,Céu Claro,2025-01-26,11
2025-01-26,11:50:00,153,133,ARAGUAINA,TO,Saída de leito carroçável,Ausência de reação do condutor,Céu Claro,2025-01-26,11
2025-01-26,11:30:00,101,178,TEOTONIO VILELA,AL,Colisão frontal,Transitar na contramão,Céu Claro,2025-01-26,11
2025-01-26,12:10:00,116,373,MIRACATU,SP,Colisão com objeto,Condutor Dormindo,Nublado,2025-01-26,12
2025-01-26,09:25:00,280,"24,8",ARAQUARI,SC,Colisão transversal,Acessar a via sem observar a presença dos outros veículos,Sol,2025-01-26,9
2025-01-26,12:30:00,376,"177,3",MARINGA,PR,Colisão com objeto,Ausência de reação do condutor,Céu Claro,2025-01-26,12
2025-01-26,12:00:00,381,"932,9",EXTREMA,MG,Tombamento,Ausência de reação do condutor,Nublado,2025-01-26,12
2025-01-26,12:50:00,282,320,VARGEM,SC,Colisão lateral sentido oposto,Manobra de mudança de faixa,Céu Claro,2025-01-26,12
2025-01-26,13:15:00,101,46,UBATUBA,SP,Colisão traseira,Reação tardia ou ineficiente do condutor,Garoa/Chuvisco,2025-01-26,13
2025-01-26,11:45:00,70,730,CACERES,MT,Colisão transversal,Acessar a via sem observar a presença dos outros veículos,Céu Claro,2025-01-26,11
2025-01-26,09:50:00,282,"402,3",CATANDUVAS,SC,Saída de leito carroçável,Ausência de reação do condutor,Céu Claro,2025-01-26,9
2025-01-26,14:00:00,116,427,FEIRA DE SANTANA,BA,Saída de leito carroçável,Reação tardia ou ineficiente do condutor,Céu Claro,2025-01-26,14
2025-01-26,12:20:00,101,"903,6",IBIRAPUA,BA,Saída de leito carroçável,Acessar a via sem observar a presença dos outros veículos,Céu Claro,2025-01-26,12
2025-01-26,12:40:00,101,"262,3",GAROPABA,SC,Saída de leito carroçável,Ausência de reação do condutor,Céu Claro,2025-01-26,12
2025-01-26,11:30:00,110,5,AREIA BRANCA,RN,Colisão transversal,Reação tardia ou ineficiente do condutor,Céu Claro,2025-01-26,11
2025-01-26,14:00:00,222,63,SAO GONCALO DO AMARANTE,CE,Colisão transversal,Transitar na contramão,Nublado,2025-01-26,14
2025-01-26,13:45:00,381,"519,1",IGARAPE,MG,Tombamento,Velocidade Incompatível,Chuva,2025-01-26,13
2025-01-26,13:43:00,381,"519,1",IGARAPE,MG,Tombamento,Velocidade Incompatível,Chuva,2025-01-26,13
2025-01-26,14:10:00,116,261,CANOAS,RS,Tombamento,Demais falhas mecânicas ou elétricas,Nublado,2025-01-26,14
2025-01-26,14:00:00,365,"657,5",UBERLANDIA,MG,Colisão com objeto,Ingestão de álcool pelo condutor,Sol,2025-01-26,14
2025-01-26,14:00:00,101,"109,6",PARNAMIRIM,RN,Colisão com objeto,Velocidade Incompatível,Céu Claro,2025-01-26,14
2025-01-26,14:40:00,230,17,JOAO PESSOA,PB,Atropelamento de Pedestre,Pedestre cruzava a pista fora da faixa,Céu Claro,2025-01-26,14
2025-01-26,12:30:00,40,113,DUQUE DE CAXIAS,RJ,Colisão lateral mesmo sentido,Reação tardia ou ineficiente do condutor,Céu Claro,2025-01-26,12
2025-01-26,14:34:00,381,635,SANTO ANTONIO DO AMPARO,MG,Colisão com objeto,Reação tardia ou ineficiente do condutor,Chuva,2025-01-26,14
2025-01-26,15:20:00,101,6,BIGUACU,SC,Saída de leito carroçável,Condutor Dormindo,Nublado,2025-01-26,15
2025-01-26,15:10:00,470,"142,9",RIO DO SUL,SC,Colisão transversal,Acessar a via sem observar a presença dos outros veículos,Céu Claro,2025-01-26,15
2025-01-26,14:50:00,116,"310,8",SAO LOURENCO DA SERRA,SP,Colisão com objeto,Chuva,Chuva,2025-01-26,14
2025-01-26,15:00:00,116,173,QUITANDINHA,PR,Colisão transversal,Acessar a via sem observar a presença dos outros veículos,Céu Claro,2025-01-26,15
2025-01-26,16:00:00,50,65,UBERLANDIA,MG,Saída de leito carroçável,Avarias e/ou desgaste excessivo no pneu,Céu Claro,2025-01-26,16
2025-01-26,16:00:00,472,577,URUGUAIANA,RS,Colisão com objeto,Ausência de reação do condutor,Céu Claro,2025-01-26,16
2025-01-26,16:55:00,40,"716,9",BARBACENA,MG,Colisão com objeto,Velocidade Incompatível,Chuva,2025-01-26,16
2025-01-26,14:00:00,381,"855,1",POUSO ALEGRE,MG,Saída de leito carroçável,Ausência de reação do condutor,Sol,2025-01-26,14
2025-01-26,14:48:00,369,"473,8",CORBELIA,PR,Colisão traseira,Condutor deixou de manter distância do veículo da frente,Sol,2025-01-26,14
2025-01-26,16:20:00,101,"196,7",BIGUACU,SC,Colisão com objeto,Reação tardia ou ineficiente do condutor,Nublado,2025-01-26,16
2025-01-26,16:30:00,381,501,BETIM,MG,Colisão lateral mesmo sentido,Trafegar com motocicleta (ou similar) entre as faixas,Céu Claro,2025-01-26,16
2025-01-26,16:10:00,381,500,BETIM,MG,Engavetamento,Condutor deixou de manter distância do veículo da frente,Sol,2025-01-26,16
2025-01-26,14:00:00,158,"790,1",BARRA DO GARCAS,MT,Queda de ocupante de veículo,Demais falhas mecânicas ou elétricas,Céu Claro,2025-01-26,14
2025-01-26,16:30:00,101,"82,7",OSORIO,RS,Colisão traseira,Reação tardia ou ineficiente do condutor,Céu Claro,2025-01-26,16
2025-01-26,14:00:00,116,"6,4",SALGUEIRO,PE,Colisão com objeto,Ausência de reação do condutor,Céu Claro,2025-01-26,14
2025-01-26,16:30:00,116,"704,1",MURIAE,MG,Tombamento,Frear bruscamente,Chuva,2025-01-26,16
2025-01-26,15:15:00,381,"315,8",ANTONIO DIAS,MG,Colisão frontal,Velocidade Incompatível,Céu Claro,2025-01-26,15
2025-01-26,17:05:00,262,"437,3",NOVA SERRANA,MG,Colisão transversal,Acessar a via sem observar a presença dos outros veículos,Sol,2025-01-26,17
2025-01-26,16:25:00,319,"58,3",PORTO VELHO,RO,Colisão lateral mesmo sentido,Acessar a via sem observar a presença dos outros veículos,Céu Claro,2025-01-26,16
2025-01-26,15:54:00,470,32,GASPAR,SC,Colisão lateral mesmo sentido,Condutor deixou de manter distância do veículo da frente,Céu Claro,2025-01-26,15
2025-01-26,17:40:00,146,"486,9",POCOS DE CALDAS,MG,Saída de leito carroçável,Avarias e/ou desgaste excessivo no pneu,Chuva,2025-01-26,17
2025-01-26,16:30:00,116,141,DUQUE DE CAXIAS,RJ,Engavetamento,Ausência de reação do condutor,Céu Claro,2025-01-26,16
2025-01-26,17:50:00,459,"35,2",CALDAS,MG,Saída de leito carroçável,Velocidade Incompatível,Chuva,2025-01-26,17
2025-01-26,17:00:00,381,46,ATIBAIA,SP,Colisão com objeto,Pista Escorregadia,Chuva,2025-01-26,17
2025-01-26,17:30:00,364,251,JATAI,GO,Saída de leito carroçável,Velocidade Incompatível,Garoa/Chuvisco,2025-01-26,17
2025-01-26,18:00:00,222,20,CAUCAIA,CE,Colisão transversal,Acessar a via sem observar a presença dos outros veículos,Céu Claro,2025-01-26,18
2025-01-26,16:35:00,381,654,SANTO ANTONIO DO AMPARO,MG,Capotamento,Avarias e/ou desgaste excessivo no pneu,Chuva,2025-01-26,16
2025-01-26,19:00:00,153,35,NOVA GRANADA,SP,Colisão traseira,Ingestão de álcool pelo condutor,Chuva,2025-01-26,19
2025-01-26,18:00:00,116,261,CANOAS,RS,Colisão traseira,Frear bruscamente,Céu Claro,2025-01-26,18
2025-01-26,19:00:00,153,61,SAO JOSE DO RIO PRETO,SP,Engavetamento,Ingestão de álcool pelo condutor,Chuva,2025-01-26,19
2025-01-26,18:20:00,476,182,LAPA,PR,Saída de leito carroçável,Velocidade Incompatível,Céu Claro,2025-01-26,18
2025-01-26,18:35:00,40,480,SETE LAGOAS,MG,Colisão com objeto,Avarias e/ou desgaste excessivo no pneu,Chuva,2025-01-26,18
2025-01-26,17:55:00,101,61,CAMPOS DOS GOYTACAZES,RJ,Atropelamento de Pedestre,Entrada inopinada do pedestre,Nublado,2025-01-26,17
2025-01-26,15:15:00,290,"194,9",RIO PARDO,RS,Queda de ocupante de veículo,Demais falhas mecânicas ou elétricas,Céu Claro,2025-01-26,15
2025-01-26,18:45:00,376,349,ORTIGUEIRA,PR,Colisão transversal,Acessar a via sem observar a presença dos outros veículos,Céu Claro,2025-01-26,18
2025-01-26,18:46:00,101,49,ABREU E LIMA,PE,Colisão frontal,Ultrapassagem Indevida,Chuva,2025-01-26,18
2025-01-26,19:15:00,116,279,TEOFILO OTONI,MG,Colisão transversal,Conversão proibida,Céu Claro,2025-01-26,19
2025-01-26,17:40:00,235,84,FREI PAULO,SE,Colisão transversal,Acessar a via sem observar a presença dos outros veículos,Ignorado,2025-01-26,17
2025-01-26,17:50:00,40,4,COMENDADOR LEVY GASPARIAN,RJ,Saída de leito carroçável,Chuva,Chuva,2025-01-26,17
2025-01-26,18:30:00,40,4,COMENDADOR LEVY GASPARIAN,RJ,Colisão traseira,Chuva,Chuva,2025-01-26,18
2025-01-26,19:00:00,110,306,INHAMBUPE,BA,Colisão traseira,Frear bruscamente,Céu Claro,2025-01-26,19
2025-01-26,19:30:00,116,96,SAO JOSE DOS PINHAIS,PR,Tombamento,Chuva,Chuva,2025-01-26,19
2025-01-26,18:50:00,116,298,GUAIBA,RS,Colisão traseira,Transitar no Acostamento,Céu Claro,2025-01-26,18
2025-01-26,19:20:00,364,198,PIMENTA BUENO,RO,Colisão lateral mesmo sentido,Acessar a via sem observar a presença dos outros veículos,Nublado,2025-01-26,19
2025-01-26,11:05:00,230,"726,3",MEDICILANDIA,PA,Saída de leito carroçável,Pista esburacada,Céu Claro,2025-01-26,11
2025-01-26,20:15:00,392,101,MORRO REDONDO,RS,Colisão lateral mesmo sentido,Condutor deixou de manter distância do veículo da frente,Céu Claro,2025-01-26,20
2025-01-26,20:00:00,70,9,AGUAS LINDAS DE GOIAS,GO,Colisão traseira,Ingestão de álcool pelo condutor,Nublado,2025-01-26,20
2025-01-26,20:00:00,316,234,ATALAIA,AL,Colisão frontal,Conversão proibida,Céu Claro,2025-01-26,20
2025-01-26,16:30:00,365,"505,8",PATROCINIO,MG,Capotamento,Pista Escorregadia,Chuva,2025-01-26,16
2025-01-26,20:30:00,40,621,CONSELHEIRO LAFAIETE,MG,Colisão traseira,Condutor deixou de manter distância do veículo da frente,Chuva,2025-01-26,20
2025-01-26,19:30:00,101,"875,2",TEIXEIRA DE FREITAS,BA,Colisão traseira,Ingestão de álcool pelo condutor,Céu Claro,2025-01-26,19
2025-01-26,20:15:00,290,"176,9",BUTIA,RS,Colisão transversal,Acessar a via sem observar a presença dos outros veículos,Céu Claro,2025-01-26,20
2025-01-26,19:50:00,282,"513,6",XAXIM,SC,Colisão transversal,Acessar a via sem observar a presença dos outros veículos,Nublado,2025-01-26,19
2025-01-26,17:00:00,222,298,TIANGUA,CE,Tombamento,Ingestão de álcool pelo condutor,Chuva,2025-01-26,17
2025-01-26,20:55:00,101,"226,9",PALHOCA,SC,Colisão traseira,Trafegar com motocicleta (ou similar) entre as faixas,Nublado,2025-01-26,20
2025-01-26,21:15:00,101,"331,9",GUARAPARI,ES,Atropelamento de Pedestre,Transitar no Acostamento,Nublado,2025-01-26,21
2025-01-26,20:30:00,376,"155,8",MANDAGUACU,PR,Atropelamento de Pedestre,Pedestre cruzava a pista fora da faixa,Céu Claro,2025-01-26,20
2025-01-26,21:05:00,101,327,RIO DE JANEIRO,RJ,Colisão traseira,Ausência de reação do condutor,Nublado,2025-01-26,21
2025-01-26,19:30:00,277,265,IRATI,PR,Saída de leito carroçável,Ausência de reação do condutor,Céu Claro,2025-01-26,19
2025-01-26,21:30:00,101,32,CONCEICAO DA BARRA,ES,Colisão transversal,Acessar a via sem observar a presença dos outros veículos,Céu Claro,2025-01-26,21
2025-01-26,20:40:00,493,"18,5",GUAPIMIRIM,RJ,Colisão transversal,Acessar a via sem observar a presença dos outros veículos,Céu Claro,2025-01-26,20
2025-01-26,20:50:00,40,19,LUZIANIA,GO,Colisão transversal,Acesso irregular,Céu Claro,2025-01-26,20
2025-01-26,21:20:00,101,"392,3",RIO NOVO DO SUL,ES,Colisão transversal,Iluminação deficiente,Céu Claro,2025-01-26,21
2025-01-26,19:55:00,381,686,LAVRAS,MG,Colisão com objeto,Velocidade Incompatível,Chuva,2025-01-26,19
2025-01-26,20:25:00,101,"427,1",SOMBRIO,SC,Tombamento,Ausência de reação do condutor,Nublado,2025-01-26,20
2025-01-26,21:10:00,316,"266,9",SANTA INES,MA,Queda de ocupante de veículo,Pista Escorregadia,Chuva,2025-01-26,21
2025-01-26,21:15:00,304,"41,3",MOSSORO,RN,Atropelamento de Pedestre,Pedestre cruzava a pista fora da faixa,Céu Claro,2025-01-26,21
2025-01-26,21:30:00,158,"262,8",JULIO DE CASTILHOS,RS,Incêndio,Demais falhas mecânicas ou elétricas,Céu Claro,2025-01-26,21
2025-01-26,20:20:00,116,"166,9",JACAREI,SP,Saída de leito carroçável,Ingestão de álcool pelo condutor,Céu Claro,2025-01-26,20
2025-01-26,21:00:00,116,245,PIRAI,RJ,Colisão traseira,Chuva,Chuva,2025-01-26,21
2025-01-26,20:15:00,40,123,DUQUE DE CAXIAS,RJ,Colisão traseira,Ingestão de álcool pelo condutor,Céu Claro,2025-01-26,20
2025-01-26,21:55:00,116,131,FAZENDA RIO GRANDE,PR,Colisão com objeto,Reação tardia ou ineficiente do condutor,Céu Claro,2025-01-26,21
2025-01-26,21:30:00,242,830,BARREIRAS,BA,Colisão traseira,Ausência de reação do condutor,Céu Claro,2025-01-26,21
2025-01-26,21:30:00,116,310,GUAIBA,RS,Saída de leito carroçável,Reação tardia ou ineficiente do condutor,Céu Claro,2025-01-26,21
2025-01-26,21:00:00,429,55,ALVORADA DOESTE,RO,Saída de leito carroçável,Ausência de reação do condutor,Céu Claro,2025-01-26,21
2025-01-26,22:00:00,101,74,ARAQUARI,SC,Tombamento,Reação tardia ou ineficiente do condutor,Céu Claro,2025-01-26,22
2025-01-26,22:50:00,277,"561,9",CASCAVEL,PR,Tombamento,Demais falhas mecânicas ou elétricas,Céu Claro,2025-01-26,22
2025-01-26,21:40:00,174,485,COMODORO,MT,Colisão traseira,Condutor deixou de manter distância do veículo da frente,Céu Claro,2025-01-26,21
2025-01-26,23:00:00,104,"66,1",CARUARU,PE,Colisão frontal,Ingestão de álcool pelo condutor,Ignorado,2025-01-26,23
2025-01-26,23:00:00,40,277,TRES MARIAS,MG,Saída de leito carroçável,Velocidade Incompatível,Céu Claro,2025-01-26,23
2025-01-26,23:00:00,290,"68,8",GRAVATAI,RS,Saída de leito carroçável,Reação tardia ou ineficiente do condutor,Céu Claro,2025-01-26,23
2025-01-26,20:00:00,468,"84,5",CAMPO NOVO,RS,Saída de leito carroçável,Velocidade Incompatível,Céu Claro,2025-01-26,20
2025-01-26,23:15:00,376,241,APUCARANA,PR,Capotamento,Ausência de reação do condutor,Céu Claro,2025-01-26,23
2025-01-26,22:25:00,153,"216,1",MARILIA,SP,Saída de leito carroçável,Ingestão de álcool pelo condutor,Nublado,2025-01-26,22
2025-01-27,00:03:00,116,178,BELFORD ROXO,RJ,Colisão traseira,Condutor usando celular,Céu Claro,2025-01-27,0
2025-01-26,15:15:00,470,"74,8",INDAIAL,SC,Colisão transversal,Acessar a via sem observar a presença dos outros veículos,Nublado,2025-01-26,15
2025-01-26,19:30:00,470,"91,9",APIUNA,SC,Colisão com objeto,Chuva,Chuva,2025-01-26,19
2025-01-26,20:00:00,267,"155,1",LIMA DUARTE,MG,Colisão frontal,Ausência de reação do condutor,Nublado,2025-01-26,20
2025-01-27,00:30:00,101,"359,1",ANCHIETA,ES,Colisão lateral sentido oposto,Condutor Dormindo,Céu Claro,2025-01-27,0
2025-01-26,21:10:00,356,166,SAO JOAO DA BARRA,RJ,Colisão traseira,Transitar no Acostamento,Nublado,2025-01-26,21
2025-01-27,00:35:00,290,95,PORTO ALEGRE,RS,Atropelamento de Pedestre,Entrada inopinada do pedestre,Nublado,2025-01-27,0
2025-01-27,01:30:00,101,214,PALHOCA,SC,Colisão com objeto,Reação tardia ou ineficiente do condutor,Céu Claro,2025-01-27,1
2025-01-27,00:20:00,262,2,TRES LAGOAS,MS,Saída de leito carroçável,Condutor Dormindo,Chuva,2025-01-27,0
2025-01-27,01:00:00,272,433,GOIOERE,PR,Colisão lateral mesmo sentido,Reação tardia ou ineficiente do condutor,Céu Claro,2025-01-27,1
2025-01-26,12:15:00,316,"619,5",TIMON,MA,Colisão traseira,Conversão proibida,Céu Claro,2025-01-26,12
2025-01-27,03:30:00,116,147,SAO JOSE DOS CAMPOS,SP,Colisão com objeto,Ausência de reação do condutor,Chuva,2025-01-27,3
2025-01-27,02:30:00,277,725,FOZ DO IGUACU,PR,Colisão com objeto,Ausência de reação do condutor,Céu Claro,2025-01-27,2
2025-01-27,02:30:00,101,41,FLEXEIRAS,AL,Saída de leito carroçável,Condutor Dormindo,Céu Claro,2025-01-27,2
2025-01-27,05:40:00,101,"267,9",SERRA,ES,Colisão traseira,Condutor deixou de manter distância do veículo da frente,Céu Claro,2025-01-27,5
2025-01-27,04:25:00,50,180,UBERABA,MG,Colisão com objeto,Transitar na contramão,Garoa/Chuvisco,2025-01-27,4
2025-01-27,06:15:00,230,"19,9",JOAO PESSOA,PB,Engavetamento,Condutor deixou de manter distância do veículo da frente,Nublado,2025-01-27,6
2025-01-26,19:20:00,101,909,IBIRAPUA,BA,Incêndio,Demais falhas mecânicas ou elétricas,Céu Claro,2025-01-26,19
2025-01-27,05:00:00,277,675,MEDIANEIRA,PR,Saída de leito carroçável,Reação tardia ou ineficiente do condutor,Céu Claro,2025-01-27,5
2025-01-26,18:32:00,80,137,VILA PROPICIO,GO,Saída de leito carroçável,Frear bruscamente,Céu Claro,2025-01-26,18
2025-01-27,06:30:00,262,406,TERENOS,MS,Saída de leito carroçável,Reação tardia ou ineficiente do condutor,Céu Claro,2025-01-27,6
2025-01-27,06:40:00,101,82,BAYEUX,PB,Tombamento,Trafegar com motocicleta (ou similar) entre as faixas,Nublado,2025-01-27,6
2025-01-27,07:00:00,232,409,SERRA TALHADA,PE,Colisão transversal,Acesso irregular,Céu Claro,2025-01-27,7
2025-01-27,05:40:00,163,522,DIAMANTINO,MT,Saída de leito carroçável,Condutor Dormindo,Sol,2025-01-27,5
2025-01-27,06:30:00,40,"523,7",CONTAGEM,MG,Atropelamento de Pedestre,Acessar a via sem observar a presença dos outros veículos,Céu Claro,2025-01-27,6
2025-01-27,06:30:00,101,17,RIO REAL,BA,Saída de leito carroçável,Ausência de reação do condutor,Céu Claro,2025-01-27,6
2025-01-27,06:50:00,101,268,SERRA,ES,Colisão traseira,Condutor deixou de manter distância do veículo da frente,Céu Claro,2025-01-27,6
2025-01-27,06:45:00,369,157,LONDRINA,PR,Colisão lateral mesmo sentido,Acessar a via sem observar a presença dos outros veículos,Céu Claro,2025-01-27,6
2025-01-27,06:30:00,369,86,CORNELIO PROCOPIO,PR,Capotamento,Demais falhas mecânicas ou elétricas,Nublado,2025-01-27,6
2025-01-26,21:40:00,163,"500,7",CAMPO GRANDE,MS,Colisão traseira,Ausência de reação do condutor,Céu Claro,2025-01-26,21
2025-01-27,08:00:00,414,440,ANAPOLIS,GO,Colisão traseira,Acessar a via sem observar a presença dos outros veículos,Céu Claro,2025-01-27,8
2025-01-27,08:20:00,230,26,JOAO PESSOA,PB,Colisão lateral mesmo sentido,Manobra de mudança de faixa,Nublado,2025-01-27,8
2025-01-26,22:00:00,163,"567,8",BANDEIRANTES,MS,Saída de leito carroçável,Ingestão de álcool pelo condutor,Chuva,2025-01-26,22
2025-01-27,07:40:00,116,827,VITORIA DA CONQUISTA,BA,Colisão transversal,Acesso irregular,Céu Claro,2025-01-27,7
2025-01-26,14:45:00,70,514,VARZEA GRANDE,MT,Queda de ocupante de veículo,Ingestão de álcool pelo condutor,Sol,2025-01-26,14
2025-01-27,08:30:00,230,"15,6",JOAO PESSOA,PB,Colisão lateral mesmo sentido,Demais falhas mecânicas ou elétricas,Chuva,2025-01-27,8
2025-01-27,09:10:00,158,"178,8",PEJUCARA,RS,Colisão transversal,Acessar a via sem observar a presença dos outros veículos,Céu Claro,2025-01-27,9
2025-01-27,08:01:00,135,7,SAO LUIS,MA,Colisão traseira,Condutor deixou de manter distância do veículo da frente,Sol,2025-01-27,8
2025-01-27,08:45:00,101,"148,2",ITAPEMA,SC,Colisão com objeto,Mal súbito do condutor,Nublado,2025-01-27,8
2025-01-27,07:40:00,116,529,CAPAO DO LEAO,RS,Colisão frontal,Transitar na contramão,Céu Claro,2025-01-27,7
2025-01-26,21:30:00,242,432,SEABRA,BA,Colisão frontal,Ultrapassagem Indevida,Céu Claro,2025-01-26,21
2025-01-27,09:40:00,232,"54,1",POMBOS,PE,Colisão transversal,Acessar a via sem observar a presença dos outros veículos,Chuva,2025-01-27,9
2025-01-27,08:20:00,428,"188,1",PETROLINA,PE,Colisão traseira,Ingestão de álcool pelo condutor,Céu Claro,2025-01-27,8
2025-01-27,10:15:00,230,28,JOAO PESSOA,PB,Colisão traseira,Condutor deixou de manter distância do veículo da frente,Nublado,2025-01-27,10
2025-01-27,05:15:00,392,"117,8",CANGUCU,RS,Colisão com objeto,Ausência de reação do condutor,Céu Claro,2025-01-27,5
2025-01-27,09:10:00,116,151,SAO JOSE DOS CAMPOS,SP,Colisão traseira,Reação tardia ou ineficiente do condutor,Sol,2025-01-27,9
2025-01-27,10:30:00,364,"352,5",JI-PARANA,RO,Atropelamento de Animal,Animais na Pista,Céu Claro,2025-01-27,10
2025-01-27,10:45:00,20,"29,1",BRASILIA,DF,Saída de leito carroçável,Ingestão de álcool pelo condutor,Chuva,2025-01-27,10
2025-01-27,11:55:00,101,215,PALHOCA,SC,Colisão com objeto,Objeto estático sobre o leito carroçável,Céu Claro,2025-01-27,11
2025-01-27,12:30:00,101,"270,3",SERRA,ES,Colisão traseira,Ausência de reação do condutor,Sol,2025-01-27,12
2025-01-27,11:10:00,116,"10,2",MAFRA,SC,Tombamento,Ausência de reação do condutor,Céu Claro,2025-01-27,11
2025-01-27,12:20:00,230,24,JOAO PESSOA,PB,Tombamento,Acumulo de areia ou detritos sobre o pavimento,Céu Claro,2025-01-27,12
2025-01-27,05:30:00,267,231,LIBERDADE,MG,Saída de leito carroçável,Mal súbito do condutor,Ignorado,2025-01-27,5
2025-01-27,12:20:00,101,"324,6",CAPIVARI DE BAIXO,SC,Colisão traseira,Condutor deixou de manter distância do veículo da frente,Céu Claro,2025-01-27,12
2025-01-27,07:00:00,290,310,CACAPAVA DO SUL,RS,Saída de leito carroçável,Reação tardia ou ineficiente do condutor,Céu Claro,2025-01-27,7
2025-01-27,11:40:00,101,"39,7",CAPELA,SE,Colisão traseira,Chuva,Chuva,2025-01-27,11
2025-01-27,13:00:00,381,49,ATIBAIA,SP,Colisão traseira,Reação tardia ou ineficiente do condutor,Céu Claro,2025-01-27,13
2025-01-27,11:00:00,402,79,LUIS CORREIA,PI,Colisão traseira,Ausência de reação do condutor,Sol,2025-01-27,11
2025-01-27,12:00:00,343,"12,1",PARNAIBA,PI,Colisão transversal,Acessar a via sem observar a presença dos outros veículos,Sol,2025-01-27,12
2025-01-27,12:30:00,163,"62,6",PEROLA DOESTE,PR,Colisão lateral sentido oposto,Chuva,Chuva,2025-01-27,12
2025-01-18,16:40:00,153,"59,7",SAO JOSE DO RIO PRETO,SP,Colisão com objeto,Reação tardia ou ineficiente do condutor,Sol,2025-01-18,16
2025-01-27,12:30:00,277,632,CEU AZUL,PR,Colisão traseira,Condutor deixou de manter distância do veículo da frente,Céu Claro,2025-01-27,12
2025-01-27,11:45:00,20,"10,3",BRASILIA,DF,Colisão transversal,Ausência de sinalização,Nublado,2025-01-27,11
2025-01-27,13:04:00,101,67,RECIFE,PE,Colisão traseira,Reação tardia ou ineficiente do condutor,Céu Claro,2025-01-27,13
2025-01-27,13:30:00,471,"657,5",SANTA VITORIA DO PALMAR,RS,Colisão transversal,Acessar a via sem observar a presença dos outros veículos,Céu Claro,2025-01-27,13
2025-01-27,11:20:00,262,"40,2",MANHUACU,MG,Colisão transversal,Acessar a via sem observar a presença dos outros veículos,Céu Claro,2025-01-27,11
2025-01-27,13:40:00,381,1,BETIM,MG,Queda de ocupante de veículo,Avarias e/ou desgaste excessivo no pneu,Nublado,2025-01-27,13
2025-01-27,13:05:00,101,"328,9",TUBARAO,SC,Colisão lateral mesmo sentido,Ultrapassagem Indevida,Céu Claro,2025-01-27,13
2025-01-27,14:00:00,381,"837,2",SAO SEBASTIAO DA BELA VISTA,MG,Colisão com objeto,Velocidade Incompatível,Chuva,2025-01-27,14
2025-01-27,14:20:00,381,"3,9",BETIM,MG,Tombamento,Avarias e/ou desgaste excessivo no pneu,Céu Claro,2025-01-27,14
2025-01-27,09:00:00,369,371,MAMBORE,PR,Colisão transversal,Desrespeitar a preferência no cruzamento,Céu Claro,2025-01-27,9
2025-01-27,14:30:00,290,79,GRAVATAI,RS,Colisão lateral mesmo sentido,Ausência de reação do condutor,Céu Claro,2025-01-27,14