data_inversa,horario,br,km,municipio,uf,tipo_acidente,causa_acidente,condicao_metereologica,data,hora
2025-01-29,10:08:00,101,"207,5",SAO JOSE,SC,Colisão traseira,Trafegar com motocicleta (ou similar) entre as faixas,Céu Claro,2025-01-29,10
2025-01-29,10:00:00,116,"311,9",RESENDE,RJ,Colisão traseira,Velocidade Incompatível,Céu Claro,2025-01-29,10
2025-01-29,11:00:00,361,"5,5",PATOS,PB,Colisão transversal,Acessar a via sem observar a presença dos outros veículos,Céu Claro,2025-01-29,11
2025-01-29,11:00:00,116,247,SAO LEOPOLDO,RS,Atropelamento de Pedestre,Entrada inopinada do pedestre,Céu Claro,2025-01-29,11
2025-01-29,11:40:00,304,"53,2",ARACATI,CE,Queda de ocupante de veículo,Reação tardia ou ineficiente do condutor,Céu Claro,2025-01-29,11
2025-01-29,12:50:00,116,"304,8",SAO LOURENCO DA SERRA,SP,Saída de leito carroçável,Reação tardia ou ineficiente do condutor,Chuva,2025-01-29,12
2025-01-29,09:00:00,251,"316,7",SALINAS,MG,Colisão traseira,Ultrapassagem Indevida,Céu Claro,2025-01-29,9
2025-01-29,12:35:00,393,284,VOLTA REDONDA,RJ,Colisão traseira,Reação tardia ou ineficiente do condutor,Céu Claro,2025-01-29,12
2025-01-29,10:15:00,101,503,ITABUNA,BA,Colisão traseira,Condutor deixou de manter distância do veículo da frente,Céu Claro,2025-01-29,10
2025-01-29,13:20:00,153,439,ANAPOLIS,GO,Engavetamento,Ausência de reação do condutor,Céu Claro,2025-01-29,13
2025-01-24,11:20:00,163,314,TERRA ROXA,PR,Colisão traseira,Reação tardia ou ineficiente do condutor,Céu Claro,2025-01-24,11
2025-01-29,13:20:00,101,"382,2",RIO NOVO DO SUL,ES,Colisão frontal,Ultrapassagem Indevida,Céu Claro,2025-01-29,13
2025-01-29,08:12:00,230,8,CABEDELO,PB,Colisão com objeto,Reação tardia ou ineficiente do condutor,Nublado,2025-01-29,8
2025-01-29,11:20:00,40,124,DUQUE DE CAXIAS,RJ,Tombamento,Demais falhas mecânicas ou elétricas,Sol,2025-01-29,11
2025-01-29,14:08:00,282,5,FLORIANOPOLIS,SC,Colisão lateral mesmo sentido,Trafegar com motocicleta (ou similar) entre as faixas,Chuva,2025-01-29,14
2025-01-29,13:25:00,407,"128,9",PETROLINA,PE,Colisão transversal,Desrespeitar a preferência no cruzamento,Céu Claro,2025-01-29,13
2025-01-29,12:40:00,381,75,SAO PAULO,SP,Capotamento,Reação tardia ou ineficiente do condutor,Chuva,2025-01-29,12
2025-01-29,15:10:00,381,73,SAO PAULO,SP,Colisão com objeto,Pista Escorregadia,Chuva,2025-01-29,15
2025-01-29,15:06:00,101,"119,8",CAAPORA,PB,Colisão com objeto,Pista Escorregadia,Garoa/Chuvisco,2025-01-29,15
2025-01-29,15:40:00,101,146,ITAPEMA,SC,Colisão lateral mesmo sentido,Manobra de mudança de faixa,Nublado,2025-01-29,15
2025-01-29,16:40:00,316,8,TERESINA,PI,Colisão traseira,Manobra de mudança de faixa,Céu Claro,2025-01-29,16
2025-01-29,17:10:00,280,"127,9",RIO NEGRINHO,SC,Colisão transversal,Acessar a via sem observar a presença dos outros veículos,Nublado,2025-01-29,17
2025-01-29,17:30:00,101,147,ITAPEMA,SC,Colisão traseira,Condutor deixou de manter distância do veículo da frente,Nublado,2025-01-29,17
2025-01-29,17:30:00,101,422,MANGARATIBA,RJ,Saída de leito carroçável,Chuva,Garoa/Chuvisco,2025-01-29,17
2025-01-29,17:30:00,101,530,ANGRA DOS REIS,RJ,Tombamento,Acumulo de água sobre o pavimento,Chuva,2025-01-29,17
2025-01-29,17:20:00,101,70,SAO MATEUS,ES,Colisão transversal,Acesso irregular,Céu Claro,2025-01-29,17
2025-01-22,02:55:00,174,0,JUINA,MT,Incêndio,Avarias e/ou desgaste excessivo no pneu,Céu Claro,2025-01-22,2
2025-01-29,18:15:00,158,322,SANTA MARIA,RS,Colisão transversal,Desrespeitar a preferência no cruzamento,Céu Claro,2025-01-29,18
2025-01-29,17:15:00,230,133,MASSARANDUBA,PB,Saída de leito carroçável,Falta de elemento de contenção que evite a saída do leito carroçável,Chuva,2025-01-29,17
2025-01-29,14:00:00,376,"175,7",MARINGA,PR,Colisão traseira,Ingestão de álcool pelo condutor,Sol,2025-01-29,14
2025-01-29,18:20:00,50,70,UBERLANDIA,MG,Colisão traseira,Condutor deixou de manter distância do veículo da frente,Céu Claro,2025-01-29,18
2025-01-29,17:00:00,70,"557,5",NOSSA SENHORA DO LIVRAMENTO,MT,Colisão frontal,Ultrapassagem Indevida,Chuva,2025-01-29,17
2025-01-29,15:00:00,290,203,RIO PARDO,RS,Colisão traseira,Condutor deixou de manter distância do veículo da frente,Céu Claro,2025-01-29,15
2025-01-29,18:50:00,230,28,JOAO PESSOA,PB,Colisão traseira,Estacionar ou parar em local proibido,Chuva,2025-01-29,18
2025-01-29,17:20:00,282,221,LAGES,SC,Colisão traseira,Ausência de reação do condutor,Nublado,2025-01-29,17
2025-01-17,10:30:00,101,415,MANGARATIBA,RJ,Colisão transversal,Desrespeitar a preferência no cruzamento,Sol,2025-01-17,10
2025-01-29,19:13:00,381,"622,7",OLIVEIRA,MG,Saída de leito carroçável,Velocidade Incompatível,Chuva,2025-01-29,19
2025-01-29,17:30:00,101,490,ANGRA DOS REIS,RJ,Queda de ocupante de veículo,Chuva,Chuva,2025-01-29,17
2025-01-29,20:15:00,153,506,GOIANIA,GO,Queda de ocupante de veículo,Ausência de reação do condutor,Céu Claro,2025-01-29,20
2025-01-29,17:20:00,480,124,CHAPECO,SC,Colisão traseira,Ingestão de álcool pelo condutor,Céu Claro,2025-01-29,17
2025-01-29,19:45:00,153,"506,9",GOIANIA,GO,Saída de leito carroçável,Demais falhas na via,Nublado,2025-01-29,19
2025-01-29,17:50:00,476,357,UNIAO DA VITORIA,PR,Colisão transversal,Acessar a via sem observar a presença dos outros veículos,Chuva,2025-01-29,17
2025-01-29,19:35:00,116,"35,2",SALGUEIRO,PE,Saída de leito carroçável,Velocidade Incompatível,Céu Claro,2025-01-29,19
2025-01-29,20:30:00,267,"211,3",BOM JARDIM DE MINAS,MG,Colisão frontal,Condutor Dormindo,Chuva,2025-01-29,20
2025-01-29,18:00:00,316,101,DOIS RIACHOS,AL,Colisão lateral mesmo sentido,Acessar a via sem observar a presença dos outros veículos,Céu Claro,2025-01-29,18
2025-01-29,21:30:00,101,541,PARATY,RJ,Saída de leito carroçável,Velocidade Incompatível,Chuva,2025-01-29,21
2025-01-29,21:00:00,277,19,MORRETES,PR,Colisão transversal,Acessar a via sem observar a presença dos outros veículos,Chuva,2025-01-29,21
2025-01-29,21:00:00,381,"688,1",LAVRAS,MG,Capotamento,Velocidade Incompatível,Chuva,2025-01-29,21
2025-01-29,21:50:00,116,514,CAJATI,SP,Saída de leito carroçável,Chuva,Chuva,2025-01-29,21
2025-01-29,22:00:00,116,"168,5",JACAREI,SP,Atropelamento de Pedestre,Pedestre andava na pista,Céu Claro,2025-01-29,22
2025-01-29,21:00:00,40,109,DUQUE DE CAXIAS,RJ,Atropelamento de Pedestre,Pista Escorregadia,Chuva,2025-01-29,21
2025-01-29,19:00:00,116,564,BARRA DO TURVO,SP,Saída de leito carroçável,Ausência de reação do condutor,Chuva,2025-01-29,19
2025-01-29,22:50:00,40,"5,1",VALPARAISO DE GOIAS,GO,Colisão transversal,Acessar a via sem observar a presença dos outros veículos,Céu Claro,2025-01-29,22
2025-01-29,22:55:00,116,191,NOVA IGUACU,RJ,Queda de ocupante de veículo,Ausência de reação do condutor,Nublado,2025-01-29,22
2025-01-29,23:00:00,60,"5,4",BRASILIA,DF,Queda de ocupante de veículo,Reação tardia ou ineficiente do condutor,Nublado,2025-01-29,23
2025-01-29,23:00:00,381,503,BETIM,MG,Saída de leito carroçável,Acumulo de água sobre o pavimento,Garoa/Chuvisco,2025-01-29,23
2025-01-29,23:40:00,60,93,ANAPOLIS,GO,Colisão com objeto,Reação tardia ou ineficiente do condutor,Céu Claro,2025-01-29,23
2025-01-30,00:01:00,262,195,JOAO MONLEVADE,MG,Incêndio,Demais falhas mecânicas ou elétricas,Nublado,2025-01-30,0
2025-01-30,00:15:00,376,628,SAO JOSE DOS PINHAIS,PR,Saída de leito carroçável,Ingestão de álcool pelo condutor,Nublado,2025-01-30,0
2025-01-30,01:20:00,153,"431,9",ANAPOLIS,GO,Colisão traseira,Ausência de reação do condutor,Nublado,2025-01-30,1
2025-01-29,22:11:00,116,1,PORTO ALEGRE,RS,Colisão lateral mesmo sentido,Manobra de mudança de faixa,Céu Claro,2025-01-29,22
2025-01-30,02:24:00,116,119,CURITIBA,PR,Saída de leito carroçável,Ausência de reação do condutor,Garoa/Chuvisco,2025-01-30,2
2025-01-30,03:00:00,316,391,FRANCISCO MACEDO,PI,Colisão com objeto,Ausência de reação do condutor,Nublado,2025-01-30,3
2025-01-30,02:20:00,251,23,BRASILIA,DF,Colisão com objeto,Chuva,Chuva,2025-01-30,2
2025-01-30,05:50:00,101,292,CARIACICA,ES,Colisão transversal,Desrespeitar a preferência no cruzamento,Céu Claro,2025-01-30,5
2025-01-30,05:45:00,101,182,GOVERNADOR CELSO RAMOS,SC,Colisão traseira,Condutor deixou de manter distância do veículo da frente,Nublado,2025-01-30,5
2025-01-29,22:00:00,381,616,OLIVEIRA,MG,Capotamento,Chuva,Chuva,2025-01-29,22
2025-01-30,05:50:00,376,"0,7",JANDAIA DO SUL,PR,Colisão com objeto,Ausência de reação do condutor,Céu Claro,2025-01-30,5
2025-01-29,23:35:00,470,50,BLUMENAU,SC,Queda de ocupante de veículo,Demais falhas na via,Céu Claro,2025-01-29,23
2025-01-30,06:00:00,40,50,PETROPOLIS,RJ,Atropelamento de Animal,Animais na Pista,Nublado,2025-01-30,6
2025-01-30,06:35:00,101,"162,5",GAMELEIRA,PE,Saída de leito carroçável,Reação tardia ou ineficiente do condutor,Céu Claro,2025-01-30,6
2025-01-30,06:20:00,116,217,GUARULHOS,SP,Colisão traseira,Reação tardia ou ineficiente do condutor,Céu Claro,2025-01-30,6
2025-01-30,06:30:00,471,"459,2",RIO GRANDE,RS,Colisão traseira,Conversão proibida,Sol,2025-01-30,6
2025-01-30,03:50:00,365,777,ITUIUTABA,MG,Saída de leito carroçável,Condutor Dormindo,Nublado,2025-01-30,3
2025-01-30,04:46:00,364,"417,3",VARZEA GRANDE,MT,Atropelamento de Animal,Animais na Pista,Céu Claro,2025-01-30,4
2025-01-30,06:35:00,101,51,UBATUBA,SP,Colisão transversal,Conversão proibida,Nublado,2025-01-30,6
2025-01-30,07:20:00,324,617,SALVADOR,BA,Colisão traseira,Ausência de reação do condutor,Céu Claro,2025-01-30,7
2025-01-30,08:00:00,277,"3,5",PARANAGUA,PR,Colisão lateral mesmo sentido,Manobra de mudança de faixa,Nublado,2025-01-30,8
2025-01-30,07:35:00,101,"287,9",CARIACICA,ES,Colisão transversal,Transitar no Acostamento,Sol,2025-01-30,7
2025-01-30,08:20:00,101,"279,5",SERRA,ES,Colisão traseira,Condutor deixou de manter distância do veículo da frente,Céu Claro,2025-01-30,8
2025-01-30,07:20:00,381,"495,2",BETIM,MG,Tombamento,Velocidade Incompatível,Nublado,2025-01-30,7
2025-01-30,06:15:00,163,756,COXIM,MS,Saída de leito carroçável,Demais falhas mecânicas ou elétricas,Céu Claro,2025-01-30,6
2025-01-30,07:45:00,369,"161,3",CAMBE,PR,Colisão lateral mesmo sentido,Manobra de mudança de faixa,Céu Claro,2025-01-30,7
2025-01-30,08:10:00,116,45,CANAS,SP,Colisão traseira,Ausência de reação do condutor,Nublado,2025-01-30,8
2025-01-25,19:10:00,376,446,TIBAGI,PR,Saída de leito carroçável,Velocidade Incompatível,Chuva,2025-01-25,19
2025-01-30,04:40:00,163,1057,GUARANTA DO NORTE,MT,Colisão traseira,Condutor deixou de manter distância do veículo da frente,Céu Claro,2025-01-30,4
2025-01-30,06:30:00,116,"218,4",CATUJI,MG,Colisão frontal,Ingestão de álcool pelo condutor,Céu Claro,2025-01-30,6
2025-01-30,09:00:00,369,"154,4",LONDRINA,PR,Colisão lateral mesmo sentido,Ultrapassagem Indevida,Céu Claro,2025-01-30,9
2025-01-30,08:30:00,277,80,CURITIBA,PR,Colisão traseira,Reação tardia ou ineficiente do condutor,Céu Claro,2025-01-30,8
2025-01-30,09:10:00,60,48,ALEXANIA,GO,Saída de leito carroçável,Acumulo de água sobre o pavimento,Chuva,2025-01-30,9
2025-01-30,08:15:00,50,44,ARAGUARI,MG,Colisão com objeto,Condutor Dormindo,Céu Claro,2025-01-30,8
2025-01-30,09:30:00,153,47,SANTO ANTONIO DA PLATINA,PR,Colisão traseira,Ausência de reação do condutor,Céu Claro,2025-01-30,9
2025-01-30,10:30:00,60,34,ALEXANIA,GO,Saída de leito carroçável,Acumulo de água sobre o pavimento,Nublado,2025-01-30,10
2025-01-30,11:05:00,101,295,CARIACICA,ES,Colisão traseira,Ausência de reação do condutor,Céu Claro,2025-01-30,11
2025-01-30,10:52:00,116,44,CAMPINA GRANDE DO SUL,PR,Saída de leito carroçável,Reação tardia ou ineficiente do condutor,Garoa/Chuvisco,2025-01-30,10
2025-01-30,10:50:00,222,2,FORTALEZA,CE,Colisão transversal,Condutor desrespeitou a iluminação vermelha do semáforo,Céu Claro,2025-01-30,10
2025-01-30,11:00:00,277,"669,1",MEDIANEIRA,PR,Colisão lateral sentido oposto,Transitar na contramão,Céu Claro,2025-01-30,11
2025-01-30,05:30:00,364,18,PARANAIGUARA,GO,Colisão traseira,Ausência de reação do condutor,Chuva,2025-01-30,5
2025-01-30,11:15:00,381,"477,8",CONTAGEM,MG,Colisão traseira,Reação tardia ou ineficiente do condutor,Céu Claro,2025-01-30,11
2025-01-30,11:40:00,406,"132,6",TAIPU,RN,Colisão transversal,Acessar a via sem observar a presença dos outros veículos,Céu Claro,2025-01-30,11
2025-01-30,11:55:00,101,85,NATAL,RN,Colisão lateral mesmo sentido,Reação tardia ou ineficiente do condutor,Céu Claro,2025-01-30,11
2025-01-30,12:00:00,153,"114,8",JOSE BONIFACIO,SP,Saída de leito carroçável,Mal súbito do condutor,Céu Claro,2025-01-30,12
2025-01-30,09:40:00,364,"339,2",JI-PARANA,RO,Colisão transversal,Acesso irregular,Céu Claro,2025-01-30,9
2025-01-30,11:55:00,10,456,PALMAS,TO,Colisão com objeto,Ausência de reação do condutor,Nublado,2025-01-30,11
2025-01-26,19:15:00,251,13,BRASILIA,DF,Colisão lateral mesmo sentido,Condutor deixou de manter distância do veículo da frente,Céu Claro,2025-01-26,19
2025-01-30,12:50:00,40,"630,2",CONSELHEIRO LAFAIETE,MG,Colisão traseira,Conversão proibida,Céu Claro,2025-01-30,12
2025-01-30,12:45:00,381,389,BARAO DE COCAIS,MG,Colisão traseira,Ausência de reação do condutor,Céu Claro,2025-01-30,12
2025-01-30,13:20:00,116,"167,1",JACAREI,SP,Colisão com objeto,Demais falhas na via,Nublado,2025-01-30,13
2025-01-30,10:00:00,418,"8,4",CARAVELAS,BA,Colisão transversal,Acessar a via sem observar a presença dos outros veículos,Céu Claro,2025-01-30,10
2025-01-30,13:35:00,101,322,NITEROI,RJ,Colisão com objeto,Ausência de reação do condutor,Nublado,2025-01-30,13
2025-01-30,12:25:00,116,"251,9",SAPUCAIA DO SUL,RS,Colisão com objeto,Chuva,Chuva,2025-01-30,12
2025-01-30,13:30:00,101,35,CAPELA,SE,Colisão transversal,Acessar a via sem observar a presença dos outros veículos,Céu Claro,2025-01-30,13
2025-01-30,07:02:00,262,411,IGARATINGA,MG,Queda de ocupante de veículo,Demais falhas mecânicas ou elétricas,Céu Claro,2025-01-30,7
2025-01-30,14:00:00,101,47,UBATUBA,SP,Colisão transversal,Reação tardia ou ineficiente do condutor,Céu Claro,2025-01-30,14
2025-01-30,13:30:00,101,"270,8",SERRA,ES,Tombamento,Demais falhas mecânicas ou elétricas,Sol,2025-01-30,13
2025-01-30,10:15:00,262,"463,1",ARAUJOS,MG,Saída de leito carroçável,Condutor deixou de manter distância do veículo da frente,Nublado,2025-01-30,10
2025-01-30,11:50:00,116,399,CAMAQUA,RS,Colisão transversal,Reação tardia ou ineficiente do condutor,Sol,2025-01-30,11
2025-01-30,15:00:00,101,146,ITAPEMA,SC,Colisão traseira,Ausência de reação do condutor,Nublado,2025-01-30,15
2025-01-30,15:35:00,116,"634,6",DIVINO,MG,Colisão transversal,Desrespeitar a preferência no cruzamento,Céu Claro,2025-01-30,15
2025-01-30,14:09:00,70,500,CUIABA,MT,Colisão transversal,Acessar a via sem observar a presença dos outros veículos,Sol,2025-01-30,14
2025-01-30,15:50:00,262,380,JUATUBA,MG,Saída de leito carroçável,Velocidade Incompatível,Chuva,2025-01-30,15
2025-01-30,15:10:00,0,0,VILA VELHA,ES,Colisão com objeto,Curva acentuada,Céu Claro,2025-01-30,15
2025-01-30,15:00:00,40,"776,1",JUIZ DE FORA,MG,Colisão com objeto,Velocidade Incompatível,Chuva,2025-01-30,15
2025-01-30,15:45:00,386,"247,1",SOLEDADE,RS,Colisão transversal,Acessar a via sem observar a presença dos outros veículos,Nublado,2025-01-30,15
2025-01-27,13:00:00,267,"483,9",JARDIM,MS,Colisão traseira,Ausência de reação do condutor,Céu Claro,2025-01-27,13
2025-01-30,15:20:00,153,"770,1",ALVORADA,TO,Colisão lateral sentido oposto,Ultrapassagem Indevida,Nublado,2025-01-30,15
2025-01-30,15:30:00,424,57,CAETES,PE,Colisão frontal,Transitar na contramão,Céu Claro,2025-01-30,15
2025-01-30,16:20:00,235,350,JUAZEIRO,BA,Colisão transversal,Acesso irregular,Céu Claro,2025-01-30,16
2025-01-30,14:30:00,101,"436,8",SOMBRIO,SC,Colisão transversal,Acessar a via sem observar a presença dos outros veículos,Garoa/Chuvisco,2025-01-30,14
2025-01-30,16:40:00,230,12,CABEDELO,PB,Atropelamento de Animal,Animais na Pista,Céu Claro,2025-01-30,16
2025-01-30,17:10:00,381,793,SAO GONCALO DO SAPUCAI,MG,Saída de leito carroçável,Velocidade Incompatível,Chuva,2025-01-30,17
2025-01-30,17:20:00,116,415,FEIRA DE SANTANA,BA,Colisão traseira,Acessar a via sem observar a presença dos outros veículos,Céu Claro,2025-01-30,17
2025-01-30,17:20:00,40,"824,9",SIMAO PEREIRA,MG,Saída de leito carroçável,Ausência de reação do condutor,Chuva,2025-01-30,17
2025-01-30,17:11:00,230,"16,7",JOAO PESSOA,PB,Colisão traseira,Condutor deixou de manter distância do veículo da frente,Céu Claro,2025-01-30,17
2025-01-30,17:15:00,40,7,BRASILIA,DF,Atropelamento de Pedestre,Acessar a via sem observar a presença dos outros veículos,Céu Claro,2025-01-30,17
2025-01-30,16:20:00,282,"3,1",FLORIANOPOLIS,SC,Colisão lateral mesmo sentido,Reação tardia ou ineficiente do condutor,Céu Claro,2025-01-30,16
2025-01-30,18:15:00,354,"753,2",ITAMONTE,MG,Colisão transversal,Manobra de mudança de faixa,Chuva,2025-01-30,18
2025-01-30,17:55:00,493,0,ITABORAI,RJ,Colisão lateral mesmo sentido,Conversão proibida,Garoa/Chuvisco,2025-01-30,17
2025-01-30,14:49:00,364,329,PRESIDENTE MEDICI,RO,Saída de leito carroçável,Ausência de reação do condutor,Céu Claro,2025-01-30,14
2025-01-30,18:30:00,392,16,RIO GRANDE,RS,Queda de ocupante de veículo,Ultrapassagem Indevida,Céu Claro,2025-01-30,18
2025-01-30,18:30:00,282,"211,9",LAGES,SC,Colisão traseira,Ausência de reação do condutor,Céu Claro,2025-01-30,18
2025-01-30,18:50:00,230,21,JOAO PESSOA,PB,Colisão traseira,Ausência de reação do condutor,Céu Claro,2025-01-30,18
2025-01-30,13:50:00,101,88,CAMPOS DOS GOYTACAZES,RJ,Saída de leito carroçável,Ausência de reação do condutor,Céu Claro,2025-01-30,13
2025-01-30,14:30:00,116,180,NOVA IGUACU,RJ,Colisão traseira,Ausência de reação do condutor,Céu Claro,2025-01-30,14
2025-01-30,17:30:00,116,"263,6",VOLTA REDONDA,RJ,Queda de ocupante de veículo,Chuva,Chuva,2025-01-30,17
2025-01-30,17:45:00,101,"206,1",SAO JOSE,SC,Colisão lateral mesmo sentido,Reação tardia ou ineficiente do condutor,Nublado,2025-01-30,17
2025-01-30,19:05:00,101,"118,1",ITAJAI,SC,Colisão lateral mesmo sentido,Reação tardia ou ineficiente do condutor,Céu Claro,2025-01-30,19
2025-01-30,18:20:00,476,119,COLOMBO,PR,Tombamento,Redutor de velocidade em desacordo,Garoa/Chuvisco,2025-01-30,18
2025-01-30,17:05:00,163,380,NOVA ALVORADA DO SUL,MS,Saída de leito carroçável,Ausência de reação do condutor,Sol,2025-01-30,17
2025-01-30,19:30:00,277,34,MORRETES,PR,Colisão lateral mesmo sentido,Reação tardia ou ineficiente do condutor,Chuva,2025-01-30,19
2025-01-30,21:00:00,101,196,CRISTINAPOLIS,SE,Queda de ocupante de veículo,Demais falhas na via,Céu Claro,2025-01-30,21
2025-01-30,20:45:00,392,"58,4",RIO GRANDE,RS,Queda de ocupante de veículo,Afundamento ou ondulação no pavimento,Ignorado,2025-01-30,20
2025-01-30,18:20:00,230,"81,5",VARZEA ALEGRE,CE,Colisão traseira,Ausência de reação do condutor,Céu Claro,2025-01-30,18
2025-01-30,20:45:00,10,217,IPIXUNA DO PARA,PA,Colisão traseira,Acessar a via sem observar a presença dos outros veículos,Garoa/Chuvisco,2025-01-30,20
2025-01-30,21:00:00,101,326,RIO DE JANEIRO,RJ,Colisão traseira,Ausência de reação do condutor,Garoa/Chuvisco,2025-01-30,21
2025-01-30,22:30:00,101,"211,9",PALHOCA,SC,Colisão traseira,Manobra de mudança de faixa,Céu Claro,2025-01-30,22
2025-01-30,12:00:00,222,614,ACAILANDIA,MA,Saída de leito carroçável,Chuva,Chuva,2025-01-30,12
2025-01-15,18:20:00,324,618,SALVADOR,BA,Incêndio,Demais falhas mecânicas ou elétricas,Céu Claro,2025-01-15,18
2025-01-30,22:30:00,316,56,CASTANHAL,PA,Capotamento,Reação tardia ou ineficiente do condutor,Nublado,2025-01-30,22
2025-01-30,23:31:00,232,16,JABOATAO DOS GUARARAPES,PE,Incêndio,Demais falhas mecânicas ou elétricas,Céu Claro,2025-01-30,23
2025-01-30,22:50:00,116,248,PIRAI,RJ,Atropelamento de Pedestre,Pedestre cruzava a pista fora da faixa,Chuva,2025-01-30,22
2025-01-31,00:20:00,40,34,TRES RIOS,RJ,Tombamento,Pista Escorregadia,Chuva,2025-01-31,0
2025-01-31,01:00:00,50,"47,2",ARAGUARI,MG,Saída de leito carroçável,Chuva,Chuva,2025-01-31,1
2025-01-31,01:48:00,104,53,MURICI,AL,Atropelamento de Animal,Animais na Pista,Céu Claro,2025-01-31,1
2025-01-31,02:40:00,101,"80,6",NATAL,RN,Colisão transversal,Desrespeitar a preferência no cruzamento,Céu Claro,2025-01-31,2
2025-01-31,02:20:00,116,"291,9",ITAPECERICA DA SERRA,SP,Colisão com objeto,Chuva,Chuva,2025-01-31,2
2025-01-31,03:30:00,101,309,SAO GONCALO,RJ,Colisão traseira,Condutor deixou de manter distância do veículo da frente,Garoa/Chuvisco,2025-01-31,3
2025-01-31,04:50:00,101,151,LINHARES,ES,Colisão traseira,Condutor deixou de manter distância do veículo da frente,Céu Claro,2025-01-31,4
2025-01-31,04:50:00,101,"164,6",CANGUARETAMA,RN,Colisão traseira,Manobra de mudança de faixa,Céu Claro,2025-01-31,4
2025-01-31,05:40:00,226,0,NATAL,RN,Colisão transversal,Acessar a via sem observar a presença dos outros veículos,Céu Claro,2025-01-31,5
2025-01-31,06:00:00,110,5,DELMIRO GOUVEIA,AL,Saída de leito carroçável,Condutor Dormindo,Céu Claro,2025-01-31,6
2025-01-31,03:15:00,116,545,BARRA DO TURVO,SP,Capotamento,Reação tardia ou ineficiente do condutor,Garoa/Chuvisco,2025-01-31,3
2025-01-31,07:15:00,116,24,VITORIA DA CONQUISTA,BA,Colisão lateral mesmo sentido,Acessar a via sem observar a presença dos outros veículos,Céu Claro,2025-01-31,7
2025-01-30,20:08:00,101,682,ITAGIMIRIM,BA,Colisão lateral mesmo sentido,Acessar a via sem observar a presença dos outros veículos,Céu Claro,2025-01-30,20
2025-01-31,07:00:00,381,"646,5",SANTO ANTONIO DO AMPARO,MG,Colisão com objeto,Reação tardia ou ineficiente do condutor,Nublado,2025-01-31,7
2025-01-31,07:30:00,251,"512,9",MONTES CLAROS,MG,Saída de leito carroçável,Pista Escorregadia,Nublado,2025-01-31,7
2025-01-31,06:50:00,163,223,CAARAPO,MS,Tombamento,Neblina,Nevoeiro/Neblina,2025-01-31,6
2025-01-31,08:00:00,40,516,RIBEIRAO DAS NEVES,MG,Colisão lateral mesmo sentido,Acessar a via sem observar a presença dos outros veículos,Céu Claro,2025-01-31,8
2025-01-31,08:05:00,230,"10,6",CABEDELO,PB,Tombamento,Acostamento em desnível,Céu Claro,2025-01-31,8
2025-01-31,07:15:00,369,130,JATAIZINHO,PR,Colisão com objeto,Condutor Dormindo,Nublado,2025-01-31,7
2025-01-31,00:45:00,163,644,ITAITUBA,PA,Atropelamento de Animal,Animais na Pista,Céu Claro,2025-01-31,0
2025-01-31,07:30:00,40,100,DUQUE DE CAXIAS,RJ,Tombamento,Acumulo de areia ou detritos sobre o pavimento,Nublado,2025-01-31,7
2025-01-31,08:11:00,20,12,BRASILIA,DF,Queda de ocupante de veículo,Chuva,Chuva,2025-01-31,8
2025-01-31,07:50:00,101,"329,7",TUBARAO,SC,Colisão traseira,Condutor deixou de manter distância do veículo da frente,Nublado,2025-01-31,7
2025-01-31,08:40:00,470,52,BLUMENAU,SC,Colisão transversal,Acessar a via sem observar a presença dos outros veículos,Nublado,2025-01-31,8
2025-01-31,08:00:00,116,145,DUQUE DE CAXIAS,RJ,Colisão frontal,Transitar na contramão,Céu Claro,2025-01-31,8
2025-01-06,10:20:00,158,333,SANTA MARIA,RS,Tombamento,Frear bruscamente,Céu Claro,2025-01-06,10
2025-01-31,08:00:00,476,161,ARAUCARIA,PR,Colisão traseira,Condutor deixou de manter distância do veículo da frente,Nublado,2025-01-31,8
2025-01-31,08:20:00,414,375,COCALZINHO DE GOIAS,GO,Saída de leito carroçável,Avarias e/ou desgaste excessivo no pneu,Céu Claro,2025-01-31,8
2025-01-31,09:00:00,381,794,SAO GONCALO DO SAPUCAI,MG,Saída de leito carroçável,Velocidade Incompatível,Nublado,2025-01-31,9
2025-01-31,04:30:00,163,888,CLAUDIA,MT,Colisão com objeto,Ausência de reação do condutor,Nublado,2025-01-31,4
2025-01-31,08:30:00,116,"267,8",TEOFILO OTONI,MG,Colisão traseira,Estacionar ou parar em local proibido,Sol,2025-01-31,8
2025-01-31,09:50:00,282,"19,7",PALHOCA,SC,Colisão traseira,Reação tardia ou ineficiente do condutor,Céu Claro,2025-01-31,9
2025-01-31,07:30:00,290,391,SANTA MARGARIDA DO SUL,RS,Saída de leito carroçável,Ausência de reação do condutor,Céu Claro,2025-01-31,7
2025-01-31,07:00:00,393,282,VOLTA REDONDA,RJ,Saída de leito carroçável,Ausência de reação do condutor,Céu Claro,2025-01-31,7
2025-01-20,05:00:00,163,141,CAPITAO LEONIDAS MARQUES,PR,Saída de leito carroçável,Reação tardia ou ineficiente do condutor,Céu Claro,2025-01-20,5
2025-01-31,10:11:00,101,46,IGARASSU,PE,Colisão traseira,Manobra de mudança de faixa,Sol,2025-01-31,10
2025-01-31,09:30:00,116,142,CAXIAS DO SUL,RS,Colisão lateral mesmo sentido,Acessar a via sem observar a presença dos outros veículos,Sol,2025-01-31,9
2025-01-31,10:00:00,50,"27,9",ARAGUARI,MG,Saída de leito carroçável,Velocidade Incompatível,Céu Claro,2025-01-31,10
2025-01-31,10:30:00,101,37,CAPELA,SE,Saída de leito carroçável,Ausência de reação do condutor,Céu Claro,2025-01-31,10