data_inversa,horario,br,km,municipio,uf,tipo_acidente,causa_acidente,condicao_metereologica,data,hora
2025-02-01,20:20:00,392,"640,7",GUARANI DAS MISSOES,RS,Colisão traseira,Reação tardia ou ineficiente do condutor,Céu Claro,2025-02-01,20
2025-02-01,19:55:00,101,200,SAO JOSE,SC,Saída de leito carroçável,Ingestão de álcool pelo condutor,Céu Claro,2025-02-01,19
2025-02-01,19:50:00,373,274,PRUDENTOPOLIS,PR,Saída de leito carroçável,Ausência de reação do condutor,Nublado,2025-02-01,19
2025-02-01,20:23:00,210,0,MACAPA,AP,Colisão traseira,Reação tardia ou ineficiente do condutor,Céu Claro,2025-02-01,20
2025-02-01,20:30:00,116,"151,9",CAXIAS DO SUL,RS,Saída de leito carroçável,Reação tardia ou ineficiente do condutor,Céu Claro,2025-02-01,20
2025-02-01,17:00:00,40,10,COMENDADOR LEVY GASPARIAN,RJ,Colisão com objeto,Ausência de reação do condutor,Nublado,2025-02-01,17
2025-02-01,20:20:00,101,"144,1",LINHARES,ES,Colisão lateral mesmo sentido,Manobra de mudança de faixa,Nublado,2025-02-01,20
2025-02-01,19:30:00,163,495,CAMPO GRANDE,MS,Colisão com objeto,Ausência de reação do condutor,Céu Claro,2025-02-01,19
2025-02-01,21:15:00,465,14,SEROPEDICA,RJ,Atropelamento de Pedestre,Pedestre cruzava a pista fora da faixa,Céu Claro,2025-02-01,21
2025-02-01,21:46:00,50,105,CRISTALINA,GO,Saída de leito carroçável,Ingestão de álcool pelo condutor,Chuva,2025-02-01,21
2025-02-01,21:20:00,290,91,PORTO ALEGRE,RS,Colisão lateral mesmo sentido,Manobra de mudança de faixa,Céu Claro,2025-02-01,21
2025-02-01,22:20:00,116,188,SANTA ISABEL,SP,Incêndio,Demais falhas mecânicas ou elétricas,Garoa/Chuvisco,2025-02-01,22
2025-02-01,20:50:00,116,182,NOVA IGUACU,RJ,Colisão com objeto,Condutor Dormindo,Céu Claro,2025-02-01,20
2025-02-01,20:50:00,116,779,PLANALTO,BA,Tombamento,Reação tardia ou ineficiente do condutor,Nublado,2025-02-01,20
2025-02-01,20:40:00,163,"839,1",SINOP,MT,Colisão traseira,Ausência de reação do condutor,Nublado,2025-02-01,20
2025-02-01,22:30:00,101,503,ITABUNA,BA,Colisão transversal,Acesso irregular,Céu Claro,2025-02-01,22
2025-02-01,22:40:00,476,198,LAPA,PR,Colisão traseira,Reação tardia ou ineficiente do condutor,Céu Claro,2025-02-01,22
2025-02-01,22:30:00,376,107,PARANAVAI,PR,Colisão com objeto,Ausência de reação do condutor,Céu Claro,2025-02-01,22
2025-02-01,21:30:00,163,839,SINOP,MT,Colisão transversal,Acessar a via sem observar a presença dos outros veículos,Chuva,2025-02-01,21
2025-02-01,22:55:00,158,328,SANTA MARIA,RS,Tombamento,Acumulo de areia ou detritos sobre o pavimento,Céu Claro,2025-02-01,22
2025-02-01,23:20:00,116,"529,5",CAPAO DO LEAO,RS,Colisão traseira,Acessar a via sem observar a presença dos outros veículos,Céu Claro,2025-02-01,23
2025-02-01,22:45:00,427,"103,9",CAICO,RN,Tombamento,Iluminação deficiente,Céu Claro,2025-02-01,22
2025-02-01,21:33:00,174,6,PONTES E LACERDA,MT,Colisão lateral mesmo sentido,Ultrapassagem Indevida,Chuva,2025-02-01,21
2025-02-01,23:50:00,262,"812,9",UBERABA,MG,Tombamento,Reação tardia ou ineficiente do condutor,Chuva,2025-02-01,23
2025-02-01,20:30:00,116,408,GOVERNADOR VALADARES,MG,Tombamento,Ausência de reação do condutor,Céu Claro,2025-02-01,20
2025-02-01,23:56:00,101,397,RIO NOVO DO SUL,ES,Colisão frontal,Transitar na contramão,Céu Claro,2025-02-01,23
2025-02-01,23:00:00,282,19,PALHOCA,SC,Incêndio,Chuva,Céu Claro,2025-02-01,23
2025-02-01,21:50:00,364,337,JI-PARANA,RO,Colisão traseira,Conversão proibida,Céu Claro,2025-02-01,21
2025-02-01,21:10:00,101,"73,5",CAMPOS DOS GOYTACAZES,RJ,Atropelamento de Animal,Animais na Pista,Céu Claro,2025-02-01,21
2025-02-01,23:45:00,470,63,INDAIAL,SC,Colisão transversal,Acessar a via sem observar a presença dos outros veículos,Nublado,2025-02-01,23
2025-02-01,23:40:00,316,552,CAXIAS,MA,Colisão com objeto,Velocidade Incompatível,Céu Claro,2025-02-01,23
2025-02-02,01:25:00,60,18,BRASILIA,DF,Saída de leito carroçável,Condutor Dormindo,Céu Claro,2025-02-02,1
2025-02-02,01:50:00,101,92,NOSSA SENHORA DO SOCORRO,SE,Colisão com objeto,Ausência de reação do condutor,Céu Claro,2025-02-02,1
2025-02-02,01:10:00,415,49,ITABUNA,BA,Colisão traseira,Ingestão de álcool pelo condutor,Céu Claro,2025-02-02,1
2025-02-02,00:50:00,153,699,ITUMBIARA,GO,Saída de leito carroçável,Velocidade Incompatível,Chuva,2025-02-02,0
2025-02-02,01:50:00,40,571,ITABIRITO,MG,Atropelamento de Pedestre,Pedestre andava na pista,Nublado,2025-02-02,1
2025-02-02,01:00:00,135,22,SAO LUIS,MA,Colisão traseira,Reação tardia ou ineficiente do condutor,Garoa/Chuvisco,2025-02-02,1
2025-02-02,03:05:00,153,506,APARECIDA DE GOIANIA,GO,Queda de ocupante de veículo,Suicídio (presumido),Nublado,2025-02-02,3
2025-02-02,01:37:00,381,"691,5",LAVRAS,MG,Atropelamento de Animal,Animais na Pista,Ignorado,2025-02-02,1
2025-02-02,02:24:00,116,"142,9",SAO JOSE DOS CAMPOS,SP,Saída de leito carroçável,Condutor Dormindo,Nublado,2025-02-02,2
2025-02-02,02:00:00,163,"519,8",JARAGUARI,MS,Capotamento,Condutor Dormindo,Céu Claro,2025-02-02,2
2025-02-02,03:30:00,116,768,LEOPOLDINA,MG,Saída de leito carroçável,Condutor Dormindo,Céu Claro,2025-02-02,3
2025-02-02,03:15:00,282,"514,7",XAXIM,SC,Saída de leito carroçável,Reação tardia ou ineficiente do condutor,Céu Claro,2025-02-02,3
2025-02-02,03:50:00,40,"774,8",JUIZ DE FORA,MG,Saída de leito carroçável,Ausência de reação do condutor,Nublado,2025-02-02,3
2025-02-02,04:50:00,232,"249,6",ARCOVERDE,PE,Capotamento,Ausência de reação do condutor,Vento,2025-02-02,4
2025-02-02,04:40:00,392,"684,5",ROQUE GONZALES,RS,Colisão frontal,Manobra de mudança de faixa,Céu Claro,2025-02-02,4
2025-02-02,02:25:00,324,618,SALVADOR,BA,Colisão frontal,Ingestão de álcool pelo condutor,Céu Claro,2025-02-02,2
2025-02-02,05:00:00,101,"262,4",SERRA,ES,Colisão com objeto,Ausência de reação do condutor,Sol,2025-02-02,5
2025-02-01,19:30:00,116,295,BARRA MANSA,RJ,Capotamento,Chuva,Chuva,2025-02-01,19
2025-02-02,04:20:00,373,"241,5",GUAMIRANGA,PR,Saída de leito carroçável,Ausência de reação do condutor,Nublado,2025-02-02,4
2025-02-01,22:25:00,163,"1,2",DIONISIO CERQUEIRA,SC,Tombamento,Velocidade Incompatível,Céu Claro,2025-02-01,22
2025-02-02,05:20:00,153,340,GUARAI,TO,Colisão traseira,Ausência de reação do condutor,Nublado,2025-02-02,5
2025-02-02,05:40:00,101,"171,7",SANTA LUZIA DO ITANHY,SE,Colisão transversal,Acessar a via sem observar a presença dos outros veículos,Nublado,2025-02-02,5
2025-02-02,05:45:00,386,"272,8",FONTOURA XAVIER,RS,Saída de leito carroçável,Ausência de reação do condutor,Céu Claro,2025-02-02,5
2025-02-02,05:30:00,116,"741,1",LEOPOLDINA,MG,Colisão com objeto,Demais falhas mecânicas ou elétricas,Céu Claro,2025-02-02,5
2025-02-02,05:40:00,40,"472,4",SETE LAGOAS,MG,Colisão com objeto,Pista esburacada,Nublado,2025-02-02,5
2025-02-02,04:50:00,222,"124,3",ITAPAJE,CE,Colisão frontal,Transitar na contramão,Céu Claro,2025-02-02,4
2025-02-02,05:40:00,392,56,RIO GRANDE,RS,Colisão com objeto,Ausência de reação do condutor,Céu Claro,2025-02-02,5
2025-02-02,06:30:00,101,88,JOAO PESSOA,PB,Tombamento,Reação tardia ou ineficiente do condutor,Céu Claro,2025-02-02,6
2025-02-02,04:00:00,60,"104,8",GOIANAPOLIS,GO,Saída de leito carroçável,Ausência de reação do condutor,Nublado,2025-02-02,4
2025-02-02,05:00:00,427,"97,3",CAICO,RN,Colisão com objeto,Ausência de reação do condutor,Céu Claro,2025-02-02,5
2025-02-02,05:40:00,316,551,CAXIAS,MA,Saída de leito carroçável,Avarias e/ou desgaste excessivo no pneu,Céu Claro,2025-02-02,5
2025-02-02,06:15:00,101,46,IGARASSU,PE,Colisão traseira,Condutor deixou de manter distância do veículo da frente,Céu Claro,2025-02-02,6
2025-02-02,04:00:00,110,233,OLINDINA,BA,Atropelamento de Animal,Animais na Pista,Céu Claro,2025-02-02,4
2025-02-02,07:25:00,101,"190,7",BIGUACU,SC,Colisão com objeto,Mal súbito do condutor,Nublado,2025-02-02,7
2025-02-02,04:20:00,153,306,IMBITUVA,PR,Saída de leito carroçável,Velocidade Incompatível,Nublado,2025-02-02,4
2025-02-02,05:34:00,262,214,RIBAS DO RIO PARDO,MS,Atropelamento de Animal,Animais na Pista,Céu Claro,2025-02-02,5
2025-02-02,07:00:00,373,"213,6",IMBITUVA,PR,Saída de leito carroçável,Ingestão de álcool pelo condutor,Céu Claro,2025-02-02,7
2025-02-02,06:00:00,381,"728,3",CARMO DA CACHOEIRA,MG,Colisão com objeto,Velocidade Incompatível,Nublado,2025-02-02,6
2025-02-02,03:00:00,316,"243,7",ATALAIA,AL,Saída de leito carroçável,Velocidade Incompatível,Céu Claro,2025-02-02,3
2025-01-29,11:30:00,476,154,ARAUCARIA,PR,Colisão traseira,Reação tardia ou ineficiente do condutor,Céu Claro,2025-01-29,11
2025-02-02,07:15:00,369,"482,1",CORBELIA,PR,Colisão lateral mesmo sentido,Ingestão de álcool pelo condutor,Céu Claro,2025-02-02,7
2025-02-02,08:00:00,101,66,CAMPOS DOS GOYTACAZES,RJ,Saída de leito carroçável,Velocidade Incompatível,Céu Claro,2025-02-02,8
2025-02-02,09:08:00,70,1,AGUAS LINDAS DE GOIAS,GO,Colisão traseira,Chuva,Chuva,2025-02-02,9
2025-02-02,01:29:00,324,542,AMELIA RODRIGUES,BA,Atropelamento de Animal,Animais na Pista,Céu Claro,2025-02-02,1
2025-02-02,09:00:00,116,"93,5",PINDAMONHANGABA,SP,Colisão com objeto,Ausência de reação do condutor,Nublado,2025-02-02,9
2025-01-22,02:00:00,174,421,IRACEMA,RR,Atropelamento de Animal,Animais na Pista,Ignorado,2025-01-22,2
2025-02-02,08:45:00,230,251,JUAZEIRINHO,PB,Colisão frontal,Conversão proibida,Céu Claro,2025-02-02,8
2025-02-02,09:20:00,262,69,DOMINGOS MARTINS,ES,Colisão frontal,Ultrapassagem Indevida,Céu Claro,2025-02-02,9
2025-02-02,09:45:00,343,"308,1",ALTOS,PI,Colisão transversal,Acessar a via sem observar a presença dos outros veículos,Céu Claro,2025-02-02,9
2025-02-02,09:05:00,290,"50,4",GLORINHA,RS,Saída de leito carroçável,Condutor Dormindo,Céu Claro,2025-02-02,9
2025-02-02,09:35:00,285,"341,3",CARAZINHO,RS,Colisão traseira,Acessar a via sem observar a presença dos outros veículos,Céu Claro,2025-02-02,9
2025-02-02,09:30:00,251,"33,7",BRASILIA,DF,Colisão frontal,Conversão proibida,Garoa/Chuvisco,2025-02-02,9
2025-02-02,10:30:00,101,"69,1",RECIFE,PE,Colisão lateral mesmo sentido,Reação tardia ou ineficiente do condutor,Céu Claro,2025-02-02,10
2025-02-02,10:45:00,101,490,ITAJUIPE,BA,Colisão transversal,Acessar a via sem observar a presença dos outros veículos,Chuva,2025-02-02,10
2025-02-02,11:30:00,393,"268,1",BARRA DO PIRAI,RJ,Colisão transversal,Acessar a via sem observar a presença dos outros veículos,Nublado,2025-02-02,11
2025-02-02,10:45:00,153,228,COLINAS DO TOCANTINS,TO,Colisão lateral sentido oposto,Transitar na contramão,Nublado,2025-02-02,10
2025-02-02,12:10:00,381,557,ITAGUARA,MG,Capotamento,Chuva,Chuva,2025-02-02,12
2025-02-02,08:26:00,116,221,DOIS IRMAOS,RS,Colisão com objeto,Velocidade Incompatível,Céu Claro,2025-02-02,8
2025-02-02,11:30:00,116,574,MANHUACU,MG,Colisão traseira,Reação tardia ou ineficiente do condutor,Céu Claro,2025-02-02,11
2025-02-02,12:00:00,101,"424,5",ARARANGUA,SC,Incêndio,Demais falhas mecânicas ou elétricas,Céu Claro,2025-02-02,12
2025-02-02,13:10:00,40,662,CARANDAI,MG,Tombamento,Pista Escorregadia,Chuva,2025-02-02,13
2025-02-02,12:55:00,101,113,ITAJAI,SC,Tombamento,Demais falhas mecânicas ou elétricas,Céu Claro,2025-02-02,12
2025-02-02,13:50:00,116,533,SANTA RITA DE MINAS,MG,Saída de leito carroçável,Ausência de sinalização,Céu Claro,2025-02-02,13
2025-02-02,08:40:00,361,"19,7",SANTA TERESINHA,PB,Saída de leito carroçável,Reação tardia ou ineficiente do condutor,Céu Claro,2025-02-02,8
2025-02-02,12:40:00,101,"348,5",JAGUARUNA,SC,Saída de leito carroçável,Ausência de reação do condutor,Céu Claro,2025-02-02,12
2025-02-02,11:30:00,101,"396,5",RIO NOVO DO SUL,ES,Colisão com objeto,Manobra de mudança de faixa,Céu Claro,2025-02-02,11
2025-02-02,13:40:00,60,"52,6",ABADIANIA,GO,Capotamento,Animais na Pista,Nublado,2025-02-02,13
2025-02-02,10:35:00,381,"521,7",BRUMADINHO,MG,Capotamento,Velocidade Incompatível,Chuva,2025-02-02,10
2025-02-02,08:20:00,381,410,NOVA UNIAO,MG,Queda de ocupante de veículo,Demais falhas mecânicas ou elétricas,Céu Claro,2025-02-02,8
2025-02-02,14:30:00,381,61,MAIRIPORA,SP,Colisão traseira,Manobra de mudança de faixa,Céu Claro,2025-02-02,14
2025-02-02,13:50:00,493,"0,9",ITABORAI,RJ,Colisão lateral mesmo sentido,Conversão proibida,Céu Claro,2025-02-02,13
2025-02-02,13:54:00,101,"82,6",JABOATAO DOS GUARARAPES,PE,Colisão traseira,Condutor deixou de manter distância do veículo da frente,Céu Claro,2025-02-02,13
2025-02-02,12:20:00,364,190,PIMENTA BUENO,RO,Saída de leito carroçável,Chuva,Chuva,2025-02-02,12
2025-02-02,11:05:00,116,115,MAGE,RJ,Colisão transversal,Acesso irregular,Céu Claro,2025-02-02,11
2025-02-02,13:10:00,163,1020,TERRA NOVA DO NORTE,MT,Capotamento,Ultrapassagem Indevida,Chuva,2025-02-02,13
2025-02-02,14:20:00,70,11,BRASILIA,DF,Colisão lateral mesmo sentido,Acessar a via sem observar a presença dos outros veículos,Céu Claro,2025-02-02,14
2025-02-02,13:40:00,116,"7,9",CAMPINA GRANDE DO SUL,PR,Capotamento,Velocidade Incompatível,Chuva,2025-02-02,13
2025-02-02,14:00:00,230,6,CABEDELO,PB,Colisão traseira,Reação tardia ou ineficiente do condutor,Sol,2025-02-02,14
2025-02-02,13:40:00,10,"263,8",AURORA DO PARA,PA,Colisão transversal,Acessar a via sem observar a presença dos outros veículos,Céu Claro,2025-02-02,13
2025-02-02,15:00:00,116,"3,2",CAMPINA GRANDE DO SUL,PR,Colisão com objeto,Chuva,Garoa/Chuvisco,2025-02-02,15
2025-02-02,14:40:00,116,503,CAJATI,SP,Capotamento,Reação tardia ou ineficiente do condutor,Nublado,2025-02-02,14
2025-02-02,15:08:00,40,"747,4",SANTOS DUMONT,MG,Colisão transversal,Acessar a via sem observar a presença dos outros veículos,Chuva,2025-02-02,15
2025-02-02,11:00:00,222,285,ARARI,MA,Capotamento,Pista esburacada,Céu Claro,2025-02-02,11
2025-02-02,15:00:00,277,"469,2",NOVA LARANJEIRAS,PR,Colisão traseira,Ausência de reação do condutor,Céu Claro,2025-02-02,15
2025-02-02,15:00:00,101,88,JOAO PESSOA,PB,Saída de leito carroçável,Velocidade Incompatível,Céu Claro,2025-02-02,15
2025-02-02,11:35:00,60,232,CEZARINA,GO,Queda de ocupante de veículo,Ausência de reação do condutor,Ignorado,2025-02-02,11
2025-02-02,14:30:00,393,"142,4",SAPUCAIA,RJ,Atropelamento de Pedestre,Transitar no Acostamento,Céu Claro,2025-02-02,14
2025-01-28,09:00:00,101,293,ITABORAI,RJ,Colisão traseira,Ausência de reação do condutor,Nublado,2025-01-28,9
2025-02-02,15:15:00,290,355,VILA NOVA DO SUL,RS,Incêndio,Demais falhas mecânicas ou elétricas,Sol,2025-02-02,15
2025-02-02,15:30:00,40,464,SETE LAGOAS,MG,Queda de ocupante de veículo,Afundamento ou ondulação no pavimento,Céu Claro,2025-02-02,15
2025-02-02,16:10:00,104,"131,7",QUEIMADAS,PB,Colisão traseira,Condutor deixou de manter distância do veículo da frente,Céu Claro,2025-02-02,16
2025-02-02,16:10:00,101,87,OSORIO,RS,Engavetamento,Condutor deixou de manter distância do veículo da frente,Céu Claro,2025-02-02,16
2025-02-02,15:10:00,104,"33,6",UNIAO DOS PALMARES,AL,Colisão transversal,Ausência de reação do condutor,Céu Claro,2025-02-02,15
2025-02-02,15:30:00,163,184,SANTA TEREZA DO OESTE,PR,Saída de leito carroçável,Acumulo de água sobre o pavimento,Chuva,2025-02-02,15
2025-02-02,15:50:00,487,"167,4",CAMPO MOURAO,PR,Colisão transversal,Conversão proibida,Sol,2025-02-02,15
2025-02-02,15:45:00,386,"349,1",LAJEADO,RS,Colisão traseira,Condutor deixou de manter distância do veículo da frente,Sol,2025-02-02,15
2025-02-02,15:38:00,282,"97,1",ALFREDO WAGNER,SC,Colisão frontal,Transitar na contramão,Garoa/Chuvisco,2025-02-02,15
2025-02-02,15:45:00,381,865,POUSO ALEGRE,MG,Queda de ocupante de veículo,Avarias e/ou desgaste excessivo no pneu,Nublado,2025-02-02,15
2025-02-02,15:50:00,60,"28,5",CHAPADAO DO SUL,MS,Colisão frontal,Ingestão de álcool pelo condutor,Nublado,2025-02-02,15
2025-02-02,14:50:00,470,"325,5",CAMPOS NOVOS,SC,Saída de leito carroçável,Reação tardia ou ineficiente do condutor,Sol,2025-02-02,14
2025-02-02,17:30:00,222,4,CAUCAIA,CE,Engavetamento,Condutor deixou de manter distância do veículo da frente,Céu Claro,2025-02-02,17
2025-02-02,13:15:00,116,107,GUAPIMIRIM,RJ,Tombamento,Velocidade Incompatível,Céu Claro,2025-02-02,13
2025-02-02,17:40:00,290,"7,2",OSORIO,RS,Atropelamento de Pedestre,Ingestão de álcool pelo condutor,Céu Claro,2025-02-02,17
2025-01-31,23:30:00,381,65,MAIRIPORA,SP,Colisão com objeto,Chuva,Chuva,2025-01-31,23
2025-02-02,17:40:00,277,"694,5",SAO MIGUEL DO IGUACU,PR,Colisão transversal,Acessar a via sem observar a presença dos outros veículos,Céu Claro,2025-02-02,17
2025-02-02,17:10:00,101,344,TUBARAO,SC,Colisão traseira,Reação tardia ou ineficiente do condutor,Garoa/Chuvisco,2025-02-02,17
2025-02-02,17:45:00,262,"346,8",CAMPO GRANDE,MS,Tombamento,Reação tardia ou ineficiente do condutor,Nublado,2025-02-02,17
2025-02-02,18:50:00,376,209,MANDAGUARI,PR,Tombamento,Avarias e/ou desgaste excessivo no pneu,Céu Claro,2025-02-02,18
2025-02-02,16:00:00,381,933,EXTREMA,MG,Saída de leito carroçável,Ingestão de álcool pelo condutor,Chuva,2025-02-02,16
2025-02-02,18:20:00,104,"62,2",CARUARU,PE,Atropelamento de Pedestre,Entrada inopinada do pedestre,Céu Claro,2025-02-02,18
2025-02-02,14:20:00,470,"341,8",CAMPOS NOVOS,SC,Queda de ocupante de veículo,Ausência de reação do condutor,Céu Claro,2025-02-02,14
2025-02-02,18:30:00,369,"164,2",CAMBE,PR,Colisão lateral mesmo sentido,Ingestão de álcool pelo condutor,Nublado,2025-02-02,18
2025-02-02,18:15:00,230,"188,8",POCINHOS,PB,Tombamento,Demais falhas mecânicas ou elétricas,Ignorado,2025-02-02,18
2025-02-02,19:16:00,101,44,IGARASSU,PE,Colisão lateral mesmo sentido,Manobra de mudança de faixa,Céu Claro,2025-02-02,19
2025-02-02,18:00:00,373,248,GUAMIRANGA,PR,Colisão lateral mesmo sentido,Acessar a via sem observar a presença dos outros veículos,Céu Claro,2025-02-02,18
2025-02-02,20:00:00,60,"80,7",ANAPOLIS,GO,Colisão lateral mesmo sentido,Ingestão de álcool pelo condutor,Nublado,2025-02-02,20
2025-02-02,20:00:00,116,"17,7",EUSEBIO,CE,Colisão com objeto,Reação tardia ou ineficiente do condutor,Céu Claro,2025-02-02,20
2025-02-02,19:50:00,101,"208,1",SAO JOSE,SC,Colisão transversal,Ingestão de álcool pelo condutor,Céu Claro,2025-02-02,19
2025-02-02,19:00:00,104,122,PANELAS,PE,Colisão lateral sentido oposto,Transitar na contramão,Céu Claro,2025-02-02,19
2025-02-02,16:15:00,420,251,MUTUIPE,BA,Colisão transversal,Acessar a via sem observar a presença dos outros veículos,Céu Claro,2025-02-02,16
2025-02-02,19:17:00,293,170,HULHA NEGRA,RS,Saída de leito carroçável,Ingestão de álcool pelo condutor,Céu Claro,2025-02-02,19
2025-02-02,14:50:00,116,"489,1",INHAPIM,MG,Saída de leito carroçável,Ausência de reação do condutor,Sol,2025-02-02,14
2025-02-02,12:00:00,304,31,MOSSORO,RN,Tombamento,Ausência de reação do condutor,Céu Claro,2025-02-02,12
2025-02-02,18:45:00,282,585,PINHALZINHO,SC,Colisão transversal,Acessar a via sem observar a presença dos outros veículos,Céu Claro,2025-02-02,18
2025-02-02,16:00:00,101,250,SANTO ANTONIO DE JESUS,BA,Colisão transversal,Acessar a via sem observar a presença dos outros veículos,Céu Claro,2025-02-02,16
2025-02-02,19:45:00,386,"261,4",FONTOURA XAVIER,RS,Colisão frontal,Ultrapassagem Indevida,Céu Claro,2025-02-02,19
2025-02-02,20:00:00,101,"75,2",ARAQUARI,SC,Colisão traseira,Condutor deixou de manter distância do veículo da frente,Nublado,2025-02-02,20
2025-02-02,20:40:00,290,86,PORTO ALEGRE,RS,Capotamento,Reação tardia ou ineficiente do condutor,Céu Claro,2025-02-02,20
2025-02-02,20:20:00,376,5,APUCARANA,PR,Colisão frontal,Ingestão de álcool pelo condutor,Céu Claro,2025-02-02,20
2025-02-02,17:15:00,153,"68,4",CONSELHEIRO MAIRINCK,PR,Colisão transversal,Acessar a via sem observar a presença dos outros veículos,Céu Claro,2025-02-02,17
2025-02-02,16:20:00,381,"732,5",CARMO DA CACHOEIRA,MG,Colisão com objeto,Chuva,Garoa/Chuvisco,2025-02-02,16
2025-02-02,18:20:00,381,"732,5",CARMO DA CACHOEIRA,MG,Colisão com objeto,Reação tardia ou ineficiente do condutor,Garoa/Chuvisco,2025-02-02,18
2025-02-02,21:00:00,153,"231,7",FRONTEIRA,MG,Tombamento,Pista esburacada,Nublado,2025-02-02,21
2025-02-02,19:35:00,459,"31,3",CALDAS,MG,Colisão com objeto,Avarias e/ou desgaste excessivo no pneu,Chuva,2025-02-02,19
2025-02-02,20:50:00,101,"79,5",NATAL,RN,Colisão transversal,Ingestão de álcool pelo condutor,Céu Claro,2025-02-02,20
2025-02-02,19:50:00,40,84,PETROPOLIS,RJ,Atropelamento de Pedestre,Pedestre andava na pista,Céu Claro,2025-02-02,19
2025-02-02,20:30:00,101,690,EUNAPOLIS,BA,Tombamento,Demais falhas mecânicas ou elétricas,Céu Claro,2025-02-02,20
2025-02-02,18:45:00,163,"270,4",DOURADOS,MS,Colisão lateral mesmo sentido,Desrespeitar a preferência no cruzamento,Céu Claro,2025-02-02,18
2025-02-02,19:00:00,364,702,PORTO VELHO,RO,Colisão transversal,Acessar a via sem observar a presença dos outros veículos,Céu Claro,2025-02-02,19
2025-02-02,18:40:00,101,517,ANGRA DOS REIS,RJ,Colisão com objeto,Chuva,Chuva,2025-02-02,18
2025-02-02,21:40:00,101,224,PALHOCA,SC,Colisão traseira,Condutor deixou de manter distância do veículo da frente,Chuva,2025-02-02,21
2025-02-02,19:20:00,232,102,BEZERROS,PE,Queda de ocupante de veículo,Reação tardia ou ineficiente do condutor,Garoa/Chuvisco,2025-02-02,19
2025-02-02,21:32:00,251,"5,9",BRASILIA,DF,Saída de leito carroçável,Reação tardia ou ineficiente do condutor,Nublado,2025-02-02,21
2025-02-02,21:00:00,116,401,MIRACATU,SP,Saída de leito carroçável,Chuva,Chuva,2025-02-02,21
2025-02-02,21:26:00,40,43,PARACATU,MG,Tombamento,Ausência de reação do condutor,Garoa/Chuvisco,2025-02-02,21
2025-02-02,19:30:00,116,"245,6",PIRAI,RJ,Queda de ocupante de veículo,Reação tardia ou ineficiente do condutor,Céu Claro,2025-02-02,19
2025-02-02,20:40:00,116,114,CURITIBA,PR,Saída de leito carroçável,Reação tardia ou ineficiente do condutor,Nublado,2025-02-02,20
2025-02-02,21:00:00,116,119,CURITIBA,PR,Colisão com objeto,Ausência de reação do condutor,Céu Claro,2025-02-02,21
2025-02-02,21:00:00,316,"401,6",ALTO ALEGRE DO MARANHAO,MA,Atropelamento de Pedestre,Pedestre andava na pista,Chuva,2025-02-02,21
2025-02-02,22:23:00,116,215,GUARULHOS,SP,Colisão lateral mesmo sentido,Ausência de reação do condutor,Nublado,2025-02-02,22
2025-02-02,19:45:00,470,56,BLUMENAU,SC,Colisão transversal,Transitar na contramão,Céu Claro,2025-02-02,19
2025-02-02,22:20:00,304,301,MACAIBA,RN,Incêndio,Demais falhas mecânicas ou elétricas,Céu Claro,2025-02-02,22
2025-02-02,22:40:00,101,204,SAO JOSE,SC,Colisão traseira,Condutor deixou de manter distância do veículo da frente,Chuva,2025-02-02,22
2025-02-02,19:40:00,163,821,SINOP,MT,Atropelamento de Animal,Animais na Pista,Chuva,2025-02-02,19
2025-02-02,23:10:00,116,115,CURITIBA,PR,Colisão com objeto,Suicídio (presumido),Nublado,2025-02-02,23
2025-02-02,22:30:00,262,172,IBATIBA,ES,Colisão frontal,Ingestão de álcool pelo condutor,Céu Claro,2025-02-02,22
2025-02-02,22:50:00,40,102,DUQUE DE CAXIAS,RJ,Queda de ocupante de veículo,Reação tardia ou ineficiente do condutor,Céu Claro,2025-02-02,22
2025-02-02,23:20:00,369,126,JATAIZINHO,PR,Colisão com objeto,Ingestão de álcool pelo condutor,Céu Claro,2025-02-02,23
2025-02-02,20:09:00,153,"259,5",SAO LUIZ DO NORTE,GO,Atropelamento de Pedestre,Pedestre andava na pista,Nublado,2025-02-02,20
2025-02-02,22:57:00,101,"76,1",RECIFE,PE,Colisão com objeto,Condutor usando celular,Céu Claro,2025-02-02,22
2025-02-02,22:10:00,230,368,MALTA,PB,Saída de leito carroçável,Animais na Pista,Céu Claro,2025-02-02,22
2025-02-02,21:40:00,381,85,SAO PAULO,SP,Atropelamento de Pedestre,Acesso irregular,Chuva,2025-02-02,21
2025-02-02,21:20:00,101,"556,9",PARATY,RJ,Saída de leito carroçável,Velocidade Incompatível,Chuva,2025-02-02,21
2025-02-02,23:30:00,10,213,IPIXUNA DO PARA,PA,Colisão lateral sentido oposto,Manobra de mudança de faixa,Nublado,2025-02-02,23
2025-02-02,23:15:00,20,180,ALVORADA DO NORTE,GO,Atropelamento de Pedestre,Pedestre andava na pista,Nublado,2025-02-02,23
2025-02-02,23:12:00,101,43,IGARASSU,PE,Colisão traseira,Manobra de mudança de faixa,Céu Claro,2025-02-02,23
2025-02-03,00:10:00,230,"161,7",CAMPINA GRANDE,PB,Saída de leito carroçável,Ingestão de álcool pelo condutor,Céu Claro,2025-02-03,0
2025-02-02,15:50:00,80,126,BARRO ALTO,GO,Saída de leito carroçável,Velocidade Incompatível,Nublado,2025-02-02,15
2025-02-02,18:40:00,153,2,ARAPORA,MG,Colisão com objeto,Reação tardia ou ineficiente do condutor,Chuva,2025-02-02,18
2025-02-02,21:54:00,364,357,SANTO ANTONIO DO LEVERGER,MT,Queda de ocupante de veículo,Reação tardia ou ineficiente do condutor,Céu Claro,2025-02-02,21
2025-02-02,17:48:00,80,"123,5",BARRO ALTO,GO,Queda de ocupante de veículo,Ingestão de álcool pelo condutor,Nublado,2025-02-02,17