data_inversa,horario,br,km,municipio,uf,tipo_acidente,causa_acidente,condicao_metereologica,data,hora
2025-02-04,14:00:00,158,"563,6",SANTANA DO LIVRAMENTO,RS,Colisão transversal,Acessar a via sem observar a presença dos outros veículos,Céu Claro,2025-02-04,14
2025-02-04,15:35:00,381,876,ESTIVA,MG,Saída de leito carroçável,Ausência de reação do condutor,Céu Claro,2025-02-04,15
2025-02-04,12:58:00,230,"10,8",CABEDELO,PB,Queda de ocupante de veículo,Acostamento em desnível,Nublado,2025-02-04,12
2025-02-04,12:15:00,356,23,ITAPERUNA,RJ,Saída de leito carroçável,Velocidade Incompatível,Céu Claro,2025-02-04,12
2025-02-04,15:20:00,262,667,IBIA,MG,Saída de leito carroçável,Ausência de reação do condutor,Céu Claro,2025-02-04,15
2025-01-31,17:30:00,163,7,MUNDO NOVO,MS,Incêndio,Demais falhas mecânicas ou elétricas,Céu Claro,2025-01-31,17
2025-02-04,13:00:00,285,648,SANTO ANTONIO DAS MISSOES,RS,Saída de leito carroçável,Condutor Dormindo,Céu Claro,2025-02-04,13
2025-02-04,16:00:00,251,7,BRASILIA,DF,Colisão transversal,Acessar a via sem observar a presença dos outros veículos,Céu Claro,2025-02-04,16
2025-02-04,16:40:00,101,405,ITAGUAI,RJ,Colisão traseira,Animais na Pista,Céu Claro,2025-02-04,16
2025-02-04,16:15:00,230,11,CABEDELO,PB,Tombamento,Trafegar com motocicleta (ou similar) entre as faixas,Chuva,2025-02-04,16
2025-02-04,11:50:00,235,5,NOSSA SENHORA DO SOCORRO,SE,Colisão lateral mesmo sentido,Manobra de mudança de faixa,Céu Claro,2025-02-04,11
2025-02-04,16:30:00,101,396,ITAGUAI,RJ,Tombamento,Reação tardia ou ineficiente do condutor,Céu Claro,2025-02-04,16
2025-02-04,16:15:00,153,"257,2",MARILIA,SP,Queda de ocupante de veículo,Acumulo de areia ou detritos sobre o pavimento,Nublado,2025-02-04,16
2025-02-04,16:45:00,356,45,ITAPERUNA,RJ,Capotamento,Chuva,Chuva,2025-02-04,16
2025-02-04,16:48:00,20,43,BRASILIA,DF,Saída de leito carroçável,Manobra de mudança de faixa,Nublado,2025-02-04,16
2025-02-04,14:35:00,135,"38,8",BACABEIRA,MA,Capotamento,Acumulo de água sobre o pavimento,Chuva,2025-02-04,14
2025-01-12,04:40:00,40,64,PETROPOLIS,RJ,Colisão com objeto,Ausência de reação do condutor,Garoa/Chuvisco,2025-01-12,4
2025-02-04,17:38:00,316,"154,5",PALMEIRA DOS INDIOS,AL,Queda de ocupante de veículo,Demais falhas mecânicas ou elétricas,Céu Claro,2025-02-04,17
2025-02-04,19:00:00,116,525,PELOTAS,RS,Colisão com objeto,Ausência de reação do condutor,Céu Claro,2025-02-04,19
2025-02-04,16:20:00,135,24,SAO LUIS,MA,Saída de leito carroçável,Pista Escorregadia,Chuva,2025-02-04,16
2025-02-04,18:49:00,101,"86,6",JOAO PESSOA,PB,Atropelamento de Animal,Animais na Pista,Céu Claro,2025-02-04,18
2025-02-04,18:05:00,40,"518,1",RIBEIRAO DAS NEVES,MG,Tombamento,Acumulo de óleo sobre o pavimento,Céu Claro,2025-02-04,18
2025-02-04,18:20:00,40,112,DUQUE DE CAXIAS,RJ,Colisão traseira,Ausência de reação do condutor,Nublado,2025-02-04,18
2025-02-04,18:00:00,471,"174,7",RIO PARDO,RS,Atropelamento de Pedestre,Acessar a via sem observar a presença dos outros veículos,Céu Claro,2025-02-04,18
2025-02-04,18:55:00,116,431,FEIRA DE SANTANA,BA,Colisão com objeto,Reação tardia ou ineficiente do condutor,Céu Claro,2025-02-04,18
2025-02-04,16:10:00,364,"237,7",CACOAL,RO,Atropelamento de Pedestre,Entrada inopinada do pedestre,Sol,2025-02-04,16
2025-02-04,18:40:00,60,94,ANAPOLIS,GO,Saída de leito carroçável,Avarias e/ou desgaste excessivo no pneu,Céu Claro,2025-02-04,18
2025-02-04,19:40:00,153,441,ANAPOLIS,GO,Engavetamento,Ingestão de álcool pelo condutor,Nublado,2025-02-04,19
2025-02-04,09:00:00,101,99,JAGUARE,ES,Tombamento,Acumulo de areia ou detritos sobre o pavimento,Sol,2025-02-04,9
2025-02-04,19:20:00,235,346,JUAZEIRO,BA,Atropelamento de Pedestre,Ausência de reação do condutor,Céu Claro,2025-02-04,19
2025-02-04,18:00:00,40,474,SETE LAGOAS,MG,Colisão com objeto,Objeto estático sobre o leito carroçável,Céu Claro,2025-02-04,18
2025-02-04,19:40:00,40,122,DUQUE DE CAXIAS,RJ,Colisão traseira,Reação tardia ou ineficiente do condutor,Céu Claro,2025-02-04,19
2025-02-04,19:50:00,153,"617,8",MORRINHOS,GO,Queda de ocupante de veículo,Reação tardia ou ineficiente do condutor,Chuva,2025-02-04,19
2025-02-04,17:00:00,60,301,ACREUNA,GO,Capotamento,Chuva,Chuva,2025-02-04,17
2025-02-04,20:00:00,110,"41,4",MOSSORO,RN,Atropelamento de Animal,Animais na Pista,Ignorado,2025-02-04,20
2025-02-04,19:55:00,163,"341,1",RIO BRILHANTE,MS,Colisão lateral mesmo sentido,Reação tardia ou ineficiente do condutor,Garoa/Chuvisco,2025-02-04,19
2025-02-04,20:20:00,101,495,ANGRA DOS REIS,RJ,Queda de ocupante de veículo,Ausência de reação do condutor,Céu Claro,2025-02-04,20
2025-02-04,20:00:00,104,"91,7",RIO LARGO,AL,Colisão com objeto,Ingestão de álcool pelo condutor,Céu Claro,2025-02-04,20
2025-02-04,17:00:00,101,322,NITEROI,RJ,Queda de ocupante de veículo,Afundamento ou ondulação no pavimento,Céu Claro,2025-02-04,17
2025-02-04,21:40:00,116,283,EMBU DAS ARTES,SP,Tombamento,Pista esburacada,Garoa/Chuvisco,2025-02-04,21
2025-02-04,21:26:00,304,"6,6",MOSSORO,RN,Colisão lateral sentido oposto,Reação tardia ou ineficiente do condutor,Céu Claro,2025-02-04,21
2025-02-04,21:30:00,290,86,PORTO ALEGRE,RS,Tombamento,Acumulo de óleo sobre o pavimento,Céu Claro,2025-02-04,21
2025-02-04,06:30:00,40,457,CAETANOPOLIS,MG,Colisão com objeto,Avarias e/ou desgaste excessivo no pneu,Céu Claro,2025-02-04,6
2025-02-04,18:50:00,354,"760,6",ITAMONTE,MG,Queda de ocupante de veículo,Velocidade Incompatível,Garoa/Chuvisco,2025-02-04,18
2025-02-04,22:20:00,20,23,BRASILIA,DF,Colisão com objeto,Chuva,Chuva,2025-02-04,22
2025-02-04,22:30:00,101,"212,9",PALHOCA,SC,Colisão com objeto,Reação tardia ou ineficiente do condutor,Nublado,2025-02-04,22
2025-02-04,18:54:00,343,342,TERESINA,PI,Colisão transversal,Acessar a via sem observar a presença dos outros veículos,Céu Claro,2025-02-04,18
2025-02-04,22:10:00,282,220,LAGES,SC,Colisão com objeto,Reação tardia ou ineficiente do condutor,Nublado,2025-02-04,22
2025-02-04,18:30:00,364,"307,3",PRESIDENTE MEDICI,RO,Colisão transversal,Acessar a via sem observar a presença dos outros veículos,Céu Claro,2025-02-04,18
2025-02-04,22:50:00,104,"72,2",CARUARU,PE,Colisão frontal,Ausência de reação do condutor,Garoa/Chuvisco,2025-02-04,22
2025-02-04,19:15:00,101,"314,2",LAGUNA,SC,Tombamento,Avarias e/ou desgaste excessivo no pneu,Céu Claro,2025-02-04,19
2025-02-04,22:50:00,101,"70,9",RECIFE,PE,Tombamento,Reação tardia ou ineficiente do condutor,Nublado,2025-02-04,22
2025-02-04,23:15:00,101,"198,8",BIGUACU,SC,Colisão lateral mesmo sentido,Ausência de reação do condutor,Nublado,2025-02-04,23
2025-02-04,21:45:00,60,"427,2",SIDROLANDIA,MS,Colisão traseira,Ausência de reação do condutor,Céu Claro,2025-02-04,21
2025-02-05,01:05:00,280,"231,5",CANOINHAS,SC,Colisão com objeto,Reação tardia ou ineficiente do condutor,Nublado,2025-02-05,1
2025-02-05,04:00:00,232,"59,4",POMBOS,PE,Atropelamento de Animal,Animais na Pista,Nublado,2025-02-05,4
2025-02-05,03:00:00,101,34,ESPLANADA,BA,Colisão transversal,Manobra de mudança de faixa,Céu Claro,2025-02-05,3
2025-02-05,04:30:00,470,"58,5",BLUMENAU,SC,Colisão lateral sentido oposto,Acesso irregular,Céu Claro,2025-02-05,4
2025-02-04,20:15:00,470,"176,9",POUSO REDONDO,SC,Colisão transversal,Acessar a via sem observar a presença dos outros veículos,Garoa/Chuvisco,2025-02-04,20
2025-02-05,06:30:00,153,435,ANAPOLIS,GO,Atropelamento de Animal,Animais na Pista,Sol,2025-02-05,6
2025-02-05,00:02:00,116,337,CAMPANARIO,MG,Incêndio,Demais falhas mecânicas ou elétricas,Céu Claro,2025-02-05,0
2025-02-05,06:30:00,116,198,QUEIMADOS,RJ,Atropelamento de Pedestre,Pedestre cruzava a pista fora da faixa,Céu Claro,2025-02-05,6
2025-02-04,16:45:00,101,540,SAO JOSE DA VITORIA,BA,Colisão transversal,Acessar a via sem observar a presença dos outros veículos,Céu Claro,2025-02-04,16
2025-02-05,06:55:00,282,33,AGUAS MORNAS,SC,Colisão transversal,Acessar a via sem observar a presença dos outros veículos,Céu Claro,2025-02-05,6
2025-02-05,07:20:00,116,"141,6",CAXIAS DO SUL,RS,Colisão transversal,Conversão proibida,Céu Claro,2025-02-05,7
2025-02-05,07:30:00,40,530,CONTAGEM,MG,Queda de ocupante de veículo,Condutor deixou de manter distância do veículo da frente,Céu Claro,2025-02-05,7
2025-02-05,07:25:00,376,"177,5",MARINGA,PR,Colisão lateral mesmo sentido,Trafegar com motocicleta (ou similar) entre as faixas,Céu Claro,2025-02-05,7
2025-02-05,07:15:00,116,"522,9",CARATINGA,MG,Colisão transversal,Acessar a via sem observar a presença dos outros veículos,Céu Claro,2025-02-05,7
2025-02-05,07:50:00,116,222,GUARULHOS,SP,Colisão traseira,Ausência de reação do condutor,Nublado,2025-02-05,7
2025-01-08,20:30:00,101,"315,4",VILA VELHA,ES,Atropelamento de Pedestre,Pedestre andava na pista,Chuva,2025-01-08,20
2025-02-05,07:05:00,116,146,DUQUE DE CAXIAS,RJ,Colisão lateral mesmo sentido,Trafegar com motocicleta (ou similar) entre as faixas,Céu Claro,2025-02-05,7
2025-02-05,02:20:00,476,271,SAO MATEUS DO SUL,PR,Saída de leito carroçável,Reação tardia ou ineficiente do condutor,Garoa/Chuvisco,2025-02-05,2
2025-02-05,08:25:00,290,96,PORTO ALEGRE,RS,Colisão lateral mesmo sentido,Manobra de mudança de faixa,Céu Claro,2025-02-05,8
2025-02-05,08:00:00,40,526,CONTAGEM,MG,Colisão traseira,Ausência de reação do condutor,Céu Claro,2025-02-05,8
2025-01-29,13:30:00,376,"671,5",GUARATUBA,PR,Saída de leito carroçável,Avarias e/ou desgaste excessivo no pneu,Chuva,2025-01-29,13
2025-02-05,08:10:00,232,31,MORENO,PE,Colisão com objeto,Acumulo de água sobre o pavimento,Chuva,2025-02-05,8
2025-02-05,07:24:00,251,15,BRASILIA,DF,Queda de ocupante de veículo,Acumulo de areia ou detritos sobre o pavimento,Sol,2025-02-05,7
2025-02-05,07:00:00,101,356,GANDU,BA,Saída de leito carroçável,Pista Escorregadia,Céu Claro,2025-02-05,7
2025-02-05,05:30:00,40,114,DUQUE DE CAXIAS,RJ,Incêndio,Demais falhas mecânicas ou elétricas,Nublado,2025-02-05,5
2025-02-05,09:00:00,101,124,ITAJAI,SC,Colisão lateral mesmo sentido,Reação tardia ou ineficiente do condutor,Céu Claro,2025-02-05,9
2025-02-05,08:10:00,101,313,SAO GONCALO,RJ,Colisão traseira,Manobra de mudança de faixa,Céu Claro,2025-02-05,8
2025-02-05,08:39:00,277,632,CEU AZUL,PR,Capotamento,Ultrapassagem Indevida,Nublado,2025-02-05,8
2025-02-05,09:25:00,282,"2,9",FLORIANOPOLIS,SC,Colisão lateral mesmo sentido,Manobra de mudança de faixa,Céu Claro,2025-02-05,9
2025-02-05,08:30:00,277,"1,2",PARANAGUA,PR,Colisão lateral mesmo sentido,Trafegar com motocicleta (ou similar) entre as faixas,Nublado,2025-02-05,8
2025-02-05,08:50:00,20,"2,7",BRASILIA,DF,Colisão traseira,Condutor deixou de manter distância do veículo da frente,Céu Claro,2025-02-05,8
2025-02-05,07:50:00,277,"455,8",LARANJEIRAS DO SUL,PR,Saída de leito carroçável,Reação tardia ou ineficiente do condutor,Garoa/Chuvisco,2025-02-05,7
2025-02-05,08:05:00,419,223,AQUIDAUANA,MS,Atropelamento de Animal,Acessar a via sem observar a presença dos outros veículos,Nublado,2025-02-05,8
2025-02-05,07:30:00,364,125,RIO BRANCO,AC,Colisão lateral mesmo sentido,Manobra de mudança de faixa,Céu Claro,2025-02-05,7
2025-01-20,15:50:00,116,"72,4",APARECIDA,SP,Colisão traseira,Ausência de reação do condutor,Céu Claro,2025-01-20,15
2025-02-05,08:30:00,116,"0,1",VITORIA DA CONQUISTA,BA,Tombamento,Avarias e/ou desgaste excessivo no pneu,Céu Claro,2025-02-05,8
2025-02-05,09:40:00,101,96,NATAL,RN,Queda de ocupante de veículo,Frear bruscamente,Céu Claro,2025-02-05,9
2025-02-02,06:00:00,116,"216,9",PONTE ALTA,SC,Saída de leito carroçável,Ausência de reação do condutor,Nublado,2025-02-02,6
2025-02-05,08:00:00,101,40,JOINVILLE,SC,Colisão transversal,Desrespeitar a preferência no cruzamento,Nublado,2025-02-05,8
2025-02-05,09:00:00,262,"64,1",MANHUACU,MG,Saída de leito carroçável,Ausência de reação do condutor,Céu Claro,2025-02-05,9
2025-02-05,10:00:00,104,"139,5",QUEIMADAS,PB,Colisão lateral sentido oposto,Acesso irregular,Chuva,2025-02-05,10
2025-02-05,09:30:00,40,544,NOVA LIMA,MG,Colisão lateral mesmo sentido,Condutor deixou de manter distância do veículo da frente,Céu Claro,2025-02-05,9
2025-02-05,10:40:00,116,19,VITORIA DA CONQUISTA,BA,Colisão transversal,Acessar a via sem observar a presença dos outros veículos,Céu Claro,2025-02-05,10
2025-02-05,10:15:00,407,223,CAPIM GROSSO,BA,Capotamento,Acostamento em desnível,Nublado,2025-02-05,10
2025-02-05,10:35:00,101,"143,9",SAO MIGUEL DOS CAMPOS,AL,Colisão com objeto,Pista Escorregadia,Chuva,2025-02-05,10
2025-02-05,10:15:00,230,"118,9",MARABA,PA,Colisão transversal,Ausência de reação do condutor,Sol,2025-02-05,10
2025-01-28,09:15:00,493,"23,3",MAGE,RJ,Colisão frontal,Transitar na contramão,Nublado,2025-01-28,9
2025-02-05,09:00:00,285,"568,4",SAO LUIZ GONZAGA,RS,Colisão transversal,Acessar a via sem observar a presença dos outros veículos,Sol,2025-02-05,9
2025-02-05,11:25:00,104,"47,8",CARUARU,PE,Capotamento,Acumulo de água sobre o pavimento,Chuva,2025-02-05,11
2025-02-05,08:01:00,262,326,CAMPO GRANDE,MS,Colisão traseira,Ausência de reação do condutor,Nublado,2025-02-05,8
2025-02-05,08:40:00,101,53,FLEXEIRAS,AL,Saída de leito carroçável,Chuva,Chuva,2025-02-05,8
2025-02-05,11:30:00,60,"10,2",SANTO ANTONIO DO DESCOBERTO,GO,Saída de leito carroçável,Ausência de reação do condutor,Céu Claro,2025-02-05,11
2025-02-05,12:00:00,101,123,PEDRAS DE FOGO,PB,Saída de leito carroçável,Reação tardia ou ineficiente do condutor,Chuva,2025-02-05,12
2025-02-05,11:46:00,163,"550,1",BANDEIRANTES,MS,Saída de leito carroçável,Ausência de reação do condutor,Céu Claro,2025-02-05,11
2025-02-05,12:20:00,448,22,PORTO ALEGRE,RS,Colisão traseira,Condutor deixou de manter distância do veículo da frente,Céu Claro,2025-02-05,12
2025-02-05,12:50:00,290,41,SANTO ANTONIO DA PATRULHA,RS,Saída de leito carroçável,Ausência de reação do condutor,Céu Claro,2025-02-05,12
2025-02-05,11:40:00,267,24,ARGIRITA,MG,Incêndio,Demais falhas mecânicas ou elétricas,Céu Claro,2025-02-05,11
2025-02-05,13:40:00,277,"576,9",CASCAVEL,PR,Tombamento,Demais falhas mecânicas ou elétricas,Sol,2025-02-05,13
2025-02-05,13:40:00,116,246,SAO LEOPOLDO,RS,Colisão traseira,Condutor deixou de manter distância do veículo da frente,Sol,2025-02-05,13
2025-02-05,13:45:00,153,"61,7",SAO JOSE DO RIO PRETO,SP,Colisão lateral mesmo sentido,Condutor deixou de manter distância do veículo da frente,Céu Claro,2025-02-05,13
2025-02-05,13:45:00,116,227,GUARULHOS,SP,Atropelamento de Pedestre,Entrada inopinada do pedestre,Nublado,2025-02-05,13
2025-02-05,13:50:00,101,199,BIGUACU,SC,Colisão traseira,Reação tardia ou ineficiente do condutor,Céu Claro,2025-02-05,13
2025-02-05,14:00:00,101,"64,8",SAO MATEUS,ES,Colisão traseira,Condutor deixou de manter distância do veículo da frente,Céu Claro,2025-02-05,14
2025-02-05,13:25:00,50,"0,7",ARAGUARI,MG,Colisão traseira,Transitar no Acostamento,Nublado,2025-02-05,13
2025-02-05,13:10:00,163,350,GUAIRA,PR,Colisão com objeto,Demais falhas mecânicas ou elétricas,Céu Claro,2025-02-05,13
2025-02-05,14:10:00,101,108,PARNAMIRIM,RN,Queda de ocupante de veículo,Demais falhas na via,Garoa/Chuvisco,2025-02-05,14
2025-02-05,12:45:00,376,407,TIBAGI,PR,Colisão com objeto,Velocidade Incompatível,Chuva,2025-02-05,12
2025-02-05,14:10:00,222,"3,9",FORTALEZA,CE,Colisão lateral mesmo sentido,Manobra de mudança de faixa,Céu Claro,2025-02-05,14
2025-02-05,13:40:00,262,49,MANHUACU,MG,Colisão transversal,Conversão proibida,Céu Claro,2025-02-05,13
2025-02-05,12:15:00,40,"617,3",CONGONHAS,MG,Tombamento,Pista esburacada,Sol,2025-02-05,12
2025-02-05,12:50:00,330,"792,3",JEQUIE,BA,Colisão transversal,Reação tardia ou ineficiente do condutor,Céu Claro,2025-02-05,12
2025-02-05,12:05:00,163,106,SAO JOSE DO CEDRO,SC,Colisão traseira,Ausência de reação do condutor,Céu Claro,2025-02-05,12
2025-02-05,13:40:00,101,"99,9",CONDE,PB,Saída de leito carroçável,Chuva,Chuva,2025-02-05,13
2025-02-05,12:00:00,262,"56,6",MATIPO,MG,Colisão transversal,Acesso irregular,Céu Claro,2025-02-05,12
2025-02-05,15:00:00,282,"522,7",XAXIM,SC,Saída de leito carroçável,Reação tardia ou ineficiente do condutor,Céu Claro,2025-02-05,15
2025-02-05,15:30:00,101,72,CAMPOS DOS GOYTACAZES,RJ,Atropelamento de Pedestre,Acessar a via sem observar a presença dos outros veículos,Céu Claro,2025-02-05,15
2025-02-05,16:15:00,158,"322,6",SANTA MARIA,RS,Colisão traseira,Desrespeitar a preferência no cruzamento,Céu Claro,2025-02-05,16
2025-02-05,16:00:00,290,86,PORTO ALEGRE,RS,Colisão traseira,Condutor deixou de manter distância do veículo da frente,Céu Claro,2025-02-05,16
2025-02-05,13:30:00,163,734,SORRISO,MT,Colisão transversal,Acessar a via sem observar a presença dos outros veículos,Céu Claro,2025-02-05,13
2025-02-05,17:00:00,116,1,FORTALEZA,CE,Colisão traseira,Condutor deixou de manter distância do veículo da frente,Céu Claro,2025-02-05,17
2025-02-05,17:00:00,163,34,SANTO ANTONIO DO SUDOESTE,PR,Colisão transversal,Desrespeitar a preferência no cruzamento,Céu Claro,2025-02-05,17
2025-02-05,17:50:00,101,"355,5",SANGAO,SC,Saída de leito carroçável,Demais falhas mecânicas ou elétricas,Céu Claro,2025-02-05,17
2025-02-05,18:00:00,116,529,CAPAO DO LEAO,RS,Colisão transversal,Acessar a via sem observar a presença dos outros veículos,Céu Claro,2025-02-05,18
2025-02-05,17:30:00,116,"120,2",CACAPAVA,SP,Engavetamento,Condutor deixou de manter distância do veículo da frente,Céu Claro,2025-02-05,17
2025-02-05,16:10:00,104,64,CARUARU,PE,Colisão lateral mesmo sentido,Manobra de mudança de faixa,Céu Claro,2025-02-05,16
2025-02-05,17:30:00,277,"433,9",VIRMOND,PR,Capotamento,Velocidade Incompatível,Chuva,2025-02-05,17
2025-02-05,18:45:00,101,"64,2",SAO MATEUS,ES,Queda de ocupante de veículo,Avarias e/ou desgaste excessivo no pneu,Céu Claro,2025-02-05,18
2025-02-05,18:50:00,101,"472,8",ANGRA DOS REIS,RJ,Colisão traseira,Condutor deixou de manter distância do veículo da frente,Céu Claro,2025-02-05,18
2025-02-05,17:40:00,381,"498,5",BETIM,MG,Colisão lateral mesmo sentido,Trafegar com motocicleta (ou similar) entre as faixas,Céu Claro,2025-02-05,17
2025-02-05,18:30:00,116,264,CANOAS,RS,Colisão lateral mesmo sentido,Acessar a via sem observar a presença dos outros veículos,Céu Claro,2025-02-05,18
2025-02-05,17:45:00,280,"14,9",SAO FRANCISCO DO SUL,SC,Colisão frontal,Manobra de mudança de faixa,Nublado,2025-02-05,17
2025-02-05,18:50:00,116,88,PINDAMONHANGABA,SP,Incêndio,Demais falhas mecânicas ou elétricas,Nublado,2025-02-05,18
2025-02-05,20:00:00,116,120,CURITIBA,PR,Colisão traseira,Reação tardia ou ineficiente do condutor,Chuva,2025-02-05,20
2025-02-05,19:30:00,116,280,EMBU DAS ARTES,SP,Colisão traseira,Ausência de reação do condutor,Garoa/Chuvisco,2025-02-05,19
2025-02-05,20:00:00,472,607,URUGUAIANA,RS,Saída de leito carroçável,Demais falhas na via,Céu Claro,2025-02-05,20
2025-02-05,19:00:00,50,"3,5",UBERLANDIA,MG,Atropelamento de Animal,Animais na Pista,Céu Claro,2025-02-05,19
2025-02-05,14:00:00,153,173,COMENDADOR GOMES,MG,Saída de leito carroçável,Chuva,Chuva,2025-02-05,14
2025-02-05,20:18:00,381,"482,5",BETIM,MG,Atropelamento de Pedestre,Acessar a via sem observar a presença dos outros veículos,Céu Claro,2025-02-05,20
2025-02-05,18:45:00,230,3,ALTAMIRA,PA,Colisão transversal,Acessar a via sem observar a presença dos outros veículos,Chuva,2025-02-05,18
2025-02-05,19:27:00,262,"370,2",TERENOS,MS,Atropelamento de Pedestre,Pedestre andava na pista,Céu Claro,2025-02-05,19
2025-02-05,19:00:00,365,"26,2",MONTES CLAROS,MG,Incêndio,Demais falhas mecânicas ou elétricas,Céu Claro,2025-02-05,19
2025-02-05,20:50:00,101,5,TORRES,RS,Colisão lateral mesmo sentido,Manobra de mudança de faixa,Céu Claro,2025-02-05,20
2025-02-05,17:50:00,324,411,NOVA FATIMA,BA,Capotamento,Avarias e/ou desgaste excessivo no pneu,Céu Claro,2025-02-05,17
2025-02-05,18:00:00,153,"88,2",CONSELHEIRO MAIRINCK,PR,Queda de ocupante de veículo,Reação tardia ou ineficiente do condutor,Céu Claro,2025-02-05,18
2025-02-05,19:10:00,282,446,PONTE SERRADA,SC,Colisão frontal,Ingestão de álcool pelo condutor,Nublado,2025-02-05,19
2025-02-05,17:10:00,230,"257,1",TENORIO,PB,Saída de leito carroçável,Demais falhas mecânicas ou elétricas,Chuva,2025-02-05,17
2025-02-05,22:10:00,470,59,BLUMENAU,SC,Colisão com objeto,Acesso irregular,Garoa/Chuvisco,2025-02-05,22
2025-02-05,20:40:00,364,124,RIO BRANCO,AC,Colisão lateral mesmo sentido,Transitar no Acostamento,Céu Claro,2025-02-05,20
2025-02-05,20:00:00,101,400,ITAGUAI,RJ,Atropelamento de Pedestre,Transitar no Acostamento,Céu Claro,2025-02-05,20
2025-02-05,23:00:00,153,"2,1",CACHOEIRA DO SUL,RS,Atropelamento de Pedestre,Acessar a via sem observar a presença dos outros veículos,Céu Claro,2025-02-05,23
2025-02-05,23:00:00,155,340,MARABA,PA,Colisão frontal,Transitar na contramão,Chuva,2025-02-05,23
2025-02-06,00:30:00,469,20,FOZ DO IGUACU,PR,Incêndio,Demais falhas mecânicas ou elétricas,Nublado,2025-02-06,0
2025-02-06,01:00:00,153,714,CARIRI DO TOCANTINS,TO,Queda de ocupante de veículo,Ingestão de álcool pelo condutor,Céu Claro,2025-02-06,1
2025-02-06,04:00:00,376,605,CURITIBA,PR,Atropelamento de Pedestre,Pedestre cruzava a pista fora da faixa,Nublado,2025-02-06,4
2025-02-06,04:00:00,101,249,PAULO LOPES,SC,Queda de ocupante de veículo,Ausência de reação do condutor,Céu Claro,2025-02-06,4
2025-02-05,16:15:00,101,"282,6",IMBITUBA,SC,Queda de ocupante de veículo,Avarias e/ou desgaste excessivo no pneu,Céu Claro,2025-02-05,16
2025-02-06,06:40:00,153,2,ARAPORA,MG,Colisão com objeto,Velocidade Incompatível,Céu Claro,2025-02-06,6
2025-02-06,06:50:00,116,"247,1",SAO LEOPOLDO,RS,Colisão traseira,Condutor deixou de manter distância do veículo da frente,Garoa/Chuvisco,2025-02-06,6
2025-02-06,06:50:00,153,"73,7",BADY BASSITT,SP,Colisão traseira,Condutor deixou de manter distância do veículo da frente,Céu Claro,2025-02-06,6
2025-02-06,06:40:00,101,533,PARATY,RJ,Colisão lateral mesmo sentido,Acessar a via sem observar a presença dos outros veículos,Céu Claro,2025-02-06,6
2025-02-06,06:30:00,381,"877,6",ESTIVA,MG,Colisão com objeto,Velocidade Incompatível,Chuva,2025-02-06,6
2025-02-06,05:40:00,381,"604,5",OLIVEIRA,MG,Colisão com objeto,Reação tardia ou ineficiente do condutor,Céu Claro,2025-02-06,5
2025-02-06,07:10:00,470,"60,3",BLUMENAU,SC,Colisão transversal,Acessar a via sem observar a presença dos outros veículos,Garoa/Chuvisco,2025-02-06,7
2025-02-05,17:00:00,280,128,RIO NEGRINHO,SC,Colisão transversal,Transitar na contramão,Chuva,2025-02-05,17
2025-02-05,11:00:00,365,480,PATROCINIO,MG,Incêndio,Demais falhas mecânicas ou elétricas,Céu Claro,2025-02-05,11
2025-02-06,07:40:00,101,80,JABOATAO DOS GUARARAPES,PE,Colisão lateral mesmo sentido,Ultrapassagem Indevida,Céu Claro,2025-02-06,7
2025-02-06,07:30:00,376,"180,6",MARINGA,PR,Atropelamento de Pedestre,Pedestre cruzava a pista fora da faixa,Chuva,2025-02-06,7
2025-02-06,06:50:00,386,"435,5",NOVA SANTA RITA,RS,Saída de leito carroçável,Avarias e/ou desgaste excessivo no pneu,Chuva,2025-02-06,6
2025-02-06,08:15:00,324,622,SALVADOR,BA,Colisão traseira,Ausência de reação do condutor,Nublado,2025-02-06,8
2025-02-06,08:42:00,406,"151,3",CEARA-MIRIM,RN,Colisão transversal,Desrespeitar a preferência no cruzamento,Céu Claro,2025-02-06,8
2025-02-06,08:30:00,101,"45,5",TERRA DE AREIA,RS,Colisão com objeto,Ausência de reação do condutor,Céu Claro,2025-02-06,8
2025-02-06,07:50:00,470,146,RIO DO SUL,SC,Colisão lateral mesmo sentido,Trafegar com motocicleta (ou similar) entre as faixas,Nublado,2025-02-06,7
2025-02-03,11:54:00,101,"194,4",CRISTINAPOLIS,SE,Queda de ocupante de veículo,Chuva,Nublado,2025-02-03,11
2025-02-06,08:10:00,101,"320,4",NITEROI,RJ,Colisão lateral mesmo sentido,Ausência de reação do condutor,Céu Claro,2025-02-06,8
2025-02-06,09:00:00,262,360,BETIM,MG,Colisão com objeto,Ausência de reação do condutor,Céu Claro,2025-02-06,9
2025-01-31,21:45:00,0,0,ARAGUAINA,TO,Colisão lateral sentido oposto,Velocidade Incompatível,Céu Claro,2025-01-31,21
2025-02-06,10:00:00,386,"343,3",LAJEADO,RS,Colisão traseira,Ausência de reação do condutor,Nublado,2025-02-06,10
2025-01-30,20:45:00,146,"459,2",BOTELHOS,MG,Colisão traseira,Ingestão de álcool pelo condutor,Chuva,2025-01-30,20
2025-02-06,07:30:00,101,387,RIO DE JANEIRO,RJ,Atropelamento de Pedestre,Pedestre cruzava a pista fora da faixa,Céu Claro,2025-02-06,7
2025-01-29,17:05:00,40,72,PETROPOLIS,RJ,Saída de leito carroçável,Acumulo de água sobre o pavimento,Chuva,2025-01-29,17
2025-02-06,10:25:00,280,170,MAFRA,SC,Colisão traseira,Condutor deixou de manter distância do veículo da frente,Nublado,2025-02-06,10