data_inversa,horario,br,km,municipio,uf,tipo_acidente,causa_acidente,condicao_metereologica,data,hora
2025-02-07,18:25:00,101,925,NOVA VICOSA,BA,Colisão transversal,Acessar a via sem observar a presença dos outros veículos,Céu Claro,2025-02-07,18
2025-02-07,19:20:00,116,"209,3",GUARULHOS,SP,Capotamento,Ausência de reação do condutor,Céu Claro,2025-02-07,19
2025-02-07,18:40:00,163,"220,9",CASCAVEL,PR,Saída de leito carroçável,Chuva,Chuva,2025-02-07,18
2025-02-07,14:30:00,101,44,ESPLANADA,BA,Saída de leito carroçável,Ausência de reação do condutor,Céu Claro,2025-02-07,14
2025-02-07,19:40:00,116,"21,4",AQUIRAZ,CE,Colisão com objeto,Objeto estático sobre o leito carroçável,Céu Claro,2025-02-07,19
2025-02-07,17:30:00,235,235,UAUA,BA,Tombamento,Ausência de reação do condutor,Céu Claro,2025-02-07,17
2025-02-07,19:50:00,235,"9,9",NOSSA SENHORA DO SOCORRO,SE,Tombamento,Demais falhas na via,Nublado,2025-02-07,19
2025-02-07,19:40:00,116,208,GUARULHOS,SP,Tombamento,Afundamento ou ondulação no pavimento,Céu Claro,2025-02-07,19
2025-02-07,19:30:00,376,"239,5",APUCARANA,PR,Colisão traseira,Acesso irregular,Céu Claro,2025-02-07,19
2025-02-07,19:30:00,101,51,ABREU E LIMA,PE,Colisão lateral mesmo sentido,Manobra de mudança de faixa,Céu Claro,2025-02-07,19
2025-02-07,19:52:00,70,"6,6",AGUAS LINDAS DE GOIAS,GO,Atropelamento de Pedestre,Pedestre cruzava a pista fora da faixa,Céu Claro,2025-02-07,19
2025-02-07,19:50:00,392,"32,8",RIO GRANDE,RS,Colisão traseira,Condutor deixou de manter distância do veículo da frente,Céu Claro,2025-02-07,19
2025-02-07,20:50:00,101,433,MANGARATIBA,RJ,Atropelamento de Animal,Animais na Pista,Céu Claro,2025-02-07,20
2025-02-07,20:10:00,101,308,SAO GONCALO,RJ,Colisão traseira,Condutor deixou de manter distância do veículo da frente,Céu Claro,2025-02-07,20
2025-02-07,17:00:00,476,95,BOCAIUVA DO SUL,PR,Colisão com objeto,Ausência de reação do condutor,Chuva,2025-02-07,17
2025-02-07,19:20:00,40,102,DUQUE DE CAXIAS,RJ,Colisão lateral mesmo sentido,Manobra de mudança de faixa,Céu Claro,2025-02-07,19
2025-02-07,18:20:00,163,308,DOURADINA,MS,Saída de leito carroçável,Ingestão de álcool pelo condutor,Céu Claro,2025-02-07,18
2025-02-07,20:00:00,259,57,COLATINA,ES,Tombamento,Reação tardia ou ineficiente do condutor,Céu Claro,2025-02-07,20
2025-02-07,19:27:00,101,306,SAO GONCALO,RJ,Engavetamento,Reação tardia ou ineficiente do condutor,Céu Claro,2025-02-07,19
2025-02-07,20:00:00,101,183,SAO GONCALO DOS CAMPOS,BA,Colisão frontal,Transitar na contramão,Céu Claro,2025-02-07,20
2025-02-07,21:00:00,232,"170,2",BELO JARDIM,PE,Colisão frontal,Transitar no Acostamento,Nublado,2025-02-07,21
2025-02-07,20:35:00,116,"515,6",UBAPORANGA,MG,Atropelamento de Pedestre,Transitar no Acostamento,Céu Claro,2025-02-07,20
2025-02-07,21:48:00,116,225,GUARULHOS,SP,Colisão com objeto,Acesso irregular,Nublado,2025-02-07,21
2025-02-07,18:25:00,40,111,DUQUE DE CAXIAS,RJ,Colisão lateral mesmo sentido,Manobra de mudança de faixa,Céu Claro,2025-02-07,18
2025-02-07,18:30:00,230,113,ESTREITO,MA,Colisão transversal,Acessar a via sem observar a presença dos outros veículos,Nublado,2025-02-07,18
2025-02-07,20:00:00,101,300,SAO GONCALO,RJ,Colisão frontal,Trafegar com motocicleta (ou similar) entre as faixas,Céu Claro,2025-02-07,20
2025-02-07,20:30:00,392,323,SAO SEPE,RS,Colisão frontal,Transitar na contramão,Céu Claro,2025-02-07,20
2025-02-07,21:32:00,40,23,LUZIANIA,GO,Colisão transversal,Acessar a via sem observar a presença dos outros veículos,Céu Claro,2025-02-07,21
2025-02-07,21:30:00,158,"533,2",PATO BRANCO,PR,Colisão transversal,Acessar a via sem observar a presença dos outros veículos,Nublado,2025-02-07,21
2025-02-07,22:00:00,101,504,ANGRA DOS REIS,RJ,Colisão frontal,Transitar no Acostamento,Céu Claro,2025-02-07,22
2025-02-07,22:40:00,290,122,ELDORADO DO SUL,RS,Colisão transversal,Condutor Dormindo,Céu Claro,2025-02-07,22
2025-02-07,21:50:00,116,28,AQUIRAZ,CE,Colisão traseira,Condutor deixou de manter distância do veículo da frente,Céu Claro,2025-02-07,21
2025-02-07,21:00:00,424,60,CAETES,PE,Colisão traseira,Condutor deixou de manter distância do veículo da frente,Céu Claro,2025-02-07,21
2025-02-07,21:48:00,116,"26,4",CAMPINA GRANDE DO SUL,PR,Colisão com objeto,Chuva,Chuva,2025-02-07,21
2025-02-07,22:25:00,40,11,LUZIANIA,GO,Atropelamento de Pedestre,Entrada inopinada do pedestre,Céu Claro,2025-02-07,22
2025-02-07,22:40:00,116,445,REGISTRO,SP,Colisão transversal,Condutor desrespeitou a iluminação vermelha do semáforo,Garoa/Chuvisco,2025-02-07,22
2025-02-07,22:30:00,230,286,DOM EXPEDITO LOPES,PI,Saída de leito carroçável,Ausência de reação do condutor,Céu Claro,2025-02-07,22
2025-02-07,18:30:00,232,"529,9",TERRA NOVA,PE,Colisão lateral mesmo sentido,Reação tardia ou ineficiente do condutor,Céu Claro,2025-02-07,18
2025-02-07,22:55:00,364,199,PIMENTA BUENO,RO,Tombamento,Acostamento em desnível,Céu Claro,2025-02-07,22
2025-02-07,22:45:00,116,211,GUARULHOS,SP,Colisão com objeto,Ingestão de álcool pelo condutor,Nublado,2025-02-07,22
2025-02-07,20:00:00,280,"180,8",MAFRA,SC,Colisão com objeto,Ausência de reação do condutor,Céu Claro,2025-02-07,20
2025-02-08,00:10:00,235,26,LARANJEIRAS,SE,Colisão traseira,Ingestão de álcool pelo condutor,Céu Claro,2025-02-08,0
2025-02-07,16:40:00,262,72,TRES LAGOAS,MS,Eventos atípicos,Demais falhas mecânicas ou elétricas,Nublado,2025-02-07,16
2025-02-08,00:10:00,50,180,CAMPO ALEGRE DE GOIAS,GO,Saída de leito carroçável,Ingestão de álcool pelo condutor,Céu Claro,2025-02-08,0
2025-02-07,23:40:00,174,"487,4",BOA VISTA,RR,Incêndio,Demais falhas mecânicas ou elétricas,Céu Claro,2025-02-07,23
2025-02-08,00:50:00,116,"511,1",PELOTAS,RS,Atropelamento de Animal,Animais na Pista,Nublado,2025-02-08,0
2025-02-08,02:20:00,116,290,ITAPECERICA DA SERRA,SP,Saída de leito carroçável,Ausência de reação do condutor,Céu Claro,2025-02-08,2
2025-02-08,02:00:00,101,388,RIO DE JANEIRO,RJ,Engavetamento,Condutor Dormindo,Céu Claro,2025-02-08,2
2025-02-08,01:55:00,376,248,APUCARANA,PR,Colisão frontal,Manobra de mudança de faixa,Céu Claro,2025-02-08,1
2025-02-08,01:45:00,277,7,PARANAGUA,PR,Saída de leito carroçável,Chuva,Chuva,2025-02-08,1
2025-02-08,03:25:00,282,"219,3",LAGES,SC,Colisão traseira,Reação tardia ou ineficiente do condutor,Céu Claro,2025-02-08,3
2025-01-23,18:15:00,343,"324,9",TERESINA,PI,Colisão transversal,Acessar a via sem observar a presença dos outros veículos,Nublado,2025-01-23,18
2025-02-08,04:55:00,405,106,ITAU,RN,Tombamento,Ausência de reação do condutor,Céu Claro,2025-02-08,4
2025-02-08,04:00:00,376,591,CURITIBA,PR,Atropelamento de Pedestre,Pedestre andava na pista,Garoa/Chuvisco,2025-02-08,4
2025-02-08,04:45:00,153,"63,9",SAO JOSE DO RIO PRETO,SP,Colisão com objeto,Ingestão de álcool pelo condutor,Céu Claro,2025-02-08,4
2025-02-08,05:20:00,153,407,CACHOEIRA DO SUL,RS,Colisão com objeto,Condutor Dormindo,Céu Claro,2025-02-08,5
2025-02-08,05:30:00,232,"246,1",ARCOVERDE,PE,Atropelamento de Pedestre,Transitar no Acostamento,Céu Claro,2025-02-08,5
2025-02-08,05:20:00,101,329,RIO DE JANEIRO,RJ,Queda de ocupante de veículo,Demais falhas mecânicas ou elétricas,Céu Claro,2025-02-08,5
2025-01-15,18:00:00,402,15,ROSARIO,MA,Colisão frontal,Acumulo de areia ou detritos sobre o pavimento,Nublado,2025-01-15,18
2025-02-08,05:30:00,116,234,ESTANCIA VELHA,RS,Colisão lateral sentido oposto,Desrespeitar a preferência no cruzamento,Céu Claro,2025-02-08,5
2025-02-08,05:00:00,277,671,MEDIANEIRA,PR,Colisão com objeto,Reação tardia ou ineficiente do condutor,Vento,2025-02-08,5
2025-02-08,02:20:00,101,"106,7",PILAR,AL,Saída de leito carroçável,Ausência de reação do condutor,Nublado,2025-02-08,2
2025-02-08,05:31:00,364,311,MINEIROS,GO,Saída de leito carroçável,Condutor Dormindo,Nublado,2025-02-08,5
2025-02-08,03:50:00,381,591,CARMOPOLIS DE MINAS,MG,Colisão lateral mesmo sentido,Ingestão de álcool pelo condutor,Céu Claro,2025-02-08,3
2025-02-08,01:40:00,226,134,CAMPO REDONDO,RN,Saída de leito carroçável,Velocidade Incompatível,Céu Claro,2025-02-08,1
2025-02-08,05:59:00,153,511,APARECIDA DE GOIANIA,GO,Queda de ocupante de veículo,Ausência de reação do condutor,Nublado,2025-02-08,5
2025-02-08,07:05:00,116,95,SAO JOSE DOS PINHAIS,PR,Colisão com objeto,Chuva,Chuva,2025-02-08,7
2025-01-03,05:40:00,222,"97,4",RONDON DO PARA,PA,Colisão com objeto,Objeto estático sobre o leito carroçável,Chuva,2025-01-03,5
2025-02-08,07:10:00,101,138,CARAPEBUS,RJ,Colisão lateral mesmo sentido,Acessar a via sem observar a presença dos outros veículos,Céu Claro,2025-02-08,7
2025-02-08,07:40:00,381,519,IGARAPE,MG,Colisão com objeto,Ausência de reação do condutor,Céu Claro,2025-02-08,7
2025-02-08,07:00:00,10,453,PALMAS,TO,Queda de ocupante de veículo,Ausência de reação do condutor,Céu Claro,2025-02-08,7
2025-02-08,08:10:00,101,"277,8",SERRA,ES,Colisão lateral mesmo sentido,Ultrapassagem Indevida,Sol,2025-02-08,8
2025-02-08,08:00:00,116,141,SAO JOSE DOS CAMPOS,SP,Tombamento,Demais falhas mecânicas ou elétricas,Sol,2025-02-08,8
2025-02-08,06:30:00,277,108,CURITIBA,PR,Colisão traseira,Ausência de reação do condutor,Céu Claro,2025-02-08,6
2025-02-08,06:20:00,423,"147,6",IATI,PE,Capotamento,Condutor Dormindo,Céu Claro,2025-02-08,6
2025-02-08,07:50:00,40,"562,7",NOVA LIMA,MG,Saída de leito carroçável,Velocidade Incompatível,Sol,2025-02-08,7
2025-02-08,07:50:00,116,145,SAO JOSE DOS CAMPOS,SP,Colisão lateral mesmo sentido,Ausência de reação do condutor,Céu Claro,2025-02-08,7
2025-02-08,05:48:00,135,"3,7",SAO LUIS,MA,Colisão transversal,Acessar a via sem observar a presença dos outros veículos,Chuva,2025-02-08,5
2025-02-08,06:20:00,116,1,FORTALEZA,CE,Atropelamento de Pedestre,Entrada inopinada do pedestre,Céu Claro,2025-02-08,6
2025-02-08,05:50:00,277,"507,7",GUARANIACU,PR,Saída de leito carroçável,Reação tardia ou ineficiente do condutor,Céu Claro,2025-02-08,5
2025-02-08,04:55:00,163,252,TOLEDO,PR,Colisão traseira,Ausência de reação do condutor,Céu Claro,2025-02-08,4
2025-02-08,04:15:00,163,252,TOLEDO,PR,Saída de leito carroçável,Velocidade Incompatível,Nublado,2025-02-08,4
2025-02-08,07:45:00,116,"530,1",CAPAO DO LEAO,RS,Colisão transversal,Desrespeitar a preferência no cruzamento,Sol,2025-02-08,7
2025-02-08,07:50:00,251,33,BRASILIA,DF,Colisão lateral sentido oposto,Condutor Dormindo,Céu Claro,2025-02-08,7
2025-02-08,05:54:00,174,"449,7",MUCAJAI,RR,Atropelamento de Pedestre,Ingestão de álcool pelo condutor,Céu Claro,2025-02-08,5
2025-02-08,06:47:00,364,"196,4",PIMENTA BUENO,RO,Colisão traseira,Reação tardia ou ineficiente do condutor,Nublado,2025-02-08,6
2025-02-08,09:00:00,101,205,SAO JOSE,SC,Colisão traseira,Condutor deixou de manter distância do veículo da frente,Céu Claro,2025-02-08,9
2025-02-08,08:30:00,116,7,FORTALEZA,CE,Colisão traseira,Ausência de reação do condutor,Céu Claro,2025-02-08,8
2025-02-08,06:57:00,364,377,SANTO ANTONIO DO LEVERGER,MT,Saída de leito carroçável,Reação tardia ou ineficiente do condutor,Céu Claro,2025-02-08,6
2025-02-08,08:50:00,153,388,MALLET,PR,Colisão transversal,Acessar a via sem observar a presença dos outros veículos,Nublado,2025-02-08,8
2025-02-08,07:50:00,116,149,SAO JOSE DOS CAMPOS,SP,Colisão traseira,Demais falhas mecânicas ou elétricas,Céu Claro,2025-02-08,7
2025-02-08,08:20:00,40,"73,8",PETROPOLIS,RJ,Colisão transversal,Acessar a via sem observar a presença dos outros veículos,Céu Claro,2025-02-08,8
2025-02-08,09:30:00,101,"142,5",LINHARES,ES,Colisão lateral mesmo sentido,Acessar a via sem observar a presença dos outros veículos,Sol,2025-02-08,9
2025-02-05,07:00:00,116,233,PIRAI,RJ,Queda de ocupante de veículo,Ausência de reação do condutor,Céu Claro,2025-02-05,7
2025-02-08,10:00:00,277,11,PARANAGUA,PR,Colisão lateral mesmo sentido,Manobra de mudança de faixa,Nublado,2025-02-08,10
2025-02-08,09:00:00,116,513,CARATINGA,MG,Colisão traseira,Condutor deixou de manter distância do veículo da frente,Céu Claro,2025-02-08,9
2025-02-08,10:09:00,116,506,CAJATI,SP,Saída de leito carroçável,Reação tardia ou ineficiente do condutor,Garoa/Chuvisco,2025-02-08,10
2025-02-08,09:00:00,412,144,MONTEIRO,PB,Colisão transversal,Acessar a via sem observar a presença dos outros veículos,Céu Claro,2025-02-08,9
2025-02-08,10:00:00,101,"150,5",LINHARES,ES,Tombamento,Condutor deixou de manter distância do veículo da frente,Céu Claro,2025-02-08,10
2025-02-08,08:40:00,158,226,JATAI,GO,Colisão com objeto,Objeto estático sobre o leito carroçável,Céu Claro,2025-02-08,8
2025-02-08,09:50:00,116,154,SAO JOSE DOS CAMPOS,SP,Colisão traseira,Condutor deixou de manter distância do veículo da frente,Céu Claro,2025-02-08,9
2025-02-08,11:00:00,116,"229,9",SAO PAULO,SP,Colisão traseira,Ausência de reação do condutor,Céu Claro,2025-02-08,11
2025-02-08,08:55:00,251,316,SALINAS,MG,Queda de ocupante de veículo,Ingestão de álcool pelo condutor,Céu Claro,2025-02-08,8
2025-02-08,11:00:00,381,"455,3",BELO HORIZONTE,MG,Colisão traseira,Conversão proibida,Céu Claro,2025-02-08,11
2025-02-08,09:00:00,101,418,MANGARATIBA,RJ,Tombamento,Trafegar com motocicleta (ou similar) entre as faixas,Sol,2025-02-08,9
2025-02-08,11:20:00,369,172,ROLANDIA,PR,Colisão lateral mesmo sentido,Reação tardia ou ineficiente do condutor,Céu Claro,2025-02-08,11
2025-02-08,08:00:00,282,519,XAXIM,SC,Colisão lateral mesmo sentido,Manobra de mudança de faixa,Céu Claro,2025-02-08,8
2025-02-08,09:42:00,364,124,RIO BRANCO,AC,Colisão transversal,Ausência de reação do condutor,Sol,2025-02-08,9
2025-02-08,12:00:00,50,"120,9",UBERABA,MG,Saída de leito carroçável,Condutor Dormindo,Céu Claro,2025-02-08,12
2025-02-08,10:20:00,386,"26,8",FREDERICO WESTPHALEN,RS,Saída de leito carroçável,Velocidade Incompatível,Céu Claro,2025-02-08,10
2025-02-08,12:25:00,428,187,PETROLINA,PE,Colisão transversal,Acessar a via sem observar a presença dos outros veículos,Céu Claro,2025-02-08,12
2025-02-08,11:10:00,465,20,NOVA IGUACU,RJ,Colisão frontal,Trafegar com motocicleta (ou similar) entre as faixas,Céu Claro,2025-02-08,11
2025-02-08,01:00:00,259,40,COLATINA,ES,Saída de leito carroçável,Ausência de reação do condutor,Céu Claro,2025-02-08,1
2025-02-08,12:20:00,101,66,RECIFE,PE,Engavetamento,Manobra de mudança de faixa,Sol,2025-02-08,12
2025-02-08,12:15:00,40,506,RIBEIRAO DAS NEVES,MG,Atropelamento de Pedestre,Pedestre andava na pista,Céu Claro,2025-02-08,12
2025-02-08,11:05:00,471,"152,3",SANTA CRUZ DO SUL,RS,Colisão frontal,Ingestão de álcool pelo condutor,Céu Claro,2025-02-08,11
2025-02-08,12:53:00,230,"88,6",JOAO PESSOA,PB,Colisão traseira,Ausência de reação do condutor,Céu Claro,2025-02-08,12
2025-02-08,11:30:00,262,356,CAMPO GRANDE,MS,Colisão transversal,Acessar a via sem observar a presença dos outros veículos,Sol,2025-02-08,11
2025-02-08,13:15:00,116,186,NOVA IGUACU,RJ,Colisão traseira,Trafegar com motocicleta (ou similar) entre as faixas,Céu Claro,2025-02-08,13
2025-02-08,13:45:00,116,89,TERESOPOLIS,RJ,Colisão frontal,Velocidade Incompatível,Céu Claro,2025-02-08,13
2025-02-08,14:05:00,101,194,BIGUACU,SC,Engavetamento,Reação tardia ou ineficiente do condutor,Céu Claro,2025-02-08,14
2025-02-08,11:35:00,116,"525,9",CARATINGA,MG,Colisão transversal,Acessar a via sem observar a presença dos outros veículos,Céu Claro,2025-02-08,11
2025-02-08,12:40:00,493,92,SEROPEDICA,RJ,Queda de ocupante de veículo,Avarias e/ou desgaste excessivo no pneu,Céu Claro,2025-02-08,12
2025-01-19,06:30:00,116,"241,3",ALTO SANTO,CE,Saída de leito carroçável,Condutor Dormindo,Céu Claro,2025-01-19,6
2025-02-08,14:00:00,80,14,BRASILIA,DF,Saída de leito carroçável,Avarias e/ou desgaste excessivo no pneu,Céu Claro,2025-02-08,14
2025-02-08,14:00:00,163,352,GUAIRA,PR,Colisão traseira,Condutor deixou de manter distância do veículo da frente,Nublado,2025-02-08,14
2025-02-08,14:10:00,376,"202,6",MANDAGUARI,PR,Colisão com objeto,Condutor usando celular,Céu Claro,2025-02-08,14
2025-02-08,14:30:00,282,"1,8",FLORIANOPOLIS,SC,Colisão traseira,Reação tardia ou ineficiente do condutor,Sol,2025-02-08,14
2025-02-08,15:00:00,20,"221,8",POSSE,GO,Colisão transversal,Acessar a via sem observar a presença dos outros veículos,Sol,2025-02-08,15
2025-02-08,14:45:00,101,745,ITABELA,BA,Colisão lateral sentido oposto,Desrespeitar a preferência no cruzamento,Céu Claro,2025-02-08,14
2025-02-08,09:15:00,290,"382,9",SANTA MARGARIDA DO SUL,RS,Saída de leito carroçável,Ausência de reação do condutor,Céu Claro,2025-02-08,9
2025-02-08,15:20:00,459,"14,8",CALDAS,MG,Colisão lateral mesmo sentido,Reação tardia ou ineficiente do condutor,Céu Claro,2025-02-08,15
2025-02-08,15:40:00,50,55,ARAGUARI,MG,Saída de leito carroçável,Chuva,Chuva,2025-02-08,15
2025-02-08,14:00:00,316,86,SANTANA DO IPANEMA,AL,Colisão transversal,Acessar a via sem observar a presença dos outros veículos,Sol,2025-02-08,14
2025-02-08,11:00:00,101,284,ITABORAI,RJ,Colisão lateral mesmo sentido,Ultrapassagem Indevida,Céu Claro,2025-02-08,11
2025-02-08,15:50:00,262,"0,9",CARIACICA,ES,Colisão traseira,Reação tardia ou ineficiente do condutor,Sol,2025-02-08,15
2025-02-08,15:31:00,101,"117,8",PEDRAS DE FOGO,PB,Saída de leito carroçável,Ingestão de álcool pelo condutor,Céu Claro,2025-02-08,15
2025-02-08,16:00:00,101,"423,5",ARARANGUA,SC,Tombamento,Ausência de reação do condutor,Céu Claro,2025-02-08,16
2025-02-08,16:20:00,414,"434,1",ANAPOLIS,GO,Tombamento,Velocidade Incompatível,Céu Claro,2025-02-08,16
2025-02-08,12:15:00,304,24,MOSSORO,RN,Saída de leito carroçável,Ausência de reação do condutor,Céu Claro,2025-02-08,12
2025-02-08,13:57:00,116,"453,5",SAO LOURENCO DO SUL,RS,Saída de leito carroçável,Ausência de reação do condutor,Céu Claro,2025-02-08,13
2025-02-08,17:00:00,40,511,RIBEIRAO DAS NEVES,MG,Colisão traseira,Condutor deixou de manter distância do veículo da frente,Céu Claro,2025-02-08,17
2025-02-08,16:00:00,493,17,GUAPIMIRIM,RJ,Colisão traseira,Ausência de reação do condutor,Céu Claro,2025-02-08,16
2025-02-08,17:00:00,364,173,JATAI,GO,Saída de leito carroçável,Ingestão de álcool pelo condutor,Céu Claro,2025-02-08,17
2025-02-08,18:00:00,101,"87,5",BARRA VELHA,SC,Colisão com objeto,Ausência de reação do condutor,Nublado,2025-02-08,18
2025-02-08,17:40:00,153,"436,7",ANAPOLIS,GO,Colisão traseira,Reação tardia ou ineficiente do condutor,Céu Claro,2025-02-08,17
2025-02-08,17:20:00,365,"10,6",MONTES CLAROS,MG,Queda de ocupante de veículo,Velocidade Incompatível,Nublado,2025-02-08,17
2025-02-08,17:45:00,116,"218,5",GUARULHOS,SP,Eventos atípicos,Demais Fenômenos da natureza,Céu Claro,2025-02-08,17
2025-02-08,15:10:00,174,19,PONTES E LACERDA,MT,Capotamento,Frear bruscamente,Garoa/Chuvisco,2025-02-08,15
2025-02-08,18:45:00,70,3,BRASILIA,DF,Colisão lateral mesmo sentido,Manobra de mudança de faixa,Chuva,2025-02-08,18
2025-02-08,18:30:00,381,"498,5",BETIM,MG,Colisão traseira,Condutor deixou de manter distância do veículo da frente,Céu Claro,2025-02-08,18
2025-02-08,18:34:00,101,88,JOAO PESSOA,PB,Queda de ocupante de veículo,Reação tardia ou ineficiente do condutor,Céu Claro,2025-02-08,18
2025-02-08,18:15:00,135,"1,8",SAO LUIS,MA,Colisão traseira,Condutor deixou de manter distância do veículo da frente,Garoa/Chuvisco,2025-02-08,18
2025-01-19,14:43:00,364,262,JUSCIMEIRA,MT,Colisão transversal,Transitar na contramão,Céu Claro,2025-01-19,14
2025-02-08,18:40:00,469,"17,5",FOZ DO IGUACU,PR,Colisão transversal,Condutor deixou de manter distância do veículo da frente,Nublado,2025-02-08,18
2025-02-08,19:05:00,476,157,ARAUCARIA,PR,Colisão traseira,Reação tardia ou ineficiente do condutor,Nublado,2025-02-08,19
2025-02-08,19:15:00,101,203,SAO JOSE,SC,Queda de ocupante de veículo,Reação tardia ou ineficiente do condutor,Céu Claro,2025-02-08,19
2025-02-08,19:10:00,101,68,SAO MATEUS,ES,Colisão traseira,Ingestão de álcool pelo condutor,Céu Claro,2025-02-08,19
2025-02-08,17:40:00,101,"226,9",PALHOCA,SC,Colisão com objeto,Participar de racha,Céu Claro,2025-02-08,17
2025-02-08,19:50:00,153,150,ARAGUAINA,TO,Colisão traseira,Reação tardia ou ineficiente do condutor,Garoa/Chuvisco,2025-02-08,19
2025-02-08,19:00:00,101,52,UBATUBA,SP,Colisão lateral mesmo sentido,Ultrapassagem Indevida,Céu Claro,2025-02-08,19
2025-02-08,19:15:00,230,152,CAMPINA GRANDE,PB,Atropelamento de Animal,Animais na Pista,Nublado,2025-02-08,19
2025-02-08,20:00:00,40,1,VALPARAISO DE GOIAS,GO,Colisão traseira,Ingestão de álcool pelo condutor,Céu Claro,2025-02-08,20
2025-02-08,19:00:00,116,528,BARRA DO TURVO,SP,Saída de leito carroçável,Avarias e/ou desgaste excessivo no pneu,Garoa/Chuvisco,2025-02-08,19
2025-02-08,18:30:00,153,"328,9",PAULA FREITAS,PR,Queda de ocupante de veículo,Demais falhas na via,Sol,2025-02-08,18
2025-02-08,19:40:00,230,110,MARABA,PA,Colisão transversal,Ausência de reação do condutor,Garoa/Chuvisco,2025-02-08,19
2025-02-08,18:40:00,40,"25,8",TRES RIOS,RJ,Incêndio,Demais falhas mecânicas ou elétricas,Ignorado,2025-02-08,18
2025-02-08,20:30:00,242,378,GURUPI,TO,Colisão lateral mesmo sentido,Iluminação deficiente,Céu Claro,2025-02-08,20
2025-02-08,19:50:00,158,329,SANTA MARIA,RS,Colisão com objeto,Reação tardia ou ineficiente do condutor,Céu Claro,2025-02-08,19
2025-02-08,17:50:00,324,"574,5",SAO SEBASTIAO DO PASSE,BA,Colisão traseira,Reação tardia ou ineficiente do condutor,Céu Claro,2025-02-08,17
2025-02-08,01:20:00,101,311,PRESIDENTE TANCREDO NEVES,BA,Saída de leito carroçável,Condutor Dormindo,Garoa/Chuvisco,2025-02-08,1
2025-02-08,17:40:00,101,"333,7",TUBARAO,SC,Tombamento,Ingestão de álcool pelo condutor,Céu Claro,2025-02-08,17
2025-02-08,19:20:00,101,313,LAGUNA,SC,Colisão traseira,Ingestão de álcool pelo condutor,Céu Claro,2025-02-08,19
2025-02-08,20:00:00,163,"183,5",LINDOESTE,PR,Saída de leito carroçável,Ausência de reação do condutor,Nublado,2025-02-08,20
2025-02-08,19:40:00,316,305,PICOS,PI,Atropelamento de Animal,Animais na Pista,Céu Claro,2025-02-08,19
2025-02-08,20:00:00,101,"5,6",SAO JOSE,SC,Colisão com objeto,Reação tardia ou ineficiente do condutor,Céu Claro,2025-02-08,20
2025-02-08,18:00:00,163,1037,MATUPA,MT,Colisão traseira,Condutor deixou de manter distância do veículo da frente,Céu Claro,2025-02-08,18
2025-02-08,21:10:00,290,107,ELDORADO DO SUL,RS,Colisão transversal,Reação tardia ou ineficiente do condutor,Ignorado,2025-02-08,21
2025-02-08,19:00:00,316,"429,7",PERITORO,MA,Colisão lateral mesmo sentido,Transitar na contramão,Nublado,2025-02-08,19
2025-02-08,17:00:00,230,113,FARIAS BRITO,CE,Saída de leito carroçável,Reação tardia ou ineficiente do condutor,Ignorado,2025-02-08,17
2025-02-08,20:20:00,116,"206,6",PICADA CAFE,RS,Colisão lateral sentido oposto,Transitar na contramão,Céu Claro,2025-02-08,20
2025-02-08,18:40:00,163,14,MUNDO NOVO,MS,Saída de leito carroçável,Ausência de reação do condutor,Nublado,2025-02-08,18
2025-02-08,21:00:00,40,85,PETROPOLIS,RJ,Queda de ocupante de veículo,Demais falhas na via,Céu Claro,2025-02-08,21
2025-02-08,18:30:00,317,296,BRASILEIA,AC,Colisão traseira,Ingestão de álcool pelo condutor,Nublado,2025-02-08,18
2025-02-08,17:50:00,101,164,PORTO BELO,SC,Colisão lateral mesmo sentido,Trafegar com motocicleta (ou similar) entre as faixas,Céu Claro,2025-02-08,17
2025-02-08,21:00:00,153,"407,5",CACHOEIRA DO SUL,RS,Atropelamento de Pedestre,Participar de racha,Céu Claro,2025-02-08,21
2025-02-08,21:40:00,116,12,FORTALEZA,CE,Colisão com objeto,Ausência de reação do condutor,Céu Claro,2025-02-08,21
2025-02-08,18:15:00,40,"452,5",CAETANOPOLIS,MG,Saída de leito carroçável,Reação tardia ou ineficiente do condutor,Céu Claro,2025-02-08,18
2025-02-08,21:40:00,101,410,ITAGUAI,RJ,Colisão traseira,Ausência de reação do condutor,Céu Claro,2025-02-08,21
2025-02-08,20:50:00,116,39,CACHOEIRA PAULISTA,SP,Atropelamento de Pedestre,Ausência de reação do condutor,Céu Claro,2025-02-08,20
2025-02-08,15:00:00,364,67,PLACIDO DE CASTRO,AC,Saída de leito carroçável,Reação tardia ou ineficiente do condutor,Nublado,2025-02-08,15
2025-02-08,20:30:00,70,3,BARRA DO GARCAS,MT,Colisão traseira,Ausência de reação do condutor,Céu Claro,2025-02-08,20
2025-02-08,22:30:00,101,52,CAMPOS DOS GOYTACAZES,RJ,Colisão transversal,Acessar a via sem observar a presença dos outros veículos,Céu Claro,2025-02-08,22
2025-02-08,19:30:00,230,463,SOUSA,PB,Colisão traseira,Ingestão de álcool pelo condutor,Céu Claro,2025-02-08,19
2025-02-08,22:40:00,50,"10,4",UBERLANDIA,MG,Atropelamento de Animal,Animais na Pista,Nublado,2025-02-08,22
2025-02-08,21:15:00,381,373,SAO GONCALO DO RIO ABAIXO,MG,Saída de leito carroçável,Demais falhas mecânicas ou elétricas,Céu Claro,2025-02-08,21