data_inversa,horario,br,km,municipio,uf,tipo_acidente,causa_acidente,condicao_metereologica,data,hora
2025-02-08,21:45:00,116,"149,6",SANTA CECILIA,SC,Saída de leito carroçável,Ingestão de álcool pelo condutor,Céu Claro,2025-02-08,21
2025-02-08,21:40:00,376,546,PALMEIRA,PR,Saída de leito carroçável,Ausência de reação do condutor,Nublado,2025-02-08,21
2025-02-08,22:50:00,101,132,BALNEARIO CAMBORIU,SC,Colisão lateral mesmo sentido,Manobra de mudança de faixa,Nublado,2025-02-08,22
2025-02-08,23:00:00,116,"101,5",SAO JOSE DOS PINHAIS,PR,Saída de leito carroçável,Ausência de reação do condutor,Nublado,2025-02-08,23
2025-02-08,21:40:00,153,"110,9",ESTRELA DO NORTE,GO,Colisão lateral sentido oposto,Condutor Dormindo,Céu Claro,2025-02-08,21
2025-02-08,22:00:00,376,"466,5",PONTA GROSSA,PR,Colisão traseira,Ausência de reação do condutor,Céu Claro,2025-02-08,22
2025-02-08,22:30:00,364,"342,3",JI-PARANA,RO,Atropelamento de Animal,Animais na Pista,Céu Claro,2025-02-08,22
2025-02-08,19:00:00,116,258,PINHEIRAL,RJ,Capotamento,Manobra de mudança de faixa,Céu Claro,2025-02-08,19
2025-02-08,21:15:00,10,"168,3",PORTO FRANCO,MA,Colisão lateral sentido oposto,Transitar na contramão,Chuva,2025-02-08,21
2025-02-09,00:51:00,101,223,PALHOCA,SC,Colisão traseira,Ingestão de álcool pelo condutor,Céu Claro,2025-02-09,0
2025-02-09,00:50:00,116,11,COLOMBO,PR,Colisão traseira,Reação tardia ou ineficiente do condutor,Nublado,2025-02-09,0
2025-02-09,00:40:00,277,8,PARANAGUA,PR,Saída de leito carroçável,Ingestão de álcool pelo condutor,Nublado,2025-02-09,0
2025-02-09,01:43:00,277,68,SAO JOSE DOS PINHAIS,PR,Colisão traseira,Ausência de reação do condutor,Nublado,2025-02-09,1
2025-02-09,01:50:00,376,135,NOVA ESPERANCA,PR,Colisão lateral mesmo sentido,Acessar a via sem observar a presença dos outros veículos,Céu Claro,2025-02-09,1
2025-02-08,23:15:00,116,539,SANTA BARBARA DO LESTE,MG,Saída de leito carroçável,Pista Escorregadia,Nublado,2025-02-08,23
2025-02-09,03:30:00,116,233,NOVO HAMBURGO,RS,Colisão com objeto,Ausência de reação do condutor,Céu Claro,2025-02-09,3
2025-02-09,02:50:00,343,165,BRASILEIRA,PI,Tombamento,Ausência de reação do condutor,Nublado,2025-02-09,2
2025-02-09,03:45:00,116,"482,5",TURUCU,RS,Queda de ocupante de veículo,Condutor Dormindo,Céu Claro,2025-02-09,3
2025-02-09,01:00:00,153,"111,8",SANTA TEREZA DE GOIAS,GO,Colisão frontal,Chuva,Chuva,2025-02-09,1
2025-02-09,03:30:00,376,1,SAO JOSE DOS PINHAIS,PR,Capotamento,Reação tardia ou ineficiente do condutor,Nublado,2025-02-09,3
2025-02-09,04:25:00,101,109,PENHA,SC,Capotamento,Reação tardia ou ineficiente do condutor,Céu Claro,2025-02-09,4
2025-02-09,04:00:00,277,"82,6",CURITIBA,PR,Atropelamento de Pedestre,Entrada inopinada do pedestre,Nublado,2025-02-09,4
2025-02-09,04:40:00,262,"442,5",NOVA SERRANA,MG,Atropelamento de Animal,Animais na Pista,Céu Claro,2025-02-09,4
2025-02-09,05:20:00,386,343,LAJEADO,RS,Colisão frontal,Transitar na contramão,Céu Claro,2025-02-09,5
2025-02-09,05:30:00,101,133,BALNEARIO CAMBORIU,SC,Colisão com objeto,Ausência de reação do condutor,Céu Claro,2025-02-09,5
2025-02-09,03:30:00,158,"153,6",PANAMBI,RS,Saída de leito carroçável,Ingestão de álcool pelo condutor,Céu Claro,2025-02-09,3
2025-02-09,04:00:00,101,415,ARARANGUA,SC,Saída de leito carroçável,Condutor Dormindo,Céu Claro,2025-02-09,4
2025-02-09,04:51:00,290,88,PORTO ALEGRE,RS,Colisão com objeto,Ausência de reação do condutor,Céu Claro,2025-02-09,4
2025-02-09,05:55:00,470,50,BLUMENAU,SC,Colisão traseira,Condutor Dormindo,Céu Claro,2025-02-09,5
2025-02-09,05:55:00,277,"591,2",CASCAVEL,PR,Colisão lateral sentido oposto,Ausência de reação do condutor,Céu Claro,2025-02-09,5
2025-02-09,02:56:00,70,505,CUIABA,MT,Colisão frontal,Reação tardia ou ineficiente do condutor,Céu Claro,2025-02-09,2
2025-02-09,06:50:00,290,91,PORTO ALEGRE,RS,Incêndio,Demais falhas mecânicas ou elétricas,Céu Claro,2025-02-09,6
2025-02-08,23:30:00,364,444,JARU,RO,Saída de leito carroçável,Demais falhas mecânicas ou elétricas,Nublado,2025-02-08,23
2025-02-09,01:00:00,116,224,GUARULHOS,SP,Colisão traseira,Reação tardia ou ineficiente do condutor,Céu Claro,2025-02-09,1
2025-02-09,06:40:00,277,72,SAO JOSE DOS PINHAIS,PR,Colisão traseira,Condutor deixou de manter distância do veículo da frente,Nublado,2025-02-09,6
2025-02-08,19:40:00,393,296,BARRA MANSA,RJ,Colisão transversal,Conversão proibida,Céu Claro,2025-02-08,19
2025-02-09,06:00:00,153,241,COLINAS DO TOCANTINS,TO,Colisão lateral mesmo sentido,Ultrapassagem Indevida,Garoa/Chuvisco,2025-02-09,6
2025-02-09,00:30:00,230,46,LAVRAS DA MANGABEIRA,CE,Atropelamento de Animal,Animais na Pista,Céu Claro,2025-02-09,0
2025-02-09,08:05:00,101,"53,1",JOINVILLE,SC,Saída de leito carroçável,Velocidade Incompatível,Céu Claro,2025-02-09,8
2025-02-09,05:40:00,163,746,SORRISO,MT,Queda de ocupante de veículo,Afundamento ou ondulação no pavimento,Céu Claro,2025-02-09,5
2025-02-09,01:40:00,364,"318,4",PRESIDENTE MEDICI,RO,Colisão traseira,Ausência de reação do condutor,Chuva,2025-02-09,1
2025-02-09,05:40:00,412,43,SAO JOAO DO CARIRI,PB,Saída de leito carroçável,Ausência de reação do condutor,Céu Claro,2025-02-09,5
2025-02-09,02:15:00,364,"339,1",JI-PARANA,RO,Colisão com objeto,Ingestão de álcool pelo condutor,Céu Claro,2025-02-09,2
2025-02-09,08:00:00,235,"45,5",ITABAIANA,SE,Colisão lateral sentido oposto,Velocidade Incompatível,Céu Claro,2025-02-09,8
2025-02-09,07:15:00,40,"12,9",LUZIANIA,GO,Colisão transversal,Acessar a via sem observar a presença dos outros veículos,Céu Claro,2025-02-09,7
2025-02-09,07:23:00,376,353,ORTIGUEIRA,PR,Colisão com objeto,Reação tardia ou ineficiente do condutor,Céu Claro,2025-02-09,7
2025-02-09,08:00:00,282,42,AGUAS MORNAS,SC,Queda de ocupante de veículo,Reação tardia ou ineficiente do condutor,Céu Claro,2025-02-09,8
2025-02-09,09:00:00,153,"83,2",PRATA,MG,Colisão com objeto,Carga excessiva e/ou mal acondicionada,Céu Claro,2025-02-09,9
2025-02-09,06:20:00,116,195,QUEIMADOS,RJ,Colisão traseira,Ausência de reação do condutor,Céu Claro,2025-02-09,6
2025-02-09,09:05:00,470,"49,5",BLUMENAU,SC,Colisão transversal,Manobra de mudança de faixa,Céu Claro,2025-02-09,9
2025-02-09,06:30:00,381,89,SAO PAULO,SP,Incêndio,Demais falhas mecânicas ou elétricas,Céu Claro,2025-02-09,6
2025-02-09,06:40:00,364,205,RONDONOPOLIS,MT,Tombamento,Ingestão de álcool pelo condutor,Céu Claro,2025-02-09,6
2025-02-09,08:35:00,20,25,BRASILIA,DF,Saída de leito carroçável,Velocidade Incompatível,Nublado,2025-02-09,8
2025-02-09,07:25:00,60,"396,9",SIDROLANDIA,MS,Colisão traseira,Ausência de reação do condutor,Céu Claro,2025-02-09,7
2025-02-09,08:30:00,367,24,PORTO SEGURO,BA,Colisão traseira,Velocidade Incompatível,Céu Claro,2025-02-09,8
2025-02-09,09:00:00,110,324,ALAGOINHAS,BA,Saída de leito carroçável,Reação tardia ou ineficiente do condutor,Sol,2025-02-09,9
2025-02-09,10:00:00,101,112,SAO JOSE DE MIPIBU,RN,Colisão transversal,Acessar a via sem observar a presença dos outros veículos,Céu Claro,2025-02-09,10
2025-02-09,09:00:00,116,103,ELDORADO DO SUL,RS,Queda de ocupante de veículo,Demais falhas mecânicas ou elétricas,Céu Claro,2025-02-09,9
2025-02-09,10:25:00,280,26,ARAQUARI,SC,Colisão transversal,Acessar a via sem observar a presença dos outros veículos,Sol,2025-02-09,10
2025-02-09,10:30:00,101,"217,4",PALHOCA,SC,Queda de ocupante de veículo,Avarias e/ou desgaste excessivo no pneu,Céu Claro,2025-02-09,10
2025-02-09,09:45:00,470,"98,5",APIUNA,SC,Colisão traseira,Reação tardia ou ineficiente do condutor,Nublado,2025-02-09,9
2025-02-09,10:50:00,50,15,UBERLANDIA,MG,Queda de ocupante de veículo,Demais falhas mecânicas ou elétricas,Céu Claro,2025-02-09,10
2025-02-09,10:00:00,116,58,GUARATINGUETA,SP,Colisão traseira,Ausência de reação do condutor,Céu Claro,2025-02-09,10
2025-02-09,10:40:00,101,94,NATAL,RN,Colisão traseira,Condutor deixou de manter distância do veículo da frente,Céu Claro,2025-02-09,10
2025-02-09,09:50:00,376,467,PONTA GROSSA,PR,Colisão com objeto,Reação tardia ou ineficiente do condutor,Sol,2025-02-09,9
2025-02-09,11:15:00,60,120,TEREZOPOLIS DE GOIAS,GO,Queda de ocupante de veículo,Ausência de reação do condutor,Céu Claro,2025-02-09,11
2025-02-09,12:01:00,101,25,RIO TINTO,PB,Colisão lateral mesmo sentido,Retorno proibido,Céu Claro,2025-02-09,12
2025-02-09,09:12:00,376,654,TIJUCAS DO SUL,PR,Tombamento,Velocidade Incompatível,Céu Claro,2025-02-09,9
2025-02-09,08:20:00,282,446,PONTE SERRADA,SC,Colisão frontal,Transitar na contramão,Céu Claro,2025-02-09,8
2025-02-09,11:55:00,415,30,ILHEUS,BA,Saída de leito carroçável,Ausência de reação do condutor,Chuva,2025-02-09,11
2025-02-09,12:30:00,101,275,SERRA,ES,Queda de ocupante de veículo,Reação tardia ou ineficiente do condutor,Céu Claro,2025-02-09,12
2025-02-09,12:55:00,304,"53,9",MOSSORO,RN,Colisão transversal,Conversão proibida,Céu Claro,2025-02-09,12
2025-02-09,10:30:00,40,62,PETROPOLIS,RJ,Colisão transversal,Retorno proibido,Céu Claro,2025-02-09,10
2025-02-09,12:15:00,101,"157,3",PORTO BELO,SC,Colisão com objeto,Reação tardia ou ineficiente do condutor,Céu Claro,2025-02-09,12
2025-02-09,13:15:00,101,51,UBATUBA,SP,Colisão transversal,Acessar a via sem observar a presença dos outros veículos,Céu Claro,2025-02-09,13
2025-02-09,13:25:00,304,"75,2",MOSSORO,RN,Queda de ocupante de veículo,Demais falhas mecânicas ou elétricas,Sol,2025-02-09,13
2025-02-09,12:45:00,116,185,NOVA IGUACU,RJ,Colisão traseira,Ausência de reação do condutor,Céu Claro,2025-02-09,12
2025-02-09,13:20:00,116,"279,1",BARRA MANSA,RJ,Colisão lateral mesmo sentido,Reação tardia ou ineficiente do condutor,Céu Claro,2025-02-09,13
2025-02-09,12:00:00,101,99,BALNEARIO PICARRAS,SC,Tombamento,Avarias e/ou desgaste excessivo no pneu,Céu Claro,2025-02-09,12
2025-02-09,13:15:00,101,15,DOM PEDRO DE ALCANTARA,RS,Saída de leito carroçável,Condutor Dormindo,Céu Claro,2025-02-09,13
2025-02-09,12:45:00,60,"2,5",BRASILIA,DF,Saída de leito carroçável,Reação tardia ou ineficiente do condutor,Nublado,2025-02-09,12
2025-02-09,13:10:00,116,378,MIRACATU,SP,Colisão com objeto,Condutor Dormindo,Céu Claro,2025-02-09,13
2025-02-09,14:40:00,116,231,GUARULHOS,SP,Colisão lateral mesmo sentido,Reação tardia ou ineficiente do condutor,Sol,2025-02-09,14
2025-02-09,14:15:00,381,"453,5",SABARA,MG,Colisão traseira,Condutor deixou de manter distância do veículo da frente,Céu Claro,2025-02-09,14
2025-02-09,14:20:00,163,847,SINOP,MT,Queda de ocupante de veículo,Ausência de reação do condutor,Ignorado,2025-02-09,14
2025-02-09,15:20:00,470,"53,2",BLUMENAU,SC,Colisão lateral sentido oposto,Ingestão de álcool pelo condutor,Sol,2025-02-09,15
2025-02-09,15:32:00,230,97,GURINHEM,PB,Saída de leito carroçável,Reação tardia ou ineficiente do condutor,Sol,2025-02-09,15
2025-02-09,14:30:00,222,3,FORTALEZA,CE,Colisão transversal,Condutor desrespeitou a iluminação vermelha do semáforo,Céu Claro,2025-02-09,14
2025-02-09,15:30:00,392,"45,5",RIO GRANDE,RS,Saída de leito carroçável,Reação tardia ou ineficiente do condutor,Céu Claro,2025-02-09,15
2025-02-09,15:50:00,40,"496,5",ESMERALDAS,MG,Colisão com objeto,Velocidade Incompatível,Nublado,2025-02-09,15
2025-02-09,16:00:00,163,202,CASCAVEL,PR,Saída de leito carroçável,Acumulo de água sobre o pavimento,Chuva,2025-02-09,16
2025-02-09,16:00:00,376,183,SARANDI,PR,Colisão traseira,Velocidade Incompatível,Céu Claro,2025-02-09,16
2025-02-09,13:45:00,60,95,ANAPOLIS,GO,Colisão traseira,Ausência de reação do condutor,Céu Claro,2025-02-09,13
2025-02-09,15:45:00,163,40,ELDORADO,MS,Saída de leito carroçável,Ausência de reação do condutor,Céu Claro,2025-02-09,15
2025-02-09,17:05:00,476,143,CURITIBA,PR,Queda de ocupante de veículo,Demais falhas mecânicas ou elétricas,Céu Claro,2025-02-09,17
2025-02-09,16:45:00,230,14,CABEDELO,PB,Saída de leito carroçável,Ingestão de álcool pelo condutor,Céu Claro,2025-02-09,16
2025-02-09,15:00:00,405,92,ITAU,RN,Colisão traseira,Ingestão de álcool pelo condutor,Céu Claro,2025-02-09,15
2025-02-09,16:00:00,40,510,RIBEIRAO DAS NEVES,MG,Colisão traseira,Condutor deixou de manter distância do veículo da frente,Céu Claro,2025-02-09,16
2025-02-09,08:45:00,280,85,CORUPA,SC,Colisão traseira,Reação tardia ou ineficiente do condutor,Céu Claro,2025-02-09,8
2025-01-16,20:50:00,230,46,SANTA RITA,PB,Colisão traseira,Ingestão de álcool pelo condutor,Céu Claro,2025-01-16,20
2025-02-09,16:30:00,70,10,BRASILIA,DF,Queda de ocupante de veículo,Ingestão de álcool pelo condutor,Céu Claro,2025-02-09,16
2025-02-09,16:15:00,262,358,BETIM,MG,Saída de leito carroçável,Velocidade Incompatível,Nublado,2025-02-09,16
2025-02-09,17:00:00,101,"350,1",GUARAPARI,ES,Capotamento,Ausência de reação do condutor,Sol,2025-02-09,17
2025-02-09,14:40:00,101,"30,9",JOINVILLE,SC,Tombamento,Avarias e/ou desgaste excessivo no pneu,Céu Claro,2025-02-09,14
2025-02-09,16:50:00,101,164,TIJUCAS,SC,Colisão traseira,Ausência de reação do condutor,Céu Claro,2025-02-09,16
2025-02-09,16:32:00,70,14,AGUAS LINDAS DE GOIAS,GO,Colisão traseira,Reação tardia ou ineficiente do condutor,Nublado,2025-02-09,16
2025-02-09,16:20:00,116,"224,3",CORREIA PINTO,SC,Saída de leito carroçável,Mal súbito do condutor,Céu Claro,2025-02-09,16
2025-02-09,17:30:00,386,335,MARQUES DE SOUZA,RS,Colisão lateral mesmo sentido,Ultrapassagem Indevida,Céu Claro,2025-02-09,17
2025-02-09,17:30:00,101,260,SERRA,ES,Queda de ocupante de veículo,Ausência de reação do condutor,Céu Claro,2025-02-09,17
2025-02-09,17:10:00,452,"0,5",RIO VERDE,GO,Colisão traseira,Ausência de reação do condutor,Céu Claro,2025-02-09,17
2025-02-09,17:30:00,101,"67,7",RECIFE,PE,Colisão traseira,Condutor deixou de manter distância do veículo da frente,Nublado,2025-02-09,17
2025-02-09,18:06:00,290,105,ELDORADO DO SUL,RS,Engavetamento,Ausência de reação do condutor,Céu Claro,2025-02-09,18
2025-02-09,18:20:00,381,451,SABARA,MG,Colisão traseira,Condutor deixou de manter distância do veículo da frente,Céu Claro,2025-02-09,18
2025-02-09,18:10:00,282,"16,4",PALHOCA,SC,Colisão lateral mesmo sentido,Manobra de mudança de faixa,Sol,2025-02-09,18
2025-02-09,18:10:00,470,"158,7",TROMBUDO CENTRAL,SC,Colisão traseira,Ingestão de álcool pelo condutor,Céu Claro,2025-02-09,18
2025-02-09,18:20:00,230,"308,9",SAO MAMEDE,PB,Queda de ocupante de veículo,Demais falhas mecânicas ou elétricas,Céu Claro,2025-02-09,18
2025-02-09,18:20:00,101,"213,3",PALHOCA,SC,Colisão transversal,Desrespeitar a preferência no cruzamento,Nublado,2025-02-09,18
2025-02-09,18:03:00,101,42,MAMANGUAPE,PB,Colisão lateral mesmo sentido,Manobra de mudança de faixa,Céu Claro,2025-02-09,18
2025-02-09,17:10:00,116,670,JEQUIE,BA,Saída de leito carroçável,Reação tardia ou ineficiente do condutor,Chuva,2025-02-09,17
2025-02-09,17:40:00,116,"284,5",ITAPECERICA DA SERRA,SP,Colisão traseira,Ausência de reação do condutor,Céu Claro,2025-02-09,17
2025-02-09,17:20:00,101,369,ICARA,SC,Tombamento,Ausência de reação do condutor,Céu Claro,2025-02-09,17
2025-02-09,18:00:00,470,"239,3",CARLOS BARBOSA,RS,Colisão transversal,Acessar a via sem observar a presença dos outros veículos,Céu Claro,2025-02-09,18
2025-02-09,18:10:00,116,220,GUARULHOS,SP,Colisão lateral mesmo sentido,Trafegar com motocicleta (ou similar) entre as faixas,Céu Claro,2025-02-09,18
2025-02-09,18:00:00,101,270,SERRA,ES,Colisão transversal,Conversão proibida,Céu Claro,2025-02-09,18
2025-02-09,19:00:00,116,187,NOVA IGUACU,RJ,Colisão traseira,Reação tardia ou ineficiente do condutor,Céu Claro,2025-02-09,19
2025-02-09,18:00:00,116,"149,7",CAXIAS DO SUL,RS,Colisão lateral mesmo sentido,Manobra de mudança de faixa,Céu Claro,2025-02-09,18
2025-02-09,17:45:00,101,"124,5",ESCADA,PE,Colisão traseira,Acessar a via sem observar a presença dos outros veículos,Céu Claro,2025-02-09,17
2025-02-09,18:15:00,290,39,SANTO ANTONIO DA PATRULHA,RS,Saída de leito carroçável,Ausência de reação do condutor,Céu Claro,2025-02-09,18
2025-02-09,18:55:00,116,307,GUAIBA,RS,Engavetamento,Condutor deixou de manter distância do veículo da frente,Céu Claro,2025-02-09,18
2025-02-05,16:20:00,101,333,RIO DE JANEIRO,RJ,Tombamento,Avarias e/ou desgaste excessivo no pneu,Sol,2025-02-05,16
2025-02-09,19:00:00,101,108,SAO CRISTOVAO,SE,Incêndio,Demais falhas mecânicas ou elétricas,Nublado,2025-02-09,19
2025-02-09,19:15:00,290,95,PORTO ALEGRE,RS,Colisão lateral mesmo sentido,Manobra de mudança de faixa,Céu Claro,2025-02-09,19
2025-02-09,18:00:00,393,282,VOLTA REDONDA,RJ,Colisão frontal,Conversão proibida,Céu Claro,2025-02-09,18
2025-02-09,19:00:00,365,"21,1",MONTES CLAROS,MG,Colisão frontal,Velocidade Incompatível,Nublado,2025-02-09,19
2025-02-09,19:00:00,101,231,FUNDAO,ES,Colisão traseira,Velocidade Incompatível,Céu Claro,2025-02-09,19
2025-02-09,17:30:00,290,68,GRAVATAI,RS,Tombamento,Demais falhas mecânicas ou elétricas,Céu Claro,2025-02-09,17
2025-02-09,17:40:00,376,"14,5",MARINGA,PR,Colisão traseira,Reação tardia ou ineficiente do condutor,Nublado,2025-02-09,17
2025-02-09,18:50:00,381,57,MAIRIPORA,SP,Colisão lateral mesmo sentido,Condutor deixou de manter distância do veículo da frente,Céu Claro,2025-02-09,18
2025-02-09,17:30:00,493,19,MAGE,RJ,Colisão traseira,Condutor deixou de manter distância do veículo da frente,Nublado,2025-02-09,17
2025-02-09,16:40:00,463,"109,6",PONTA PORA,MS,Colisão transversal,Transitar na contramão,Céu Claro,2025-02-09,16
2025-02-09,19:30:00,101,65,ARAQUARI,SC,Saída de leito carroçável,Ausência de reação do condutor,Céu Claro,2025-02-09,19
2025-02-09,19:05:00,414,436,ANAPOLIS,GO,Saída de leito carroçável,Ausência de reação do condutor,Céu Claro,2025-02-09,19
2025-02-09,19:30:00,116,"44,6",PACAJUS,CE,Colisão transversal,Acesso irregular,Céu Claro,2025-02-09,19
2025-02-09,19:40:00,40,803,MATIAS BARBOSA,MG,Tombamento,Declive acentuado,Céu Claro,2025-02-09,19
2025-02-09,19:25:00,364,"239,1",CACOAL,RO,Colisão lateral mesmo sentido,Manobra de mudança de faixa,Céu Claro,2025-02-09,19
2025-02-09,19:15:00,116,"586,5",ARROIO GRANDE,RS,Saída de leito carroçável,Ausência de reação do condutor,Céu Claro,2025-02-09,19
2025-02-09,19:20:00,153,365,RIO AZUL,PR,Saída de leito carroçável,Ausência de reação do condutor,Céu Claro,2025-02-09,19
2025-02-09,18:30:00,40,616,CONGONHAS,MG,Colisão traseira,Reação tardia ou ineficiente do condutor,Nublado,2025-02-09,18
2025-02-09,20:20:00,369,93,CORNELIO PROCOPIO,PR,Tombamento,Reação tardia ou ineficiente do condutor,Céu Claro,2025-02-09,20
2025-02-09,18:35:00,116,189,NOVA IGUACU,RJ,Colisão lateral mesmo sentido,Trafegar com motocicleta (ou similar) entre as faixas,Céu Claro,2025-02-09,18
2025-02-09,20:20:00,116,197,ARUJA,SP,Colisão traseira,Reação tardia ou ineficiente do condutor,Céu Claro,2025-02-09,20
2025-02-09,19:30:00,101,131,BALNEARIO CAMBORIU,SC,Colisão lateral mesmo sentido,Manobra de mudança de faixa,Céu Claro,2025-02-09,19
2025-02-09,17:50:00,381,274,CORONEL FABRICIANO,MG,Colisão com objeto,Reação tardia ou ineficiente do condutor,Nublado,2025-02-09,17
2025-02-09,20:30:00,101,423,ATILIO VIVACQUA,ES,Saída de leito carroçável,Velocidade Incompatível,Céu Claro,2025-02-09,20
2025-02-09,16:50:00,101,131,TEODORO SAMPAIO,BA,Colisão com objeto,Condutor Dormindo,Céu Claro,2025-02-09,16
2025-02-09,19:15:00,101,"283,3",IMBITUBA,SC,Colisão frontal,Transitar na contramão,Céu Claro,2025-02-09,19
2025-02-09,07:20:00,364,535,ALTO PARAISO,RO,Saída de leito carroçável,Ausência de reação do condutor,Chuva,2025-02-09,7
2025-02-09,09:30:00,465,13,SEROPEDICA,RJ,Queda de ocupante de veículo,Ausência de reação do condutor,Céu Claro,2025-02-09,9
2025-02-09,21:20:00,116,198,ARUJA,SP,Engavetamento,Ingestão de álcool pelo condutor,Céu Claro,2025-02-09,21
2025-02-09,21:20:00,393,167,TRES RIOS,RJ,Colisão transversal,Conversão proibida,Nublado,2025-02-09,21
2025-02-09,16:50:00,381,"550,4",ITAGUARA,MG,Tombamento,Ausência de reação do condutor,Céu Claro,2025-02-09,16
2025-02-09,19:40:00,436,1,APARECIDA DO TABOADO,MS,Colisão com objeto,Ausência de reação do condutor,Céu Claro,2025-02-09,19
2025-02-09,19:10:00,101,73,OSORIO,RS,Colisão com objeto,Reação tardia ou ineficiente do condutor,Garoa/Chuvisco,2025-02-09,19
2025-02-09,21:29:00,282,371,ERVAL VELHO,SC,Saída de leito carroçável,Ausência de reação do condutor,Céu Claro,2025-02-09,21
2025-02-09,21:20:00,304,"291,9",MACAIBA,RN,Atropelamento de Animal,Animais na Pista,Céu Claro,2025-02-09,21
2025-02-09,21:30:00,116,120,CACAPAVA,SP,Saída de leito carroçável,Ingestão de álcool pelo condutor,Céu Claro,2025-02-09,21
2025-02-09,17:42:00,222,463,SANTA LUZIA,MA,Queda de ocupante de veículo,Ingestão de álcool pelo condutor,Céu Claro,2025-02-09,17
2025-02-09,22:00:00,392,"110,5",CANGUCU,RS,Colisão frontal,Manobra de mudança de faixa,Céu Claro,2025-02-09,22
2025-02-09,20:05:00,101,410,ITAGUAI,RJ,Atropelamento de Pedestre,Suicídio (presumido),Céu Claro,2025-02-09,20
2025-02-09,21:00:00,101,"426,2",ATILIO VIVACQUA,ES,Atropelamento de Pedestre,Pedestre andava na pista,Céu Claro,2025-02-09,21
2025-02-09,22:25:00,230,"89,7",SAO BENTO DO TOCANTINS,TO,Colisão traseira,Ausência de reação do condutor,Nublado,2025-02-09,22
2025-02-09,16:40:00,364,17,SAO SIMAO,GO,Saída de leito carroçável,Ausência de reação do condutor,Nublado,2025-02-09,16
2025-02-09,21:15:00,116,"806,5",ALEM PARAIBA,MG,Colisão traseira,Ingestão de álcool pelo condutor,Céu Claro,2025-02-09,21
2025-02-09,19:20:00,101,"48,1",ABREU E LIMA,PE,Colisão traseira,Ausência de reação do condutor,Céu Claro,2025-02-09,19
2025-02-09,21:50:00,60,79,ANAPOLIS,GO,Saída de leito carroçável,Reação tardia ou ineficiente do condutor,Céu Claro,2025-02-09,21
2025-02-09,21:50:00,101,52,TERRA DE AREIA,RS,Saída de leito carroçável,Ausência de reação do condutor,Céu Claro,2025-02-09,21
2025-02-09,19:50:00,262,"572,8",CORREGO DANTA,MG,Colisão frontal,Ingestão de álcool pelo condutor,Céu Claro,2025-02-09,19
2025-02-09,20:00:00,343,274,CAMPO MAIOR,PI,Atropelamento de Animal,Animais na Pista,Céu Claro,2025-02-09,20
2025-02-09,20:00:00,364,378,OURO PRETO DO OESTE,RO,Queda de ocupante de veículo,Pista esburacada,Céu Claro,2025-02-09,20
2025-02-09,18:45:00,232,213,PESQUEIRA,PE,Colisão frontal,Manobra de mudança de faixa,Céu Claro,2025-02-09,18
2025-02-09,22:50:00,376,644,TIJUCAS DO SUL,PR,Colisão frontal,Transitar na contramão,Céu Claro,2025-02-09,22
2025-02-09,23:00:00,493,26,MAGE,RJ,Queda de ocupante de veículo,Ausência de reação do condutor,Céu Claro,2025-02-09,23
2025-02-09,19:00:00,116,131,MAGE,RJ,Colisão frontal,Transitar na contramão,Céu Claro,2025-02-09,19
2025-02-09,21:15:00,316,196,ZE DOCA,MA,Colisão frontal,Ingestão de álcool pelo condutor,Chuva,2025-02-09,21
2025-02-09,22:40:00,364,221,RONDONOPOLIS,MT,Saída de leito carroçável,Ingestão de álcool pelo condutor,Chuva,2025-02-09,22
2025-02-10,00:10:00,116,221,GUARULHOS,SP,Colisão lateral mesmo sentido,Trafegar com motocicleta (ou similar) entre as faixas,Céu Claro,2025-02-10,0
2025-02-10,00:25:00,116,220,GUARULHOS,SP,Colisão traseira,Demais falhas mecânicas ou elétricas,Ignorado,2025-02-10,0
2025-02-09,23:00:00,116,"58,3",PAPANDUVA,SC,Saída de leito carroçável,Velocidade Incompatível,Céu Claro,2025-02-09,23
2025-02-09,22:50:00,262,239,RIBAS DO RIO PARDO,MS,Colisão traseira,Ausência de reação do condutor,Céu Claro,2025-02-09,22
2025-02-10,00:40:00,116,211,GUARULHOS,SP,Colisão traseira,Reação tardia ou ineficiente do condutor,Céu Claro,2025-02-10,0
2025-02-10,00:30:00,367,38,PORTO SEGURO,BA,Saída de leito carroçável,Velocidade Incompatível,Ignorado,2025-02-10,0
2025-02-09,14:50:00,101,306,SAO GONCALO,RJ,Atropelamento de Pedestre,Pedestre cruzava a pista fora da faixa,Chuva,2025-02-09,14
2025-02-09,19:50:00,277,207,PALMEIRA,PR,Colisão com objeto,Ausência de reação do condutor,Céu Claro,2025-02-09,19
2025-02-10,01:10:00,116,204,ARUJA,SP,Colisão com objeto,Reação tardia ou ineficiente do condutor,Vento,2025-02-10,1
2025-02-09,22:00:00,153,"353,4",REBOUCAS,PR,Saída de leito carroçável,Velocidade Incompatível,Céu Claro,2025-02-09,22
2025-02-09,23:45:00,116,263,CANOAS,RS,Colisão com objeto,Manobra de mudança de faixa,Céu Claro,2025-02-09,23
2025-02-09,20:45:00,282,437,VARGEM BONITA,SC,Saída de leito carroçável,Condutor Dormindo,Céu Claro,2025-02-09,20
2025-02-10,01:00:00,153,"463,1",PORTO VITORIA,PR,Saída de leito carroçável,Condutor Dormindo,Nublado,2025-02-10,1
2025-02-10,01:00:00,272,"434,4",GOIOERE,PR,Colisão com objeto,Ausência de reação do condutor,Céu Claro,2025-02-10,1
2025-02-09,23:00:00,70,0,BARRA DO GARCAS,MT,Saída de leito carroçável,Ultrapassagem Indevida,Chuva,2025-02-09,23