data_inversa,horario,br,km,municipio,uf,tipo_acidente,causa_acidente,condicao_metereologica,data,hora
2025-02-10,02:20:00,101,367,ICARA,SC,Saída de leito carroçável,Reação tardia ou ineficiente do condutor,Céu Claro,2025-02-10,2
2025-02-10,05:00:00,163,"160,9",LINDOESTE,PR,Capotamento,Condutor Dormindo,Céu Claro,2025-02-10,5
2025-02-10,05:25:00,101,"72,6",SANTA RITA,PB,Colisão com objeto,Ausência de reação do condutor,Céu Claro,2025-02-10,5
2025-02-10,06:20:00,116,"218,7",GUARULHOS,SP,Colisão lateral mesmo sentido,Reação tardia ou ineficiente do condutor,Céu Claro,2025-02-10,6
2025-02-10,06:20:00,101,323,NITEROI,RJ,Colisão traseira,Condutor deixou de manter distância do veículo da frente,Céu Claro,2025-02-10,6
2025-02-10,06:00:00,40,3,BRASILIA,DF,Colisão traseira,Manobra de mudança de faixa,Céu Claro,2025-02-10,6
2025-02-09,22:50:00,364,551,ROSARIO OESTE,MT,Saída de leito carroçável,Reação tardia ou ineficiente do condutor,Nublado,2025-02-09,22
2025-02-10,06:50:00,101,14,GOIANA,PE,Colisão lateral sentido oposto,Acesso irregular,Céu Claro,2025-02-10,6
2025-02-10,07:20:00,40,735,SANTOS DUMONT,MG,Saída de leito carroçável,Velocidade Incompatível,Céu Claro,2025-02-10,7
2025-02-10,06:25:00,364,585,DIAMANTINO,MT,Saída de leito carroçável,Chuva,Chuva,2025-02-10,6
2025-02-10,07:10:00,277,323,GUARAPUAVA,PR,Engavetamento,Frear bruscamente,Céu Claro,2025-02-10,7
2025-02-10,07:35:00,101,67,SANTA RITA,PB,Colisão com objeto,Condutor Dormindo,Céu Claro,2025-02-10,7
2025-02-10,02:00:00,364,343,JI-PARANA,RO,Colisão traseira,Ausência de reação do condutor,Céu Claro,2025-02-10,2
2025-02-10,07:10:00,116,"816,4",ALEM PARAIBA,MG,Colisão transversal,Acessar a via sem observar a presença dos outros veículos,Céu Claro,2025-02-10,7
2025-02-10,07:30:00,104,71,MURICI,AL,Incêndio,Demais falhas mecânicas ou elétricas,Céu Claro,2025-02-10,7
2025-02-10,08:10:00,324,619,SALVADOR,BA,Colisão traseira,Manobra de mudança de faixa,Céu Claro,2025-02-10,8
2025-02-10,07:25:00,290,88,PORTO ALEGRE,RS,Colisão traseira,Condutor deixou de manter distância do veículo da frente,Céu Claro,2025-02-10,7
2025-02-10,06:50:00,60,628,JARDIM,MS,Tombamento,Animais na Pista,Céu Claro,2025-02-10,6
2025-02-10,07:30:00,116,"700,4",MURIAE,MG,Colisão transversal,Conversão proibida,Nublado,2025-02-10,7
2025-02-10,07:40:00,101,325,RIO DE JANEIRO,RJ,Colisão traseira,Ausência de reação do condutor,Céu Claro,2025-02-10,7
2025-02-10,07:00:00,230,308,FLORIANO,PI,Colisão transversal,Conversão proibida,Céu Claro,2025-02-10,7
2025-02-09,23:15:00,101,271,IMBITUBA,SC,Colisão frontal,Velocidade Incompatível,Céu Claro,2025-02-09,23
2025-02-10,09:15:00,386,410,TRIUNFO,RS,Saída de leito carroçável,Mal súbito do condutor,Céu Claro,2025-02-10,9
2025-02-10,07:10:00,40,116,DUQUE DE CAXIAS,RJ,Queda de ocupante de veículo,Reação tardia ou ineficiente do condutor,Céu Claro,2025-02-10,7
2025-01-28,15:10:00,316,"235,6",BOM JARDIM,MA,Colisão transversal,Conversão proibida,Céu Claro,2025-01-28,15
2025-02-10,09:20:00,101,"356,9",JAGUARUNA,SC,Saída de leito carroçável,Acumulo de areia ou detritos sobre o pavimento,Céu Claro,2025-02-10,9
2025-02-10,09:20:00,116,58,LORENA,SP,Colisão traseira,Condutor deixou de manter distância do veículo da frente,Céu Claro,2025-02-10,9
2025-02-10,06:50:00,40,67,PETROPOLIS,RJ,Colisão traseira,Reação tardia ou ineficiente do condutor,Céu Claro,2025-02-10,6
2025-02-10,09:35:00,101,"416,8",ARARANGUA,SC,Colisão traseira,Condutor deixou de manter distância do veículo da frente,Sol,2025-02-10,9
2025-02-10,10:00:00,101,151,ITAPEMA,SC,Engavetamento,Reação tardia ou ineficiente do condutor,Sol,2025-02-10,10
2025-02-10,10:32:00,101,94,NATAL,RN,Colisão traseira,Condutor deixou de manter distância do veículo da frente,Céu Claro,2025-02-10,10
2025-02-10,10:50:00,116,22,AQUIRAZ,CE,Colisão transversal,Acessar a via sem observar a presença dos outros veículos,Céu Claro,2025-02-10,10
2025-02-10,07:10:00,470,2,NAVEGANTES,SC,Colisão transversal,Acessar a via sem observar a presença dos outros veículos,Céu Claro,2025-02-10,7
2025-01-18,01:55:00,290,79,CACHOEIRINHA,RS,Colisão traseira,Ingestão de álcool pelo condutor,Céu Claro,2025-01-18,1
2025-02-10,12:00:00,386,389,TRIUNFO,RS,Colisão traseira,Manobra de mudança de faixa,Céu Claro,2025-02-10,12
2025-02-05,12:00:00,50,81,UBERLANDIA,MG,Colisão lateral mesmo sentido,Ultrapassagem Indevida,Céu Claro,2025-02-05,12
2025-02-10,12:09:00,101,94,NATAL,RN,Tombamento,Acumulo de areia ou detritos sobre o pavimento,Céu Claro,2025-02-10,12
2025-02-10,11:25:00,101,"203,1",SAO SEBASTIAO,AL,Queda de ocupante de veículo,Velocidade Incompatível,Sol,2025-02-10,11
2025-02-10,12:30:00,101,"319,7",VILA VELHA,ES,Tombamento,Demais falhas mecânicas ou elétricas,Céu Claro,2025-02-10,12
2025-02-10,12:50:00,386,397,TRIUNFO,RS,Tombamento,Demais falhas mecânicas ou elétricas,Sol,2025-02-10,12
2025-02-10,11:00:00,40,120,DUQUE DE CAXIAS,RJ,Colisão lateral mesmo sentido,Acessar a via sem observar a presença dos outros veículos,Céu Claro,2025-02-10,11
2025-02-10,13:00:00,381,362,JOAO MONLEVADE,MG,Colisão transversal,Retorno proibido,Céu Claro,2025-02-10,13
2025-02-10,13:00:00,116,652,JEQUIE,BA,Colisão transversal,Acesso irregular,Nublado,2025-02-10,13
2025-02-10,12:49:00,101,57,PAULISTA,PE,Colisão traseira,Condutor deixou de manter distância do veículo da frente,Céu Claro,2025-02-10,12
2025-02-10,11:00:00,101,450,MANGARATIBA,RJ,Tombamento,Reação tardia ou ineficiente do condutor,Sol,2025-02-10,11
2025-02-10,11:50:00,376,301,MAUA DA SERRA,PR,Colisão traseira,Ausência de reação do condutor,Céu Claro,2025-02-10,11
2025-01-17,19:25:00,158,"532,8",PATO BRANCO,PR,Colisão transversal,Desrespeitar a preferência no cruzamento,Céu Claro,2025-01-17,19
2025-02-10,14:15:00,101,"68,7",RECIFE,PE,Queda de ocupante de veículo,Reação tardia ou ineficiente do condutor,Sol,2025-02-10,14
2025-02-09,17:00:00,316,619,TIMON,MA,Colisão traseira,Ausência de reação do condutor,Nublado,2025-02-09,17
2025-02-10,11:00:00,153,341,GUARAI,TO,Saída de leito carroçável,Ausência de reação do condutor,Céu Claro,2025-02-10,11
2025-02-10,12:10:00,116,"240,8",PIRAI,RJ,Atropelamento de Pedestre,Reação tardia ou ineficiente do condutor,Sol,2025-02-10,12
2025-02-10,15:00:00,116,236,NOVO HAMBURGO,RS,Queda de ocupante de veículo,Demais falhas mecânicas ou elétricas,Céu Claro,2025-02-10,15
2025-02-10,11:40:00,356,148,CAMPOS DOS GOYTACAZES,RJ,Colisão com objeto,Velocidade Incompatível,Céu Claro,2025-02-10,11
2025-02-10,14:50:00,476,"152,2",ARAUCARIA,PR,Tombamento,Acostamento em desnível,Sol,2025-02-10,14
2025-02-10,14:20:00,50,145,UBERABA,MG,Colisão com objeto,Ausência de reação do condutor,Nublado,2025-02-10,14
2025-02-10,15:15:00,386,413,MONTENEGRO,RS,Colisão transversal,Retorno proibido,Céu Claro,2025-02-10,15
2025-02-10,06:25:00,135,46,BACABEIRA,MA,Incêndio,Demais falhas mecânicas ou elétricas,Céu Claro,2025-02-10,6
2025-02-10,14:00:00,230,612,HUMAITA,AM,Colisão transversal,Acessar a via sem observar a presença dos outros veículos,Céu Claro,2025-02-10,14
2025-02-10,10:45:00,101,305,SAO GONCALO,RJ,Engavetamento,Condutor deixou de manter distância do veículo da frente,Céu Claro,2025-02-10,10
2025-02-10,15:20:00,262,115,RIO CASCA,MG,Saída de leito carroçável,Condutor Dormindo,Nublado,2025-02-10,15
2025-02-10,13:30:00,262,"797,2",UBERABA,MG,Colisão frontal,Ultrapassagem Indevida,Sol,2025-02-10,13
2025-02-10,02:35:00,290,94,PORTO ALEGRE,RS,Colisão lateral mesmo sentido,Manobra de mudança de faixa,Céu Claro,2025-02-10,2
2025-02-10,16:20:00,230,"313,3",SAO MAMEDE,PB,Colisão traseira,Condutor deixou de manter distância do veículo da frente,Céu Claro,2025-02-10,16
2025-02-10,16:30:00,101,"214,5",PALHOCA,SC,Queda de ocupante de veículo,Trafegar com motocicleta (ou similar) entre as faixas,Céu Claro,2025-02-10,16
2025-02-10,15:30:00,381,"886,7",CAMBUI,MG,Saída de leito carroçável,Condutor Dormindo,Céu Claro,2025-02-10,15
2025-02-10,15:15:00,40,506,RIBEIRAO DAS NEVES,MG,Colisão traseira,Transitar no Acostamento,Céu Claro,2025-02-10,15
2025-02-10,13:20:00,101,25,UBATUBA,SP,Colisão frontal,Transitar na contramão,Céu Claro,2025-02-10,13
2025-02-10,15:40:00,153,"18,7",JACAREZINHO,PR,Colisão transversal,Acesso irregular,Céu Claro,2025-02-10,15
2025-02-10,17:00:00,101,66,CAMPOS DOS GOYTACAZES,RJ,Colisão transversal,Acessar a via sem observar a presença dos outros veículos,Céu Claro,2025-02-10,17
2025-02-10,17:00:00,277,730,FOZ DO IGUACU,PR,Engavetamento,Ingestão de álcool pelo condutor,Céu Claro,2025-02-10,17
2025-02-10,18:00:00,470,140,RIO DO SUL,SC,Colisão lateral mesmo sentido,Trafegar com motocicleta (ou similar) entre as faixas,Sol,2025-02-10,18
2025-02-10,17:50:00,101,505,ITABUNA,BA,Colisão transversal,Acessar a via sem observar a presença dos outros veículos,Céu Claro,2025-02-10,17
2025-02-10,16:45:00,287,"339,2",SAO VICENTE DO SUL,RS,Colisão frontal,Condutor Dormindo,Sol,2025-02-10,16
2025-02-10,17:20:00,101,310,SAO GONCALO,RJ,Colisão traseira,Reação tardia ou ineficiente do condutor,Céu Claro,2025-02-10,17
2025-02-10,18:08:00,10,457,PALMAS,TO,Colisão traseira,Ausência de reação do condutor,Céu Claro,2025-02-10,18
2025-02-10,17:45:00,280,"67,3",JARAGUA DO SUL,SC,Colisão transversal,Desrespeitar a preferência no cruzamento,Céu Claro,2025-02-10,17
2025-02-10,17:50:00,101,"207,5",SAO JOSE,SC,Colisão traseira,Trafegar com motocicleta (ou similar) entre as faixas,Céu Claro,2025-02-10,17
2025-02-10,14:10:00,364,14,VILHENA,RO,Colisão traseira,Ausência de reação do condutor,Nublado,2025-02-10,14
2025-02-10,18:00:00,101,132,CAMBORIU,SC,Colisão transversal,Conversão proibida,Céu Claro,2025-02-10,18
2025-02-10,17:30:00,153,183,LINS,SP,Colisão transversal,Acessar a via sem observar a presença dos outros veículos,Sol,2025-02-10,17
2025-02-10,18:40:00,60,116,TEREZOPOLIS DE GOIAS,GO,Saída de leito carroçável,Avarias e/ou desgaste excessivo no pneu,Chuva,2025-02-10,18
2025-02-10,18:50:00,101,"322,8",NITEROI,RJ,Colisão lateral mesmo sentido,Manobra de mudança de faixa,Céu Claro,2025-02-10,18
2025-02-10,17:00:00,101,71,RECIFE,PE,Colisão traseira,Ausência de reação do condutor,Céu Claro,2025-02-10,17
2025-02-10,18:30:00,232,"7,9",RECIFE,PE,Saída de leito carroçável,Iluminação deficiente,Céu Claro,2025-02-10,18
2025-02-10,18:20:00,101,117,ITAJAI,SC,Colisão lateral mesmo sentido,Ausência de reação do condutor,Nublado,2025-02-10,18
2025-02-10,17:10:00,101,451,MANGARATIBA,RJ,Colisão lateral mesmo sentido,Ultrapassagem Indevida,Céu Claro,2025-02-10,17
2025-02-10,18:30:00,101,"84,3",SAO GONCALO DO AMARANTE,RN,Atropelamento de Pedestre,Pedestre cruzava a pista fora da faixa,Céu Claro,2025-02-10,18
2025-02-10,18:50:00,101,"210,1",SAO JOSE,SC,Colisão traseira,Condutor deixou de manter distância do veículo da frente,Céu Claro,2025-02-10,18
2025-02-10,17:45:00,282,"0,9",FLORIANOPOLIS,SC,Colisão traseira,Condutor deixou de manter distância do veículo da frente,Céu Claro,2025-02-10,17
2025-02-10,18:10:00,343,"326,9",TERESINA,PI,Colisão com objeto,Objeto estático sobre o leito carroçável,Céu Claro,2025-02-10,18
2025-01-21,23:20:00,262,442,NOVA SERRANA,MG,Colisão transversal,Desrespeitar a preferência no cruzamento,Ignorado,2025-01-21,23
2025-02-10,19:10:00,116,15,COLOMBO,PR,Colisão traseira,Reação tardia ou ineficiente do condutor,Céu Claro,2025-02-10,19
2025-02-10,18:10:00,376,16,MARINGA,PR,Queda de ocupante de veículo,Avarias e/ou desgaste excessivo no pneu,Céu Claro,2025-02-10,18
2025-02-10,19:00:00,116,"15,9",COLOMBO,PR,Atropelamento de Animal,Animais na Pista,Céu Claro,2025-02-10,19
2025-02-10,19:15:00,110,"47,7",MOSSORO,RN,Colisão frontal,Transitar no Acostamento,Céu Claro,2025-02-10,19
2025-02-10,18:45:00,116,320,JUQUITIBA,SP,Atropelamento de Pedestre,Ausência de reação do condutor,Nublado,2025-02-10,18
2025-02-10,18:30:00,40,"42,8",LUZIANIA,GO,Capotamento,Reação tardia ou ineficiente do condutor,Céu Claro,2025-02-10,18
2025-02-10,19:15:00,101,416,ARARANGUA,SC,Atropelamento de Pedestre,Reação tardia ou ineficiente do condutor,Céu Claro,2025-02-10,19
2025-02-10,19:00:00,407,121,PETROLINA,PE,Colisão com objeto,Ausência de sinalização,Chuva,2025-02-10,19
2025-02-10,17:39:00,80,165,VILA PROPICIO,GO,Capotamento,Velocidade Incompatível,Céu Claro,2025-02-10,17
2025-02-10,18:50:00,158,457,RIBEIRAO CASCALHEIRA,MT,Saída de leito carroçável,Ausência de reação do condutor,Chuva,2025-02-10,18
2025-01-05,09:00:00,101,"19,4",RIO REAL,BA,Saída de leito carroçável,Ausência de reação do condutor,Céu Claro,2025-01-05,9
2025-02-10,09:35:00,40,"638,1",CONSELHEIRO LAFAIETE,MG,Saída de leito carroçável,Velocidade Incompatível,Céu Claro,2025-02-10,9
2025-02-10,18:30:00,459,20,CALDAS,MG,Atropelamento de Pedestre,Entrada inopinada do pedestre,Céu Claro,2025-02-10,18
2025-02-10,19:00:00,116,"153,5",CAXIAS DO SUL,RS,Colisão lateral mesmo sentido,Manobra de mudança de faixa,Céu Claro,2025-02-10,19
2025-02-10,18:30:00,70,380,CAMPO VERDE,MT,Colisão transversal,Reação tardia ou ineficiente do condutor,Ignorado,2025-02-10,18
2025-02-10,18:15:00,116,144,SAO JOSE DOS CAMPOS,SP,Colisão transversal,Ausência de reação do condutor,Céu Claro,2025-02-10,18
2025-02-10,18:15:00,163,1030,PEIXOTO DE AZEVEDO,MT,Atropelamento de Pedestre,Reação tardia ou ineficiente do condutor,Vento,2025-02-10,18
2025-02-10,07:00:00,101,151,ESTANCIA,SE,Colisão transversal,Conversão proibida,Céu Claro,2025-02-10,7
2025-02-10,11:25:00,428,188,PETROLINA,PE,Colisão transversal,Acessar a via sem observar a presença dos outros veículos,Céu Claro,2025-02-10,11
2025-02-10,07:00:00,40,117,DUQUE DE CAXIAS,RJ,Colisão traseira,Reação tardia ou ineficiente do condutor,Céu Claro,2025-02-10,7
2025-02-10,21:20:00,324,518,FEIRA DE SANTANA,BA,Colisão transversal,Ingestão de álcool pelo condutor,Céu Claro,2025-02-10,21
2025-02-10,17:20:00,282,"28,8",SANTO AMARO DA IMPERATRIZ,SC,Colisão traseira,Reação tardia ou ineficiente do condutor,Céu Claro,2025-02-10,17
2025-02-10,17:40:00,101,504,ANGRA DOS REIS,RJ,Colisão traseira,Condutor deixou de manter distância do veículo da frente,Nublado,2025-02-10,17
2025-02-10,17:35:00,369,139,IBIPORA,PR,Colisão traseira,Condutor deixou de manter distância do veículo da frente,Céu Claro,2025-02-10,17
2025-01-13,22:55:00,101,"199,4",SAO JOSE,SC,Colisão lateral mesmo sentido,Acessar a via sem observar a presença dos outros veículos,Céu Claro,2025-01-13,22
2025-02-10,20:50:00,272,419,JANIOPOLIS,PR,Incêndio,Demais falhas mecânicas ou elétricas,Céu Claro,2025-02-10,20
2025-02-10,20:45:00,116,"271,3",VOLTA REDONDA,RJ,Colisão lateral mesmo sentido,Reação tardia ou ineficiente do condutor,Céu Claro,2025-02-10,20
2025-02-10,21:30:00,471,153,SANTA CRUZ DO SUL,RS,Atropelamento de Animal,Animais na Pista,Céu Claro,2025-02-10,21
2025-02-10,23:06:00,116,223,GUARULHOS,SP,Tombamento,Falta de elemento de contenção que evite a saída do leito carroçável,Céu Claro,2025-02-10,23
2025-02-10,22:20:00,116,10,VITORIA DA CONQUISTA,BA,Tombamento,Ausência de reação do condutor,Nublado,2025-02-10,22
2025-02-10,21:10:00,381,4,VARGEM,SP,Colisão lateral mesmo sentido,Ausência de reação do condutor,Céu Claro,2025-02-10,21
2025-02-10,20:45:00,40,698,BARBACENA,MG,Tombamento,Ausência de reação do condutor,Céu Claro,2025-02-10,20
2025-02-10,20:30:00,163,687,LUCAS DO RIO VERDE,MT,Colisão transversal,Acessar a via sem observar a presença dos outros veículos,Céu Claro,2025-02-10,20
2025-02-11,00:15:00,376,651,TIJUCAS DO SUL,PR,Tombamento,Reação tardia ou ineficiente do condutor,Céu Claro,2025-02-11,0
2025-02-10,23:40:00,40,532,BELO HORIZONTE,MG,Colisão com objeto,Ausência de reação do condutor,Céu Claro,2025-02-10,23
2025-02-11,00:15:00,304,27,MOSSORO,RN,Colisão frontal,Condutor Dormindo,Céu Claro,2025-02-11,0
2025-02-10,23:11:00,135,12,SAO LUIS,MA,Saída de leito carroçável,Condutor Dormindo,Chuva,2025-02-10,23
2025-01-05,14:30:00,174,3,PONTES E LACERDA,MT,Colisão transversal,Condutor desrespeitou a iluminação vermelha do semáforo,Céu Claro,2025-01-05,14
2025-02-10,11:40:00,101,370,ICARA,SC,Colisão traseira,Reação tardia ou ineficiente do condutor,Céu Claro,2025-02-10,11
2025-02-11,01:36:00,364,"439,8",VARZEA GRANDE,MT,Atropelamento de Pedestre,Pedestre andava na pista,Chuva,2025-02-11,1
2025-02-10,18:00:00,364,14,VILHENA,RO,Colisão transversal,Acessar a via sem observar a presença dos outros veículos,Ignorado,2025-02-10,18
2025-02-10,15:30:00,116,38,CACHOEIRA PAULISTA,SP,Colisão traseira,Desvio temporário,Céu Claro,2025-02-10,15
2025-02-11,05:30:00,232,"5,4",RECIFE,PE,Colisão traseira,Condutor deixou de manter distância do veículo da frente,Sol,2025-02-11,5
2025-02-10,22:40:00,80,94,VILA PROPICIO,GO,Colisão lateral mesmo sentido,Acessar a via sem observar a presença dos outros veículos,Ignorado,2025-02-10,22
2025-02-11,03:30:00,101,557,ARATACA,BA,Capotamento,Ultrapassagem Indevida,Garoa/Chuvisco,2025-02-11,3
2025-01-29,22:00:00,230,"23,7",JOAO PESSOA,PB,Colisão traseira,Condutor deixou de manter distância do veículo da frente,Céu Claro,2025-01-29,22
2025-02-11,07:26:00,153,144,ARAGUAINA,TO,Colisão transversal,Desrespeitar a preferência no cruzamento,Céu Claro,2025-02-11,7
2025-02-11,07:30:00,116,169,RIO DE JANEIRO,RJ,Colisão traseira,Ausência de reação do condutor,Céu Claro,2025-02-11,7
2025-02-11,06:50:00,230,10,CABEDELO,PB,Tombamento,Ausência de reação do condutor,Ignorado,2025-02-11,6
2025-02-11,07:10:00,116,158,SAO JOSE DOS CAMPOS,SP,Colisão lateral mesmo sentido,Trafegar com motocicleta (ou similar) entre as faixas,Sol,2025-02-11,7
2025-02-11,07:15:00,381,484,BETIM,MG,Engavetamento,Reação tardia ou ineficiente do condutor,Céu Claro,2025-02-11,7
2025-02-11,07:40:00,116,7,FORTALEZA,CE,Colisão lateral mesmo sentido,Condutor deixou de manter distância do veículo da frente,Sol,2025-02-11,7
2025-02-11,07:10:00,40,"520,8",CONTAGEM,MG,Colisão transversal,Acessar a via sem observar a presença dos outros veículos,Céu Claro,2025-02-11,7
2025-02-11,08:30:00,101,118,ITAJAI,SC,Colisão lateral mesmo sentido,Manobra de mudança de faixa,Céu Claro,2025-02-11,8
2025-02-11,08:25:00,101,"285,2",CARIACICA,ES,Colisão traseira,Ausência de reação do condutor,Céu Claro,2025-02-11,8
2025-02-11,08:40:00,101,"212,9",PALHOCA,SC,Colisão lateral mesmo sentido,Reação tardia ou ineficiente do condutor,Céu Claro,2025-02-11,8
2025-02-10,19:00:00,324,381,GAVIAO,BA,Colisão lateral sentido oposto,Velocidade Incompatível,Céu Claro,2025-02-10,19
2025-02-11,08:30:00,232,11,JABOATAO DOS GUARARAPES,PE,Engavetamento,Condutor deixou de manter distância do veículo da frente,Céu Claro,2025-02-11,8
2025-02-11,09:15:00,101,104,PARNAMIRIM,RN,Colisão traseira,Ausência de sinalização,Céu Claro,2025-02-11,9
2025-02-11,08:35:00,277,705,SAO MIGUEL DO IGUACU,PR,Colisão traseira,Condutor deixou de manter distância do veículo da frente,Céu Claro,2025-02-11,8
2025-02-11,08:40:00,20,17,BRASILIA,DF,Tombamento,Reação tardia ou ineficiente do condutor,Céu Claro,2025-02-11,8
2025-02-11,07:10:00,153,172,CAMPINORTE,GO,Saída de leito carroçável,Acumulo de água sobre o pavimento,Chuva,2025-02-11,7
2025-02-11,08:45:00,364,372,OURO PRETO DO OESTE,RO,Colisão frontal,Ultrapassagem Indevida,Nublado,2025-02-11,8
2025-02-11,09:45:00,116,187,NOVA IGUACU,RJ,Colisão lateral mesmo sentido,Trafegar com motocicleta (ou similar) entre as faixas,Céu Claro,2025-02-11,9
2025-02-11,07:00:00,267,118,NOVA ANDRADINA,MS,Eventos atípicos,Acessar a via sem observar a presença dos outros veículos,Céu Claro,2025-02-11,7
2025-02-11,08:10:00,101,282,TANGUA,RJ,Queda de ocupante de veículo,Avarias e/ou desgaste excessivo no pneu,Sol,2025-02-11,8
2025-02-11,09:08:00,230,51,CRUZ DO ESPIRITO SANTO,PB,Colisão traseira,Condutor deixou de manter distância do veículo da frente,Céu Claro,2025-02-11,9
2025-02-07,23:00:00,381,53,MAIRIPORA,SP,Incêndio,Demais falhas mecânicas ou elétricas,Céu Claro,2025-02-07,23
2025-02-11,08:06:00,364,123,RIO BRANCO,AC,Colisão transversal,Acessar a via sem observar a presença dos outros veículos,Chuva,2025-02-11,8
2025-02-11,10:28:00,343,"0,9",TERESINA,PI,Colisão traseira,Reação tardia ou ineficiente do condutor,Céu Claro,2025-02-11,10
2025-02-11,08:22:00,277,494,GUARANIACU,PR,Colisão transversal,Desrespeitar a preferência no cruzamento,Céu Claro,2025-02-11,8
2025-01-01,11:00:00,70,"3,5",BRASILIA,DF,Colisão traseira,Transitar no Acostamento,Céu Claro,2025-01-01,11
2025-02-11,11:00:00,116,502,CAJATI,SP,Saída de leito carroçável,Reação tardia ou ineficiente do condutor,Céu Claro,2025-02-11,11
2025-01-10,19:35:00,470,54,BLUMENAU,SC,Capotamento,Ausência de reação do condutor,Céu Claro,2025-01-10,19
2025-02-11,08:15:00,381,934,EXTREMA,MG,Tombamento,Demais falhas mecânicas ou elétricas,Céu Claro,2025-02-11,8
2025-02-11,11:30:00,116,219,GUARULHOS,SP,Colisão traseira,Estacionar ou parar em local proibido,Céu Claro,2025-02-11,11
2025-02-11,11:10:00,163,41,PRANCHITA,PR,Colisão lateral sentido oposto,Acessar a via sem observar a presença dos outros veículos,Céu Claro,2025-02-11,11
2025-02-11,07:00:00,230,669,ALTAMIRA,PA,Saída de leito carroçável,Reação tardia ou ineficiente do condutor,Sol,2025-02-11,7
2025-02-11,09:40:00,40,"740,3",SANTOS DUMONT,MG,Colisão lateral mesmo sentido,Acesso irregular,Céu Claro,2025-02-11,9
2025-02-11,10:57:00,163,66,SAO MIGUEL DO OESTE,SC,Colisão transversal,Acessar a via sem observar a presença dos outros veículos,Céu Claro,2025-02-11,10
2025-02-11,08:30:00,101,"395,5",MARACAJA,SC,Incêndio,Demais falhas mecânicas ou elétricas,Céu Claro,2025-02-11,8
2025-02-11,12:25:00,101,"148,5",LINHARES,ES,Colisão transversal,Acessar a via sem observar a presença dos outros veículos,Chuva,2025-02-11,12
2025-02-11,09:40:00,60,183,CAMAPUA,MS,Saída de leito carroçável,Reação tardia ou ineficiente do condutor,Nublado,2025-02-11,9
2025-02-11,12:30:00,280,71,JARAGUA DO SUL,SC,Colisão transversal,Acessar a via sem observar a presença dos outros veículos,Céu Claro,2025-02-11,12
2025-02-11,09:40:00,101,142,MACAE,RJ,Colisão com objeto,Objeto estático sobre o leito carroçável,Céu Claro,2025-02-11,9
2025-02-11,12:00:00,230,"5,5",CABEDELO,PB,Colisão traseira,Velocidade Incompatível,Céu Claro,2025-02-11,12
2025-02-11,12:00:00,101,317,SAO GONCALO,RJ,Colisão traseira,Frear bruscamente,Céu Claro,2025-02-11,12
2025-02-11,13:25:00,285,293,PASSO FUNDO,RS,Colisão lateral mesmo sentido,Acessar a via sem observar a presença dos outros veículos,Céu Claro,2025-02-11,13
2025-02-11,13:00:00,369,"186,7",ARAPONGAS,PR,Colisão traseira,Condutor deixou de manter distância do veículo da frente,Céu Claro,2025-02-11,13
2025-02-11,13:10:00,153,"638,2",ALIANCA DO TOCANTINS,TO,Colisão com objeto,Pista Escorregadia,Chuva,2025-02-11,13
2025-02-11,11:00:00,262,"135,2",BREJETUBA,ES,Saída de leito carroçável,Condutor Dormindo,Céu Claro,2025-02-11,11
2025-02-11,09:02:00,101,239,SILVA JARDIM,RJ,Queda de ocupante de veículo,Demais falhas mecânicas ou elétricas,Céu Claro,2025-02-11,9
2025-02-11,13:22:00,230,"20,8",JOAO PESSOA,PB,Colisão traseira,Ausência de reação do condutor,Céu Claro,2025-02-11,13
2025-02-11,13:40:00,116,472,SAO LOURENCO DO SUL,RS,Incêndio,Demais falhas mecânicas ou elétricas,Nublado,2025-02-11,13
2025-02-11,14:20:00,101,296,CARIACICA,ES,Queda de ocupante de veículo,Acumulo de areia ou detritos sobre o pavimento,Céu Claro,2025-02-11,14
2025-02-11,14:10:00,369,"186,7",ARAPONGAS,PR,Colisão com objeto,Condutor Dormindo,Céu Claro,2025-02-11,14
2025-02-11,13:30:00,40,107,DUQUE DE CAXIAS,RJ,Tombamento,Demais falhas mecânicas ou elétricas,Céu Claro,2025-02-11,13
2025-02-11,12:45:00,222,"120,2",ITAPAJE,CE,Queda de ocupante de veículo,Demais falhas na via,Céu Claro,2025-02-11,12
2025-02-11,12:40:00,40,16,CIDADE OCIDENTAL,GO,Saída de leito carroçável,Ausência de reação do condutor,Garoa/Chuvisco,2025-02-11,12
2025-02-11,14:45:00,116,173,SAO JOAO DE MERITI,RJ,Tombamento,Demais falhas mecânicas ou elétricas,Sol,2025-02-11,14
2025-02-11,14:10:00,101,"208,2",SAO JOSE,SC,Colisão lateral mesmo sentido,Manobra de mudança de faixa,Sol,2025-02-11,14
2025-02-11,13:30:00,40,532,BELO HORIZONTE,MG,Colisão lateral mesmo sentido,Manobra de mudança de faixa,Céu Claro,2025-02-11,13
2025-02-11,14:00:00,116,51,MEDINA,MG,Queda de ocupante de veículo,Avarias e/ou desgaste excessivo no pneu,Céu Claro,2025-02-11,14
2025-02-11,13:40:00,163,"68,8",SAO MIGUEL DO OESTE,SC,Colisão traseira,Condutor deixou de manter distância do veículo da frente,Céu Claro,2025-02-11,13
2025-02-11,15:35:00,101,321,NITEROI,RJ,Queda de ocupante de veículo,Velocidade Incompatível,Céu Claro,2025-02-11,15