data_inversa,horario,br,km,municipio,uf,tipo_acidente,causa_acidente,condicao_metereologica,data,hora
2025-02-13,07:48:00,153,"72,3",SAO JOSE DO RIO PRETO,SP,Colisão traseira,Reação tardia ou ineficiente do condutor,Nublado,2025-02-13,7
2025-02-13,07:50:00,381,754,TRES CORACOES,MG,Eventos atípicos,Carga excessiva e/ou mal acondicionada,Céu Claro,2025-02-13,7
2025-02-13,08:00:00,116,193,QUEIMADOS,RJ,Colisão traseira,Avarias e/ou desgaste excessivo no pneu,Céu Claro,2025-02-13,8
2025-02-13,08:00:00,369,"147,1",LONDRINA,PR,Colisão traseira,Reação tardia ou ineficiente do condutor,Céu Claro,2025-02-13,8
2025-02-13,07:11:00,304,209,LAJES,RN,Colisão traseira,Reação tardia ou ineficiente do condutor,Céu Claro,2025-02-13,7
2025-02-13,08:00:00,469,17,FOZ DO IGUACU,PR,Colisão transversal,Ultrapassagem Indevida,Nublado,2025-02-13,8
2025-02-13,08:40:00,230,12,CABEDELO,PB,Colisão lateral mesmo sentido,Acessar a via sem observar a presença dos outros veículos,Céu Claro,2025-02-13,8
2025-02-13,08:00:00,324,621,SALVADOR,BA,Colisão traseira,Condutor deixou de manter distância do veículo da frente,Sol,2025-02-13,8
2025-02-13,07:35:00,386,265,CANOAS,RS,Colisão transversal,Acessar a via sem observar a presença dos outros veículos,Nublado,2025-02-13,7
2025-02-13,07:15:00,324,550,AMELIA RODRIGUES,BA,Colisão traseira,Condutor Dormindo,Céu Claro,2025-02-13,7
2025-01-20,08:00:00,316,243,ATALAIA,AL,Colisão transversal,Velocidade Incompatível,Céu Claro,2025-01-20,8
2025-02-13,09:15:00,40,"446,1",PARAOPEBA,MG,Tombamento,Velocidade Incompatível,Nublado,2025-02-13,9
2025-02-13,08:40:00,101,"92,8",BARRA VELHA,SC,Tombamento,Demais falhas mecânicas ou elétricas,Nublado,2025-02-13,8
2025-02-01,10:45:00,290,58,GLORINHA,RS,Colisão lateral mesmo sentido,Manobra de mudança de faixa,Céu Claro,2025-02-01,10
2025-02-13,06:20:00,101,"13,8",CEDRO DE SAO JOAO,SE,Colisão traseira,Ausência de reação do condutor,Céu Claro,2025-02-13,6
2025-02-13,09:29:00,226,"2,7",NATAL,RN,Colisão frontal,Ultrapassagem Indevida,Céu Claro,2025-02-13,9
2025-02-13,07:00:00,153,542,HIDROLANDIA,GO,Capotamento,Demais falhas na via,Céu Claro,2025-02-13,7
2025-02-13,10:13:00,316,17,TERESINA,PI,Colisão traseira,Condutor Dormindo,Céu Claro,2025-02-13,10
2025-02-13,11:10:00,10,"462,1",PALMAS,TO,Queda de ocupante de veículo,Avarias e/ou desgaste excessivo no pneu,Nublado,2025-02-13,11
2025-01-05,14:00:00,101,286,ITABORAI,RJ,Colisão com objeto,Ingestão de álcool pelo condutor,Céu Claro,2025-01-05,14
2025-02-13,09:30:00,235,15,NOSSA SENHORA DO SOCORRO,SE,Colisão traseira,Condutor usando celular,Céu Claro,2025-02-13,9
2025-02-13,09:35:00,135,1,SAO LUIS,MA,Colisão transversal,Reação tardia ou ineficiente do condutor,Céu Claro,2025-02-13,9
2025-02-03,17:05:00,232,75,GRAVATA,PE,Colisão traseira,Ausência de reação do condutor,Céu Claro,2025-02-03,17
2025-02-13,07:50:00,364,"416,5",JARU,RO,Colisão transversal,Acessar a via sem observar a presença dos outros veículos,Céu Claro,2025-02-13,7
2025-02-02,12:58:00,470,"54,6",BLUMENAU,SC,Colisão transversal,Acessar a via sem observar a presença dos outros veículos,Céu Claro,2025-02-02,12
2025-02-13,07:40:00,101,64,CAMPOS DOS GOYTACAZES,RJ,Queda de ocupante de veículo,Reação tardia ou ineficiente do condutor,Céu Claro,2025-02-13,7
2025-02-13,10:00:00,101,149,ITAPEMA,SC,Colisão traseira,Reação tardia ou ineficiente do condutor,Céu Claro,2025-02-13,10
2025-02-09,05:07:00,282,"524,2",XAXIM,SC,Colisão frontal,Ingestão de álcool pelo condutor,Céu Claro,2025-02-09,5
2025-02-13,11:50:00,386,"279,5",SAO JOSE DO HERVAL,RS,Saída de leito carroçável,Velocidade Incompatível,Garoa/Chuvisco,2025-02-13,11
2025-02-13,12:55:00,116,375,ICO,CE,Colisão transversal,Acessar a via sem observar a presença dos outros veículos,Céu Claro,2025-02-13,12
2025-02-13,13:05:00,101,"88,2",JOAO PESSOA,PB,Tombamento,Pista Escorregadia,Céu Claro,2025-02-13,13
2025-02-13,09:20:00,101,421,ARARANGUA,SC,Colisão traseira,Condutor deixou de manter distância do veículo da frente,Nublado,2025-02-13,9
2025-02-05,12:40:00,267,370,MARACAJU,MS,Colisão frontal,Ultrapassagem Indevida,Nublado,2025-02-05,12
2025-02-13,14:38:00,392,"1,1",RIO GRANDE,RS,Colisão lateral mesmo sentido,Ausência de reação do condutor,Céu Claro,2025-02-13,14
2025-02-13,14:10:00,101,530,ANGRA DOS REIS,RJ,Colisão transversal,Acessar a via sem observar a presença dos outros veículos,Céu Claro,2025-02-13,14
2025-02-13,15:00:00,101,43,UBATUBA,SP,Tombamento,Reação tardia ou ineficiente do condutor,Céu Claro,2025-02-13,15
2025-02-13,15:00:00,282,40,AGUAS MORNAS,SC,Colisão frontal,Acesso irregular,Garoa/Chuvisco,2025-02-13,15
2025-02-13,13:30:00,262,"37,7",MANHUACU,MG,Colisão transversal,Acessar a via sem observar a presença dos outros veículos,Céu Claro,2025-02-13,13
2025-02-13,15:10:00,381,490,BETIM,MG,Colisão traseira,Condutor deixou de manter distância do veículo da frente,Céu Claro,2025-02-13,15
2025-02-13,14:30:00,40,4,VALPARAISO DE GOIAS,GO,Colisão transversal,Ausência de reação do condutor,Céu Claro,2025-02-13,14
2025-02-13,15:50:00,101,59,CAMPOS DOS GOYTACAZES,RJ,Colisão transversal,Acessar a via sem observar a presença dos outros veículos,Céu Claro,2025-02-13,15
2025-02-13,16:00:00,381,493,BETIM,MG,Colisão traseira,Ausência de reação do condutor,Céu Claro,2025-02-13,16
2025-02-06,16:10:00,235,"59,3",ITABAIANA,SE,Colisão transversal,Manobra de mudança de faixa,Céu Claro,2025-02-06,16
2025-01-18,08:18:00,423,161,LAJEDO,PE,Colisão transversal,Acessar a via sem observar a presença dos outros veículos,Céu Claro,2025-01-18,8
2025-02-13,15:30:00,101,"121,2",ITAJAI,SC,Colisão traseira,Reação tardia ou ineficiente do condutor,Nublado,2025-02-13,15
2025-02-13,13:25:00,153,"352,9",JARAGUA,GO,Saída de leito carroçável,Avarias e/ou desgaste excessivo no pneu,Chuva,2025-02-13,13
2025-02-13,15:30:00,471,"174,4",RIO PARDO,RS,Colisão transversal,Desrespeitar a preferência no cruzamento,Nublado,2025-02-13,15
2025-02-11,10:00:00,10,114,PARAGOMINAS,PA,Saída de leito carroçável,Manobra de mudança de faixa,Céu Claro,2025-02-11,10
2025-02-13,17:20:00,101,72,CAMPOS DOS GOYTACAZES,RJ,Colisão lateral mesmo sentido,Acessar a via sem observar a presença dos outros veículos,Céu Claro,2025-02-13,17
2025-02-12,19:10:00,423,"22,3",SAO CAITANO,PE,Saída de leito carroçável,Reação tardia ou ineficiente do condutor,Céu Claro,2025-02-12,19
2025-02-13,17:15:00,290,91,PORTO ALEGRE,RS,Colisão transversal,Manobra de mudança de faixa,Nublado,2025-02-13,17
2025-02-13,16:15:00,104,"72,5",MESSIAS,AL,Colisão lateral sentido oposto,Ultrapassagem Indevida,Céu Claro,2025-02-13,16
2025-02-13,12:30:00,493,3,ITABORAI,RJ,Colisão transversal,Acesso irregular,Céu Claro,2025-02-13,12
2025-02-13,15:30:00,116,413,JUQUIA,SP,Incêndio,Demais falhas mecânicas ou elétricas,Garoa/Chuvisco,2025-02-13,15
2025-02-13,17:40:00,277,687,SAO MIGUEL DO IGUACU,PR,Colisão traseira,Frear bruscamente,Céu Claro,2025-02-13,17
2025-02-13,17:30:00,101,319,NITEROI,RJ,Colisão traseira,Condutor deixou de manter distância do veículo da frente,Céu Claro,2025-02-13,17
2025-02-13,17:40:00,381,500,BETIM,MG,Tombamento,Ausência de reação do condutor,Céu Claro,2025-02-13,17
2025-02-13,17:45:00,153,"498,8",GOIANIA,GO,Colisão transversal,Manobra de mudança de faixa,Nublado,2025-02-13,17
2025-02-13,17:30:00,70,7,BRASILIA,DF,Colisão lateral mesmo sentido,Manobra de mudança de faixa,Céu Claro,2025-02-13,17
2025-02-13,18:20:00,40,468,SETE LAGOAS,MG,Queda de ocupante de veículo,Demais falhas mecânicas ou elétricas,Céu Claro,2025-02-13,18
2025-02-13,14:30:00,101,319,SAO GONCALO,RJ,Tombamento,Reação tardia ou ineficiente do condutor,Céu Claro,2025-02-13,14
2025-02-13,16:00:00,101,311,SAO GONCALO,RJ,Engavetamento,Problema com o freio,Céu Claro,2025-02-13,16
2025-02-13,18:20:00,101,263,SERRA,ES,Queda de ocupante de veículo,Reação tardia ou ineficiente do condutor,Céu Claro,2025-02-13,18
2025-02-13,18:40:00,101,"103,4",BALNEARIO PICARRAS,SC,Tombamento,Manobra de mudança de faixa,Chuva,2025-02-13,18
2025-02-13,18:00:00,60,"64,2",ABADIANIA,GO,Colisão traseira,Animais na Pista,Céu Claro,2025-02-13,18
2025-01-28,17:10:00,70,11,BRASILIA,DF,Colisão lateral mesmo sentido,Acessar a via sem observar a presença dos outros veículos,Céu Claro,2025-01-28,17
2025-02-13,18:36:00,304,298,MACAIBA,RN,Tombamento,Iluminação deficiente,Céu Claro,2025-02-13,18
2025-02-13,18:40:00,232,"36,1",MORENO,PE,Atropelamento de Pedestre,Entrada inopinada do pedestre,Nublado,2025-02-13,18
2025-02-13,19:00:00,20,204,BOA VIAGEM,CE,Colisão transversal,Acessar a via sem observar a presença dos outros veículos,Céu Claro,2025-02-13,19
2025-02-13,19:45:00,50,184,UBERABA,MG,Tombamento,Reação tardia ou ineficiente do condutor,Céu Claro,2025-02-13,19
2025-02-13,18:30:00,364,204,RONDONOPOLIS,MT,Colisão transversal,Desrespeitar a preferência no cruzamento,Nublado,2025-02-13,18
2025-02-13,15:15:00,280,"26,8",ARAQUARI,SC,Colisão transversal,Transitar na contramão,Céu Claro,2025-02-13,15
2025-02-13,09:30:00,280,"31,2",ARAQUARI,SC,Colisão transversal,Acessar a via sem observar a presença dos outros veículos,Céu Claro,2025-02-13,9
2025-02-13,18:45:00,20,9,BRASILIA,DF,Colisão lateral mesmo sentido,Acessar a via sem observar a presença dos outros veículos,Céu Claro,2025-02-13,18
2025-02-13,17:30:00,40,"608,5",CONGONHAS,MG,Colisão transversal,Conversão proibida,Céu Claro,2025-02-13,17
2025-02-13,20:40:00,230,"13,5",CABEDELO,PB,Atropelamento de Pedestre,Pedestre cruzava a pista fora da faixa,Céu Claro,2025-02-13,20
2025-02-13,20:20:00,116,"408,7",GOVERNADOR VALADARES,MG,Colisão transversal,Acesso irregular,Céu Claro,2025-02-13,20
2025-02-13,21:00:00,70,8,BRASILIA,DF,Colisão lateral mesmo sentido,Manobra de mudança de faixa,Ignorado,2025-02-13,21
2025-02-13,21:00:00,232,7,RECIFE,PE,Queda de ocupante de veículo,Ingestão de álcool pelo condutor,Céu Claro,2025-02-13,21
2025-02-13,20:30:00,116,324,ITATIAIA,RJ,Colisão com objeto,Acumulo de água sobre o pavimento,Chuva,2025-02-13,20
2025-02-13,19:40:00,153,514,APARECIDA DE GOIANIA,GO,Colisão transversal,Acessar a via sem observar a presença dos outros veículos,Céu Claro,2025-02-13,19
2025-02-13,21:10:00,101,89,JOAO PESSOA,PB,Colisão lateral mesmo sentido,Reação tardia ou ineficiente do condutor,Céu Claro,2025-02-13,21
2025-02-13,21:00:00,280,"51,3",GUARAMIRIM,SC,Colisão traseira,Ausência de reação do condutor,Chuva,2025-02-13,21
2025-02-13,21:53:00,101,"136,4",BALNEARIO CAMBORIU,SC,Atropelamento de Pedestre,Manobra de mudança de faixa,Nublado,2025-02-13,21
2025-02-13,22:15:00,282,605,MARAVILHA,SC,Colisão lateral sentido oposto,Velocidade Incompatível,Céu Claro,2025-02-13,22
2025-02-13,16:30:00,280,23,ARAQUARI,SC,Atropelamento de Pedestre,Reação tardia ou ineficiente do condutor,Nublado,2025-02-13,16
2025-02-13,22:20:00,101,522,ANGRA DOS REIS,RJ,Colisão com objeto,Objeto estático sobre o leito carroçável,Chuva,2025-02-13,22
2025-02-13,18:20:00,493,"62,5",ITAGUAI,RJ,Capotamento,Velocidade Incompatível,Ignorado,2025-02-13,18
2025-02-13,21:40:00,101,350,JAGUARUNA,SC,Queda de ocupante de veículo,Chuva,Céu Claro,2025-02-13,21
2025-02-13,21:46:00,10,19,DOM ELISEU,PA,Queda de ocupante de veículo,Ausência de reação do condutor,Nublado,2025-02-13,21
2025-02-13,23:00:00,116,"89,5",PINDAMONHANGABA,SP,Colisão frontal,Animais na Pista,Nublado,2025-02-13,23
2025-02-13,22:00:00,116,549,SANTA BARBARA DO LESTE,MG,Colisão com objeto,Participar de racha,Céu Claro,2025-02-13,22
2025-02-14,00:30:00,324,595,CANDEIAS,BA,Queda de ocupante de veículo,Velocidade Incompatível,Céu Claro,2025-02-14,0
2025-02-14,01:00:00,153,249,COLINAS DO TOCANTINS,TO,Tombamento,Ingestão de álcool pelo condutor,Nublado,2025-02-14,1
2025-02-14,04:30:00,277,"584,4",CASCAVEL,PR,Colisão lateral mesmo sentido,Manobra de mudança de faixa,Céu Claro,2025-02-14,4
2025-02-13,19:45:00,448,16,CANOAS,RS,Incêndio,Demais falhas mecânicas ou elétricas,Nublado,2025-02-13,19
2025-02-13,21:10:00,376,"428,9",TIBAGI,PR,Saída de leito carroçável,Ausência de reação do condutor,Nublado,2025-02-13,21
2025-02-14,06:50:00,116,226,GUARULHOS,SP,Colisão lateral mesmo sentido,Reação tardia ou ineficiente do condutor,Céu Claro,2025-02-14,6
2025-02-14,05:30:00,116,282,EMBU DAS ARTES,SP,Queda de ocupante de veículo,Ausência de reação do condutor,Céu Claro,2025-02-14,5
2025-02-14,05:30:00,232,"49,7",VITORIA DE SANTO ANTAO,PE,Colisão traseira,Ausência de reação do condutor,Céu Claro,2025-02-14,5
2025-02-14,04:30:00,232,"49,7",VITORIA DE SANTO ANTAO,PE,Atropelamento de Animal,Animais na Pista,Céu Claro,2025-02-14,4
2025-02-14,07:20:00,101,"285,1",CARIACICA,ES,Colisão transversal,Acessar a via sem observar a presença dos outros veículos,Céu Claro,2025-02-14,7
2025-02-14,07:30:00,70,10,BRASILIA,DF,Colisão lateral mesmo sentido,Manobra de mudança de faixa,Céu Claro,2025-02-14,7
2025-02-14,07:40:00,232,"8,3",RECIFE,PE,Colisão transversal,Acessar a via sem observar a presença dos outros veículos,Sol,2025-02-14,7
2025-02-14,07:30:00,101,155,PORTO BELO,SC,Colisão traseira,Ultrapassagem Indevida,Céu Claro,2025-02-14,7
2025-02-14,06:50:00,364,426,JARU,RO,Colisão transversal,Desrespeitar a preferência no cruzamento,Chuva,2025-02-14,6
2025-02-14,07:30:00,393,283,VOLTA REDONDA,RJ,Colisão transversal,Desrespeitar a preferência no cruzamento,Céu Claro,2025-02-14,7
2025-02-14,07:45:00,101,"3,7",ARARANGUA,SC,Colisão transversal,Acessar a via sem observar a presença dos outros veículos,Nublado,2025-02-14,7
2025-02-14,06:20:00,116,"54,3",LORENA,SP,Tombamento,Reação tardia ou ineficiente do condutor,Céu Claro,2025-02-14,6
2025-02-14,07:50:00,354,"734,9",POUSO ALTO,MG,Colisão transversal,Acessar a via sem observar a presença dos outros veículos,Sol,2025-02-14,7
2025-02-14,07:40:00,101,70,RECIFE,PE,Colisão lateral mesmo sentido,Condutor deixou de manter distância do veículo da frente,Céu Claro,2025-02-14,7
2025-02-14,08:40:00,101,440,ITACARE,BA,Atropelamento de Pedestre,Transitar no Acostamento,Céu Claro,2025-02-14,8
2025-02-14,08:20:00,40,"604,2",CONGONHAS,MG,Colisão com objeto,Velocidade Incompatível,Sol,2025-02-14,8
2025-02-14,09:45:00,277,729,FOZ DO IGUACU,PR,Colisão lateral mesmo sentido,Manobra de mudança de faixa,Céu Claro,2025-02-14,9
2025-01-09,21:50:00,101,66,ARAQUARI,SC,Colisão com objeto,Objeto estático sobre o leito carroçável,Nublado,2025-01-09,21
2025-02-14,08:10:00,101,504,ANGRA DOS REIS,RJ,Colisão traseira,Ausência de reação do condutor,Sol,2025-02-14,8
2025-02-09,00:10:00,381,919,CAMANDUCAIA,MG,Colisão traseira,Reação tardia ou ineficiente do condutor,Céu Claro,2025-02-09,0
2025-02-07,05:31:00,365,532,ESTRELA DO SUL,MG,Saída de leito carroçável,Reação tardia ou ineficiente do condutor,Céu Claro,2025-02-07,5
2025-02-14,09:10:00,407,126,PETROLINA,PE,Colisão com objeto,Reação tardia ou ineficiente do condutor,Céu Claro,2025-02-14,9
2025-02-14,10:40:00,116,130,CACAPAVA,SP,Colisão traseira,Ausência de reação do condutor,Céu Claro,2025-02-14,10
2025-02-14,10:30:00,242,806,BARREIRAS,BA,Colisão frontal,Conversão proibida,Céu Claro,2025-02-14,10
2025-02-14,10:45:00,101,41,JOINVILLE,SC,Colisão traseira,Reação tardia ou ineficiente do condutor,Céu Claro,2025-02-14,10
2025-02-14,10:50:00,381,450,SABARA,MG,Colisão lateral mesmo sentido,Transitar no Acostamento,Céu Claro,2025-02-14,10
2025-02-14,10:20:00,232,24,MORENO,PE,Colisão traseira,Ausência de reação do condutor,Céu Claro,2025-02-14,10
2025-02-14,10:30:00,163,"491,2",CAMPO GRANDE,MS,Colisão traseira,Ausência de reação do condutor,Nublado,2025-02-14,10
2025-02-14,10:05:00,280,"80,6",CORUPA,SC,Tombamento,Ausência de reação do condutor,Céu Claro,2025-02-14,10
2025-02-14,10:30:00,282,524,XAXIM,SC,Colisão transversal,Acessar a via sem observar a presença dos outros veículos,Céu Claro,2025-02-14,10
2025-02-13,01:30:00,277,3,PARANAGUA,PR,Atropelamento de Pedestre,Entrada inopinada do pedestre,Chuva,2025-02-13,1
2025-02-14,11:45:00,282,"64,9",RANCHO QUEIMADO,SC,Saída de leito carroçável,Velocidade Incompatível,Nublado,2025-02-14,11
2025-02-14,11:30:00,259,"67,9",COLATINA,ES,Colisão lateral mesmo sentido,Ultrapassagem Indevida,Céu Claro,2025-02-14,11
2025-02-14,10:38:00,277,"520,7",GUARANIACU,PR,Colisão transversal,Acessar a via sem observar a presença dos outros veículos,Céu Claro,2025-02-14,10
2025-02-14,11:10:00,70,"24,6",BARRA DO GARCAS,MT,Saída de leito carroçável,Acostamento em desnível,Céu Claro,2025-02-14,11
2025-02-14,12:00:00,116,74,APARECIDA,SP,Tombamento,Ausência de reação do condutor,Céu Claro,2025-02-14,12
2025-02-14,06:20:00,369,"11,9",CAMBARA,PR,Tombamento,Reação tardia ou ineficiente do condutor,Nublado,2025-02-14,6
2025-02-14,11:20:00,101,123,ITAJAI,SC,Engavetamento,Ausência de reação do condutor,Céu Claro,2025-02-14,11
2025-02-14,12:45:00,277,"67,8",SAO JOSE DOS PINHAIS,PR,Colisão lateral mesmo sentido,Trafegar com motocicleta (ou similar) entre as faixas,Nublado,2025-02-14,12
2025-02-14,09:20:00,40,121,DUQUE DE CAXIAS,RJ,Colisão lateral mesmo sentido,Reação tardia ou ineficiente do condutor,Céu Claro,2025-02-14,9
2025-02-14,13:20:00,290,"11,6",OSORIO,RS,Saída de leito carroçável,Ausência de reação do condutor,Céu Claro,2025-02-14,13
2025-02-14,14:15:00,101,"80,1",SAO MATEUS,ES,Colisão traseira,Ultrapassagem Indevida,Sol,2025-02-14,14
2025-02-14,12:25:00,10,201,IPIXUNA DO PARA,PA,Colisão lateral sentido oposto,Manobra de mudança de faixa,Chuva,2025-02-14,12
2025-02-14,14:30:00,343,"339,8",TERESINA,PI,Colisão transversal,Acessar a via sem observar a presença dos outros veículos,Céu Claro,2025-02-14,14
2025-02-14,14:50:00,232,9,JABOATAO DOS GUARARAPES,PE,Colisão traseira,Condutor deixou de manter distância do veículo da frente,Céu Claro,2025-02-14,14
2025-02-14,14:30:00,101,"299,7",VIANA,ES,Atropelamento de Pedestre,Acessar a via sem observar a presença dos outros veículos,Céu Claro,2025-02-14,14
2025-02-14,14:00:00,116,300,SAO LOURENCO DA SERRA,SP,Saída de leito carroçável,Chuva,Chuva,2025-02-14,14
2025-02-14,15:40:00,259,"57,3",COLATINA,ES,Tombamento,Demais falhas mecânicas ou elétricas,Céu Claro,2025-02-14,15
2025-02-14,15:00:00,472,126,TRES DE MAIO,RS,Colisão frontal,Manobra de mudança de faixa,Céu Claro,2025-02-14,15
2025-02-14,15:15:00,290,80,PORTO ALEGRE,RS,Tombamento,Demais falhas mecânicas ou elétricas,Céu Claro,2025-02-14,15
2025-02-14,15:20:00,290,161,SAO JERONIMO,RS,Colisão transversal,Acessar a via sem observar a presença dos outros veículos,Céu Claro,2025-02-14,15
2025-02-14,14:50:00,277,38,MORRETES,PR,Colisão com objeto,Manobra de mudança de faixa,Nublado,2025-02-14,14
2025-02-14,15:55:00,101,"143,3",LINHARES,ES,Colisão lateral mesmo sentido,Trafegar com motocicleta (ou similar) entre as faixas,Céu Claro,2025-02-14,15
2025-02-14,15:55:00,101,"205,4",SAO JOSE,SC,Colisão traseira,Condutor deixou de manter distância do veículo da frente,Nublado,2025-02-14,15
2025-02-14,14:40:00,70,465,ARAGARCAS,GO,Colisão transversal,Acessar a via sem observar a presença dos outros veículos,Céu Claro,2025-02-14,14
2025-02-12,08:50:00,367,33,PORTO SEGURO,BA,Saída de leito carroçável,Avarias e/ou desgaste excessivo no pneu,Céu Claro,2025-02-12,8
2025-02-14,16:15:00,101,"33,4",ESPLANADA,BA,Colisão transversal,Conversão proibida,Céu Claro,2025-02-14,16
2025-02-14,16:05:00,324,583,CANDEIAS,BA,Colisão lateral mesmo sentido,Manobra de mudança de faixa,Céu Claro,2025-02-14,16
2025-02-14,15:50:00,101,293,CARIACICA,ES,Colisão lateral mesmo sentido,Conversão proibida,Céu Claro,2025-02-14,15
2025-02-14,16:28:00,153,"61,8",SAO JOSE DO RIO PRETO,SP,Tombamento,Frear bruscamente,Céu Claro,2025-02-14,16
2025-02-14,15:00:00,101,38,JOINVILLE,SC,Colisão transversal,Desrespeitar a preferência no cruzamento,Céu Claro,2025-02-14,15
2025-02-09,01:40:00,290,676,URUGUAIANA,RS,Atropelamento de Animal,Animais na Pista,Céu Claro,2025-02-09,1
2025-02-14,16:50:00,153,501,GOIANIA,GO,Colisão transversal,Manobra de mudança de faixa,Céu Claro,2025-02-14,16
2025-02-14,17:00:00,101,129,LINHARES,ES,Tombamento,Demais falhas mecânicas ou elétricas,Céu Claro,2025-02-14,17
2025-02-14,14:40:00,116,"816,8",VITORIA DA CONQUISTA,BA,Tombamento,Reação tardia ou ineficiente do condutor,Céu Claro,2025-02-14,14
2025-02-14,17:10:00,101,49,UBATUBA,SP,Colisão lateral mesmo sentido,Condutor deixou de manter distância do veículo da frente,Nublado,2025-02-14,17
2025-02-14,17:00:00,230,18,JOAO PESSOA,PB,Colisão traseira,Reação tardia ou ineficiente do condutor,Céu Claro,2025-02-14,17
2025-02-14,16:40:00,101,65,CAMPOS DOS GOYTACAZES,RJ,Colisão traseira,Retorno proibido,Céu Claro,2025-02-14,16
2025-02-14,16:15:00,101,295,ITABORAI,RJ,Colisão traseira,Condutor deixou de manter distância do veículo da frente,Nublado,2025-02-14,16
2025-02-14,17:00:00,230,"157,7",CAMPINA GRANDE,PB,Colisão transversal,Desrespeitar a preferência no cruzamento,Nublado,2025-02-14,17
2025-02-14,17:00:00,116,40,HORIZONTE,CE,Atropelamento de Pedestre,Entrada inopinada do pedestre,Céu Claro,2025-02-14,17
2025-02-14,16:15:00,476,143,CURITIBA,PR,Colisão lateral mesmo sentido,Trafegar com motocicleta (ou similar) entre as faixas,Chuva,2025-02-14,16
2025-02-14,15:00:00,277,"630,7",CEU AZUL,PR,Saída de leito carroçável,Velocidade Incompatível,Nublado,2025-02-14,15
2025-02-02,10:40:00,230,14,CABEDELO,PB,Colisão lateral mesmo sentido,Manobra de mudança de faixa,Céu Claro,2025-02-02,10
2025-02-14,17:15:00,20,18,BRASILIA,DF,Saída de leito carroçável,Avarias e/ou desgaste excessivo no pneu,Nublado,2025-02-14,17
2025-02-14,17:00:00,116,155,SAO JOSE DOS CAMPOS,SP,Tombamento,Reação tardia ou ineficiente do condutor,Chuva,2025-02-14,17
2025-02-14,17:30:00,290,"418,2",SAO GABRIEL,RS,Queda de ocupante de veículo,Desrespeitar a preferência no cruzamento,Céu Claro,2025-02-14,17
2025-01-30,15:49:00,381,"940,9",EXTREMA,MG,Saída de leito carroçável,Velocidade Incompatível,Chuva,2025-01-30,15
2025-02-14,17:30:00,101,162,TIJUCAS,SC,Colisão traseira,Condutor deixou de manter distância do veículo da frente,Céu Claro,2025-02-14,17
2025-02-14,18:00:00,101,"68,1",RECIFE,PE,Engavetamento,Condutor deixou de manter distância do veículo da frente,Céu Claro,2025-02-14,18
2025-02-14,18:10:00,232,"11,2",JABOATAO DOS GUARARAPES,PE,Atropelamento de Pedestre,Entrada inopinada do pedestre,Céu Claro,2025-02-14,18
2025-02-14,19:17:00,40,481,SETE LAGOAS,MG,Queda de ocupante de veículo,Afundamento ou ondulação no pavimento,Céu Claro,2025-02-14,19
2025-02-14,18:57:00,277,722,FOZ DO IGUACU,PR,Colisão traseira,Ausência de reação do condutor,Céu Claro,2025-02-14,18
2025-02-14,18:30:00,277,"74,7",SAO JOSE DOS PINHAIS,PR,Colisão lateral mesmo sentido,Trafegar com motocicleta (ou similar) entre as faixas,Nublado,2025-02-14,18
2025-02-14,19:15:00,280,"46,2",GUARAMIRIM,SC,Colisão lateral mesmo sentido,Acessar a via sem observar a presença dos outros veículos,Nublado,2025-02-14,19
2025-02-14,17:10:00,116,146,CAXIAS DO SUL,RS,Colisão transversal,Condutor desrespeitou a iluminação vermelha do semáforo,Céu Claro,2025-02-14,17
2025-02-14,17:46:00,222,670,ACAILANDIA,MA,Colisão lateral sentido oposto,Ultrapassagem Indevida,Céu Claro,2025-02-14,17
2025-02-14,18:10:00,40,116,DUQUE DE CAXIAS,RJ,Colisão traseira,Reação tardia ou ineficiente do condutor,Céu Claro,2025-02-14,18
2025-02-14,19:05:00,101,26,RIO TINTO,PB,Queda de ocupante de veículo,Reação tardia ou ineficiente do condutor,Céu Claro,2025-02-14,19
2025-02-14,19:03:00,381,921,CAMANDUCAIA,MG,Colisão com objeto,Velocidade Incompatível,Chuva,2025-02-14,19
2025-02-14,19:30:00,153,"79,9",BADY BASSITT,SP,Colisão traseira,Ausência de reação do condutor,Nublado,2025-02-14,19
2025-02-14,16:45:00,381,906,CAMBUI,MG,Saída de leito carroçável,Acumulo de água sobre o pavimento,Chuva,2025-02-14,16
2025-02-14,18:15:00,135,95,ITAPECURU MIRIM,MA,Colisão transversal,Acessar a via sem observar a presença dos outros veículos,Nublado,2025-02-14,18
2025-02-14,19:00:00,393,253,BARRA DO PIRAI,RJ,Incêndio,Demais falhas mecânicas ou elétricas,Céu Claro,2025-02-14,19
2025-02-14,17:50:00,230,"251,2",JUAZEIRINHO,PB,Colisão traseira,Condutor deixou de manter distância do veículo da frente,Nublado,2025-02-14,17
2025-02-14,17:45:00,163,831,SINOP,MT,Colisão lateral mesmo sentido,Reação tardia ou ineficiente do condutor,Céu Claro,2025-02-14,17
2025-02-14,20:00:00,101,308,VIANA,ES,Saída de leito carroçável,Reação tardia ou ineficiente do condutor,Céu Claro,2025-02-14,20
2025-02-14,20:15:00,116,"302,6",GUAIBA,RS,Colisão transversal,Acessar a via sem observar a presença dos outros veículos,Céu Claro,2025-02-14,20