data_inversa,horario,br,km,municipio,uf,tipo_acidente,causa_acidente,condicao_metereologica,data,hora
2025-02-14,19:45:00,277,82,CURITIBA,PR,Colisão traseira,Trafegar com motocicleta (ou similar) entre as faixas,Céu Claro,2025-02-14,19
2025-02-14,12:00:00,101,503,ANGRA DOS REIS,RJ,Colisão transversal,Acessar a via sem observar a presença dos outros veículos,Céu Claro,2025-02-14,12
2025-02-14,17:15:00,364,"162,9",PIMENTA BUENO,RO,Colisão traseira,Pista esburacada,Nublado,2025-02-14,17
2025-02-14,19:50:00,101,324,NITEROI,RJ,Colisão traseira,Condutor deixou de manter distância do veículo da frente,Céu Claro,2025-02-14,19
2025-02-14,19:20:00,493,23,MAGE,RJ,Colisão transversal,Acessar a via sem observar a presença dos outros veículos,Céu Claro,2025-02-14,19
2025-02-14,20:10:00,235,108,CARIRA,SE,Colisão frontal,Manobra de mudança de faixa,Céu Claro,2025-02-14,20
2025-02-14,20:40:00,153,468,MIRACEMA DO TOCANTINS,TO,Colisão frontal,Transitar na contramão,Céu Claro,2025-02-14,20
2025-02-14,17:00:00,262,753,SACRAMENTO,MG,Capotamento,Acumulo de água sobre o pavimento,Chuva,2025-02-14,17
2025-02-14,20:20:00,116,148,MANDIRITUBA,PR,Colisão transversal,Acessar a via sem observar a presença dos outros veículos,Nublado,2025-02-14,20
2025-02-14,19:00:00,470,"123,1",IBIRAMA,SC,Queda de ocupante de veículo,Ingestão de álcool pelo condutor,Céu Claro,2025-02-14,19
2025-02-14,18:50:00,401,12,BOA VISTA,RR,Colisão transversal,Acessar a via sem observar a presença dos outros veículos,Céu Claro,2025-02-14,18
2025-02-14,20:55:00,116,170,RIO DE JANEIRO,RJ,Queda de ocupante de veículo,Objeto estático sobre o leito carroçável,Céu Claro,2025-02-14,20
2025-02-14,20:25:00,158,"470,4",ROSARIO DO SUL,RS,Incêndio,Demais falhas mecânicas ou elétricas,Céu Claro,2025-02-14,20
2025-02-14,18:20:00,116,816,VITORIA DA CONQUISTA,BA,Colisão transversal,Acessar a via sem observar a presença dos outros veículos,Nublado,2025-02-14,18
2025-02-14,21:30:00,153,"436,5",ANAPOLIS,GO,Colisão traseira,Condutor deixou de manter distância do veículo da frente,Nublado,2025-02-14,21
2025-02-14,08:45:00,101,121,ITAJAI,SC,Queda de ocupante de veículo,Reação tardia ou ineficiente do condutor,Céu Claro,2025-02-14,8
2025-02-14,20:00:00,316,346,FRANCISCO SANTOS,PI,Colisão frontal,Ultrapassagem Indevida,Céu Claro,2025-02-14,20
2025-02-14,19:45:00,101,118,ITAJAI,SC,Colisão transversal,Desrespeitar a preferência no cruzamento,Céu Claro,2025-02-14,19
2025-02-14,21:50:00,153,491,GOIANIA,GO,Colisão traseira,Reação tardia ou ineficiente do condutor,Chuva,2025-02-14,21
2025-02-06,07:40:00,153,"58,2",SAO JOSE DO RIO PRETO,SP,Tombamento,Afundamento ou ondulação no pavimento,Céu Claro,2025-02-06,7
2025-02-14,20:15:00,428,168,PETROLINA,PE,Atropelamento de Animal,Animais na Pista,Céu Claro,2025-02-14,20
2025-02-14,20:50:00,407,"118,8",PETROLINA,PE,Colisão traseira,Ausência de reação do condutor,Céu Claro,2025-02-14,20
2025-02-14,20:02:00,369,94,CORNELIO PROCOPIO,PR,Colisão traseira,Ausência de reação do condutor,Céu Claro,2025-02-14,20
2025-02-14,19:00:00,101,68,CAMPOS DOS GOYTACAZES,RJ,Colisão traseira,Condutor deixou de manter distância do veículo da frente,Céu Claro,2025-02-14,19
2025-02-14,20:30:00,10,347,SANTA MARIA DO PARA,PA,Colisão lateral mesmo sentido,Ultrapassagem Indevida,Garoa/Chuvisco,2025-02-14,20
2025-02-14,22:40:00,60,94,ANAPOLIS,GO,Queda de ocupante de veículo,Ausência de reação do condutor,Nublado,2025-02-14,22
2025-02-14,22:30:00,101,210,SAO JOSE,SC,Colisão traseira,Condutor deixou de manter distância do veículo da frente,Chuva,2025-02-14,22
2025-02-14,21:30:00,116,129,CACAPAVA,SP,Colisão traseira,Ausência de reação do condutor,Nublado,2025-02-14,21
2025-02-14,21:30:00,316,"310,2",PICOS,PI,Colisão transversal,Retorno proibido,Céu Claro,2025-02-14,21
2025-02-14,20:55:00,277,"164,4",PORTO AMAZONAS,PR,Colisão com objeto,Velocidade Incompatível,Céu Claro,2025-02-14,20
2025-02-14,21:30:00,304,"133,5",ITAJA,RN,Atropelamento de Animal,Animais na Pista,Céu Claro,2025-02-14,21
2025-02-14,22:20:00,280,128,RIO NEGRINHO,SC,Colisão transversal,Desrespeitar a preferência no cruzamento,Céu Claro,2025-02-14,22
2025-02-14,19:00:00,40,123,DUQUE DE CAXIAS,RJ,Colisão traseira,Condutor deixou de manter distância do veículo da frente,Céu Claro,2025-02-14,19
2025-02-14,22:30:00,343,173,PIRIPIRI,PI,Colisão traseira,Condutor deixou de manter distância do veículo da frente,Céu Claro,2025-02-14,22
2025-02-14,23:15:00,101,63,ARAQUARI,SC,Tombamento,Reação tardia ou ineficiente do condutor,Nublado,2025-02-14,23
2025-02-14,22:30:00,282,"144,8",BOM RETIRO,SC,Colisão transversal,Acessar a via sem observar a presença dos outros veículos,Nublado,2025-02-14,22
2025-02-14,19:20:00,262,365,JUATUBA,MG,Tombamento,Ausência de reação do condutor,Céu Claro,2025-02-14,19
2025-02-14,22:10:00,277,346,GUARAPUAVA,PR,Saída de leito carroçável,Reação tardia ou ineficiente do condutor,Céu Claro,2025-02-14,22
2025-02-14,23:00:00,163,837,SINOP,MT,Colisão com objeto,Ausência de reação do condutor,Céu Claro,2025-02-14,23
2025-02-14,20:40:00,163,131,CAPITAO LEONIDAS MARQUES,PR,Colisão transversal,Retorno proibido,Nublado,2025-02-14,20
2025-02-14,23:45:00,369,"172,7",ROLANDIA,PR,Colisão transversal,Desrespeitar a preferência no cruzamento,Nublado,2025-02-14,23
2025-02-15,00:20:00,101,99,NATAL,RN,Colisão com objeto,Ausência de reação do condutor,Garoa/Chuvisco,2025-02-15,0
2025-02-14,23:20:00,282,480,FAXINAL DOS GUEDES,SC,Saída de leito carroçável,Reação tardia ou ineficiente do condutor,Nublado,2025-02-14,23
2025-02-15,00:30:00,277,47,MORRETES,PR,Incêndio,Demais falhas mecânicas ou elétricas,Céu Claro,2025-02-15,0
2025-02-14,21:00:00,135,"213,5",ELISEU MARTINS,PI,Saída de leito carroçável,Ausência de reação do condutor,Céu Claro,2025-02-14,21
2025-02-15,01:10:00,50,113,UBERABA,MG,Saída de leito carroçável,Condutor Dormindo,Nublado,2025-02-15,1
2025-02-15,02:00:00,116,207,GUARULHOS,SP,Queda de ocupante de veículo,Reação tardia ou ineficiente do condutor,Céu Claro,2025-02-15,2
2025-02-14,23:45:00,452,35,SANTA HELENA DE GOIAS,GO,Colisão transversal,Objeto estático sobre o leito carroçável,Nublado,2025-02-14,23
2025-02-15,02:15:00,373,279,PRUDENTOPOLIS,PR,Saída de leito carroçável,Reação tardia ou ineficiente do condutor,Céu Claro,2025-02-15,2
2025-02-15,02:20:00,101,"327,3",GUARAPARI,ES,Colisão com objeto,Ausência de reação do condutor,Céu Claro,2025-02-15,2
2025-02-15,00:20:00,10,"161,9",PARAGOMINAS,PA,Colisão traseira,Ausência de reação do condutor,Céu Claro,2025-02-15,0
2025-02-15,02:26:00,116,"11,7",FORTALEZA,CE,Colisão frontal,Ingestão de álcool pelo condutor,Céu Claro,2025-02-15,2
2025-02-15,03:09:00,116,72,QUATRO BARRAS,PR,Saída de leito carroçável,Ausência de reação do condutor,Céu Claro,2025-02-15,3
2025-02-15,01:00:00,163,13,ITIQUIRA,MT,Colisão com objeto,Reação tardia ou ineficiente do condutor,Nublado,2025-02-15,1
2025-02-15,01:10:00,101,230,PALHOCA,SC,Saída de leito carroçável,Ausência de reação do condutor,Chuva,2025-02-15,1
2025-02-15,03:00:00,101,"392,5",RIO NOVO DO SUL,ES,Colisão lateral mesmo sentido,Manobra de mudança de faixa,Céu Claro,2025-02-15,3
2025-02-15,03:15:00,116,236,NOVO HAMBURGO,RS,Colisão com objeto,Ingestão de álcool pelo condutor,Céu Claro,2025-02-15,3
2025-02-15,02:00:00,163,1021,PEIXOTO DE AZEVEDO,MT,Saída de leito carroçável,Ingestão de álcool pelo condutor,Chuva,2025-02-15,2
2025-02-15,04:00:00,277,683,SAO MIGUEL DO IGUACU,PR,Saída de leito carroçável,Velocidade Incompatível,Céu Claro,2025-02-15,4
2025-02-15,02:10:00,262,"9,4",MARTINS SOARES,MG,Atropelamento de Pedestre,Suicídio (presumido),Céu Claro,2025-02-15,2
2025-02-15,04:40:00,472,"184,1",SANTO CRISTO,RS,Colisão frontal,Ultrapassagem Indevida,Chuva,2025-02-15,4
2025-02-15,05:00:00,101,35,JOINVILLE,SC,Queda de ocupante de veículo,Demais falhas mecânicas ou elétricas,Céu Claro,2025-02-15,5
2025-02-15,04:00:00,174,210,RORAINOPOLIS,RR,Colisão transversal,Ingestão de álcool pelo condutor,Ignorado,2025-02-15,4
2025-02-15,04:53:00,153,"359,5",JARAGUA,GO,Saída de leito carroçável,Ingestão de álcool pelo condutor,Chuva,2025-02-15,4
2025-02-15,04:40:00,101,3,GOIANA,PE,Saída de leito carroçável,Ausência de reação do condutor,Céu Claro,2025-02-15,4
2025-02-15,05:00:00,282,"2,8",FLORIANOPOLIS,SC,Colisão com objeto,Ausência de reação do condutor,Chuva,2025-02-15,5
2025-02-15,04:30:00,470,"165,9",TROMBUDO CENTRAL,SC,Saída de leito carroçável,Velocidade Incompatível,Céu Claro,2025-02-15,4
2025-02-15,02:00:00,101,149,ITAPEMA,SC,Tombamento,Chuva,Chuva,2025-02-15,2
2025-02-15,04:30:00,116,149,SAO JOSE DOS CAMPOS,SP,Colisão com objeto,Reação tardia ou ineficiente do condutor,Céu Claro,2025-02-15,4
2025-02-15,06:00:00,376,"288,1",MAUA DA SERRA,PR,Saída de leito carroçável,Reação tardia ou ineficiente do condutor,Nublado,2025-02-15,6
2025-02-15,06:40:00,101,"202,7",SAO JOSE,SC,Colisão com objeto,Ausência de reação do condutor,Céu Claro,2025-02-15,6
2025-02-15,06:05:00,277,673,MEDIANEIRA,PR,Colisão frontal,Transitar na contramão,Nublado,2025-02-15,6
2025-02-15,05:40:00,262,447,NOVA SERRANA,MG,Colisão traseira,Ausência de reação do condutor,Céu Claro,2025-02-15,5
2025-02-15,06:00:00,230,"23,9",JOAO PESSOA,PB,Colisão com objeto,Ingestão de álcool pelo condutor,Céu Claro,2025-02-15,6
2025-02-15,07:35:00,277,"722,2",FOZ DO IGUACU,PR,Colisão transversal,Conversão proibida,Sol,2025-02-15,7
2025-02-14,19:30:00,174,160,GLORIA DOESTE,MT,Atropelamento de Animal,Animais na Pista,Céu Claro,2025-02-14,19
2025-02-15,07:37:00,290,"44,8",GLORINHA,RS,Engavetamento,Acumulo de areia ou detritos sobre o pavimento,Sol,2025-02-15,7
2025-02-15,07:00:00,324,582,CANDEIAS,BA,Saída de leito carroçável,Reação tardia ou ineficiente do condutor,Céu Claro,2025-02-15,7
2025-02-15,06:00:00,423,90,DELMIRO GOUVEIA,AL,Capotamento,Animais na Pista,Céu Claro,2025-02-15,6
2025-02-14,21:50:00,163,561,TRAIRAO,PA,Tombamento,Ingestão de álcool pelo condutor,Chuva,2025-02-14,21
2025-02-15,07:40:00,101,"270,5",SERRA,ES,Colisão lateral mesmo sentido,Faixas de trânsito com largura insuficiente,Céu Claro,2025-02-15,7
2025-02-14,15:43:00,364,438,FEIJO,AC,Saída de leito carroçável,Pista esburacada,Céu Claro,2025-02-14,15
2025-02-15,08:00:00,101,"372,5",ICONHA,ES,Atropelamento de Pedestre,Suicídio (presumido),Sol,2025-02-15,8
2025-02-15,06:45:00,376,"591,5",CURITIBA,PR,Tombamento,Reação tardia ou ineficiente do condutor,Céu Claro,2025-02-15,6
2025-02-15,06:45:00,381,171,GOVERNADOR VALADARES,MG,Colisão lateral mesmo sentido,Acessar a via sem observar a presença dos outros veículos,Céu Claro,2025-02-15,6
2025-02-15,06:00:00,282,592,SAUDADES,SC,Tombamento,Ingestão de álcool pelo condutor,Nublado,2025-02-15,6
2025-02-15,09:00:00,226,66,SERRA CAIADA,RN,Saída de leito carroçável,Condutor Dormindo,Céu Claro,2025-02-15,9
2025-02-15,09:00:00,116,"74,9",APARECIDA,SP,Colisão traseira,Reação tardia ou ineficiente do condutor,Céu Claro,2025-02-15,9
2025-02-15,09:20:00,282,"371,9",ERVAL VELHO,SC,Colisão traseira,Conversão proibida,Céu Claro,2025-02-15,9
2025-02-15,08:57:00,277,74,SAO JOSE DOS PINHAIS,PR,Colisão traseira,Demais falhas mecânicas ou elétricas,Céu Claro,2025-02-15,8
2025-02-15,10:15:00,101,147,GOIANINHA,RN,Colisão transversal,Transitar no Acostamento,Sol,2025-02-15,10
2025-02-15,10:15:00,381,"705,2",LAVRAS,MG,Colisão com objeto,Reação tardia ou ineficiente do condutor,Nublado,2025-02-15,10
2025-02-15,10:30:00,280,"25,2",ARAQUARI,SC,Colisão transversal,Acessar a via sem observar a presença dos outros veículos,Céu Claro,2025-02-15,10
2025-02-15,10:55:00,381,"498,9",BETIM,MG,Tombamento,Demais falhas mecânicas ou elétricas,Céu Claro,2025-02-15,10
2025-02-15,10:20:00,101,385,RIO DE JANEIRO,RJ,Colisão frontal,Transitar na contramão,Céu Claro,2025-02-15,10
2025-02-15,09:25:00,116,245,SAO LEOPOLDO,RS,Colisão frontal,Transitar na contramão,Sol,2025-02-15,9
2025-02-15,10:23:00,104,"131,4",QUEIMADAS,PB,Colisão lateral mesmo sentido,Acessar a via sem observar a presença dos outros veículos,Céu Claro,2025-02-15,10
2025-02-15,09:30:00,277,"19,2",PARANAGUA,PR,Tombamento,Avarias e/ou desgaste excessivo no pneu,Sol,2025-02-15,9
2025-02-15,11:00:00,376,"223,7",CAMBIRA,PR,Colisão transversal,Acessar a via sem observar a presença dos outros veículos,Céu Claro,2025-02-15,11
2025-02-15,09:50:00,153,119,PRATA,MG,Tombamento,Reação tardia ou ineficiente do condutor,Céu Claro,2025-02-15,9
2025-02-15,12:15:00,381,"5,9",BETIM,MG,Tombamento,Velocidade Incompatível,Céu Claro,2025-02-15,12
2025-02-15,09:50:00,116,"526,3",CARATINGA,MG,Colisão traseira,Condutor deixou de manter distância do veículo da frente,Sol,2025-02-15,9
2025-02-15,12:10:00,324,537,AMELIA RODRIGUES,BA,Colisão lateral mesmo sentido,Acessar a via sem observar a presença dos outros veículos,Céu Claro,2025-02-15,12
2025-02-15,12:30:00,381,"757,9",TRES CORACOES,MG,Tombamento,Demais falhas mecânicas ou elétricas,Céu Claro,2025-02-15,12
2025-02-15,13:00:00,280,"29,2",ARAQUARI,SC,Colisão transversal,Transitar na contramão,Céu Claro,2025-02-15,13
2025-02-15,10:30:00,104,13,TAQUARITINGA DO NORTE,PE,Colisão traseira,Condutor deixou de manter distância do veículo da frente,Céu Claro,2025-02-15,10
2025-02-15,13:00:00,101,132,BALNEARIO CAMBORIU,SC,Engavetamento,Ausência de reação do condutor,Céu Claro,2025-02-15,13
2025-02-15,12:10:00,116,9,VITORIA DA CONQUISTA,BA,Colisão transversal,Acessar a via sem observar a presença dos outros veículos,Céu Claro,2025-02-15,12
2025-02-07,20:07:00,135,44,BACABEIRA,MA,Atropelamento de Animal,Animais na Pista,Céu Claro,2025-02-07,20
2025-02-15,13:20:00,101,88,JABOATAO DOS GUARARAPES,PE,Colisão traseira,Ausência de reação do condutor,Céu Claro,2025-02-15,13
2025-02-15,12:10:00,135,20,SAO LUIS,MA,Colisão traseira,Ingestão de álcool pelo condutor,Céu Claro,2025-02-15,12
2025-02-15,13:06:00,40,9,LUZIANIA,GO,Colisão lateral mesmo sentido,Condutor deixou de manter distância do veículo da frente,Céu Claro,2025-02-15,13
2025-02-15,11:40:00,135,352,BOM JESUS,PI,Colisão transversal,Acessar a via sem observar a presença dos outros veículos,Céu Claro,2025-02-15,11
2025-02-15,13:15:00,316,315,PICOS,PI,Queda de ocupante de veículo,Ausência de reação do condutor,Céu Claro,2025-02-15,13
2025-02-15,12:40:00,452,3,RIO VERDE,GO,Colisão transversal,Acessar a via sem observar a presença dos outros veículos,Céu Claro,2025-02-15,12
2025-02-15,12:40:00,116,"753,6",LEOPOLDINA,MG,Colisão lateral mesmo sentido,Condutor deixou de manter distância do veículo da frente,Céu Claro,2025-02-15,12
2025-02-15,12:30:00,408,95,SAO LOURENCO DA MATA,PE,Saída de leito carroçável,Ausência de reação do condutor,Céu Claro,2025-02-15,12
2025-02-15,08:55:00,304,"45,6",MOSSORO,RN,Colisão transversal,Acessar a via sem observar a presença dos outros veículos,Céu Claro,2025-02-15,8
2025-02-15,09:25:00,101,49,UBATUBA,SP,Colisão transversal,Conversão proibida,Céu Claro,2025-02-15,9
2025-02-15,13:40:00,381,"498,9",BETIM,MG,Tombamento,Avarias e/ou desgaste excessivo no pneu,Sol,2025-02-15,13
2025-02-15,13:45:00,20,"13,5",BRASILIA,DF,Colisão traseira,Ingestão de álcool pelo condutor,Céu Claro,2025-02-15,13
2025-02-15,11:45:00,101,41,UBATUBA,SP,Colisão traseira,Reação tardia ou ineficiente do condutor,Céu Claro,2025-02-15,11
2025-02-15,12:00:00,262,"154,2",IBATIBA,ES,Colisão traseira,Reação tardia ou ineficiente do condutor,Céu Claro,2025-02-15,12
2025-02-15,13:15:00,293,"339,7",SANTANA DO LIVRAMENTO,RS,Colisão transversal,Ingestão de álcool pelo condutor,Céu Claro,2025-02-15,13
2025-02-15,13:40:00,376,"165,9",MARINGA,PR,Tombamento,Avarias e/ou desgaste excessivo no pneu,Céu Claro,2025-02-15,13
2025-02-15,14:20:00,101,"299,5",VIANA,ES,Colisão transversal,Desrespeitar a preferência no cruzamento,Sol,2025-02-15,14
2025-02-15,14:30:00,381,509,SAO JOAQUIM DE BICAS,MG,Saída de leito carroçável,Ingestão de álcool pelo condutor,Céu Claro,2025-02-15,14
2025-02-15,14:30:00,116,324,BARRA DO RIBEIRO,RS,Tombamento,Demais falhas mecânicas ou elétricas,Nublado,2025-02-15,14
2025-02-15,15:00:00,101,67,RECIFE,PE,Colisão traseira,Conversão proibida,Sol,2025-02-15,15
2025-02-15,14:52:00,116,10,FORTALEZA,CE,Colisão traseira,Ausência de reação do condutor,Céu Claro,2025-02-15,14
2025-02-15,09:00:00,50,180,UBERABA,MG,Incêndio,Demais falhas mecânicas ou elétricas,Céu Claro,2025-02-15,9
2025-02-15,13:20:00,280,"5,8",SAO FRANCISCO DO SUL,SC,Colisão frontal,Ingestão de álcool pelo condutor,Céu Claro,2025-02-15,13
2025-02-15,16:05:00,101,"195,2",BIGUACU,SC,Tombamento,Avarias e/ou desgaste excessivo no pneu,Céu Claro,2025-02-15,16
2025-02-15,15:20:00,101,140,BALNEARIO CAMBORIU,SC,Colisão traseira,Reação tardia ou ineficiente do condutor,Céu Claro,2025-02-15,15
2025-02-15,16:00:00,116,216,GUARULHOS,SP,Tombamento,Reação tardia ou ineficiente do condutor,Céu Claro,2025-02-15,16
2025-02-15,15:40:00,116,421,JUQUIA,SP,Saída de leito carroçável,Condutor Dormindo,Céu Claro,2025-02-15,15
2025-02-15,15:12:00,425,126,GUAJARA-MIRIM,RO,Colisão transversal,Ausência de reação do condutor,Céu Claro,2025-02-15,15
2025-02-15,11:20:00,365,823,SANTA VITORIA,MG,Colisão transversal,Acessar a via sem observar a presença dos outros veículos,Sol,2025-02-15,11
2025-02-15,15:40:00,101,"205,2",SAO JOSE,SC,Tombamento,Reação tardia ou ineficiente do condutor,Nublado,2025-02-15,15
2025-02-15,11:30:00,156,232,SANTANA,AP,Saída de leito carroçável,Demais falhas na via,Chuva,2025-02-15,11
2025-02-15,16:55:00,101,181,UMBAUBA,SE,Queda de ocupante de veículo,Ausência de reação do condutor,Céu Claro,2025-02-15,16
2025-02-15,14:00:00,40,"825,2",SIMAO PEREIRA,MG,Saída de leito carroçável,Reação tardia ou ineficiente do condutor,Céu Claro,2025-02-15,14
2025-02-15,16:30:00,356,147,CAMPOS DOS GOYTACAZES,RJ,Colisão lateral mesmo sentido,Acessar a via sem observar a presença dos outros veículos,Céu Claro,2025-02-15,16
2025-02-15,17:20:00,262,"411,8",IGARATINGA,MG,Colisão transversal,Conversão proibida,Vento,2025-02-15,17
2025-02-15,16:45:00,158,"532,8",PATO BRANCO,PR,Colisão transversal,Conversão proibida,Céu Claro,2025-02-15,16
2025-02-15,17:27:00,232,"36,5",VITORIA DE SANTO ANTAO,PE,Atropelamento de Pedestre,Entrada inopinada do pedestre,Céu Claro,2025-02-15,17
2025-02-15,16:45:00,373,"259,3",PRUDENTOPOLIS,PR,Saída de leito carroçável,Ausência de reação do condutor,Nublado,2025-02-15,16
2025-02-15,16:10:00,349,933,CORRENTINA,BA,Colisão traseira,Reação tardia ou ineficiente do condutor,Céu Claro,2025-02-15,16
2025-02-15,17:50:00,230,119,MARABA,PA,Colisão traseira,Ausência de reação do condutor,Céu Claro,2025-02-15,17
2025-02-15,17:15:00,163,74,ITAQUIRAI,MS,Saída de leito carroçável,Reação tardia ou ineficiente do condutor,Céu Claro,2025-02-15,17
2025-02-15,18:00:00,230,21,JOAO PESSOA,PB,Queda de ocupante de veículo,Ausência de reação do condutor,Céu Claro,2025-02-15,18
2025-02-15,17:43:00,277,63,SAO JOSE DOS PINHAIS,PR,Tombamento,Avarias e/ou desgaste excessivo no pneu,Nublado,2025-02-15,17
2025-02-15,17:00:00,282,"68,5",RANCHO QUEIMADO,SC,Saída de leito carroçável,Velocidade Incompatível,Chuva,2025-02-15,17
2025-02-15,18:03:00,163,482,CAMPO GRANDE,MS,Colisão lateral mesmo sentido,Acessar a via sem observar a presença dos outros veículos,Céu Claro,2025-02-15,18
2025-02-15,18:35:00,316,"154,5",PALMEIRA DOS INDIOS,AL,Atropelamento de Pedestre,Iluminação deficiente,Céu Claro,2025-02-15,18
2025-02-15,16:50:00,116,245,PIRAI,RJ,Colisão com objeto,Velocidade Incompatível,Céu Claro,2025-02-15,16
2025-02-15,13:00:00,101,228,SILVA JARDIM,RJ,Queda de ocupante de veículo,Reação tardia ou ineficiente do condutor,Sol,2025-02-15,13
2025-02-15,19:00:00,70,19,BRASILIA,DF,Colisão com objeto,Ingestão de álcool pelo condutor,Céu Claro,2025-02-15,19
2025-02-15,19:25:00,110,173,RIBEIRA DO POMBAL,BA,Colisão traseira,Acessar a via sem observar a presença dos outros veículos,Céu Claro,2025-02-15,19
2025-02-15,18:30:00,428,"185,5",PETROLINA,PE,Colisão lateral mesmo sentido,Condutor deixou de manter distância do veículo da frente,Céu Claro,2025-02-15,18
2025-02-15,19:40:00,277,645,CEU AZUL,PR,Colisão transversal,Transitar na contramão,Céu Claro,2025-02-15,19
2025-02-15,19:30:00,101,"315,1",LAGUNA,SC,Colisão frontal,Acessar a via sem observar a presença dos outros veículos,Chuva,2025-02-15,19
2025-02-15,12:00:00,163,283,MARECHAL CANDIDO RONDON,PR,Saída de leito carroçável,Condutor Dormindo,Céu Claro,2025-02-15,12
2025-02-15,19:55:00,282,"207,6",LAGES,SC,Saída de leito carroçável,Reação tardia ou ineficiente do condutor,Chuva,2025-02-15,19
2025-02-15,19:30:00,290,"67,8",GRAVATAI,RS,Saída de leito carroçável,Reação tardia ou ineficiente do condutor,Chuva,2025-02-15,19
2025-02-15,16:10:00,381,572,ITAGUARA,MG,Saída de leito carroçável,Ausência de reação do condutor,Céu Claro,2025-02-15,16
2025-02-15,19:30:00,116,"10,9",MAFRA,SC,Saída de leito carroçável,Ingestão de álcool pelo condutor,Garoa/Chuvisco,2025-02-15,19
2025-02-15,18:00:00,290,638,URUGUAIANA,RS,Tombamento,Condutor deixou de manter distância do veículo da frente,Chuva,2025-02-15,18
2025-02-15,19:00:00,116,"524,9",CARATINGA,MG,Atropelamento de Pedestre,Transitar no Acostamento,Céu Claro,2025-02-15,19
2025-02-15,18:30:00,50,"17,5",UBERLANDIA,MG,Tombamento,Avarias e/ou desgaste excessivo no pneu,Céu Claro,2025-02-15,18
2025-02-15,20:20:00,290,"39,4",SANTO ANTONIO DA PATRULHA,RS,Saída de leito carroçável,Ingestão de álcool pelo condutor,Nublado,2025-02-15,20
2025-02-15,16:10:00,285,146,MUITOS CAPOES,RS,Tombamento,Ausência de reação do condutor,Nublado,2025-02-15,16
2025-02-15,18:00:00,60,326,ACREUNA,GO,Queda de ocupante de veículo,Ingestão de álcool pelo condutor,Céu Claro,2025-02-15,18
2025-02-15,17:40:00,330,804,JEQUIE,BA,Saída de leito carroçável,Ingestão de álcool pelo condutor,Céu Claro,2025-02-15,17
2025-02-15,17:24:00,364,"582,4",DIAMANTINO,MT,Saída de leito carroçável,Acumulo de água sobre o pavimento,Chuva,2025-02-15,17
2025-02-15,20:50:00,101,323,CAPIVARI DE BAIXO,SC,Incêndio,Demais falhas mecânicas ou elétricas,Chuva,2025-02-15,20
2025-02-15,20:00:00,361,78,PIANCO,PB,Colisão frontal,Transitar na contramão,Céu Claro,2025-02-15,20
2025-02-15,20:30:00,116,"69,1",TERESOPOLIS,RJ,Colisão lateral sentido oposto,Velocidade Incompatível,Céu Claro,2025-02-15,20
2025-02-15,20:30:00,282,"508,3",XANXERE,SC,Colisão frontal,Ingestão de álcool pelo condutor,Nublado,2025-02-15,20
2025-02-15,11:00:00,101,299,ITABORAI,RJ,Tombamento,Acumulo de óleo sobre o pavimento,Céu Claro,2025-02-15,11
2025-02-15,21:00:00,369,"150,2",LONDRINA,PR,Colisão traseira,Velocidade Incompatível,Céu Claro,2025-02-15,21
2025-02-15,20:00:00,277,"546,9",CATANDUVAS,PR,Saída de leito carroçável,Reação tardia ou ineficiente do condutor,Céu Claro,2025-02-15,20
2025-02-15,22:00:00,101,"45,8",JOINVILLE,SC,Queda de ocupante de veículo,Demais falhas mecânicas ou elétricas,Chuva,2025-02-15,22
2025-02-15,22:00:00,280,68,JARAGUA DO SUL,SC,Colisão frontal,Ingestão de álcool pelo condutor,Nublado,2025-02-15,22
2025-02-15,21:30:00,101,"343,9",TUBARAO,SC,Saída de leito carroçável,Ausência de reação do condutor,Chuva,2025-02-15,21
2025-02-15,21:30:00,222,671,ACAILANDIA,MA,Colisão frontal,Desrespeitar a preferência no cruzamento,Garoa/Chuvisco,2025-02-15,21
2025-02-15,19:30:00,415,30,ILHEUS,BA,Colisão lateral sentido oposto,Ingestão de álcool pelo condutor,Nublado,2025-02-15,19
2025-02-15,21:30:00,101,215,PALHOCA,SC,Colisão com objeto,Chuva,Chuva,2025-02-15,21
2025-02-15,21:50:00,470,34,GASPAR,SC,Colisão traseira,Ausência de reação do condutor,Garoa/Chuvisco,2025-02-15,21
2025-02-15,20:30:00,101,1,UBATUBA,SP,Queda de ocupante de veículo,Avarias e/ou desgaste excessivo no pneu,Céu Claro,2025-02-15,20
2025-02-15,20:00:00,493,66,NOVA IGUACU,RJ,Incêndio,Demais falhas mecânicas ou elétricas,Céu Claro,2025-02-15,20
2025-02-15,22:30:00,101,"59,8",CAMPOS DOS GOYTACAZES,RJ,Colisão transversal,Acessar a via sem observar a presença dos outros veículos,Céu Claro,2025-02-15,22
2025-02-15,22:20:00,470,179,VERANOPOLIS,RS,Colisão transversal,Acesso irregular,Nublado,2025-02-15,22
2025-02-15,22:06:00,364,197,PIMENTA BUENO,RO,Colisão traseira,Condutor deixou de manter distância do veículo da frente,Céu Claro,2025-02-15,22
2025-02-15,23:00:00,116,421,FEIRA DE SANTANA,BA,Colisão traseira,Reação tardia ou ineficiente do condutor,Céu Claro,2025-02-15,23
2025-02-15,23:00:00,116,241,NOVO HAMBURGO,RS,Capotamento,Velocidade Incompatível,Céu Claro,2025-02-15,23