data_inversa,horario,br,km,municipio,uf,tipo_acidente,causa_acidente,condicao_metereologica,data,hora
2025-02-15,23:10:00,116,319,ARACI,BA,Colisão transversal,Ingestão de álcool pelo condutor,Céu Claro,2025-02-15,23
2025-02-15,21:50:00,262,238,RIBAS DO RIO PARDO,MS,Colisão traseira,Ausência de reação do condutor,Ignorado,2025-02-15,21
2025-02-16,00:05:00,101,"164,5",LINHARES,ES,Colisão frontal,Transitar na contramão,Céu Claro,2025-02-16,0
2025-02-15,22:15:00,163,213,CASCAVEL,PR,Saída de leito carroçável,Ingestão de álcool pelo condutor,Céu Claro,2025-02-15,22
2025-02-15,23:15:00,465,10,SEROPEDICA,RJ,Saída de leito carroçável,Ausência de reação do condutor,Céu Claro,2025-02-15,23
2025-02-16,00:50:00,116,253,SAPUCAIA DO SUL,RS,Colisão com objeto,Ausência de reação do condutor,Céu Claro,2025-02-16,0
2025-02-16,01:10:00,101,310,SAO GONCALO,RJ,Atropelamento de Pedestre,Entrada inopinada do pedestre,Céu Claro,2025-02-16,1
2025-02-16,00:03:00,163,749,SORRISO,MT,Queda de ocupante de veículo,Reação tardia ou ineficiente do condutor,Céu Claro,2025-02-16,0
2025-02-16,01:00:00,116,"136,6",SAO JOSE DOS CAMPOS,SP,Colisão com objeto,Ingestão de álcool pelo condutor,Nublado,2025-02-16,1
2025-02-16,00:20:00,101,54,CAMPOS DOS GOYTACAZES,RJ,Queda de ocupante de veículo,Trafegar com motocicleta (ou similar) entre as faixas,Céu Claro,2025-02-16,0
2025-02-16,00:55:00,262,"399,9",TERENOS,MS,Colisão lateral sentido oposto,Condutor Dormindo,Céu Claro,2025-02-16,0
2025-02-16,01:37:00,116,253,SAPUCAIA DO SUL,RS,Colisão traseira,Condutor deixou de manter distância do veículo da frente,Céu Claro,2025-02-16,1
2025-02-15,23:40:00,381,632,OLIVEIRA,MG,Saída de leito carroçável,Condutor Dormindo,Céu Claro,2025-02-15,23
2025-02-16,02:50:00,386,"339,9",LAJEADO,RS,Saída de leito carroçável,Ingestão de álcool pelo condutor,Céu Claro,2025-02-16,2
2025-02-16,03:00:00,101,"371,2",ANCHIETA,ES,Saída de leito carroçável,Condutor Dormindo,Céu Claro,2025-02-16,3
2025-02-16,03:10:00,101,"353,5",ANCHIETA,ES,Colisão com objeto,Ingestão de álcool pelo condutor,Céu Claro,2025-02-16,3
2025-02-16,03:30:00,101,"191,1",BIGUACU,SC,Colisão com objeto,Reação tardia ou ineficiente do condutor,Nublado,2025-02-16,3
2025-02-16,02:20:00,414,390,CORUMBA DE GOIAS,GO,Saída de leito carroçável,Ingestão de álcool pelo condutor,Céu Claro,2025-02-16,2
2025-02-16,02:10:00,285,"217,6",CASEIROS,RS,Saída de leito carroçável,Reação tardia ou ineficiente do condutor,Céu Claro,2025-02-16,2
2025-02-16,01:00:00,226,"22,8",TIMON,MA,Saída de leito carroçável,Ausência de reação do condutor,Céu Claro,2025-02-16,1
2025-02-16,04:10:00,381,"894,1",CAMBUI,MG,Colisão com objeto,Velocidade Incompatível,Céu Claro,2025-02-16,4
2025-02-16,04:00:00,476,120,COLOMBO,PR,Colisão lateral sentido oposto,Transitar na contramão,Céu Claro,2025-02-16,4
2025-02-16,02:15:00,153,"21,9",JACAREZINHO,PR,Saída de leito carroçável,Ingestão de álcool pelo condutor,Céu Claro,2025-02-16,2
2025-02-16,04:45:00,376,"157,3",MANDAGUACU,PR,Colisão com objeto,Ausência de reação do condutor,Céu Claro,2025-02-16,4
2025-02-16,02:50:00,343,214,CAPITAO DE CAMPOS,PI,Colisão lateral mesmo sentido,Manobra de mudança de faixa,Nublado,2025-02-16,2
2025-02-16,03:30:00,40,"679,8",RESSAQUINHA,MG,Saída de leito carroçável,Condutor Dormindo,Céu Claro,2025-02-16,3
2025-02-16,05:56:00,70,"3,2",BRASILIA,DF,Saída de leito carroçável,Reação tardia ou ineficiente do condutor,Nevoeiro/Neblina,2025-02-16,5
2025-02-16,05:20:00,272,"373,6",CAMPO MOURAO,PR,Colisão frontal,Transitar na contramão,Céu Claro,2025-02-16,5
2025-02-16,06:05:00,110,154,RIBEIRA DO POMBAL,BA,Colisão traseira,Ingestão de álcool pelo condutor,Céu Claro,2025-02-16,6
2025-02-16,06:40:00,20,12,BRASILIA,DF,Saída de leito carroçável,Condutor Dormindo,Céu Claro,2025-02-16,6
2025-02-16,04:30:00,432,190,CANTA,RR,Colisão frontal,Manobra de mudança de faixa,Céu Claro,2025-02-16,4
2025-02-16,00:30:00,470,"92,7",APIUNA,SC,Saída de leito carroçável,Ingestão de álcool pelo condutor,Chuva,2025-02-16,0
2025-02-16,05:20:00,364,277,JACIARA,MT,Colisão com objeto,Ausência de reação do condutor,Garoa/Chuvisco,2025-02-16,5
2025-02-16,06:30:00,364,"199,7",PIMENTA BUENO,RO,Tombamento,Reação tardia ou ineficiente do condutor,Nublado,2025-02-16,6
2025-02-16,05:50:00,364,483,JANGADA,MT,Saída de leito carroçável,Ausência de reação do condutor,Chuva,2025-02-16,5
2025-02-16,04:00:00,101,127,SOORETAMA,ES,Tombamento,Reação tardia ou ineficiente do condutor,Céu Claro,2025-02-16,4
2025-02-12,12:45:00,381,482,BETIM,MG,Tombamento,Ausência de reação do condutor,Céu Claro,2025-02-12,12
2025-02-16,07:37:00,101,122,ITAJAI,SC,Tombamento,Condutor deixou de manter distância do veículo da frente,Céu Claro,2025-02-16,7
2025-02-16,06:10:00,101,19,PEDRO CANARIO,ES,Queda de ocupante de veículo,Reação tardia ou ineficiente do condutor,Sol,2025-02-16,6
2025-02-16,08:00:00,101,282,CARIACICA,ES,Colisão lateral sentido oposto,Reação tardia ou ineficiente do condutor,Céu Claro,2025-02-16,8
2025-02-16,06:40:00,116,"330,3",CAMPANARIO,MG,Colisão traseira,Ausência de reação do condutor,Céu Claro,2025-02-16,6
2025-02-16,07:39:00,262,79,DOMINGOS MARTINS,ES,Colisão frontal,Reação tardia ou ineficiente do condutor,Céu Claro,2025-02-16,7
2025-02-16,06:45:00,308,161,CAPANEMA,PA,Colisão frontal,Ausência de reação do condutor,Nevoeiro/Neblina,2025-02-16,6
2025-02-16,07:30:00,210,53,MACAPA,AP,Queda de ocupante de veículo,Avarias e/ou desgaste excessivo no pneu,Nublado,2025-02-16,7
2025-02-16,08:10:00,381,494,BETIM,MG,Colisão traseira,Ausência de reação do condutor,Céu Claro,2025-02-16,8
2025-02-16,06:00:00,222,"2,8",FORTALEZA,CE,Colisão transversal,Condutor desrespeitou a iluminação vermelha do semáforo,Céu Claro,2025-02-16,6
2025-02-16,08:20:00,262,378,JUATUBA,MG,Tombamento,Ausência de reação do condutor,Céu Claro,2025-02-16,8
2025-02-16,08:34:00,222,"2,8",FORTALEZA,CE,Tombamento,Reação tardia ou ineficiente do condutor,Céu Claro,2025-02-16,8
2025-02-16,07:40:00,40,107,DUQUE DE CAXIAS,RJ,Tombamento,Avarias e/ou desgaste excessivo no pneu,Céu Claro,2025-02-16,7
2025-02-16,05:50:00,158,678,NOVA XAVANTINA,MT,Colisão traseira,Ausência de reação do condutor,Céu Claro,2025-02-16,5
2025-02-16,08:30:00,230,118,MARABA,PA,Colisão transversal,Condutor desrespeitou a iluminação vermelha do semáforo,Céu Claro,2025-02-16,8
2025-02-16,07:00:00,101,387,RIO DE JANEIRO,RJ,Saída de leito carroçável,Reação tardia ou ineficiente do condutor,Céu Claro,2025-02-16,7
2025-02-16,09:30:00,262,379,JUATUBA,MG,Tombamento,Ausência de reação do condutor,Céu Claro,2025-02-16,9
2025-02-16,09:20:00,101,123,ITAJAI,SC,Queda de ocupante de veículo,Reação tardia ou ineficiente do condutor,Céu Claro,2025-02-16,9
2025-02-16,06:30:00,465,7,SEROPEDICA,RJ,Queda de ocupante de veículo,Ausência de reação do condutor,Céu Claro,2025-02-16,6
2025-02-16,10:20:00,116,"192,8",PICADA CAFE,RS,Colisão transversal,Conversão proibida,Céu Claro,2025-02-16,10
2025-02-16,10:00:00,277,81,CURITIBA,PR,Colisão lateral mesmo sentido,Trafegar com motocicleta (ou similar) entre as faixas,Céu Claro,2025-02-16,10
2025-02-16,09:24:00,304,"116,4",ITAJA,RN,Tombamento,Reação tardia ou ineficiente do condutor,Céu Claro,2025-02-16,9
2025-02-16,09:20:00,101,52,FLEXEIRAS,AL,Colisão com objeto,Acumulo de água sobre o pavimento,Chuva,2025-02-16,9
2025-02-16,09:30:00,101,20,JOINVILLE,SC,Colisão lateral mesmo sentido,Condutor deixou de manter distância do veículo da frente,Céu Claro,2025-02-16,9
2025-02-16,09:10:00,116,"3,1",VITORIA DA CONQUISTA,BA,Colisão transversal,Acessar a via sem observar a presença dos outros veículos,Céu Claro,2025-02-16,9
2025-02-16,09:45:00,232,"73,4",GRAVATA,PE,Colisão lateral mesmo sentido,Manobra de mudança de faixa,Céu Claro,2025-02-16,9
2025-02-15,05:45:00,282,117,ALFREDO WAGNER,SC,Saída de leito carroçável,Reação tardia ou ineficiente do condutor,Sol,2025-02-15,5
2025-02-16,10:40:00,232,30,MORENO,PE,Colisão traseira,Ausência de reação do condutor,Céu Claro,2025-02-16,10
2025-02-16,07:30:00,381,"86,4",SAO PAULO,SP,Capotamento,Reação tardia ou ineficiente do condutor,Céu Claro,2025-02-16,7
2025-02-16,11:30:00,381,"579,5",CARMOPOLIS DE MINAS,MG,Tombamento,Ausência de reação do condutor,Céu Claro,2025-02-16,11
2025-02-16,11:51:00,262,"22,9",VIANA,ES,Tombamento,Velocidade Incompatível,Sol,2025-02-16,11
2025-02-16,12:00:00,116,669,JEQUIE,BA,Queda de ocupante de veículo,Velocidade Incompatível,Céu Claro,2025-02-16,12
2025-02-16,12:30:00,101,"303,5",VIANA,ES,Saída de leito carroçável,Avarias e/ou desgaste excessivo no pneu,Sol,2025-02-16,12
2025-02-16,12:38:00,110,"46,7",MOSSORO,RN,Colisão transversal,Acessar a via sem observar a presença dos outros veículos,Céu Claro,2025-02-16,12
2025-02-16,01:30:00,316,"215,8",VALENCA DO PIAUI,PI,Atropelamento de Animal,Animais na Pista,Céu Claro,2025-02-16,1
2025-02-16,12:00:00,40,"114,9",DUQUE DE CAXIAS,RJ,Queda de ocupante de veículo,Demais falhas mecânicas ou elétricas,Sol,2025-02-16,12
2025-02-16,13:35:00,101,"184,2",BIGUACU,SC,Saída de leito carroçável,Condutor Dormindo,Céu Claro,2025-02-16,13
2025-02-16,13:47:00,116,263,CANOAS,RS,Colisão transversal,Reação tardia ou ineficiente do condutor,Céu Claro,2025-02-16,13
2025-02-16,12:25:00,262,140,MUNIZ FREIRE,ES,Colisão transversal,Acessar a via sem observar a presença dos outros veículos,Céu Claro,2025-02-16,12
2025-02-16,14:20:00,290,60,GRAVATAI,RS,Colisão lateral mesmo sentido,Reação tardia ou ineficiente do condutor,Céu Claro,2025-02-16,14
2025-02-16,13:30:00,116,169,JACAREI,SP,Saída de leito carroçável,Reação tardia ou ineficiente do condutor,Céu Claro,2025-02-16,13
2025-02-16,14:15:00,101,"394,9",RIO NOVO DO SUL,ES,Colisão transversal,Acessar a via sem observar a presença dos outros veículos,Céu Claro,2025-02-16,14
2025-02-16,13:42:00,407,"112,7",JAGUARARI,BA,Colisão lateral mesmo sentido,Trafegar com motocicleta (ou similar) entre as faixas,Céu Claro,2025-02-16,13
2025-02-16,14:30:00,262,442,NOVA SERRANA,MG,Tombamento,Animais na Pista,Sol,2025-02-16,14
2025-02-16,14:45:00,386,307,POUSO NOVO,RS,Saída de leito carroçável,Acumulo de água sobre o pavimento,Nublado,2025-02-16,14
2025-02-16,13:00:00,116,"19,5",EUSEBIO,CE,Queda de ocupante de veículo,Acostamento em desnível,Céu Claro,2025-02-16,13
2025-02-16,15:30:00,232,"84,5",GRAVATA,PE,Colisão traseira,Ausência de reação do condutor,Sol,2025-02-16,15
2025-02-16,14:58:00,163,"283,3",DOURADOS,MS,Colisão com objeto,Transitar no Acostamento,Céu Claro,2025-02-16,14
2025-02-16,15:45:00,153,464,UNIAO DA VITORIA,PR,Colisão transversal,Acessar a via sem observar a presença dos outros veículos,Céu Claro,2025-02-16,15
2025-02-16,16:00:00,116,421,FEIRA DE SANTANA,BA,Colisão traseira,Ingestão de álcool pelo condutor,Céu Claro,2025-02-16,16
2025-02-16,14:41:00,116,281,EMBU DAS ARTES,SP,Colisão traseira,Frear bruscamente,Céu Claro,2025-02-16,14
2025-02-16,15:45:00,277,"584,2",CASCAVEL,PR,Colisão transversal,Manobra de mudança de faixa,Céu Claro,2025-02-16,15
2025-02-16,16:30:00,101,"239,8",PALHOCA,SC,Colisão lateral mesmo sentido,Trafegar com motocicleta (ou similar) entre as faixas,Céu Claro,2025-02-16,16
2025-02-16,17:15:00,153,429,ANAPOLIS,GO,Tombamento,Ingestão de álcool pelo condutor,Céu Claro,2025-02-16,17
2025-02-14,19:30:00,110,"373,7",POJUCA,BA,Colisão transversal,Reação tardia ou ineficiente do condutor,Nublado,2025-02-14,19
2025-02-16,17:40:00,101,214,IBIRACU,ES,Colisão transversal,Acessar a via sem observar a presença dos outros veículos,Céu Claro,2025-02-16,17
2025-02-16,17:10:00,423,76,JUCATI,PE,Tombamento,Demais falhas mecânicas ou elétricas,Céu Claro,2025-02-16,17
2025-02-16,16:50:00,116,514,CAJATI,SP,Queda de ocupante de veículo,Reação tardia ou ineficiente do condutor,Chuva,2025-02-16,16
2025-02-16,17:36:00,116,281,EMBU DAS ARTES,SP,Tombamento,Reação tardia ou ineficiente do condutor,Céu Claro,2025-02-16,17
2025-02-16,15:30:00,101,"68,7",MESSIAS,AL,Saída de leito carroçável,Ingestão de álcool pelo condutor,Céu Claro,2025-02-16,15
2025-02-16,16:34:00,101,48,JOINVILLE,SC,Colisão com objeto,Objeto estático sobre o leito carroçável,Céu Claro,2025-02-16,16
2025-02-16,13:00:00,367,67,PORTO SEGURO,BA,Queda de ocupante de veículo,Ausência de reação do condutor,Céu Claro,2025-02-16,13
2025-02-16,17:20:00,222,16,CAUCAIA,CE,Queda de ocupante de veículo,Reação tardia ou ineficiente do condutor,Céu Claro,2025-02-16,17
2025-02-16,18:05:00,262,135,BREJETUBA,ES,Queda de ocupante de veículo,Ausência de reação do condutor,Céu Claro,2025-02-16,18
2025-02-16,18:00:00,381,53,MAIRIPORA,SP,Queda de ocupante de veículo,Ingestão de álcool pelo condutor,Céu Claro,2025-02-16,18
2025-02-16,17:20:00,376,61,GUAIRACA,PR,Colisão transversal,Conversão proibida,Céu Claro,2025-02-16,17
2025-02-16,15:15:00,290,"175,1",BUTIA,RS,Colisão lateral mesmo sentido,Condutor deixou de manter distância do veículo da frente,Chuva,2025-02-16,15
2025-02-16,12:30:00,412,"144,9",MONTEIRO,PB,Colisão traseira,Ausência de reação do condutor,Céu Claro,2025-02-16,12
2025-02-16,11:25:00,116,533,SANTA RITA DE MINAS,MG,Colisão lateral sentido oposto,Objeto estático sobre o leito carroçável,Céu Claro,2025-02-16,11
2025-02-16,14:00:00,435,53,VILHENA,RO,Saída de leito carroçável,Pista esburacada,Nublado,2025-02-16,14
2025-02-16,18:00:00,116,110,GUAPIMIRIM,RJ,Saída de leito carroçável,Ausência de reação do condutor,Céu Claro,2025-02-16,18
2025-02-16,18:30:00,101,"359,8",SANGAO,SC,Tombamento,Demais falhas mecânicas ou elétricas,Chuva,2025-02-16,18
2025-02-16,17:47:00,101,30,ESPLANADA,BA,Colisão lateral mesmo sentido,Ausência de reação do condutor,Céu Claro,2025-02-16,17
2025-02-16,18:00:00,116,282,EMBU DAS ARTES,SP,Engavetamento,Reação tardia ou ineficiente do condutor,Céu Claro,2025-02-16,18
2025-02-04,19:35:00,369,73,SANTA MARIANA,PR,Colisão traseira,Condutor deixou de manter distância do veículo da frente,Chuva,2025-02-04,19
2025-02-16,17:30:00,101,172,MACAE,RJ,Tombamento,Avarias e/ou desgaste excessivo no pneu,Céu Claro,2025-02-16,17
2025-02-16,18:00:00,401,18,CANTA,RR,Colisão traseira,Acessar a via sem observar a presença dos outros veículos,Nublado,2025-02-16,18
2025-02-16,18:45:00,116,"117,9",MAGE,RJ,Colisão lateral mesmo sentido,Ultrapassagem Indevida,Céu Claro,2025-02-16,18
2025-02-16,17:25:00,364,132,RIO BRANCO,AC,Colisão frontal,Ausência de reação do condutor,Chuva,2025-02-16,17
2025-02-16,18:30:00,101,423,MANGARATIBA,RJ,Colisão traseira,Condutor deixou de manter distância do veículo da frente,Céu Claro,2025-02-16,18
2025-02-16,18:10:00,163,854,SINOP,MT,Colisão frontal,Ultrapassagem Indevida,Nublado,2025-02-16,18
2025-02-16,18:10:00,367,57,PORTO SEGURO,BA,Colisão traseira,Reação tardia ou ineficiente do condutor,Céu Claro,2025-02-16,18
2025-02-16,17:00:00,40,64,PETROPOLIS,RJ,Saída de leito carroçável,Ingestão de álcool pelo condutor,Céu Claro,2025-02-16,17
2025-02-16,20:00:00,277,727,FOZ DO IGUACU,PR,Tombamento,Ausência de reação do condutor,Céu Claro,2025-02-16,20
2025-02-16,12:00:00,262,"71,5",MATIPO,MG,Colisão transversal,Ausência de reação do condutor,Céu Claro,2025-02-16,12
2025-02-16,19:20:00,156,800,OIAPOQUE,AP,Colisão transversal,Retorno proibido,Chuva,2025-02-16,19
2025-02-16,17:28:00,116,"174,5",PADRE PARAISO,MG,Saída de leito carroçável,Reação tardia ou ineficiente do condutor,Céu Claro,2025-02-16,17
2025-02-16,20:10:00,381,449,SANTA LUZIA,MG,Incêndio,Demais falhas mecânicas ou elétricas,Céu Claro,2025-02-16,20
2025-02-16,19:45:00,104,"113,9",LAGOA SECA,PB,Atropelamento de Pedestre,Reação tardia ou ineficiente do condutor,Céu Claro,2025-02-16,19
2025-02-16,19:00:00,386,"238,3",SOLEDADE,RS,Colisão com objeto,Ingestão de álcool pelo condutor,Nublado,2025-02-16,19
2025-02-16,16:30:00,470,"105,9",APIUNA,SC,Saída de leito carroçável,Velocidade Incompatível,Céu Claro,2025-02-16,16
2025-02-16,20:29:00,80,"9,5",BRASILIA,DF,Colisão transversal,Acessar a via sem observar a presença dos outros veículos,Nublado,2025-02-16,20
2025-02-16,20:30:00,101,410,ITAGUAI,RJ,Colisão lateral mesmo sentido,Manobra de mudança de faixa,Céu Claro,2025-02-16,20
2025-02-16,19:00:00,153,"109,8",CONCORDIA,SC,Saída de leito carroçável,Ausência de reação do condutor,Céu Claro,2025-02-16,19
2025-02-16,20:00:00,101,429,MANGARATIBA,RJ,Colisão frontal,Desrespeitar a preferência no cruzamento,Céu Claro,2025-02-16,20
2025-02-16,19:50:00,316,301,PICOS,PI,Tombamento,Ausência de reação do condutor,Céu Claro,2025-02-16,19
2025-02-16,20:20:00,116,210,CATUJI,MG,Atropelamento de Pedestre,Pedestre andava na pista,Céu Claro,2025-02-16,20
2025-02-16,20:00:00,158,"263,6",JULIO DE CASTILHOS,RS,Colisão traseira,Ingestão de álcool pelo condutor,Nublado,2025-02-16,20
2025-02-16,18:15:00,101,442,MANGARATIBA,RJ,Queda de ocupante de veículo,Ausência de reação do condutor,Céu Claro,2025-02-16,18
2025-02-16,19:15:00,101,428,MANGARATIBA,RJ,Colisão transversal,Acessar a via sem observar a presença dos outros veículos,Céu Claro,2025-02-16,19
2025-02-16,18:55:00,316,"149,7",PALMEIRA DOS INDIOS,AL,Colisão lateral sentido oposto,Ingestão de álcool pelo condutor,Céu Claro,2025-02-16,18
2025-02-16,19:40:00,459,"20,9",CALDAS,MG,Atropelamento de Animal,Animais na Pista,Céu Claro,2025-02-16,19
2025-02-16,21:30:00,70,190,ITABERAI,GO,Atropelamento de Animal,Animais na Pista,Céu Claro,2025-02-16,21
2025-02-16,21:15:00,116,224,GUARULHOS,SP,Colisão traseira,Condutor deixou de manter distância do veículo da frente,Céu Claro,2025-02-16,21
2025-02-16,21:00:00,277,"130,8",CAMPO LARGO,PR,Atropelamento de Pedestre,Iluminação deficiente,Nublado,2025-02-16,21
2025-02-16,21:00:00,316,"153,2",NOVA OLINDA DO MARANHAO,MA,Atropelamento de Animal,Animais na Pista,Céu Claro,2025-02-16,21
2025-02-16,20:25:00,364,"708,1",PORTO VELHO,RO,Colisão com objeto,Demais falhas na via,Céu Claro,2025-02-16,20
2025-02-16,21:50:00,381,588,CARMOPOLIS DE MINAS,MG,Saída de leito carroçável,Velocidade Incompatível,Céu Claro,2025-02-16,21
2025-02-16,20:55:00,101,158,PORTO BELO,SC,Colisão lateral mesmo sentido,Acessar a via sem observar a presença dos outros veículos,Nublado,2025-02-16,20
2025-02-16,21:10:00,40,123,DUQUE DE CAXIAS,RJ,Incêndio,Demais falhas mecânicas ou elétricas,Céu Claro,2025-02-16,21
2025-02-16,20:00:00,470,"0,2",GASPAR,SC,Colisão traseira,Condutor deixou de manter distância do veículo da frente,Céu Claro,2025-02-16,20
2025-02-16,21:15:00,290,10,OSORIO,RS,Colisão com objeto,Demais Fenômenos da natureza,Chuva,2025-02-16,21
2025-02-16,18:00:00,230,11,ALTAMIRA,PA,Saída de leito carroçável,Reação tardia ou ineficiente do condutor,Céu Claro,2025-02-16,18
2025-02-16,20:25:00,230,11,ALTAMIRA,PA,Colisão traseira,Condutor deixou de manter distância do veículo da frente,Céu Claro,2025-02-16,20
2025-02-16,21:44:00,116,276,EMBU DAS ARTES,SP,Colisão traseira,Acessar a via sem observar a presença dos outros veículos,Céu Claro,2025-02-16,21
2025-02-16,22:00:00,290,10,OSORIO,RS,Colisão com objeto,Chuva,Chuva,2025-02-16,22
2025-02-16,19:30:00,470,"38,9",GASPAR,SC,Tombamento,Demais falhas mecânicas ou elétricas,Nevoeiro/Neblina,2025-02-16,19
2025-02-16,21:20:00,316,308,PICOS,PI,Tombamento,Ausência de sinalização,Nublado,2025-02-16,21
2025-02-16,18:00:00,163,858,SINOP,MT,Queda de ocupante de veículo,Ultrapassagem Indevida,Nublado,2025-02-16,18
2025-02-16,19:40:00,470,54,BLUMENAU,SC,Queda de ocupante de veículo,Acumulo de areia ou detritos sobre o pavimento,Céu Claro,2025-02-16,19
2025-02-16,22:15:00,277,690,SAO MIGUEL DO IGUACU,PR,Colisão traseira,Condutor deixou de manter distância do veículo da frente,Céu Claro,2025-02-16,22
2025-02-16,22:15:00,381,478,CONTAGEM,MG,Colisão lateral mesmo sentido,Ausência de reação do condutor,Céu Claro,2025-02-16,22
2025-02-16,17:45:00,285,"586,4",BOSSOROCA,RS,Saída de leito carroçável,Ausência de reação do condutor,Céu Claro,2025-02-16,17
2025-02-16,19:50:00,465,18,NOVA IGUACU,RJ,Atropelamento de Pedestre,Ausência de reação do condutor,Céu Claro,2025-02-16,19
2025-02-16,22:40:00,101,70,OSORIO,RS,Saída de leito carroçável,Reação tardia ou ineficiente do condutor,Chuva,2025-02-16,22
2025-02-16,21:15:00,392,"87,9",PELOTAS,RS,Queda de ocupante de veículo,Ausência de reação do condutor,Chuva,2025-02-16,21
2025-02-16,21:00:00,232,323,CUSTODIA,PE,Tombamento,Ausência de reação do condutor,Céu Claro,2025-02-16,21
2025-02-16,20:45:00,153,392,CACHOEIRA DO SUL,RS,Saída de leito carroçável,Ingestão de álcool pelo condutor,Chuva,2025-02-16,20
2025-02-16,17:10:00,290,293,CACHOEIRA DO SUL,RS,Queda de ocupante de veículo,Pista Escorregadia,Chuva,2025-02-16,17
2025-02-16,23:15:00,116,63,GUARATINGUETA,SP,Colisão lateral mesmo sentido,Reação tardia ou ineficiente do condutor,Céu Claro,2025-02-16,23
2025-02-16,23:17:00,135,20,SAO LUIS,MA,Colisão traseira,Reação tardia ou ineficiente do condutor,Céu Claro,2025-02-16,23
2025-02-17,00:00:00,381,86,SAO PAULO,SP,Colisão frontal,Curva acentuada,Céu Claro,2025-02-17,0
2025-02-16,21:20:00,277,196,PALMEIRA,PR,Colisão traseira,Ingestão de álcool pelo condutor,Céu Claro,2025-02-16,21
2025-02-17,00:30:00,290,720,URUGUAIANA,RS,Queda de ocupante de veículo,Ausência de reação do condutor,Chuva,2025-02-17,0
2025-02-17,00:50:00,230,108,SAO JOAO DO ARAGUAIA,PA,Tombamento,Reação tardia ou ineficiente do condutor,Nublado,2025-02-17,0
2025-02-16,23:30:00,50,"123,5",UBERABA,MG,Saída de leito carroçável,Condutor Dormindo,Nublado,2025-02-16,23
2025-02-16,23:20:00,116,"529,2",CARATINGA,MG,Saída de leito carroçável,Condutor Dormindo,Céu Claro,2025-02-16,23
2025-02-16,19:00:00,343,"304,7",ALTOS,PI,Colisão lateral mesmo sentido,Ausência de reação do condutor,Céu Claro,2025-02-16,19
2025-02-16,23:26:00,262,"33,7",MANHUACU,MG,Saída de leito carroçável,Ingestão de álcool pelo condutor,Céu Claro,2025-02-16,23
2025-02-17,00:35:00,158,"305,3",ITAARA,RS,Saída de leito carroçável,Ingestão de álcool pelo condutor,Chuva,2025-02-17,0
2025-02-17,00:10:00,364,233,RONDONOPOLIS,MT,Saída de leito carroçável,Reação tardia ou ineficiente do condutor,Céu Claro,2025-02-17,0
2025-02-16,20:20:00,101,142,MACAE,RJ,Colisão traseira,Condutor deixou de manter distância do veículo da frente,Céu Claro,2025-02-16,20
2025-02-17,01:20:00,101,322,NITEROI,RJ,Colisão com objeto,Condutor Dormindo,Céu Claro,2025-02-17,1
2025-02-17,03:25:00,470,57,BLUMENAU,SC,Tombamento,Mal súbito do condutor,Nublado,2025-02-17,3
2025-02-17,04:00:00,415,30,ILHEUS,BA,Colisão com objeto,Ausência de reação do condutor,Ignorado,2025-02-17,4
2025-02-17,05:20:00,40,546,NOVA LIMA,MG,Saída de leito carroçável,Velocidade Incompatível,Céu Claro,2025-02-17,5
2025-02-17,01:30:00,10,318,IRITUIA,PA,Saída de leito carroçável,Condutor Dormindo,Nublado,2025-02-17,1
2025-02-17,04:47:00,428,189,PETROLINA,PE,Saída de leito carroçável,Ausência de reação do condutor,Céu Claro,2025-02-17,4
2025-02-17,03:00:00,262,799,UBERABA,MG,Saída de leito carroçável,Ausência de reação do condutor,Céu Claro,2025-02-17,3
2025-02-17,06:40:00,101,"194,2",BIGUACU,SC,Tombamento,Reação tardia ou ineficiente do condutor,Chuva,2025-02-17,6
2025-02-17,06:30:00,101,"89,4",JOAO PESSOA,PB,Colisão lateral mesmo sentido,Manobra de mudança de faixa,Céu Claro,2025-02-17,6
2025-02-17,07:00:00,116,186,NOVA IGUACU,RJ,Colisão lateral mesmo sentido,Manobra de mudança de faixa,Céu Claro,2025-02-17,7
2025-02-16,16:30:00,470,"122,7",IBIRAMA,SC,Saída de leito carroçável,Velocidade Incompatível,Nublado,2025-02-16,16
2025-02-16,23:30:00,101,"20,9",UBATUBA,SP,Colisão com objeto,Velocidade Incompatível,Nublado,2025-02-16,23
2025-02-17,01:00:00,470,"150,2",AGRONOMICA,SC,Colisão lateral sentido oposto,Velocidade Incompatível,Nublado,2025-02-17,1
2025-02-17,06:40:00,365,626,UBERLANDIA,MG,Colisão lateral mesmo sentido,Acessar a via sem observar a presença dos outros veículos,Céu Claro,2025-02-17,6
2025-02-17,07:15:00,471,"464,1",RIO GRANDE,RS,Colisão traseira,Condutor deixou de manter distância do veículo da frente,Céu Claro,2025-02-17,7
2025-02-17,07:20:00,230,"27,4",JOAO PESSOA,PB,Colisão traseira,Ausência de reação do condutor,Céu Claro,2025-02-17,7
2025-02-17,07:20:00,101,200,SAO JOSE,SC,Tombamento,Chuva,Chuva,2025-02-17,7
2025-02-17,07:20:00,116,239,NOVO HAMBURGO,RS,Colisão traseira,Falta de acostamento,Nublado,2025-02-17,7
2025-02-17,07:05:00,153,"24,6",JACAREZINHO,PR,Colisão transversal,Acessar a via sem observar a presença dos outros veículos,Céu Claro,2025-02-17,7
2025-02-17,06:35:00,101,106,PARNAMIRIM,RN,Colisão traseira,Condutor deixou de manter distância do veículo da frente,Céu Claro,2025-02-17,6