data_inversa,horario,br,km,municipio,uf,tipo_acidente,causa_acidente,condicao_metereologica,data,hora
2025-02-18,18:00:00,163,834,SINOP,MT,Colisão transversal,Conversão proibida,Céu Claro,2025-02-18,18
2025-02-18,19:00:00,156,416,TARTARUGALZINHO,AP,Capotamento,Reação tardia ou ineficiente do condutor,Céu Claro,2025-02-18,19
2025-02-18,19:22:00,116,218,GUARULHOS,SP,Colisão com objeto,Reação tardia ou ineficiente do condutor,Chuva,2025-02-18,19
2025-02-18,18:40:00,316,"4,3",TERESINA,PI,Colisão lateral mesmo sentido,Manobra de mudança de faixa,Céu Claro,2025-02-18,18
2025-02-18,20:00:00,116,176,RIO DE JANEIRO,RJ,Colisão lateral mesmo sentido,Ausência de reação do condutor,Céu Claro,2025-02-18,20
2025-02-18,18:20:00,262,"58,5",MANHUACU,MG,Colisão transversal,Conversão proibida,Céu Claro,2025-02-18,18
2025-02-18,19:15:00,101,103,PARNAMIRIM,RN,Colisão traseira,Velocidade Incompatível,Céu Claro,2025-02-18,19
2025-02-18,20:30:00,60,"92,4",ANAPOLIS,GO,Colisão traseira,Manobra de mudança de faixa,Céu Claro,2025-02-18,20
2025-02-18,19:00:00,163,600,NOVA MUTUM,MT,Atropelamento de Animal,Animais na Pista,Ignorado,2025-02-18,19
2025-02-18,19:50:00,493,97,SEROPEDICA,RJ,Colisão traseira,Reação tardia ou ineficiente do condutor,Céu Claro,2025-02-18,19
2025-02-18,19:49:00,262,"188,8",IUNA,ES,Colisão traseira,Deficiência do Sistema de Iluminação/Sinalização,Céu Claro,2025-02-18,19
2025-02-18,20:00:00,364,713,PORTO VELHO,RO,Queda de ocupante de veículo,Animais na Pista,Céu Claro,2025-02-18,20
2025-02-02,08:35:00,101,249,CONCEICAO DO ALMEIDA,BA,Queda de ocupante de veículo,Chuva,Chuva,2025-02-02,8
2025-02-18,21:40:00,101,79,SAO MATEUS,ES,Tombamento,Ausência de reação do condutor,Céu Claro,2025-02-18,21
2025-02-18,19:00:00,424,69,CAETES,PE,Colisão frontal,Acessar a via sem observar a presença dos outros veículos,Céu Claro,2025-02-18,19
2025-02-18,20:15:00,381,539,ITATIAIUCU,MG,Incêndio,Demais falhas mecânicas ou elétricas,Céu Claro,2025-02-18,20
2025-02-18,22:00:00,40,96,CRISTALINA,GO,Atropelamento de Pedestre,Pedestre andava na pista,Céu Claro,2025-02-18,22
2025-02-18,20:20:00,50,177,UBERABA,MG,Atropelamento de Animal,Ausência de reação do condutor,Céu Claro,2025-02-18,20
2025-02-18,22:30:00,116,179,BELFORD ROXO,RJ,Queda de ocupante de veículo,Avarias e/ou desgaste excessivo no pneu,Céu Claro,2025-02-18,22
2025-02-18,21:50:00,116,"13,5",FORTALEZA,CE,Tombamento,Avarias e/ou desgaste excessivo no pneu,Céu Claro,2025-02-18,21
2025-02-18,20:10:00,101,580,PARATY,RJ,Colisão lateral mesmo sentido,Conversão proibida,Nublado,2025-02-18,20
2025-02-18,22:55:00,369,"146,1",LONDRINA,PR,Colisão transversal,Desrespeitar a preferência no cruzamento,Nublado,2025-02-18,22
2025-02-18,19:50:00,364,98,SENADOR GUIOMARD,AC,Tombamento,Pista esburacada,Nublado,2025-02-18,19
2025-02-18,23:30:00,277,77,SAO JOSE DOS PINHAIS,PR,Colisão com objeto,Ausência de reação do condutor,Nublado,2025-02-18,23
2025-02-18,23:30:00,116,162,JACAREI,SP,Colisão com objeto,Velocidade Incompatível,Nublado,2025-02-18,23
2025-02-18,20:00:00,407,607,ACAUA,PI,Colisão frontal,Transitar na contramão,Céu Claro,2025-02-18,20
2025-02-18,22:40:00,230,"24,2",JOAO PESSOA,PB,Queda de ocupante de veículo,Pista esburacada,Céu Claro,2025-02-18,22
2025-02-18,23:10:00,319,63,PORTO VELHO,RO,Colisão lateral mesmo sentido,Conversão proibida,Nublado,2025-02-18,23
2025-02-19,00:05:00,376,"212,2",MANDAGUARI,PR,Atropelamento de Pedestre,Pedestre andava na pista,Céu Claro,2025-02-19,0
2025-02-19,00:15:00,101,"277,9",IMBITUBA,SC,Colisão com objeto,Condutor Dormindo,Garoa/Chuvisco,2025-02-19,0
2025-02-18,22:49:00,487,"18,5",ITAQUIRAI,MS,Atropelamento de Animal,Velocidade Incompatível,Céu Claro,2025-02-18,22
2025-01-09,19:20:00,343,308,ALTOS,PI,Colisão transversal,Acessar a via sem observar a presença dos outros veículos,Ignorado,2025-01-09,19
2025-02-19,00:05:00,282,110,ALFREDO WAGNER,SC,Colisão traseira,Chuva,Garoa/Chuvisco,2025-02-19,0
2025-02-19,04:00:00,101,321,NITEROI,RJ,Colisão lateral mesmo sentido,Velocidade Incompatível,Céu Claro,2025-02-19,4
2025-02-19,04:30:00,101,"12,4",PEDRO CANARIO,ES,Colisão frontal,Acesso irregular,Céu Claro,2025-02-19,4
2025-02-19,05:55:00,116,"138,7",CAXIAS DO SUL,RS,Saída de leito carroçável,Reação tardia ou ineficiente do condutor,Céu Claro,2025-02-19,5
2025-02-19,05:50:00,60,"2,5",SANTO ANTONIO DO DESCOBERTO,GO,Saída de leito carroçável,Condutor Dormindo,Céu Claro,2025-02-19,5
2025-02-19,04:50:00,427,"97,4",CAICO,RN,Saída de leito carroçável,Condutor Dormindo,Céu Claro,2025-02-19,4
2025-02-19,01:00:00,101,"356,9",SANGAO,SC,Saída de leito carroçável,Ausência de reação do condutor,Céu Claro,2025-02-19,1
2025-02-19,06:00:00,163,"354,3",NOVA ALVORADA DO SUL,MS,Saída de leito carroçável,Demais falhas mecânicas ou elétricas,Céu Claro,2025-02-19,6
2025-02-19,06:35:00,40,"621,5",CONSELHEIRO LAFAIETE,MG,Colisão traseira,Reação tardia ou ineficiente do condutor,Sol,2025-02-19,6
2025-02-07,08:50:00,230,12,CABEDELO,PB,Colisão traseira,Ausência de reação do condutor,Céu Claro,2025-02-07,8
2025-02-19,07:20:00,101,"182,4",BIGUACU,SC,Colisão transversal,Acessar a via sem observar a presença dos outros veículos,Garoa/Chuvisco,2025-02-19,7
2025-02-19,07:00:00,381,"484,5",BETIM,MG,Colisão lateral mesmo sentido,Ausência de reação do condutor,Céu Claro,2025-02-19,7
2025-02-19,06:43:00,316,8,TERESINA,PI,Colisão traseira,Condutor deixou de manter distância do veículo da frente,Nublado,2025-02-19,6
2025-02-19,07:30:00,40,2,BRASILIA,DF,Colisão traseira,Condutor deixou de manter distância do veículo da frente,Céu Claro,2025-02-19,7
2025-02-19,07:00:00,104,88,RIO LARGO,AL,Colisão transversal,Conversão proibida,Sol,2025-02-19,7
2025-02-19,07:45:00,153,499,GOIANIA,GO,Queda de ocupante de veículo,Reação tardia ou ineficiente do condutor,Céu Claro,2025-02-19,7
2025-02-19,07:50:00,153,59,SAO JOSE DO RIO PRETO,SP,Colisão traseira,Ausência de reação do condutor,Sol,2025-02-19,7
2025-02-19,08:00:00,116,135,SAO JOSE DOS CAMPOS,SP,Colisão lateral mesmo sentido,Ausência de reação do condutor,Céu Claro,2025-02-19,8
2025-02-19,06:25:00,226,"67,3",JAGUARIBE,CE,Tombamento,Desrespeitar a preferência no cruzamento,Chuva,2025-02-19,6
2025-02-19,08:20:00,101,"174,5",ARACRUZ,ES,Colisão transversal,Acessar a via sem observar a presença dos outros veículos,Céu Claro,2025-02-19,8
2025-02-16,04:50:00,40,113,DUQUE DE CAXIAS,RJ,Colisão traseira,Ausência de reação do condutor,Céu Claro,2025-02-16,4
2025-02-19,07:30:00,393,171,TRES RIOS,RJ,Colisão transversal,Acessar a via sem observar a presença dos outros veículos,Céu Claro,2025-02-19,7
2025-02-19,07:54:00,10,459,PALMAS,TO,Colisão lateral mesmo sentido,Reação tardia ou ineficiente do condutor,Céu Claro,2025-02-19,7
2025-02-17,06:42:00,316,385,ALEGRETE DO PIAUI,PI,Saída de leito carroçável,Condutor Dormindo,Nublado,2025-02-17,6
2025-02-19,09:50:00,101,102,PARNAMIRIM,RN,Colisão traseira,Falta de acostamento,Sol,2025-02-19,9
2025-02-16,06:00:00,101,485,ANGRA DOS REIS,RJ,Colisão traseira,Condutor deixou de manter distância do veículo da frente,Céu Claro,2025-02-16,6
2025-02-19,08:45:00,470,289,BRUNOPOLIS,SC,Colisão transversal,Acessar a via sem observar a presença dos outros veículos,Céu Claro,2025-02-19,8
2025-02-19,09:30:00,101,266,RIO BONITO,RJ,Queda de ocupante de veículo,Condutor Dormindo,Céu Claro,2025-02-19,9
2025-02-19,10:30:00,116,"151,4",CAXIAS DO SUL,RS,Saída de leito carroçável,Curva acentuada,Céu Claro,2025-02-19,10
2025-02-18,22:00:00,285,535,SAO LUIZ GONZAGA,RS,Saída de leito carroçável,Ausência de reação do condutor,Céu Claro,2025-02-18,22
2025-02-19,10:53:00,469,16,FOZ DO IGUACU,PR,Colisão frontal,Acessar a via sem observar a presença dos outros veículos,Nublado,2025-02-19,10
2025-02-19,11:25:00,280,129,RIO NEGRINHO,SC,Colisão frontal,Transitar na contramão,Céu Claro,2025-02-19,11
2025-02-19,11:15:00,101,68,SAO MATEUS,ES,Colisão traseira,Condutor deixou de manter distância do veículo da frente,Céu Claro,2025-02-19,11
2025-02-19,07:40:00,393,"36,3",MUQUI,ES,Capotamento,Ausência de reação do condutor,Sol,2025-02-19,7
2025-02-19,10:10:00,364,137,RIO BRANCO,AC,Colisão lateral mesmo sentido,Acessar a via sem observar a presença dos outros veículos,Céu Claro,2025-02-19,10
2025-02-19,09:50:00,116,154,SAO JOSE DOS CAMPOS,SP,Colisão traseira,Demais falhas mecânicas ou elétricas,Sol,2025-02-19,9
2025-02-19,06:45:00,101,219,PALHOCA,SC,Colisão lateral mesmo sentido,Reação tardia ou ineficiente do condutor,Garoa/Chuvisco,2025-02-19,6
2025-02-19,12:00:00,356,"119,3",CAMPOS DOS GOYTACAZES,RJ,Saída de leito carroçável,Reação tardia ou ineficiente do condutor,Céu Claro,2025-02-19,12
2025-01-21,08:16:00,226,299,BARRA DO CORDA,MA,Colisão transversal,Acessar a via sem observar a presença dos outros veículos,Céu Claro,2025-01-21,8
2025-02-19,11:55:00,116,826,VITORIA DA CONQUISTA,BA,Queda de ocupante de veículo,Acumulo de óleo sobre o pavimento,Sol,2025-02-19,11
2025-02-15,19:00:00,70,528,VARZEA GRANDE,MT,Saída de leito carroçável,Reação tardia ou ineficiente do condutor,Céu Claro,2025-02-15,19
2025-02-19,11:40:00,364,713,PORTO VELHO,RO,Engavetamento,Sinalização mal posicionada,Nublado,2025-02-19,11
2025-01-02,17:00:00,101,457,SAO JOAO DO SUL,SC,Queda de ocupante de veículo,Acessar a via sem observar a presença dos outros veículos,Nublado,2025-01-02,17
2025-02-11,16:00:00,376,174,MARINGA,PR,Tombamento,Manobra de mudança de faixa,Ignorado,2025-02-11,16
2025-02-19,12:40:00,101,403,ITAGUAI,RJ,Colisão traseira,Condutor Dormindo,Céu Claro,2025-02-19,12
2025-02-19,12:00:00,101,333,RIO DE JANEIRO,RJ,Colisão com objeto,Reação tardia ou ineficiente do condutor,Céu Claro,2025-02-19,12
2025-02-19,12:05:00,163,7,BARRACAO,PR,Colisão transversal,Acessar a via sem observar a presença dos outros veículos,Céu Claro,2025-02-19,12
2025-02-19,12:10:00,70,428,CAMPO VERDE,MT,Saída de leito carroçável,Ausência de reação do condutor,Nublado,2025-02-19,12
2025-02-19,09:40:00,101,492,ANGRA DOS REIS,RJ,Colisão transversal,Acessar a via sem observar a presença dos outros veículos,Céu Claro,2025-02-19,9
2025-02-19,13:20:00,116,"415,8",GOVERNADOR VALADARES,MG,Colisão transversal,Ausência de reação do condutor,Céu Claro,2025-02-19,13
2025-02-19,07:50:00,101,"443,1",SANTA ROSA DO SUL,SC,Saída de leito carroçável,Animais na Pista,Nublado,2025-02-19,7
2025-02-18,23:30:00,174,208,PORTO ESPERIDIAO,MT,Saída de leito carroçável,Condutor Dormindo,Nublado,2025-02-18,23
2025-02-19,11:50:00,317,278,EPITACIOLANDIA,AC,Queda de ocupante de veículo,Reação tardia ou ineficiente do condutor,Sol,2025-02-19,11
2025-02-19,15:00:00,101,"282,4",CARIACICA,ES,Queda de ocupante de veículo,Reação tardia ou ineficiente do condutor,Céu Claro,2025-02-19,15
2025-02-12,14:05:00,174,494,BOA VISTA,RR,Colisão com objeto,Ingestão de álcool pelo condutor,Sol,2025-02-12,14
2025-01-20,11:25:00,50,"67,5",UBERLANDIA,MG,Colisão transversal,Acessar a via sem observar a presença dos outros veículos,Ignorado,2025-01-20,11
2025-02-19,15:40:00,116,252,SAPUCAIA DO SUL,RS,Tombamento,Avarias e/ou desgaste excessivo no pneu,Céu Claro,2025-02-19,15
2025-02-19,16:00:00,40,"795,9",JUIZ DE FORA,MG,Tombamento,Velocidade Incompatível,Céu Claro,2025-02-19,16
2025-02-19,08:30:00,226,127,SENADOR ALEXANDRE COSTA,MA,Saída de leito carroçável,Curva acentuada,Céu Claro,2025-02-19,8
2025-02-19,15:45:00,116,"826,4",VITORIA DA CONQUISTA,BA,Colisão traseira,Condutor deixou de manter distância do veículo da frente,Céu Claro,2025-02-19,15
2025-02-19,16:17:00,290,116,ELDORADO DO SUL,RS,Saída de leito carroçável,Mal súbito do condutor,Céu Claro,2025-02-19,16
2025-01-15,19:00:00,101,"183,5",CONCEICAO DA FEIRA,BA,Atropelamento de Animal,Animais na Pista,Chuva,2025-01-15,19
2025-02-19,15:45:00,468,"9,4",PALMEIRA DAS MISSOES,RS,Saída de leito carroçável,Ausência de reação do condutor,Sol,2025-02-19,15
2025-02-19,12:30:00,70,3,BARRA DO GARCAS,MT,Colisão traseira,Reação tardia ou ineficiente do condutor,Céu Claro,2025-02-19,12
2025-02-19,17:00:00,235,"59,9",ITABAIANA,SE,Colisão transversal,Acessar a via sem observar a presença dos outros veículos,Céu Claro,2025-02-19,17
2025-02-19,16:35:00,381,353,JOAO MONLEVADE,MG,Queda de ocupante de veículo,Pista esburacada,Céu Claro,2025-02-19,16
2025-02-19,14:30:00,393,258,BARRA DO PIRAI,RJ,Colisão transversal,Conversão proibida,Céu Claro,2025-02-19,14
2025-02-19,17:20:00,324,530,FEIRA DE SANTANA,BA,Tombamento,Acumulo de óleo sobre o pavimento,Céu Claro,2025-02-19,17
2025-02-19,17:10:00,226,3,NATAL,RN,Colisão transversal,Acessar a via sem observar a presença dos outros veículos,Sol,2025-02-19,17
2025-02-19,17:30:00,116,"0,1",CANOAS,RS,Colisão traseira,Condutor deixou de manter distância do veículo da frente,Céu Claro,2025-02-19,17
2025-02-19,17:00:00,343,3,TERESINA,PI,Colisão lateral mesmo sentido,Manobra de mudança de faixa,Nublado,2025-02-19,17
2025-02-19,18:10:00,110,"34,8",MOSSORO,RN,Atropelamento de Animal,Animais na Pista,Céu Claro,2025-02-19,18
2025-02-19,18:00:00,116,186,NOVA IGUACU,RJ,Tombamento,Ausência de reação do condutor,Sol,2025-02-19,18
2025-02-19,17:10:00,101,387,RIO DE JANEIRO,RJ,Colisão traseira,Manobra de mudança de faixa,Céu Claro,2025-02-19,17
2025-02-19,18:00:00,116,9,FORTALEZA,CE,Colisão lateral mesmo sentido,Manobra de mudança de faixa,Céu Claro,2025-02-19,18
2025-02-19,18:00:00,116,281,EMBU DAS ARTES,SP,Colisão lateral mesmo sentido,Manobra de mudança de faixa,Céu Claro,2025-02-19,18
2025-02-19,13:00:00,282,"457,5",PONTE SERRADA,SC,Queda de ocupante de veículo,Reação tardia ou ineficiente do condutor,Nublado,2025-02-19,13
2025-02-19,18:00:00,50,7,UBERLANDIA,MG,Queda de ocupante de veículo,Ingestão de álcool pelo condutor,Céu Claro,2025-02-19,18
2025-02-19,18:30:00,101,928,NOVA VICOSA,BA,Queda de ocupante de veículo,Reação tardia ou ineficiente do condutor,Céu Claro,2025-02-19,18
2025-02-19,18:00:00,40,16,LUZIANIA,GO,Saída de leito carroçável,Reação tardia ou ineficiente do condutor,Céu Claro,2025-02-19,18
2025-02-19,17:39:00,20,4,BRASILIA,DF,Colisão traseira,Reação tardia ou ineficiente do condutor,Céu Claro,2025-02-19,17
2025-02-19,18:40:00,343,"0,5",TERESINA,PI,Colisão traseira,Ausência de reação do condutor,Chuva,2025-02-19,18
2025-02-19,18:10:00,304,13,MOSSORO,RN,Colisão transversal,Condutor Dormindo,Céu Claro,2025-02-19,18
2025-02-19,19:00:00,101,"269,6",SERRA,ES,Colisão lateral sentido oposto,Transitar na contramão,Céu Claro,2025-02-19,19
2025-02-19,18:35:00,101,"123,2",ITAJAI,SC,Colisão transversal,Conversão proibida,Nublado,2025-02-19,18
2025-02-19,18:30:00,232,"56,8",POMBOS,PE,Atropelamento de Pedestre,Ausência de reação do condutor,Céu Claro,2025-02-19,18
2025-02-19,18:30:00,423,96,GARANHUNS,PE,Atropelamento de Pedestre,Área urbana sem a presença de local apropriado para a travessia de pedestres,Céu Claro,2025-02-19,18
2025-02-19,16:30:00,364,"422,8",JARU,RO,Colisão transversal,Desrespeitar a preferência no cruzamento,Céu Claro,2025-02-19,16
2025-02-19,19:00:00,116,265,CANOAS,RS,Colisão lateral mesmo sentido,Manobra de mudança de faixa,Céu Claro,2025-02-19,19
2025-02-19,14:30:00,364,1,ALTO ARAGUAIA,MT,Colisão frontal,Acessar a via sem observar a presença dos outros veículos,Sol,2025-02-19,14
2025-02-19,19:22:00,316,3,TERESINA,PI,Colisão com objeto,Reação tardia ou ineficiente do condutor,Nublado,2025-02-19,19
2025-02-19,20:00:00,116,219,GUARULHOS,SP,Colisão transversal,Ausência de reação do condutor,Nublado,2025-02-19,20
2025-02-19,19:30:00,116,"14,9",VITORIA DA CONQUISTA,BA,Colisão traseira,Afundamento ou ondulação no pavimento,Nublado,2025-02-19,19
2025-02-19,17:40:00,448,"4,5",ESTEIO,RS,Colisão traseira,Condutor deixou de manter distância do veículo da frente,Céu Claro,2025-02-19,17
2025-02-19,13:10:00,343,"206,2",PIRIPIRI,PI,Saída de leito carroçável,Reação tardia ou ineficiente do condutor,Garoa/Chuvisco,2025-02-19,13
2025-02-19,17:35:00,153,12,XAMBIOA,TO,Saída de leito carroçável,Ausência de reação do condutor,Céu Claro,2025-02-19,17
2025-02-19,21:00:00,116,170,RIO DE JANEIRO,RJ,Tombamento,Ausência de reação do condutor,Céu Claro,2025-02-19,21
2025-02-12,17:03:00,101,506,ITABUNA,BA,Colisão lateral mesmo sentido,Acessar a via sem observar a presença dos outros veículos,Céu Claro,2025-02-12,17
2025-02-19,18:00:00,381,80,SAO PAULO,SP,Colisão traseira,Ausência de reação do condutor,Céu Claro,2025-02-19,18
2025-02-19,18:53:00,364,603,ITAPUA DO OESTE,RO,Colisão com objeto,Ausência de reação do condutor,Nublado,2025-02-19,18
2025-02-19,18:50:00,116,"156,8",SAO JOSE DOS CAMPOS,SP,Atropelamento de Pedestre,Pedestre cruzava a pista fora da faixa,Céu Claro,2025-02-19,18
2025-02-19,20:30:00,163,420,CAMPO GRANDE,MS,Colisão transversal,Acessar a via sem observar a presença dos outros veículos,Céu Claro,2025-02-19,20
2025-02-19,20:45:00,116,"29,1",CAMPINA GRANDE DO SUL,PR,Incêndio,Demais falhas mecânicas ou elétricas,Garoa/Chuvisco,2025-02-19,20
2025-02-19,21:50:00,104,"85,8",AGRESTINA,PE,Colisão frontal,Reação tardia ou ineficiente do condutor,Céu Claro,2025-02-19,21
2025-02-19,22:05:00,101,147,GOIANINHA,RN,Colisão com objeto,Acesso irregular,Céu Claro,2025-02-19,22
2025-02-19,22:30:00,470,67,INDAIAL,SC,Colisão traseira,Ausência de reação do condutor,Garoa/Chuvisco,2025-02-19,22
2025-02-19,21:00:00,135,26,BACABEIRA,MA,Incêndio,Demais falhas mecânicas ou elétricas,Céu Claro,2025-02-19,21
2025-02-19,21:00:00,230,"279,6",NAZARE DO PIAUI,PI,Atropelamento de Pedestre,Pedestre andava na pista,Céu Claro,2025-02-19,21
2025-02-19,23:50:00,277,82,CURITIBA,PR,Tombamento,Avarias e/ou desgaste excessivo no pneu,Nublado,2025-02-19,23
2025-02-19,21:30:00,116,"167,8",JACAREI,SP,Colisão traseira,Ausência de reação do condutor,Céu Claro,2025-02-19,21
2025-02-19,23:40:00,116,"2,5",PORTO ALEGRE,RS,Colisão traseira,Ausência de reação do condutor,Céu Claro,2025-02-19,23
2025-02-19,23:55:00,158,"525,1",PATO BRANCO,PR,Saída de leito carroçável,Velocidade Incompatível,Céu Claro,2025-02-19,23
2025-02-19,23:45:00,406,"80,6",SAO GONCALO DO AMARANTE,RN,Colisão transversal,Ingestão de álcool pelo condutor,Céu Claro,2025-02-19,23
2025-02-20,00:45:00,381,258,CORONEL FABRICIANO,MG,Colisão frontal,Condutor Dormindo,Céu Claro,2025-02-20,0
2025-02-20,01:20:00,116,212,GUARULHOS,SP,Colisão lateral mesmo sentido,Reação tardia ou ineficiente do condutor,Nublado,2025-02-20,1
2025-02-20,03:55:00,40,"507,5",RIBEIRAO DAS NEVES,MG,Atropelamento de Pedestre,Entrada inopinada do pedestre,Céu Claro,2025-02-20,3
2025-02-20,05:00:00,101,161,LINHARES,ES,Tombamento,Transitar na contramão,Céu Claro,2025-02-20,5
2025-02-20,04:20:00,290,"43,4",GLORINHA,RS,Tombamento,Reação tardia ou ineficiente do condutor,Nevoeiro/Neblina,2025-02-20,4
2025-02-20,04:35:00,60,"183,3",ABADIA DE GOIAS,GO,Colisão traseira,Condutor deixou de manter distância do veículo da frente,Ignorado,2025-02-20,4
2025-02-20,05:40:00,101,"364,5",ANCHIETA,ES,Saída de leito carroçável,Condutor Dormindo,Céu Claro,2025-02-20,5
2025-02-20,06:15:00,101,"42,6",CONCEICAO DA BARRA,ES,Saída de leito carroçável,Animais na Pista,Céu Claro,2025-02-20,6
2025-02-19,15:15:00,493,75,NOVA IGUACU,RJ,Colisão traseira,Ausência de reação do condutor,Céu Claro,2025-02-19,15
2025-02-20,06:00:00,101,88,JOAO PESSOA,PB,Colisão traseira,Estacionar ou parar em local proibido,Céu Claro,2025-02-20,6
2025-02-20,05:30:00,153,"374,2",SAO FRANCISCO DE GOIAS,GO,Atropelamento de Pedestre,Pedestre andava na pista,Céu Claro,2025-02-20,5
2025-02-19,22:50:00,493,22,MAGE,RJ,Colisão frontal,Ultrapassagem Indevida,Céu Claro,2025-02-19,22
2025-02-20,07:00:00,376,168,MARINGA,PR,Queda de ocupante de veículo,Frear bruscamente,Céu Claro,2025-02-20,7
2025-02-20,05:00:00,116,204,QUEIMADOS,RJ,Colisão com objeto,Reação tardia ou ineficiente do condutor,Céu Claro,2025-02-20,5
2025-02-20,05:30:00,101,103,CABO DE SANTO AGOSTINHO,PE,Atropelamento de Pedestre,Entrada inopinada do pedestre,Céu Claro,2025-02-20,5
2025-02-20,07:50:00,101,"194,4",BIGUACU,SC,Queda de ocupante de veículo,Avarias e/ou desgaste excessivo no pneu,Nublado,2025-02-20,7
2025-02-20,07:30:00,285,456,IJUI,RS,Colisão transversal,Desrespeitar a preferência no cruzamento,Sol,2025-02-20,7
2025-02-20,07:40:00,376,168,MARINGA,PR,Engavetamento,Ausência de reação do condutor,Céu Claro,2025-02-20,7
2025-02-20,08:00:00,60,97,ANAPOLIS,GO,Colisão transversal,Acessar a via sem observar a presença dos outros veículos,Céu Claro,2025-02-20,8
2025-01-31,20:30:00,428,189,PETROLINA,PE,Colisão traseira,Reação tardia ou ineficiente do condutor,Céu Claro,2025-01-31,20
2025-02-20,07:20:00,116,"153,7",CAXIAS DO SUL,RS,Colisão lateral mesmo sentido,Desrespeitar a preferência no cruzamento,Céu Claro,2025-02-20,7
2025-02-20,08:10:00,101,71,ARAQUARI,SC,Saída de leito carroçável,Velocidade Incompatível,Nublado,2025-02-20,8
2025-02-16,19:30:00,470,33,GASPAR,SC,Atropelamento de Pedestre,Acesso irregular,Nublado,2025-02-16,19
2025-02-20,07:30:00,40,4,BRASILIA,DF,Colisão lateral mesmo sentido,Manobra de mudança de faixa,Céu Claro,2025-02-20,7
2025-02-20,07:56:00,40,4,BRASILIA,DF,Colisão traseira,Trafegar com motocicleta (ou similar) entre as faixas,Céu Claro,2025-02-20,7
2025-02-20,07:45:00,324,603,SIMOES FILHO,BA,Colisão lateral mesmo sentido,Reação tardia ou ineficiente do condutor,Céu Claro,2025-02-20,7
2025-02-20,08:00:00,101,109,PARNAMIRIM,RN,Queda de ocupante de veículo,Demais falhas na via,Céu Claro,2025-02-20,8
2025-01-20,12:10:00,423,100,DELMIRO GOUVEIA,AL,Colisão frontal,Chuva,Chuva,2025-01-20,12
2025-02-02,03:40:00,230,"157,3",CAMPINA GRANDE,PB,Atropelamento de Animal,Animais na Pista,Nublado,2025-02-02,3
2025-02-14,17:10:00,428,"184,2",PETROLINA,PE,Colisão lateral mesmo sentido,Acessar a via sem observar a presença dos outros veículos,Céu Claro,2025-02-14,17
2025-02-20,08:30:00,101,399,ITAGUAI,RJ,Colisão traseira,Ausência de reação do condutor,Céu Claro,2025-02-20,8
2025-02-20,08:01:00,101,41,CONCEICAO DA BARRA,ES,Tombamento,Demais falhas mecânicas ou elétricas,Céu Claro,2025-02-20,8
2025-02-20,09:20:00,101,28,RIO TINTO,PB,Saída de leito carroçável,Reação tardia ou ineficiente do condutor,Céu Claro,2025-02-20,9
2025-01-23,17:40:00,376,600,CURITIBA,PR,Queda de ocupante de veículo,Reação tardia ou ineficiente do condutor,Nublado,2025-01-23,17
2025-02-20,08:35:00,364,161,PIMENTA BUENO,RO,Colisão transversal,Conversão proibida,Sol,2025-02-20,8
2025-02-20,07:40:00,101,269,SERRA,ES,Colisão lateral mesmo sentido,Ausência de reação do condutor,Sol,2025-02-20,7
2025-02-20,09:15:00,230,10,CABEDELO,PB,Queda de ocupante de veículo,Demais falhas mecânicas ou elétricas,Céu Claro,2025-02-20,9
2025-02-20,08:00:00,470,"55,7",BLUMENAU,SC,Colisão transversal,Retorno proibido,Céu Claro,2025-02-20,8
2025-02-20,09:30:00,101,267,SERRA,ES,Colisão com objeto,Reação tardia ou ineficiente do condutor,Céu Claro,2025-02-20,9
2025-02-20,10:00:00,40,6,BRASILIA,DF,Colisão lateral mesmo sentido,Manobra de mudança de faixa,Céu Claro,2025-02-20,10
2025-01-16,02:00:00,230,6,ALTAMIRA,PA,Saída de leito carroçável,Ingestão de álcool pelo condutor,Nublado,2025-01-16,2
2025-02-20,10:50:00,230,"22,5",JOAO PESSOA,PB,Colisão traseira,Ausência de reação do condutor,Sol,2025-02-20,10
2025-02-20,10:30:00,407,"128,7",PETROLINA,PE,Colisão transversal,Desrespeitar a preferência no cruzamento,Céu Claro,2025-02-20,10
2025-01-04,17:10:00,280,293,FLOR DA SERRA DO SUL,PR,Colisão transversal,Desrespeitar a preferência no cruzamento,Sol,2025-01-04,17
2025-02-20,07:00:00,407,"424,7",PICOS,PI,Queda de ocupante de veículo,Animais na Pista,Nublado,2025-02-20,7
2025-02-20,12:15:00,277,68,SAO JOSE DOS PINHAIS,PR,Queda de ocupante de veículo,Avarias e/ou desgaste excessivo no pneu,Céu Claro,2025-02-20,12
2025-02-16,23:25:00,101,"51,9",UBATUBA,SP,Colisão lateral sentido oposto,Ausência de reação do condutor,Nublado,2025-02-16,23
2025-02-20,12:00:00,116,51,LORENA,SP,Queda de ocupante de veículo,Demais falhas mecânicas ou elétricas,Céu Claro,2025-02-20,12
2025-02-20,12:25:00,376,592,CURITIBA,PR,Colisão traseira,Trafegar com motocicleta (ou similar) entre as faixas,Nublado,2025-02-20,12
2025-02-20,10:40:00,316,18,BENEVIDES,PA,Colisão traseira,Condutor deixou de manter distância do veículo da frente,Sol,2025-02-20,10
2025-02-09,16:25:00,158,470,ROSARIO DO SUL,RS,Colisão traseira,Condutor deixou de manter distância do veículo da frente,Céu Claro,2025-02-09,16
2025-02-20,13:50:00,101,515,ANGRA DOS REIS,RJ,Queda de ocupante de veículo,Ausência de reação do condutor,Céu Claro,2025-02-20,13