data_inversa,horario,br,km,municipio,uf,tipo_acidente,causa_acidente,condicao_metereologica,data,hora
2025-02-20,05:45:00,158,"623,7",AGUA BOA,MT,Atropelamento de Animal,Animais na Pista,Céu Claro,2025-02-20,5
2025-02-04,13:30:00,70,272,PRIMAVERA DO LESTE,MT,Colisão traseira,Ausência de reação do condutor,Nublado,2025-02-04,13
2025-02-20,14:15:00,116,"477,3",TURUCU,RS,Colisão com objeto,Ausência de reação do condutor,Sol,2025-02-20,14
2025-02-20,14:20:00,101,155,LINHARES,ES,Colisão traseira,Reação tardia ou ineficiente do condutor,Céu Claro,2025-02-20,14
2025-02-20,14:14:00,428,187,PETROLINA,PE,Colisão transversal,Desrespeitar a preferência no cruzamento,Céu Claro,2025-02-20,14
2025-02-20,14:20:00,471,"174,9",RIO PARDO,RS,Colisão lateral mesmo sentido,Condutor deixou de manter distância do veículo da frente,Sol,2025-02-20,14
2025-02-20,12:45:00,163,800,VERA,MT,Saída de leito carroçável,Chuva,Chuva,2025-02-20,12
2025-02-20,15:10:00,324,513,FEIRA DE SANTANA,BA,Colisão frontal,Transitar na contramão,Céu Claro,2025-02-20,15
2025-02-20,14:30:00,101,84,NATAL,RN,Colisão traseira,Ausência de reação do condutor,Céu Claro,2025-02-20,14
2025-02-20,13:30:00,60,"387,8",SIDROLANDIA,MS,Saída de leito carroçável,Acumulo de água sobre o pavimento,Chuva,2025-02-20,13
2025-02-20,08:00:00,101,"201,6",SAO JOSE,SC,Colisão lateral mesmo sentido,Manobra de mudança de faixa,Céu Claro,2025-02-20,8
2025-02-20,15:35:00,101,199,SAO JOSE,SC,Colisão traseira,Condutor deixou de manter distância do veículo da frente,Garoa/Chuvisco,2025-02-20,15
2025-02-20,15:50:00,146,466,BOTELHOS,MG,Colisão frontal,Ultrapassagem Indevida,Céu Claro,2025-02-20,15
2025-01-12,03:30:00,104,83,AGRESTINA,PE,Saída de leito carroçável,Transitar na contramão,Céu Claro,2025-01-12,3
2025-02-20,13:00:00,70,534,VARZEA GRANDE,MT,Saída de leito carroçável,Ausência de reação do condutor,Céu Claro,2025-02-20,13
2025-02-20,15:15:00,324,586,CANDEIAS,BA,Saída de leito carroçável,Ausência de reação do condutor,Céu Claro,2025-02-20,15
2025-02-20,14:20:00,282,54,AGUAS MORNAS,SC,Saída de leito carroçável,Velocidade Incompatível,Chuva,2025-02-20,14
2025-02-20,16:40:00,101,"40,9",MAMANGUAPE,PB,Atropelamento de Pedestre,Entrada inopinada do pedestre,Céu Claro,2025-02-20,16
2025-02-20,16:30:00,116,"35,4",HORIZONTE,CE,Queda de ocupante de veículo,Acostamento em desnível,Nublado,2025-02-20,16
2025-02-20,16:58:00,101,59,CAMPOS DOS GOYTACAZES,RJ,Colisão transversal,Acesso irregular,Sol,2025-02-20,16
2025-02-20,16:00:00,116,187,NOVA IGUACU,RJ,Colisão traseira,Condutor deixou de manter distância do veículo da frente,Céu Claro,2025-02-20,16
2025-02-20,17:15:00,381,494,BETIM,MG,Colisão traseira,Ausência de reação do condutor,Céu Claro,2025-02-20,17
2025-02-20,17:40:00,116,425,FEIRA DE SANTANA,BA,Atropelamento de Animal,Animais na Pista,Ignorado,2025-02-20,17
2025-02-20,15:30:00,277,27,MORRETES,PR,Tombamento,Ausência de reação do condutor,Chuva,2025-02-20,15
2025-02-20,16:30:00,101,94,NATAL,RN,Colisão lateral mesmo sentido,Manobra de mudança de faixa,Céu Claro,2025-02-20,16
2025-02-20,18:00:00,381,39,ATIBAIA,SP,Colisão com objeto,Reação tardia ou ineficiente do condutor,Céu Claro,2025-02-20,18
2025-02-20,17:40:00,373,"222,5",IMBITUVA,PR,Colisão transversal,Acessar a via sem observar a presença dos outros veículos,Sol,2025-02-20,17
2025-02-20,17:40:00,116,148,MANDIRITUBA,PR,Colisão traseira,Reação tardia ou ineficiente do condutor,Nublado,2025-02-20,17
2025-02-20,17:30:00,316,64,OURICURI,PE,Saída de leito carroçável,Ausência de reação do condutor,Céu Claro,2025-02-20,17
2025-02-20,18:30:00,304,"49,9",ARACATI,CE,Atropelamento de Pedestre,Entrada inopinada do pedestre,Céu Claro,2025-02-20,18
2025-02-20,17:00:00,116,233,PIRAI,RJ,Capotamento,Acumulo de óleo sobre o pavimento,Céu Claro,2025-02-20,17
2025-02-20,17:40:00,369,"207,9",APUCARANA,PR,Atropelamento de Pedestre,Pedestre cruzava a pista fora da faixa,Sol,2025-02-20,17
2025-02-20,19:00:00,101,15,UBATUBA,SP,Colisão lateral mesmo sentido,Conversão proibida,Garoa/Chuvisco,2025-02-20,19
2025-02-20,20:15:00,101,"54,8",SANTA RITA,PB,Colisão com objeto,Ausência de reação do condutor,Céu Claro,2025-02-20,20
2025-02-20,19:07:00,364,605,ITAPUA DO OESTE,RO,Colisão frontal,Transitar na contramão,Céu Claro,2025-02-20,19
2025-02-20,19:50:00,262,"172,7",IBATIBA,ES,Atropelamento de Pedestre,Iluminação deficiente,Garoa/Chuvisco,2025-02-20,19
2025-02-20,20:30:00,153,421,ANAPOLIS,GO,Saída de leito carroçável,Velocidade Incompatível,Céu Claro,2025-02-20,20
2025-02-20,20:25:00,101,484,ANGRA DOS REIS,RJ,Colisão traseira,Ausência de reação do condutor,Céu Claro,2025-02-20,20
2025-02-20,20:00:00,101,326,RIO DE JANEIRO,RJ,Queda de ocupante de veículo,Ausência de reação do condutor,Céu Claro,2025-02-20,20
2025-02-20,19:23:00,153,"109,6",IBAITI,PR,Atropelamento de Pedestre,Pedestre cruzava a pista fora da faixa,Céu Claro,2025-02-20,19
2025-02-20,22:00:00,427,"97,4",CAICO,RN,Queda de ocupante de veículo,Iluminação deficiente,Céu Claro,2025-02-20,22
2025-02-20,10:30:00,230,"27,7",JOAO PESSOA,PB,Tombamento,Velocidade Incompatível,Céu Claro,2025-02-20,10
2025-02-20,17:20:00,40,123,DUQUE DE CAXIAS,RJ,Atropelamento de Pedestre,Entrada inopinada do pedestre,Céu Claro,2025-02-20,17
2025-02-20,22:00:00,116,409,GOVERNADOR VALADARES,MG,Colisão transversal,Acessar a via sem observar a presença dos outros veículos,Céu Claro,2025-02-20,22
2025-02-20,22:45:00,262,14,VIANA,ES,Queda de ocupante de veículo,Acumulo de areia ou detritos sobre o pavimento,Céu Claro,2025-02-20,22
2025-02-20,21:50:00,414,"429,8",ABADIANIA,GO,Colisão frontal,Transitar na contramão,Céu Claro,2025-02-20,21
2025-02-20,22:40:00,290,107,ELDORADO DO SUL,RS,Colisão com objeto,Ausência de reação do condutor,Céu Claro,2025-02-20,22
2025-02-20,23:00:00,110,"26,6",AREIA BRANCA,RN,Incêndio,Demais falhas mecânicas ou elétricas,Céu Claro,2025-02-20,23
2025-02-20,23:35:00,101,318,NITEROI,RJ,Queda de ocupante de veículo,Condutor Dormindo,Céu Claro,2025-02-20,23
2025-02-21,00:01:00,101,"212,6",PALHOCA,SC,Saída de leito carroçável,Velocidade Incompatível,Céu Claro,2025-02-21,0
2025-02-20,21:25:00,262,"6,9",MARTINS SOARES,MG,Saída de leito carroçável,Velocidade Incompatível,Céu Claro,2025-02-20,21
2025-02-21,03:30:00,101,15,PEDRO CANARIO,ES,Tombamento,Ausência de reação do condutor,Céu Claro,2025-02-21,3
2025-02-21,03:00:00,153,"1,9",ARAPORA,MG,Saída de leito carroçável,Condutor Dormindo,Céu Claro,2025-02-21,3
2025-02-21,05:30:00,20,9,BRASILIA,DF,Saída de leito carroçável,Condutor Dormindo,Céu Claro,2025-02-21,5
2025-02-21,06:30:00,376,"155,6",MANDAGUACU,PR,Colisão lateral mesmo sentido,Trafegar com motocicleta (ou similar) entre as faixas,Céu Claro,2025-02-21,6
2025-02-21,06:40:00,116,127,CACAPAVA,SP,Queda de ocupante de veículo,Avarias e/ou desgaste excessivo no pneu,Nublado,2025-02-21,6
2025-02-21,07:00:00,116,319,ITATIAIA,RJ,Colisão com objeto,Objeto estático sobre o leito carroçável,Céu Claro,2025-02-21,7
2025-02-21,12:15:00,381,61,MAIRIPORA,SP,Atropelamento de Pedestre,Entrada inopinada do pedestre,Céu Claro,2025-02-21,12
2025-02-21,00:20:00,316,"199,5",MARIBONDO,AL,Incêndio,Demais falhas mecânicas ou elétricas,Céu Claro,2025-02-21,0
2025-02-21,08:35:00,116,5,FORTALEZA,CE,Colisão traseira,Manobra de mudança de faixa,Nublado,2025-02-21,8
2025-02-21,07:20:00,364,694,PORTO VELHO,RO,Atropelamento de Pedestre,Pedestre cruzava a pista fora da faixa,Nublado,2025-02-21,7
2025-02-21,08:10:00,381,363,BETIM,MG,Colisão traseira,Ausência de reação do condutor,Céu Claro,2025-02-21,8
2025-02-21,07:15:00,230,394,SAO BENTINHO,PB,Saída de leito carroçável,Mal súbito do condutor,Céu Claro,2025-02-21,7
2025-02-21,07:30:00,104,"88,5",RIO LARGO,AL,Colisão transversal,Acessar a via sem observar a presença dos outros veículos,Céu Claro,2025-02-21,7
2025-02-21,07:00:00,116,116,SAO MARCOS,RS,Colisão transversal,Acessar a via sem observar a presença dos outros veículos,Céu Claro,2025-02-21,7
2025-02-21,07:40:00,364,351,JI-PARANA,RO,Tombamento,Ausência de reação do condutor,Céu Claro,2025-02-21,7
2025-02-21,07:20:00,364,576,DIAMANTINO,MT,Saída de leito carroçável,Acumulo de água sobre o pavimento,Chuva,2025-02-21,7
2025-02-21,08:50:00,316,"0,3",TIMON,MA,Colisão traseira,Condutor deixou de manter distância do veículo da frente,Nublado,2025-02-21,8
2025-02-21,09:20:00,290,96,PORTO ALEGRE,RS,Colisão traseira,Manobra de mudança de faixa,Céu Claro,2025-02-21,9
2025-02-21,09:00:00,277,70,SAO JOSE DOS PINHAIS,PR,Queda de ocupante de veículo,Reação tardia ou ineficiente do condutor,Sol,2025-02-21,9
2025-02-21,07:30:00,163,836,SINOP,MT,Queda de ocupante de veículo,Pista Escorregadia,Céu Claro,2025-02-21,7
2025-02-21,10:00:00,101,"204,9",SAO JOSE,SC,Colisão lateral mesmo sentido,Reação tardia ou ineficiente do condutor,Céu Claro,2025-02-21,10
2025-02-21,09:50:00,116,"530,9",CARATINGA,MG,Colisão traseira,Ausência de reação do condutor,Céu Claro,2025-02-21,9
2025-02-21,08:35:00,290,77,PORTO ALEGRE,RS,Colisão lateral mesmo sentido,Condutor deixou de manter distância do veículo da frente,Céu Claro,2025-02-21,8
2025-02-21,10:00:00,40,569,NOVA LIMA,MG,Colisão lateral mesmo sentido,Acesso irregular,Céu Claro,2025-02-21,10
2025-02-21,09:30:00,60,10,BRASILIA,DF,Colisão lateral mesmo sentido,Problema na suspensão,Céu Claro,2025-02-21,9
2025-02-21,10:05:00,476,117,COLOMBO,PR,Colisão transversal,Acesso irregular,Nublado,2025-02-21,10
2025-02-21,10:40:00,116,174,SAO JOAO DE MERITI,RJ,Colisão traseira,Reação tardia ou ineficiente do condutor,Céu Claro,2025-02-21,10
2025-02-21,04:00:00,282,480,VARGEAO,SC,Colisão com objeto,Ausência de reação do condutor,Céu Claro,2025-02-21,4
2025-02-21,06:00:00,242,206,ITABERABA,BA,Saída de leito carroçável,Ultrapassagem Indevida,Chuva,2025-02-21,6
2025-02-21,09:05:00,101,"401,5",MARACAJA,SC,Engavetamento,Reação tardia ou ineficiente do condutor,Sol,2025-02-21,9
2025-02-21,11:30:00,210,3,MACAPA,AP,Saída de leito carroçável,Reação tardia ou ineficiente do condutor,Chuva,2025-02-21,11
2025-02-21,11:50:00,101,"38,1",JOINVILLE,SC,Engavetamento,Reação tardia ou ineficiente do condutor,Nublado,2025-02-21,11
2025-02-21,11:50:00,116,160,JACAREI,SP,Queda de ocupante de veículo,Reação tardia ou ineficiente do condutor,Céu Claro,2025-02-21,11
2025-02-21,08:30:00,364,418,JARU,RO,Tombamento,Velocidade Incompatível,Céu Claro,2025-02-21,8
2025-02-21,09:20:00,101,"116,4",ITAJAI,SC,Colisão lateral mesmo sentido,Ausência de reação do condutor,Sol,2025-02-21,9
2025-02-21,12:19:00,135,351,BOM JESUS,PI,Colisão frontal,Ausência de reação do condutor,Céu Claro,2025-02-21,12
2025-01-12,11:00:00,101,504,ANGRA DOS REIS,RJ,Colisão traseira,Velocidade Incompatível,Nublado,2025-01-12,11
2025-02-21,13:03:00,104,"74,5",CARUARU,PE,Colisão lateral sentido oposto,Transitar na contramão,Nublado,2025-02-21,13
2025-02-21,13:06:00,101,"286,8",CARIACICA,ES,Queda de ocupante de veículo,Reação tardia ou ineficiente do condutor,Céu Claro,2025-02-21,13
2025-02-21,11:45:00,472,548,URUGUAIANA,RS,Incêndio,Demais falhas mecânicas ou elétricas,Céu Claro,2025-02-21,11
2025-02-21,13:30:00,101,"192,7",BIGUACU,SC,Colisão traseira,Manobra de mudança de faixa,Céu Claro,2025-02-21,13
2025-02-21,13:45:00,101,327,GUARAPARI,ES,Colisão com objeto,Ausência de reação do condutor,Céu Claro,2025-02-21,13
2025-02-21,07:10:00,116,263,TUCANO,BA,Colisão transversal,Acesso irregular,Céu Claro,2025-02-21,7
2025-02-09,20:00:00,80,153,VILA PROPICIO,GO,Saída de leito carroçável,Reação tardia ou ineficiente do condutor,Garoa/Chuvisco,2025-02-09,20
2025-02-21,11:20:00,364,11,VILHENA,RO,Colisão transversal,Desrespeitar a preferência no cruzamento,Céu Claro,2025-02-21,11
2025-01-20,12:00:00,210,1,MACAPA,AP,Colisão transversal,Manobra de mudança de faixa,Céu Claro,2025-01-20,12
2025-02-10,05:06:00,282,413,CATANDUVAS,SC,Colisão frontal,Transitar na contramão,Céu Claro,2025-02-10,5
2025-02-21,12:20:00,226,285,BARRA DO CORDA,MA,Saída de leito carroçável,Transitar na contramão,Chuva,2025-02-21,12
2025-02-21,14:15:00,101,471,ANGRA DOS REIS,RJ,Colisão traseira,Condutor deixou de manter distância do veículo da frente,Sol,2025-02-21,14
2025-02-21,15:00:00,280,169,MAFRA,SC,Colisão transversal,Acessar a via sem observar a presença dos outros veículos,Céu Claro,2025-02-21,15
2025-02-21,14:45:00,471,661,SANTA VITORIA DO PALMAR,RS,Saída de leito carroçável,Velocidade Incompatível,Céu Claro,2025-02-21,14
2025-01-05,06:15:00,232,410,SERRA TALHADA,PE,Tombamento,Acessar a via sem observar a presença dos outros veículos,Céu Claro,2025-01-05,6
2025-02-21,15:28:00,101,109,PARNAMIRIM,RN,Colisão com objeto,Acesso irregular,Céu Claro,2025-02-21,15
2025-02-21,15:00:00,101,215,PALHOCA,SC,Colisão traseira,Reação tardia ou ineficiente do condutor,Nublado,2025-02-21,15
2025-02-21,15:00:00,262,46,MANHUACU,MG,Colisão com objeto,Ingestão de álcool pelo condutor,Céu Claro,2025-02-21,15
2025-02-21,14:15:00,222,364,SANTA INES,MA,Queda de ocupante de veículo,Pista Escorregadia,Nublado,2025-02-21,14
2025-02-21,16:30:00,324,614,SALVADOR,BA,Colisão traseira,Condutor deixou de manter distância do veículo da frente,Céu Claro,2025-02-21,16
2025-02-21,12:50:00,40,112,DUQUE DE CAXIAS,RJ,Queda de ocupante de veículo,Avarias e/ou desgaste excessivo no pneu,Sol,2025-02-21,12
2025-02-21,16:20:00,376,"201,7",MANDAGUARI,PR,Queda de ocupante de veículo,Animais na Pista,Nublado,2025-02-21,16
2025-02-21,17:00:00,101,570,PARATY,RJ,Tombamento,Pista Escorregadia,Chuva,2025-02-21,17
2025-02-21,14:51:00,101,"274,1",IMBITUBA,SC,Colisão traseira,Condutor deixou de manter distância do veículo da frente,Nublado,2025-02-21,14
2025-02-21,14:34:00,101,766,ITABELA,BA,Colisão transversal,Acessar a via sem observar a presença dos outros veículos,Céu Claro,2025-02-21,14
2025-02-21,17:10:00,459,30,LORENA,SP,Colisão traseira,Ausência de reação do condutor,Sol,2025-02-21,17
2025-02-21,16:30:00,101,"127,7",ITAJAI,SC,Colisão traseira,Ausência de reação do condutor,Sol,2025-02-21,16
2025-02-21,14:30:00,277,583,CASCAVEL,PR,Atropelamento de Pedestre,Ultrapassagem Indevida,Céu Claro,2025-02-21,14
2025-02-21,13:30:00,210,105,PORTO GRANDE,AP,Colisão transversal,Ausência de reação do condutor,Céu Claro,2025-02-21,13
2025-02-21,17:20:00,116,116,CACAPAVA,SP,Colisão lateral mesmo sentido,Trafegar com motocicleta (ou similar) entre as faixas,Sol,2025-02-21,17
2025-02-21,17:00:00,101,"54,6",JOINVILLE,SC,Tombamento,Avarias e/ou desgaste excessivo no pneu,Nublado,2025-02-21,17
2025-02-21,17:10:00,0,0,MACAIBA,RN,Colisão transversal,Ultrapassagem Indevida,Céu Claro,2025-02-21,17
2025-02-21,18:15:00,101,508,ITABUNA,BA,Colisão transversal,Acessar a via sem observar a presença dos outros veículos,Céu Claro,2025-02-21,18
2025-02-21,18:00:00,101,"279,2",SERRA,ES,Colisão lateral mesmo sentido,Demais falhas mecânicas ou elétricas,Céu Claro,2025-02-21,18
2025-02-21,16:55:00,373,"256,9",PRUDENTOPOLIS,PR,Colisão frontal,Transitar na contramão,Nublado,2025-02-21,16
2025-02-21,18:00:00,232,194,SANHARO,PE,Colisão lateral sentido oposto,Ingestão de álcool pelo condutor,Céu Claro,2025-02-21,18
2025-02-21,15:17:00,405,177,JOSE DA PENHA,RN,Colisão com objeto,Acesso irregular,Sol,2025-02-21,15
2025-02-21,17:35:00,101,"312,1",SAO GONCALO,RJ,Colisão traseira,Reação tardia ou ineficiente do condutor,Céu Claro,2025-02-21,17
2025-02-21,16:40:00,101,251,CONCEICAO DO ALMEIDA,BA,Colisão lateral mesmo sentido,Acessar a via sem observar a presença dos outros veículos,Céu Claro,2025-02-21,16
2025-02-21,18:10:00,470,"337,8",TRIUNFO,RS,Colisão transversal,Acessar a via sem observar a presença dos outros veículos,Céu Claro,2025-02-21,18
2025-02-21,16:30:00,101,48,UBATUBA,SP,Colisão transversal,Acessar a via sem observar a presença dos outros veículos,Chuva,2025-02-21,16
2025-02-21,18:40:00,116,144,SAO JOSE DOS CAMPOS,SP,Colisão traseira,Trafegar com motocicleta (ou similar) entre as faixas,Nublado,2025-02-21,18
2025-02-21,19:00:00,101,115,SAO JOSE DE MIPIBU,RN,Queda de ocupante de veículo,Ausência de reação do condutor,Céu Claro,2025-02-21,19
2025-02-21,16:30:00,116,515,BARRA DO TURVO,SP,Queda de ocupante de veículo,Reação tardia ou ineficiente do condutor,Garoa/Chuvisco,2025-02-21,16
2025-02-21,16:15:00,101,"333,7",TUBARAO,SC,Colisão transversal,Desrespeitar a preferência no cruzamento,Céu Claro,2025-02-21,16
2025-02-21,19:30:00,101,161,LINHARES,ES,Colisão frontal,Transitar na contramão,Céu Claro,2025-02-21,19
2025-02-21,19:25:00,470,"334,5",TRIUNFO,RS,Colisão frontal,Ultrapassagem Indevida,Ignorado,2025-02-21,19
2025-02-21,17:40:00,262,168,IBATIBA,ES,Saída de leito carroçável,Ingestão de álcool pelo condutor,Nublado,2025-02-21,17
2025-02-21,17:35:00,101,311,LAGUNA,SC,Colisão traseira,Condutor deixou de manter distância do veículo da frente,Céu Claro,2025-02-21,17
2025-02-21,19:00:00,116,283,ITAPECERICA DA SERRA,SP,Colisão lateral mesmo sentido,Ausência de reação do condutor,Céu Claro,2025-02-21,19
2025-02-21,19:15:00,153,436,ANAPOLIS,GO,Colisão traseira,Reação tardia ou ineficiente do condutor,Céu Claro,2025-02-21,19
2025-02-21,18:55:00,110,"365,3",CATU,BA,Colisão transversal,Velocidade Incompatível,Céu Claro,2025-02-21,18
2025-02-21,15:40:00,381,588,CARMOPOLIS DE MINAS,MG,Queda de ocupante de veículo,Acumulo de areia ou detritos sobre o pavimento,Céu Claro,2025-02-21,15
2025-01-08,19:50:00,101,"205,2",SAO SEBASTIAO,AL,Colisão transversal,Ingestão de álcool pelo condutor,Céu Claro,2025-01-08,19
2025-02-21,19:10:00,232,236,PESQUEIRA,PE,Incêndio,Demais falhas mecânicas ou elétricas,Vento,2025-02-21,19
2025-02-21,22:05:00,101,"120,5",ITAJAI,SC,Tombamento,Ausência de reação do condutor,Nublado,2025-02-21,22
2025-02-21,21:30:00,470,"52,6",BLUMENAU,SC,Colisão transversal,Acessar a via sem observar a presença dos outros veículos,Céu Claro,2025-02-21,21
2025-02-21,21:20:00,40,"5,7",BRASILIA,DF,Colisão lateral mesmo sentido,Trafegar com motocicleta (ou similar) entre as faixas,Céu Claro,2025-02-21,21
2025-02-21,20:30:00,222,185,SOBRAL,CE,Colisão com objeto,Demais falhas mecânicas ou elétricas,Céu Claro,2025-02-21,20
2025-02-21,21:30:00,101,51,UBATUBA,SP,Colisão traseira,Conversão proibida,Nublado,2025-02-21,21
2025-02-21,21:55:00,101,"121,9",ITAJAI,SC,Tombamento,Ausência de reação do condutor,Nublado,2025-02-21,21
2025-02-21,20:45:00,153,"68,4",GUAPIRAMA,PR,Colisão transversal,Acessar a via sem observar a presença dos outros veículos,Céu Claro,2025-02-21,20
2025-01-24,08:37:00,343,"329,6",TERESINA,PI,Colisão traseira,Ausência de reação do condutor,Céu Claro,2025-01-24,8
2025-02-21,22:20:00,101,50,UBATUBA,SP,Colisão frontal,Transitar na contramão,Céu Claro,2025-02-21,22
2025-02-21,22:05:00,116,"530,8",CAPAO DO LEAO,RS,Colisão transversal,Iluminação deficiente,Céu Claro,2025-02-21,22
2025-02-21,22:35:00,381,350,JOAO MONLEVADE,MG,Queda de ocupante de veículo,Velocidade Incompatível,Céu Claro,2025-02-21,22
2025-02-21,22:20:00,471,176,RIO PARDO,RS,Colisão transversal,Acessar a via sem observar a presença dos outros veículos,Céu Claro,2025-02-21,22
2025-02-21,16:50:00,174,6,PONTES E LACERDA,MT,Colisão transversal,Acessar a via sem observar a presença dos outros veículos,Céu Claro,2025-02-21,16
2025-02-21,18:30:00,116,"76,3",TERESOPOLIS,RJ,Colisão frontal,Ingestão de álcool pelo condutor,Céu Claro,2025-02-21,18
2025-02-21,21:45:00,262,56,MARECHAL FLORIANO,ES,Colisão transversal,Desrespeitar a preferência no cruzamento,Céu Claro,2025-02-21,21
2025-02-21,18:30:00,163,634,NOVA MUTUM,MT,Capotamento,Falta de acostamento,Céu Claro,2025-02-21,18
2025-02-21,22:00:00,60,53,ABADIANIA,GO,Saída de leito carroçável,Ingestão de álcool pelo condutor,Céu Claro,2025-02-21,22
2025-02-21,22:20:00,463,100,PONTA PORA,MS,Colisão frontal,Transitar na contramão,Céu Claro,2025-02-21,22
2025-02-21,19:30:00,116,"484,6",MILAGRES,CE,Atropelamento de Pedestre,Pedestre andava na pista,Céu Claro,2025-02-21,19
2025-02-21,22:50:00,60,"34,2",GOIANIA,GO,Colisão lateral sentido oposto,Transitar na contramão,Céu Claro,2025-02-21,22
2025-02-21,17:55:00,163,610,TRAIRAO,PA,Queda de ocupante de veículo,Ausência de reação do condutor,Nublado,2025-02-21,17
2025-02-21,23:00:00,116,37,AQUIRAZ,CE,Atropelamento de Animal,Animais na Pista,Céu Claro,2025-02-21,23
2025-02-21,23:50:00,163,275,QUATRO PONTES,PR,Saída de leito carroçável,Condutor Dormindo,Garoa/Chuvisco,2025-02-21,23
2025-02-21,23:00:00,101,"179,7",ARACRUZ,ES,Colisão frontal,Transitar na contramão,Céu Claro,2025-02-21,23
2025-02-21,22:22:00,343,"304,6",ALTOS,PI,Atropelamento de Pedestre,Reação tardia ou ineficiente do condutor,Garoa/Chuvisco,2025-02-21,22
2025-02-22,01:40:00,376,"490,2",PONTA GROSSA,PR,Saída de leito carroçável,Ingestão de álcool pelo condutor,Nublado,2025-02-22,1
2025-02-22,03:15:00,472,577,URUGUAIANA,RS,Colisão com objeto,Ingestão de álcool pelo condutor,Céu Claro,2025-02-22,3
2025-02-22,01:50:00,101,42,IGARASSU,PE,Colisão lateral mesmo sentido,Manobra de mudança de faixa,Céu Claro,2025-02-22,1
2025-02-22,02:05:00,101,42,IGARASSU,PE,Colisão traseira,Reação tardia ou ineficiente do condutor,Céu Claro,2025-02-22,2
2025-02-22,02:45:00,50,157,CAMPO ALEGRE DE GOIAS,GO,Colisão traseira,Ausência de reação do condutor,Céu Claro,2025-02-22,2
2025-02-22,02:40:00,470,"133,9",RIO DO SUL,SC,Colisão frontal,Transitar na contramão,Nublado,2025-02-22,2
2025-02-22,03:00:00,470,"58,9",BLUMENAU,SC,Colisão frontal,Ingestão de álcool pelo condutor,Ignorado,2025-02-22,3
2025-02-22,04:40:00,277,730,FOZ DO IGUACU,PR,Colisão traseira,Ausência de reação do condutor,Nublado,2025-02-22,4
2025-02-22,03:30:00,153,"431,8",ANAPOLIS,GO,Colisão com objeto,Ausência de reação do condutor,Céu Claro,2025-02-22,3
2025-02-22,04:10:00,469,2,FOZ DO IGUACU,PR,Saída de leito carroçável,Ingestão de álcool pelo condutor,Céu Claro,2025-02-22,4
2025-02-22,04:50:00,116,265,CANOAS,RS,Atropelamento de Pedestre,Entrada inopinada do pedestre,Céu Claro,2025-02-22,4
2025-02-22,02:17:00,282,"513,7",XAXIM,SC,Colisão transversal,Acessar a via sem observar a presença dos outros veículos,Céu Claro,2025-02-22,2
2025-02-22,02:30:00,471,"611,9",SANTA VITORIA DO PALMAR,RS,Atropelamento de Animal,Animais na Pista,Céu Claro,2025-02-22,2
2025-02-22,05:30:00,116,261,CANOAS,RS,Colisão com objeto,Acostamento em desnível,Céu Claro,2025-02-22,5
2025-02-22,04:50:00,293,"524,2",PELOTAS,RS,Tombamento,Condutor Dormindo,Céu Claro,2025-02-22,4
2025-02-22,05:25:00,116,239,NOVO HAMBURGO,RS,Colisão traseira,Reação tardia ou ineficiente do condutor,Céu Claro,2025-02-22,5
2025-02-22,04:00:00,40,505,ESMERALDAS,MG,Saída de leito carroçável,Condutor Dormindo,Céu Claro,2025-02-22,4
2025-02-22,05:00:00,356,158,CAMPOS DOS GOYTACAZES,RJ,Incêndio,Demais falhas mecânicas ou elétricas,Céu Claro,2025-02-22,5
2025-02-22,04:35:00,381,421,CAETE,MG,Colisão com objeto,Velocidade Incompatível,Céu Claro,2025-02-22,4
2025-02-22,04:40:00,293,120,PINHEIRO MACHADO,RS,Saída de leito carroçável,Condutor Dormindo,Céu Claro,2025-02-22,4
2025-02-22,05:50:00,470,216,BENTO GONCALVES,RS,Saída de leito carroçável,Velocidade Incompatível,Céu Claro,2025-02-22,5
2025-02-22,05:23:00,470,2,ITAJAI,SC,Colisão transversal,Acessar a via sem observar a presença dos outros veículos,Nublado,2025-02-22,5
2025-02-22,06:30:00,101,70,RECIFE,PE,Colisão com objeto,Demais falhas mecânicas ou elétricas,Céu Claro,2025-02-22,6
2025-02-22,02:00:00,277,267,PRUDENTOPOLIS,PR,Saída de leito carroçável,Reação tardia ou ineficiente do condutor,Céu Claro,2025-02-22,2
2025-02-22,04:10:00,116,"67,6",MONTE CASTELO,SC,Colisão com objeto,Ausência de reação do condutor,Céu Claro,2025-02-22,4
2025-02-22,07:00:00,0,0,CAMPINA GRANDE,PB,Colisão transversal,Acessar a via sem observar a presença dos outros veículos,Céu Claro,2025-02-22,7
2025-02-22,05:22:00,163,751,SORRISO,MT,Tombamento,Ingestão de álcool pelo condutor,Céu Claro,2025-02-22,5
2025-02-22,02:10:00,364,55,CACHOEIRA ALTA,GO,Saída de leito carroçável,Ausência de reação do condutor,Chuva,2025-02-22,2
2025-02-22,05:30:00,277,129,CAMPO LARGO,PR,Incêndio,Demais falhas mecânicas ou elétricas,Céu Claro,2025-02-22,5
2025-02-22,06:50:00,116,402,MIRACATU,SP,Incêndio,Demais falhas mecânicas ou elétricas,Nublado,2025-02-22,6
2025-02-22,06:30:00,290,"72,3",GRAVATAI,RS,Colisão traseira,Reação tardia ou ineficiente do condutor,Céu Claro,2025-02-22,6
2025-02-22,07:00:00,70,"3,2",BRASILIA,DF,Colisão lateral mesmo sentido,Manobra de mudança de faixa,Céu Claro,2025-02-22,7