data_inversa,horario,br,km,municipio,uf,tipo_acidente,causa_acidente,condicao_metereologica,data,hora
2025-02-21,21:00:00,50,182,UBERABA,MG,Colisão traseira,Ausência de reação do condutor,Céu Claro,2025-02-21,21
2025-02-06,16:50:00,153,51,SAO JOSE DO RIO PRETO,SP,Colisão lateral sentido oposto,Transitar na contramão,Nublado,2025-02-06,16
2025-02-22,07:35:00,222,"4,7",CAUCAIA,CE,Colisão traseira,Manobra de mudança de faixa,Céu Claro,2025-02-22,7
2025-02-22,04:30:00,40,"51,3",AREAL,RJ,Tombamento,Velocidade Incompatível,Céu Claro,2025-02-22,4
2025-02-22,07:35:00,262,"378,5",MATEUS LEME,MG,Saída de leito carroçável,Ausência de reação do condutor,Céu Claro,2025-02-22,7
2025-02-22,04:15:00,470,"66,3",INDAIAL,SC,Colisão frontal,Acessar a via sem observar a presença dos outros veículos,Nublado,2025-02-22,4
2025-02-22,08:00:00,381,26,ATIBAIA,SP,Queda de ocupante de veículo,Reação tardia ou ineficiente do condutor,Sol,2025-02-22,8
2025-02-22,07:40:00,116,204,SEROPEDICA,RJ,Colisão transversal,Acesso irregular,Céu Claro,2025-02-22,7
2025-02-22,08:40:00,101,"919,9",NOVA VICOSA,BA,Colisão frontal,Demais falhas mecânicas ou elétricas,Céu Claro,2025-02-22,8
2025-02-02,22:00:00,101,129,CAMBORIU,SC,Colisão frontal,Acumulo de água sobre o pavimento,Chuva,2025-02-02,22
2025-02-22,07:30:00,235,"54,4",ITABAIANA,SE,Colisão traseira,Acessar a via sem observar a presença dos outros veículos,Céu Claro,2025-02-22,7
2025-02-22,09:05:00,101,"266,7",SERRA,ES,Tombamento,Manobra de mudança de faixa,Céu Claro,2025-02-22,9
2025-01-17,19:45:00,272,"367,9",CAMPO MOURAO,PR,Colisão transversal,Manobra de mudança de faixa,Nublado,2025-01-17,19
2025-02-22,09:30:00,381,6,VARGEM,SP,Colisão lateral mesmo sentido,Reação tardia ou ineficiente do condutor,Céu Claro,2025-02-22,9
2025-02-22,09:30:00,101,327,RIO DE JANEIRO,RJ,Colisão traseira,Ausência de reação do condutor,Céu Claro,2025-02-22,9
2025-02-22,08:40:00,101,"349,5",TUBARAO,SC,Colisão com objeto,Condutor deixou de manter distância do veículo da frente,Céu Claro,2025-02-22,8
2025-02-22,09:20:00,116,219,GUARULHOS,SP,Queda de ocupante de veículo,Reação tardia ou ineficiente do condutor,Céu Claro,2025-02-22,9
2025-02-22,08:30:00,470,"96,8",APIUNA,SC,Colisão transversal,Retorno proibido,Céu Claro,2025-02-22,8
2025-02-22,04:00:00,376,"160,7",MARINGA,PR,Colisão com objeto,Ausência de reação do condutor,Nublado,2025-02-22,4
2025-02-22,09:00:00,101,45,IGARASSU,PE,Colisão traseira,Acessar a via sem observar a presença dos outros veículos,Céu Claro,2025-02-22,9
2025-02-22,09:45:00,104,"88,2",RIO LARGO,AL,Colisão transversal,Transitar no Acostamento,Sol,2025-02-22,9
2025-02-22,10:26:00,101,154,LINHARES,ES,Tombamento,Demais falhas mecânicas ou elétricas,Sol,2025-02-22,10
2025-02-22,08:45:00,101,389,RIO DE JANEIRO,RJ,Colisão traseira,Acesso irregular,Sol,2025-02-22,8
2025-02-22,06:00:00,487,"108,3",CRUZEIRO DO OESTE,PR,Colisão frontal,Ingestão de álcool pelo condutor,Nublado,2025-02-22,6
2025-02-22,09:25:00,470,58,BLUMENAU,SC,Colisão transversal,Acessar a via sem observar a presença dos outros veículos,Nublado,2025-02-22,9
2025-02-22,10:20:00,101,"216,5",SANTO AMARO DA IMPERATRIZ,SC,Tombamento,Acumulo de areia ou detritos sobre o pavimento,Céu Claro,2025-02-22,10
2025-02-22,03:50:00,280,271,IRINEOPOLIS,SC,Capotamento,Ausência de reação do condutor,Nublado,2025-02-22,3
2025-02-22,10:45:00,376,350,ORTIGUEIRA,PR,Colisão com objeto,Reação tardia ou ineficiente do condutor,Céu Claro,2025-02-22,10
2025-02-22,09:00:00,493,100,SEROPEDICA,RJ,Tombamento,Demais falhas mecânicas ou elétricas,Céu Claro,2025-02-22,9
2025-02-22,11:15:00,40,"596,7",OURO PRETO,MG,Tombamento,Demais falhas mecânicas ou elétricas,Sol,2025-02-22,11
2025-02-22,10:45:00,470,"40,6",GASPAR,SC,Saída de leito carroçável,Ausência de reação do condutor,Céu Claro,2025-02-22,10
2025-02-22,10:15:00,163,831,SINOP,MT,Colisão traseira,Manobra de mudança de faixa,Céu Claro,2025-02-22,10
2025-02-22,10:46:00,101,"714,2",EUNAPOLIS,BA,Colisão transversal,Acessar a via sem observar a presença dos outros veículos,Céu Claro,2025-02-22,10
2025-02-22,08:45:00,10,355,SANTA MARIA DO PARA,PA,Colisão transversal,Acessar a via sem observar a presença dos outros veículos,Céu Claro,2025-02-22,8
2025-02-22,11:30:00,101,"218,5",PALHOCA,SC,Tombamento,Demais falhas mecânicas ou elétricas,Céu Claro,2025-02-22,11
2025-02-22,11:00:00,101,"77,1",ARAQUARI,SC,Colisão traseira,Velocidade Incompatível,Nublado,2025-02-22,11
2025-02-22,12:25:00,101,"378,5",ICARA,SC,Colisão lateral mesmo sentido,Ultrapassagem Indevida,Céu Claro,2025-02-22,12
2025-02-22,13:15:00,381,896,CAMBUI,MG,Saída de leito carroçável,Avarias e/ou desgaste excessivo no pneu,Nublado,2025-02-22,13
2025-02-02,14:00:00,277,"468,1",LARANJEIRAS DO SUL,PR,Colisão frontal,Trafegar com motocicleta (ou similar) entre as faixas,Céu Claro,2025-02-02,14
2025-02-22,13:16:00,116,35,AQUIRAZ,CE,Queda de ocupante de veículo,Acumulo de areia ou detritos sobre o pavimento,Céu Claro,2025-02-22,13
2025-02-22,13:15:00,153,"439,9",ANAPOLIS,GO,Colisão lateral mesmo sentido,Ingestão de álcool pelo condutor,Céu Claro,2025-02-22,13
2025-02-22,13:20:00,101,58,SANTA RITA,PB,Incêndio,Demais falhas mecânicas ou elétricas,Céu Claro,2025-02-22,13
2025-02-21,19:50:00,40,"55,7",LUZIANIA,GO,Saída de leito carroçável,Ausência de reação do condutor,Céu Claro,2025-02-21,19
2025-02-22,13:35:00,101,"330,3",RIO DE JANEIRO,RJ,Tombamento,Demais falhas mecânicas ou elétricas,Céu Claro,2025-02-22,13
2025-02-22,14:00:00,60,97,ANAPOLIS,GO,Colisão lateral mesmo sentido,Manobra de mudança de faixa,Céu Claro,2025-02-22,14
2025-02-22,13:50:00,262,822,UBERABA,MG,Saída de leito carroçável,Acumulo de areia ou detritos sobre o pavimento,Sol,2025-02-22,13
2025-02-22,13:59:00,101,"88,3",JOAO PESSOA,PB,Colisão com objeto,Acumulo de areia ou detritos sobre o pavimento,Sol,2025-02-22,13
2025-02-22,13:30:00,153,358,UNIAO DA VITORIA,PR,Colisão lateral sentido oposto,Acessar a via sem observar a presença dos outros veículos,Céu Claro,2025-02-22,13
2025-02-22,14:50:00,70,"16,2",BRASILIA,DF,Colisão lateral mesmo sentido,Ingestão de álcool pelo condutor,Céu Claro,2025-02-22,14
2025-02-22,08:50:00,101,446,MANGARATIBA,RJ,Colisão lateral mesmo sentido,Ultrapassagem Indevida,Sol,2025-02-22,8
2025-02-22,10:45:00,163,919,ITAUBA,MT,Saída de leito carroçável,Ingestão de álcool pelo condutor,Nublado,2025-02-22,10
2025-02-22,14:05:00,116,146,MANDIRITUBA,PR,Colisão transversal,Acessar a via sem observar a presença dos outros veículos,Céu Claro,2025-02-22,14
2025-02-22,15:25:00,324,619,SALVADOR,BA,Colisão traseira,Condutor deixou de manter distância do veículo da frente,Céu Claro,2025-02-22,15
2025-02-22,15:20:00,101,432,MANGARATIBA,RJ,Queda de ocupante de veículo,Reação tardia ou ineficiente do condutor,Céu Claro,2025-02-22,15
2025-02-22,12:15:00,40,108,DUQUE DE CAXIAS,RJ,Colisão lateral mesmo sentido,Reação tardia ou ineficiente do condutor,Sol,2025-02-22,12
2025-02-22,16:00:00,381,"450,3",SABARA,MG,Colisão com objeto,Velocidade Incompatível,Céu Claro,2025-02-22,16
2025-02-22,16:02:00,230,20,JOAO PESSOA,PB,Tombamento,Reação tardia ou ineficiente do condutor,Céu Claro,2025-02-22,16
2025-02-22,15:55:00,476,120,COLOMBO,PR,Colisão transversal,Acessar a via sem observar a presença dos outros veículos,Céu Claro,2025-02-22,15
2025-02-22,15:20:00,101,"142,6",LINHARES,ES,Colisão com objeto,Reação tardia ou ineficiente do condutor,Céu Claro,2025-02-22,15
2025-02-22,15:49:00,101,"65,8",SANTA RITA,PB,Queda de ocupante de veículo,Avarias e/ou desgaste excessivo no pneu,Céu Claro,2025-02-22,15
2025-02-22,16:35:00,153,"335,2",SALTO GRANDE,SP,Saída de leito carroçável,Reação tardia ou ineficiente do condutor,Céu Claro,2025-02-22,16
2025-02-22,15:00:00,101,385,RIO DE JANEIRO,RJ,Colisão lateral mesmo sentido,Manobra de mudança de faixa,Céu Claro,2025-02-22,15
2025-02-22,17:00:00,232,58,POMBOS,PE,Colisão com objeto,Ausência de reação do condutor,Céu Claro,2025-02-22,17
2025-02-22,16:58:00,428,172,PETROLINA,PE,Colisão traseira,Ingestão de álcool pelo condutor,Céu Claro,2025-02-22,16
2025-02-22,17:10:00,470,"55,5",BLUMENAU,SC,Colisão lateral mesmo sentido,Acessar a via sem observar a presença dos outros veículos,Céu Claro,2025-02-22,17
2025-02-22,16:30:00,101,"399,9",MARACAJA,SC,Tombamento,Demais falhas mecânicas ou elétricas,Céu Claro,2025-02-22,16
2025-02-22,11:30:00,163,"100,5",ITAQUIRAI,MS,Colisão traseira,Pista esburacada,Céu Claro,2025-02-22,11
2025-02-22,17:30:00,40,"4,8",VALPARAISO DE GOIAS,GO,Colisão transversal,Acessar a via sem observar a presença dos outros veículos,Sol,2025-02-22,17
2025-02-22,15:00:00,407,135,SENHOR DO BONFIM,BA,Colisão transversal,Ingestão de álcool pelo condutor,Céu Claro,2025-02-22,15
2025-02-22,09:00:00,367,71,EUNAPOLIS,BA,Colisão traseira,Velocidade Incompatível,Sol,2025-02-22,9
2025-02-22,17:00:00,262,34,DOMINGOS MARTINS,ES,Colisão transversal,Conversão proibida,Céu Claro,2025-02-22,17
2025-02-22,17:00:00,116,113,BEBERIBE,CE,Colisão transversal,Manobra de mudança de faixa,Céu Claro,2025-02-22,17
2025-02-22,16:45:00,60,185,GUAPO,GO,Saída de leito carroçável,Reação tardia ou ineficiente do condutor,Céu Claro,2025-02-22,16
2025-01-01,18:00:00,280,"143,9",MAFRA,SC,Colisão frontal,Transitar na contramão,Garoa/Chuvisco,2025-01-01,18
2025-02-22,15:50:00,153,5,IBAITI,PR,Tombamento,Ausência de reação do condutor,Céu Claro,2025-02-22,15
2025-02-22,11:00:00,324,597,SIMOES FILHO,BA,Tombamento,Ausência de reação do condutor,Céu Claro,2025-02-22,11
2025-02-22,18:55:00,158,532,PATO BRANCO,PR,Colisão traseira,Ingestão de álcool pelo condutor,Nublado,2025-02-22,18
2025-02-22,19:05:00,101,87,NOSSA SENHORA DO SOCORRO,SE,Colisão lateral mesmo sentido,Ingestão de álcool pelo condutor,Céu Claro,2025-02-22,19
2025-02-22,18:30:00,40,379,FELIXLANDIA,MG,Colisão transversal,Condutor Dormindo,Céu Claro,2025-02-22,18
2025-02-22,18:30:00,116,528,CARATINGA,MG,Tombamento,Ausência de reação do condutor,Céu Claro,2025-02-22,18
2025-02-22,18:20:00,101,"84,5",BARRA VELHA,SC,Colisão com objeto,Ausência de reação do condutor,Nublado,2025-02-22,18
2025-02-22,18:50:00,116,"139,8",SAO JOSE DOS CAMPOS,SP,Tombamento,Demais falhas mecânicas ou elétricas,Céu Claro,2025-02-22,18
2025-02-22,15:22:00,10,316,ACAILANDIA,MA,Colisão frontal,Transitar na contramão,Céu Claro,2025-02-22,15
2025-02-22,10:50:00,110,107,ALAGOINHAS,BA,Colisão transversal,Condutor deixou de manter distância do veículo da frente,Céu Claro,2025-02-22,10
2025-02-22,19:30:00,369,148,LONDRINA,PR,Colisão transversal,Desrespeitar a preferência no cruzamento,Céu Claro,2025-02-22,19
2025-02-22,18:00:00,110,344,ALAGOINHAS,BA,Colisão traseira,Condutor deixou de manter distância do veículo da frente,Nublado,2025-02-22,18
2025-02-22,19:00:00,230,"372,9",CONDADO,PB,Saída de leito carroçável,Ingestão de álcool pelo condutor,Céu Claro,2025-02-22,19
2025-02-22,17:25:00,470,3,BARRACAO,RS,Saída de leito carroçável,Velocidade Incompatível,Céu Claro,2025-02-22,17
2025-02-22,20:19:00,116,"56,2",LORENA,SP,Colisão traseira,Condutor deixou de manter distância do veículo da frente,Céu Claro,2025-02-22,20
2025-02-22,19:25:00,163,690,RIO VERDE DE MATO GROSSO,MS,Colisão traseira,Ingestão de álcool pelo condutor,Céu Claro,2025-02-22,19
2025-02-22,19:44:00,101,253,SERRA,ES,Colisão frontal,Acessar a via sem observar a presença dos outros veículos,Ignorado,2025-02-22,19
2025-02-22,20:20:00,116,"444,8",ANTONIO CARDOSO,BA,Colisão com objeto,Ingestão de álcool pelo condutor,Céu Claro,2025-02-22,20
2025-02-22,20:12:00,101,"261,2",SERRA,ES,Colisão transversal,Retorno proibido,Céu Claro,2025-02-22,20
2025-02-22,20:30:00,101,82,SAO GONCALO DO AMARANTE,RN,Colisão com objeto,Ingestão de álcool pelo condutor,Céu Claro,2025-02-22,20
2025-02-22,19:52:00,40,104,DUQUE DE CAXIAS,RJ,Colisão transversal,Conversão proibida,Céu Claro,2025-02-22,19
2025-02-22,19:35:00,104,"67,5",CARUARU,PE,Colisão traseira,Condutor deixou de manter distância do veículo da frente,Céu Claro,2025-02-22,19
2025-02-22,19:40:00,101,296,CARIACICA,ES,Colisão traseira,Reação tardia ou ineficiente do condutor,Nublado,2025-02-22,19
2025-02-22,20:03:00,101,"86,7",JOAO PESSOA,PB,Atropelamento de Pedestre,Entrada inopinada do pedestre,Nublado,2025-02-22,20
2025-02-22,20:36:00,101,256,SERRA,ES,Colisão transversal,Velocidade Incompatível,Céu Claro,2025-02-22,20
2025-02-22,16:10:00,421,37,MONTE NEGRO,RO,Colisão traseira,Reação tardia ou ineficiente do condutor,Céu Claro,2025-02-22,16
2025-02-22,19:55:00,50,"261,9",CATALAO,GO,Incêndio,Demais falhas mecânicas ou elétricas,Céu Claro,2025-02-22,19
2025-02-22,19:09:00,465,5,SEROPEDICA,RJ,Queda de ocupante de veículo,Ausência de reação do condutor,Céu Claro,2025-02-22,19
2025-02-22,21:15:00,418,86,NOVA VICOSA,BA,Colisão transversal,Acessar a via sem observar a presença dos outros veículos,Céu Claro,2025-02-22,21
2025-02-22,21:05:00,101,107,PARNAMIRIM,RN,Colisão frontal,Transitar na contramão,Céu Claro,2025-02-22,21
2025-02-22,18:30:00,432,"174,9",CANTA,RR,Colisão transversal,Conversão proibida,Céu Claro,2025-02-22,18
2025-02-22,20:43:00,101,54,PAULISTA,PE,Atropelamento de Pedestre,Entrada inopinada do pedestre,Céu Claro,2025-02-22,20
2025-02-22,16:30:00,435,33,VILHENA,RO,Colisão com objeto,Reação tardia ou ineficiente do condutor,Céu Claro,2025-02-22,16
2025-02-22,20:10:00,158,"560,6",AGUA BOA,MT,Colisão frontal,Transitar na contramão,Céu Claro,2025-02-22,20
2025-02-22,21:20:00,406,"0,9",MACAU,RN,Saída de leito carroçável,Ingestão de álcool pelo condutor,Céu Claro,2025-02-22,21
2025-02-22,20:30:00,116,144,DUQUE DE CAXIAS,RJ,Tombamento,Avarias e/ou desgaste excessivo no pneu,Céu Claro,2025-02-22,20
2025-02-22,22:20:00,116,"428,9",FEIRA DE SANTANA,BA,Atropelamento de Pedestre,Transitar no Acostamento,Céu Claro,2025-02-22,22
2025-02-22,22:10:00,116,34,AQUIRAZ,CE,Tombamento,Acumulo de areia ou detritos sobre o pavimento,Céu Claro,2025-02-22,22
2025-02-22,21:27:00,470,"36,3",GASPAR,SC,Colisão frontal,Ingestão de álcool pelo condutor,Céu Claro,2025-02-22,21
2025-02-22,22:15:00,101,85,BAYEUX,PB,Tombamento,Demais falhas mecânicas ou elétricas,Céu Claro,2025-02-22,22
2025-02-22,18:42:00,135,39,BACABEIRA,MA,Saída de leito carroçável,Ausência de reação do condutor,Chuva,2025-02-22,18
2025-02-22,21:30:00,381,294,ANTONIO DIAS,MG,Colisão transversal,Iluminação deficiente,Céu Claro,2025-02-22,21
2025-02-22,21:45:00,476,"89,5",BOCAIUVA DO SUL,PR,Saída de leito carroçável,Ingestão de álcool pelo condutor,Céu Claro,2025-02-22,21
2025-02-22,22:05:00,277,"591,4",CASCAVEL,PR,Colisão frontal,Ingestão de álcool pelo condutor,Céu Claro,2025-02-22,22
2025-02-22,22:25:00,116,277,EMBU DAS ARTES,SP,Queda de ocupante de veículo,Reação tardia ou ineficiente do condutor,Nublado,2025-02-22,22
2025-01-29,11:20:00,116,199,QUEIMADOS,RJ,Queda de ocupante de veículo,Avarias e/ou desgaste excessivo no pneu,Céu Claro,2025-01-29,11
2025-02-22,22:55:00,262,"481,3",CONTAGEM,MG,Queda de ocupante de veículo,Ausência de reação do condutor,Céu Claro,2025-02-22,22
2025-02-22,21:50:00,116,"701,1",MURIAE,MG,Colisão transversal,Desrespeitar a preferência no cruzamento,Céu Claro,2025-02-22,21
2025-02-22,18:50:00,116,320,ITATIAIA,RJ,Saída de leito carroçável,Reação tardia ou ineficiente do condutor,Céu Claro,2025-02-22,18
2025-02-22,22:30:00,282,519,XAXIM,SC,Colisão traseira,Ausência de reação do condutor,Céu Claro,2025-02-22,22
2025-02-22,22:30:00,101,"203,1",SAO JOSE,SC,Colisão transversal,Desrespeitar a preferência no cruzamento,Chuva,2025-02-22,22
2025-02-22,23:35:00,116,"152,5",CAXIAS DO SUL,RS,Saída de leito carroçável,Ingestão de álcool pelo condutor,Céu Claro,2025-02-22,23
2025-02-22,22:25:00,116,121,DUQUE DE CAXIAS,RJ,Queda de ocupante de veículo,Reação tardia ou ineficiente do condutor,Céu Claro,2025-02-22,22
2025-02-23,00:00:00,116,427,FEIRA DE SANTANA,BA,Queda de ocupante de veículo,Ingestão de álcool pelo condutor,Céu Claro,2025-02-23,0
2025-02-22,23:55:00,287,328,SANTA MARIA,RS,Saída de leito carroçável,Falta de elemento de contenção que evite a saída do leito carroçável,Céu Claro,2025-02-22,23
2025-02-22,23:00:00,116,107,TAUBATE,SP,Colisão com objeto,Reação tardia ou ineficiente do condutor,Nublado,2025-02-22,23
2025-02-22,23:15:00,101,56,CAMPOS DOS GOYTACAZES,RJ,Colisão traseira,Ausência de reação do condutor,Céu Claro,2025-02-22,23
2025-02-22,20:30:00,222,"72,7",PIRIPIRI,PI,Tombamento,Afundamento ou ondulação no pavimento,Céu Claro,2025-02-22,20
2025-02-23,00:22:00,381,"884,1",ESTIVA,MG,Saída de leito carroçável,Ausência de reação do condutor,Céu Claro,2025-02-23,0
2025-02-22,21:40:00,373,225,IMBITUVA,PR,Queda de ocupante de veículo,Ingestão de álcool pelo condutor,Céu Claro,2025-02-22,21
2025-02-22,23:15:00,415,51,ITABUNA,BA,Colisão frontal,Acesso irregular,Garoa/Chuvisco,2025-02-22,23
2025-02-23,00:54:00,101,"27,8",JOAO PESSOA,PB,Tombamento,Ausência de reação do condutor,Garoa/Chuvisco,2025-02-23,0
2025-02-23,00:10:00,116,"144,5",SAO JOSE DOS CAMPOS,SP,Colisão com objeto,Reação tardia ou ineficiente do condutor,Céu Claro,2025-02-23,0
2025-02-23,01:00:00,40,"2,7",BRASILIA,DF,Colisão com objeto,Velocidade Incompatível,Céu Claro,2025-02-23,1
2025-02-23,01:05:00,116,225,GUARULHOS,SP,Colisão lateral mesmo sentido,Acessar a via sem observar a presença dos outros veículos,Céu Claro,2025-02-23,1
2025-02-23,01:30:00,101,"262,3",SERRA,ES,Tombamento,Manobra de mudança de faixa,Céu Claro,2025-02-23,1
2025-02-23,00:45:00,104,119,CAMPINA GRANDE,PB,Atropelamento de Animal,Animais na Pista,Céu Claro,2025-02-23,0
2025-02-23,02:00:00,324,"620,2",SALVADOR,BA,Saída de leito carroçável,Ausência de reação do condutor,Céu Claro,2025-02-23,2
2025-02-23,02:00:00,116,186,RIO DE JANEIRO,RJ,Engavetamento,Ausência de reação do condutor,Céu Claro,2025-02-23,2
2025-02-22,23:50:00,101,"93,5",BARRA VELHA,SC,Colisão lateral mesmo sentido,Manobra de mudança de faixa,Nublado,2025-02-22,23
2025-02-23,01:15:00,280,"46,5",GUARAMIRIM,SC,Colisão com objeto,Ingestão de álcool pelo condutor,Nublado,2025-02-23,1
2025-02-23,02:15:00,153,"417,7",ANAPOLIS,GO,Colisão com objeto,Ingestão de álcool pelo condutor,Céu Claro,2025-02-23,2
2025-02-23,02:00:00,290,178,BUTIA,RS,Colisão traseira,Iluminação deficiente,Nublado,2025-02-23,2
2025-02-23,00:30:00,135,68,FORMOSA DO RIO PRETO,BA,Colisão com objeto,Reação tardia ou ineficiente do condutor,Céu Claro,2025-02-23,0
2025-02-23,01:50:00,116,447,REGISTRO,SP,Colisão traseira,Ingestão de álcool pelo condutor,Céu Claro,2025-02-23,1
2025-02-23,03:00:00,116,115,CURITIBA,PR,Atropelamento de Pedestre,Entrada inopinada do pedestre,Céu Claro,2025-02-23,3
2025-02-23,01:20:00,365,389,PATOS DE MINAS,MG,Colisão frontal,Transitar na contramão,Céu Claro,2025-02-23,1
2025-02-23,03:24:00,116,528,CARATINGA,MG,Colisão com objeto,Ausência de reação do condutor,Céu Claro,2025-02-23,3
2025-02-22,18:16:00,116,144,RUSSAS,CE,Colisão traseira,Ausência de reação do condutor,Nublado,2025-02-22,18
2025-02-23,04:00:00,316,"24,4",DEMERVAL LOBAO,PI,Colisão frontal,Transitar na contramão,Nublado,2025-02-23,4
2025-02-23,04:15:00,381,62,MAIRIPORA,SP,Atropelamento de Pedestre,Pedestre andava na pista,Céu Claro,2025-02-23,4
2025-02-23,04:45:00,381,484,BETIM,MG,Colisão lateral mesmo sentido,Ingestão de álcool pelo condutor,Céu Claro,2025-02-23,4
2025-01-20,05:10:00,101,"206,2",SAO JOSE,SC,Capotamento,Velocidade Incompatível,Céu Claro,2025-01-20,5
2025-02-23,04:00:00,40,57,PETROPOLIS,RJ,Colisão com objeto,Ingestão de álcool pelo condutor,Céu Claro,2025-02-23,4
2025-02-23,04:15:00,381,932,ITAPEVA,MG,Colisão com objeto,Velocidade Incompatível,Nublado,2025-02-23,4
2025-02-23,04:55:00,369,"430,5",UBIRATA,PR,Colisão com objeto,Ausência de reação do condutor,Céu Claro,2025-02-23,4
2025-02-23,02:20:00,163,"126,5",REALEZA,PR,Colisão com objeto,Velocidade Incompatível,Céu Claro,2025-02-23,2
2025-02-23,05:30:00,324,525,FEIRA DE SANTANA,BA,Saída de leito carroçável,Ausência de reação do condutor,Céu Claro,2025-02-23,5
2025-02-23,05:45:00,153,70,SAO JOSE DO RIO PRETO,SP,Atropelamento de Animal,Animais na Pista,Céu Claro,2025-02-23,5
2025-02-23,03:00:00,163,"252,2",JUSCIMEIRA,MT,Tombamento,Reação tardia ou ineficiente do condutor,Céu Claro,2025-02-23,3
2025-02-23,05:40:00,101,715,EUNAPOLIS,BA,Colisão lateral sentido oposto,Transitar na contramão,Céu Claro,2025-02-23,5
2025-02-23,03:30:00,367,25,PORTO SEGURO,BA,Colisão com objeto,Reação tardia ou ineficiente do condutor,Céu Claro,2025-02-23,3
2025-02-23,05:20:00,316,6,TERESINA,PI,Colisão frontal,Transitar na contramão,Céu Claro,2025-02-23,5
2025-02-23,05:20:00,101,"541,9",PARATY,RJ,Colisão com objeto,Condutor Dormindo,Céu Claro,2025-02-23,5
2025-02-23,06:40:00,304,"102,8",PARNAMIRIM,RN,Queda de ocupante de veículo,Demais falhas mecânicas ou elétricas,Céu Claro,2025-02-23,6
2025-02-23,04:20:00,424,"90,4",GARANHUNS,PE,Colisão com objeto,Ingestão de álcool pelo condutor,Céu Claro,2025-02-23,4
2025-02-23,03:30:00,324,548,AMELIA RODRIGUES,BA,Colisão com objeto,Ingestão de álcool pelo condutor,Céu Claro,2025-02-23,3
2025-02-23,05:35:00,116,167,JACAREI,SP,Tombamento,Ausência de reação do condutor,Céu Claro,2025-02-23,5
2025-02-22,23:40:00,116,"487,3",INHAPIM,MG,Saída de leito carroçável,Velocidade Incompatível,Céu Claro,2025-02-22,23
2025-02-23,04:30:00,230,"405,6",BALSAS,MA,Queda de ocupante de veículo,Reação tardia ou ineficiente do condutor,Nublado,2025-02-23,4
2025-02-23,05:00:00,163,622,SAO GABRIEL DO OESTE,MS,Saída de leito carroçável,Condutor Dormindo,Céu Claro,2025-02-23,5
2025-02-22,18:20:00,222,267,BELA VISTA DO MARANHAO,MA,Colisão traseira,Ingestão de álcool pelo condutor,Garoa/Chuvisco,2025-02-22,18
2025-02-23,05:50:00,104,"118,5",CAMPINA GRANDE,PB,Colisão lateral mesmo sentido,Manobra de mudança de faixa,Céu Claro,2025-02-23,5
2025-02-22,18:40:00,356,78,SAO JOAO DA BARRA,RJ,Capotamento,Velocidade Incompatível,Céu Claro,2025-02-22,18
2025-02-22,21:10:00,364,"340,7",JI-PARANA,RO,Colisão traseira,Ausência de reação do condutor,Céu Claro,2025-02-22,21
2025-02-23,02:40:00,356,162,SAO JOAO DA BARRA,RJ,Colisão frontal,Ultrapassagem Indevida,Céu Claro,2025-02-23,2
2025-02-23,01:43:00,381,"531,3",ITATIAIUCU,MG,Saída de leito carroçável,Condutor Dormindo,Céu Claro,2025-02-23,1
2025-02-23,06:00:00,210,9,MACAPA,AP,Saída de leito carroçável,Ausência de reação do condutor,Céu Claro,2025-02-23,6
2025-02-22,22:17:00,465,15,NOVA IGUACU,RJ,Queda de ocupante de veículo,Ausência de reação do condutor,Céu Claro,2025-02-22,22
2025-02-22,21:40:00,262,"58,5",MANHUACU,MG,Saída de leito carroçável,Reação tardia ou ineficiente do condutor,Chuva,2025-02-22,21
2025-02-23,05:22:00,101,333,RIO DE JANEIRO,RJ,Colisão lateral mesmo sentido,Condutor deixou de manter distância do veículo da frente,Céu Claro,2025-02-23,5
2025-02-23,05:40:00,393,105,CARMO,RJ,Queda de ocupante de veículo,Ausência de reação do condutor,Ignorado,2025-02-23,5
2025-02-23,06:00:00,364,342,JI-PARANA,RO,Colisão lateral mesmo sentido,Acessar a via sem observar a presença dos outros veículos,Céu Claro,2025-02-23,6
2025-02-23,07:15:00,230,"25,7",JOAO PESSOA,PB,Colisão traseira,Condutor deixou de manter distância do veículo da frente,Céu Claro,2025-02-23,7
2025-02-23,08:10:00,324,624,SALVADOR,BA,Colisão traseira,Ausência de reação do condutor,Nublado,2025-02-23,8
2025-02-23,08:10:00,230,"52,4",CRUZ DO ESPIRITO SANTO,PB,Colisão traseira,Manobra de mudança de faixa,Céu Claro,2025-02-23,8
2025-02-22,09:05:00,116,"153,6",SAO JOSE DOS CAMPOS,SP,Sinistro pessoal de trânsito,Suicídio (presumido),Céu Claro,2025-02-22,9
2025-01-15,06:30:00,470,"136,8",RIO DO SUL,SC,Colisão transversal,Conversão proibida,Céu Claro,2025-01-15,6
2025-02-23,09:35:00,293,68,PELOTAS,RS,Tombamento,Acumulo de areia ou detritos sobre o pavimento,Céu Claro,2025-02-23,9
2025-02-23,09:20:00,232,19,MORENO,PE,Tombamento,Ausência de reação do condutor,Céu Claro,2025-02-23,9
2025-02-23,09:15:00,376,"86,9",PARANAVAI,PR,Colisão transversal,Acessar a via sem observar a presença dos outros veículos,Céu Claro,2025-02-23,9
2025-02-23,10:00:00,116,181,NOVA IGUACU,RJ,Tombamento,Ausência de reação do condutor,Sol,2025-02-23,10
2025-02-23,09:25:00,101,"41,6",TERRA DE AREIA,RS,Colisão com objeto,Reação tardia ou ineficiente do condutor,Céu Claro,2025-02-23,9
2025-02-23,10:20:00,101,73,ARAQUARI,SC,Queda de ocupante de veículo,Avarias e/ou desgaste excessivo no pneu,Céu Claro,2025-02-23,10