data_inversa,horario,br,km,municipio,uf,tipo_acidente,causa_acidente,condicao_metereologica,data,hora
2025-02-26,07:00:00,153,"109,1",IBAITI,PR,Colisão transversal,Reação tardia ou ineficiente do condutor,Céu Claro,2025-02-26,7
2025-02-26,06:10:00,153,460,UNIAO DA VITORIA,PR,Saída de leito carroçável,Velocidade Incompatível,Nublado,2025-02-26,6
2025-02-26,07:30:00,101,"310,7",SAO GONCALO,RJ,Colisão lateral mesmo sentido,Manobra de mudança de faixa,Céu Claro,2025-02-26,7
2025-02-26,07:30:00,381,485,BETIM,MG,Queda de ocupante de veículo,Frear bruscamente,Céu Claro,2025-02-26,7
2025-02-26,07:35:00,280,"26,8",ARAQUARI,SC,Colisão lateral mesmo sentido,Condutor deixou de manter distância do veículo da frente,Céu Claro,2025-02-26,7
2025-02-26,06:55:00,163,482,CAMPO GRANDE,MS,Saída de leito carroçável,Problema na suspensão,Nublado,2025-02-26,6
2025-02-26,03:55:00,40,92,PETROPOLIS,RJ,Saída de leito carroçável,Demais falhas na via,Céu Claro,2025-02-26,3
2025-02-23,03:50:00,420,258,MUTUIPE,BA,Saída de leito carroçável,Reação tardia ou ineficiente do condutor,Céu Claro,2025-02-23,3
2025-02-26,08:00:00,277,"79,8",CURITIBA,PR,Colisão traseira,Trafegar com motocicleta (ou similar) entre as faixas,Sol,2025-02-26,8
2025-02-26,08:45:00,101,"273,1",IMBITUBA,SC,Colisão traseira,Manobra de mudança de faixa,Céu Claro,2025-02-26,8
2025-02-12,08:50:00,158,519,PATO BRANCO,PR,Colisão traseira,Condutor deixou de manter distância do veículo da frente,Céu Claro,2025-02-12,8
2025-02-26,07:50:00,146,"431,5",PATOS DE MINAS,MG,Colisão transversal,Acessar a via sem observar a presença dos outros veículos,Céu Claro,2025-02-26,7
2025-02-26,01:20:00,116,169,RIO DE JANEIRO,RJ,Queda de ocupante de veículo,Manobra de mudança de faixa,Céu Claro,2025-02-26,1
2025-02-26,08:50:00,101,335,GUARAPARI,ES,Tombamento,Acumulo de óleo sobre o pavimento,Sol,2025-02-26,8
2025-02-26,08:28:00,20,4,BRASILIA,DF,Colisão traseira,Condutor deixou de manter distância do veículo da frente,Céu Claro,2025-02-26,8
2025-02-26,07:50:00,470,175,VERANOPOLIS,RS,Colisão transversal,Acessar a via sem observar a presença dos outros veículos,Céu Claro,2025-02-26,7
2025-02-26,08:20:00,40,"778,2",JUIZ DE FORA,MG,Atropelamento de Pedestre,Pedestre cruzava a pista fora da faixa,Sol,2025-02-26,8
2025-02-26,08:55:00,101,"200,6",SAO JOSE,SC,Colisão lateral mesmo sentido,Conversão proibida,Sol,2025-02-26,8
2025-02-26,08:20:00,493,108,SEROPEDICA,RJ,Saída de leito carroçável,Avarias e/ou desgaste excessivo no pneu,Céu Claro,2025-02-26,8
2025-02-26,08:00:00,230,614,HUMAITA,AM,Colisão transversal,Condutor desrespeitou a iluminação vermelha do semáforo,Nublado,2025-02-26,8
2025-02-26,09:10:00,116,227,SAO PAULO,SP,Colisão transversal,Ultrapassagem Indevida,Céu Claro,2025-02-26,9
2025-02-26,08:03:00,365,"626,7",UBERLANDIA,MG,Colisão traseira,Reação tardia ou ineficiente do condutor,Céu Claro,2025-02-26,8
2025-02-26,08:20:00,101,63,RECIFE,PE,Atropelamento de Pedestre,Transitar no Acostamento,Céu Claro,2025-02-26,8
2025-02-26,08:00:00,376,"594,5",CURITIBA,PR,Colisão com objeto,Reação tardia ou ineficiente do condutor,Céu Claro,2025-02-26,8
2025-02-26,06:50:00,163,752,SORRISO,MT,Colisão traseira,Reação tardia ou ineficiente do condutor,Chuva,2025-02-26,6
2025-02-26,10:10:00,116,"75,3",APARECIDA,SP,Colisão com objeto,Ausência de reação do condutor,Céu Claro,2025-02-26,10
2025-02-26,11:00:00,116,"209,8",GUARULHOS,SP,Colisão lateral mesmo sentido,Manobra de mudança de faixa,Céu Claro,2025-02-26,11
2025-02-26,09:30:00,262,"0,9",CARIACICA,ES,Colisão com objeto,Ausência de reação do condutor,Céu Claro,2025-02-26,9
2025-02-24,15:00:00,101,475,URUCUCA,BA,Engavetamento,Ausência de reação do condutor,Céu Claro,2025-02-24,15
2025-02-26,06:57:00,116,642,ARROIO GRANDE,RS,Capotamento,Animais na Pista,Céu Claro,2025-02-26,6
2025-02-26,11:00:00,101,53,ABREU E LIMA,PE,Colisão traseira,Reação tardia ou ineficiente do condutor,Céu Claro,2025-02-26,11
2025-02-26,10:35:00,465,5,SEROPEDICA,RJ,Colisão transversal,Ultrapassagem Indevida,Céu Claro,2025-02-26,10
2025-02-26,08:45:00,343,148,PIRACURUCA,PI,Saída de leito carroçável,Transitar na contramão,Céu Claro,2025-02-26,8
2025-02-26,10:50:00,10,255,IMPERATRIZ,MA,Colisão traseira,Condutor deixou de manter distância do veículo da frente,Céu Claro,2025-02-26,10
2025-02-26,12:00:00,153,"547,5",HIDROLANDIA,GO,Saída de leito carroçável,Reação tardia ou ineficiente do condutor,Nublado,2025-02-26,12
2025-02-26,10:40:00,153,"31,2",SANTO ANTONIO DA PLATINA,PR,Colisão traseira,Condutor deixou de manter distância do veículo da frente,Céu Claro,2025-02-26,10
2025-02-26,12:15:00,282,16,PALHOCA,SC,Colisão traseira,Condutor deixou de manter distância do veículo da frente,Céu Claro,2025-02-26,12
2025-02-26,10:50:00,116,702,MURIAE,MG,Colisão transversal,Desrespeitar a preferência no cruzamento,Céu Claro,2025-02-26,10
2025-02-26,13:15:00,116,16,EUSEBIO,CE,Colisão lateral mesmo sentido,Manobra de mudança de faixa,Nublado,2025-02-26,13
2025-02-26,10:00:00,101,282,ITABORAI,RJ,Tombamento,Ausência de reação do condutor,Céu Claro,2025-02-26,10
2025-02-26,12:25:00,40,"25,8",PARACATU,MG,Incêndio,Demais falhas mecânicas ou elétricas,Céu Claro,2025-02-26,12
2025-02-26,13:45:00,290,266,PORTO ALEGRE,RS,Engavetamento,Velocidade Incompatível,Céu Claro,2025-02-26,13
2025-02-26,13:00:00,101,"109,6",PENHA,SC,Tombamento,Acumulo de areia ou detritos sobre o pavimento,Sol,2025-02-26,13
2025-02-26,11:00:00,251,"334,7",SALINAS,MG,Saída de leito carroçável,Condutor usando celular,Sol,2025-02-26,11
2025-02-26,14:27:00,70,14,BRASILIA,DF,Colisão lateral mesmo sentido,Ausência de reação do condutor,Céu Claro,2025-02-26,14
2025-02-26,14:40:00,101,"214,2",IBIRACU,ES,Atropelamento de Pedestre,Acessar a via sem observar a presença dos outros veículos,Sol,2025-02-26,14
2025-02-09,11:25:00,230,"157,4",CAMPINA GRANDE,PB,Colisão transversal,Acessar a via sem observar a presença dos outros veículos,Céu Claro,2025-02-09,11
2025-02-26,14:30:00,101,151,ITAPEMA,SC,Colisão lateral mesmo sentido,Condutor deixou de manter distância do veículo da frente,Sol,2025-02-26,14
2025-02-26,15:00:00,146,"432,4",CABO VERDE,MG,Colisão transversal,Acessar a via sem observar a presença dos outros veículos,Céu Claro,2025-02-26,15
2025-02-26,14:15:00,393,"284,5",VOLTA REDONDA,RJ,Colisão traseira,Reação tardia ou ineficiente do condutor,Sol,2025-02-26,14
2025-02-26,14:09:00,60,"3,8",BRASILIA,DF,Colisão traseira,Reação tardia ou ineficiente do condutor,Céu Claro,2025-02-26,14
2025-02-26,15:00:00,262,456,BELO HORIZONTE,MG,Colisão traseira,Velocidade Incompatível,Céu Claro,2025-02-26,15
2025-02-26,13:30:00,116,"824,9",VITORIA DA CONQUISTA,BA,Colisão transversal,Manobra de mudança de faixa,Nublado,2025-02-26,13
2025-02-26,13:40:00,262,"354,8",CAMPO GRANDE,MS,Tombamento,Ausência de reação do condutor,Nublado,2025-02-26,13
2025-02-26,14:40:00,116,"231,7",PIRAI,RJ,Queda de ocupante de veículo,Reação tardia ou ineficiente do condutor,Sol,2025-02-26,14
2025-02-26,15:10:00,116,3,QUATRO BARRAS,PR,Colisão traseira,Ausência de reação do condutor,Nublado,2025-02-26,15
2025-01-24,07:00:00,116,5,FORTALEZA,CE,Colisão traseira,Condutor deixou de manter distância do veículo da frente,Nublado,2025-01-24,7
2025-02-26,15:05:00,101,45,JOINVILLE,SC,Colisão lateral mesmo sentido,Reação tardia ou ineficiente do condutor,Céu Claro,2025-02-26,15
2025-02-26,10:15:00,135,"10,9",SAO LUIS,MA,Colisão lateral mesmo sentido,Acessar a via sem observar a presença dos outros veículos,Chuva,2025-02-26,10
2025-02-26,16:10:00,230,168,CAMPINA GRANDE,PB,Colisão traseira,Condutor deixou de manter distância do veículo da frente,Céu Claro,2025-02-26,16
2025-01-24,07:30:00,367,6,ITAGIMIRIM,BA,Saída de leito carroçável,Reação tardia ou ineficiente do condutor,Chuva,2025-01-24,7
2025-02-26,16:00:00,153,517,HIDROLANDIA,GO,Saída de leito carroçável,Reação tardia ou ineficiente do condutor,Céu Claro,2025-02-26,16
2025-02-26,16:35:00,101,99,PARNAMIRIM,RN,Tombamento,Demais falhas mecânicas ou elétricas,Céu Claro,2025-02-26,16
2025-02-26,15:40:00,386,"264,7",FONTOURA XAVIER,RS,Colisão traseira,Condutor deixou de manter distância do veículo da frente,Chuva,2025-02-26,15
2025-02-26,16:29:00,101,154,PORTO BELO,SC,Colisão traseira,Ausência de reação do condutor,Céu Claro,2025-02-26,16
2025-02-26,16:20:00,101,"236,9",FUNDAO,ES,Colisão lateral sentido oposto,Ultrapassagem Indevida,Céu Claro,2025-02-26,16
2025-02-26,16:40:00,116,265,CANOAS,RS,Colisão traseira,Condutor deixou de manter distância do veículo da frente,Céu Claro,2025-02-26,16
2025-02-26,17:05:00,116,268,CANOAS,RS,Colisão traseira,Condutor deixou de manter distância do veículo da frente,Céu Claro,2025-02-26,17
2025-02-26,16:20:00,277,73,SAO JOSE DOS PINHAIS,PR,Saída de leito carroçável,Velocidade Incompatível,Céu Claro,2025-02-26,16
2025-02-26,11:00:00,174,933,MANAUS,AM,Saída de leito carroçável,Restrição de visibilidade em curvas horizontais,Céu Claro,2025-02-26,11
2025-02-26,17:30:00,101,"288,9",CARIACICA,ES,Colisão transversal,Desrespeitar a preferência no cruzamento,Céu Claro,2025-02-26,17
2025-02-26,16:30:00,116,51,PACAJUS,CE,Queda de ocupante de veículo,Avarias e/ou desgaste excessivo no pneu,Céu Claro,2025-02-26,16
2025-02-26,16:36:00,343,167,BRASILEIRA,PI,Queda de ocupante de veículo,Avarias e/ou desgaste excessivo no pneu,Céu Claro,2025-02-26,16
2025-02-26,17:30:00,376,252,CALIFORNIA,PR,Colisão traseira,Ausência de reação do condutor,Céu Claro,2025-02-26,17
2025-02-26,18:00:00,476,148,ARAUCARIA,PR,Colisão traseira,Reação tardia ou ineficiente do condutor,Céu Claro,2025-02-26,18
2025-02-26,17:45:00,386,269,CANOAS,RS,Colisão com objeto,Ingestão de álcool pelo condutor,Garoa/Chuvisco,2025-02-26,17
2025-02-26,17:52:00,280,33,ARAQUARI,SC,Colisão transversal,Ausência de reação do condutor,Céu Claro,2025-02-26,17
2025-02-26,17:50:00,470,137,RIO DO SUL,SC,Colisão traseira,Condutor deixou de manter distância do veículo da frente,Sol,2025-02-26,17
2025-02-26,17:15:00,40,104,DUQUE DE CAXIAS,RJ,Colisão traseira,Acessar a via sem observar a presença dos outros veículos,Céu Claro,2025-02-26,17
2025-02-26,18:10:00,40,"531,8",BELO HORIZONTE,MG,Colisão lateral mesmo sentido,Manobra de mudança de faixa,Céu Claro,2025-02-26,18
2025-02-26,18:10:00,470,66,INDAIAL,SC,Colisão traseira,Ausência de reação do condutor,Céu Claro,2025-02-26,18
2025-02-26,15:00:00,381,"483,5",BETIM,MG,Colisão traseira,Reação tardia ou ineficiente do condutor,Céu Claro,2025-02-26,15
2025-02-26,17:40:00,282,"1,6",FLORIANOPOLIS,SC,Colisão traseira,Condutor deixou de manter distância do veículo da frente,Céu Claro,2025-02-26,17
2025-02-26,16:00:00,60,199,GUAPO,GO,Saída de leito carroçável,Chuva,Chuva,2025-02-26,16
2025-02-26,18:15:00,369,"153,8",LONDRINA,PR,Colisão transversal,Condutor desrespeitou a iluminação vermelha do semáforo,Céu Claro,2025-02-26,18
2025-02-26,18:33:00,116,"89,7",PINDAMONHANGABA,SP,Tombamento,Avarias e/ou desgaste excessivo no pneu,Céu Claro,2025-02-26,18
2025-02-26,10:30:00,101,306,SAO GONCALO,RJ,Queda de ocupante de veículo,Reação tardia ou ineficiente do condutor,Céu Claro,2025-02-26,10
2025-02-26,15:30:00,40,125,RIO DE JANEIRO,RJ,Tombamento,Reação tardia ou ineficiente do condutor,Céu Claro,2025-02-26,15
2025-02-26,19:10:00,222,"52,4",SAO GONCALO DO AMARANTE,CE,Colisão lateral sentido oposto,Ingestão de álcool pelo condutor,Nublado,2025-02-26,19
2025-02-26,18:30:00,40,"601,5",CONGONHAS,MG,Colisão traseira,Condutor deixou de manter distância do veículo da frente,Céu Claro,2025-02-26,18
2025-02-26,14:00:00,40,"643,9",CONGONHAS,MG,Saída de leito carroçável,Ausência de reação do condutor,Céu Claro,2025-02-26,14
2025-02-26,15:40:00,101,61,CAMPOS DOS GOYTACAZES,RJ,Colisão transversal,Retorno proibido,Céu Claro,2025-02-26,15
2025-02-26,19:33:00,153,498,GOIANIA,GO,Atropelamento de Pedestre,Pedestre andava na pista,Céu Claro,2025-02-26,19
2025-02-26,16:52:00,158,"1,8",BARRA DO GARCAS,MT,Colisão traseira,Reação tardia ou ineficiente do condutor,Sol,2025-02-26,16
2025-02-26,17:51:00,40,773,JUIZ DE FORA,MG,Colisão traseira,Conversão proibida,Céu Claro,2025-02-26,17
2025-02-26,20:00:00,116,"131,9",CACAPAVA,SP,Atropelamento de Pedestre,Acessar a via sem observar a presença dos outros veículos,Céu Claro,2025-02-26,20
2025-02-26,18:05:00,70,5,BARRA DO GARCAS,MT,Colisão transversal,Desrespeitar a preferência no cruzamento,Céu Claro,2025-02-26,18
2025-02-23,08:30:00,316,257,VISEU,PA,Eventos atípicos,Animais na Pista,Céu Claro,2025-02-23,8
2025-02-26,17:55:00,116,144,SAO JOSE DOS CAMPOS,SP,Colisão lateral mesmo sentido,Ausência de reação do condutor,Céu Claro,2025-02-26,17
2025-02-26,20:00:00,101,"318,5",PESCARIA BRAVA,SC,Tombamento,Ausência de reação do condutor,Céu Claro,2025-02-26,20
2025-02-26,19:40:00,262,487,BOM DESPACHO,MG,Colisão lateral sentido oposto,Transitar na contramão,Céu Claro,2025-02-26,19
2025-02-26,20:30:00,376,385,IMBAU,PR,Colisão traseira,Ausência de reação do condutor,Céu Claro,2025-02-26,20
2025-02-26,19:58:00,381,"830,8",SAO SEBASTIAO DA BELA VISTA,MG,Atropelamento de Pedestre,Pedestre andava na pista,Céu Claro,2025-02-26,19
2025-02-26,18:40:00,376,116,IVINHEMA,MS,Tombamento,Reação tardia ou ineficiente do condutor,Céu Claro,2025-02-26,18
2025-02-26,19:00:00,364,343,JI-PARANA,RO,Queda de ocupante de veículo,Pista esburacada,Chuva,2025-02-26,19
2025-02-26,21:50:00,282,"20,4",PALHOCA,SC,Colisão com objeto,Velocidade Incompatível,Céu Claro,2025-02-26,21
2025-02-26,22:00:00,116,11,VITORIA DA CONQUISTA,BA,Atropelamento de Pedestre,Pedestre - Ingestão de álcool/ substâncias psicoativas,Céu Claro,2025-02-26,22
2025-02-26,22:30:00,40,5,BRASILIA,DF,Atropelamento de Pedestre,Pedestre - Ingestão de álcool/ substâncias psicoativas,Céu Claro,2025-02-26,22
2025-02-26,19:20:00,364,"499,1",ARIQUEMES,RO,Colisão traseira,Condutor deixou de manter distância do veículo da frente,Céu Claro,2025-02-26,19
2025-02-26,22:17:00,101,69,RECIFE,PE,Colisão traseira,Condutor deixou de manter distância do veículo da frente,Céu Claro,2025-02-26,22
2025-02-26,22:50:00,369,151,LONDRINA,PR,Atropelamento de Pedestre,Entrada inopinada do pedestre,Céu Claro,2025-02-26,22
2025-02-26,22:20:00,116,231,SAO PAULO,SP,Atropelamento de Pedestre,Entrada inopinada do pedestre,Céu Claro,2025-02-26,22
2025-02-26,23:30:00,282,"123,5",BOM RETIRO,SC,Colisão traseira,Frear bruscamente,Nublado,2025-02-26,23
2025-02-26,21:30:00,423,145,IATI,PE,Colisão frontal,Deficiência do Sistema de Iluminação/Sinalização,Céu Claro,2025-02-26,21
2025-02-26,20:00:00,70,732,CACERES,MT,Colisão transversal,Acesso irregular,Céu Claro,2025-02-26,20
2025-02-26,23:45:00,277,73,SAO JOSE DOS PINHAIS,PR,Colisão traseira,Reação tardia ou ineficiente do condutor,Nublado,2025-02-26,23
2025-02-27,00:02:00,376,"592,5",CURITIBA,PR,Saída de leito carroçável,Velocidade Incompatível,Céu Claro,2025-02-27,0
2025-02-26,21:25:00,116,"613,2",SAO JOAO DO MANHUACU,MG,Atropelamento de Animal,Animais na Pista,Céu Claro,2025-02-26,21
2025-02-26,23:00:00,153,"142,8",ARAGUAINA,TO,Colisão transversal,Ingestão de álcool pelo condutor,Céu Claro,2025-02-26,23
2025-02-27,00:00:00,381,615,OLIVEIRA,MG,Queda de ocupante de veículo,Reação tardia ou ineficiente do condutor,Céu Claro,2025-02-27,0
2025-02-27,01:00:00,116,125,FAZENDA RIO GRANDE,PR,Colisão traseira,Ausência de reação do condutor,Céu Claro,2025-02-27,1
2025-02-27,00:50:00,364,693,CANDEIAS DO JAMARI,RO,Queda de ocupante de veículo,Frear bruscamente,Céu Claro,2025-02-27,0
2025-02-27,02:20:00,116,17,EUSEBIO,CE,Saída de leito carroçável,Ingestão de álcool pelo condutor,Chuva,2025-02-27,2
2025-02-27,05:35:00,20,23,BRASILIA,DF,Colisão lateral mesmo sentido,Ingestão de álcool pelo condutor,Céu Claro,2025-02-27,5
2025-02-27,06:35:00,104,"152,6",CAMPINA GRANDE,PB,Tombamento,Acumulo de areia ou detritos sobre o pavimento,Sol,2025-02-27,6
2025-02-27,01:30:00,116,"539,7",SANTA RITA DE MINAS,MG,Tombamento,Acumulo de óleo sobre o pavimento,Nublado,2025-02-27,1
2025-02-27,06:40:00,116,"149,3",CAXIAS DO SUL,RS,Colisão transversal,Condutor desrespeitou a iluminação vermelha do semáforo,Nublado,2025-02-27,6
2025-02-27,06:40:00,101,"290,7",CARIACICA,ES,Tombamento,Trafegar com motocicleta (ou similar) entre as faixas,Céu Claro,2025-02-27,6
2025-02-26,14:45:00,230,158,CAMPINA GRANDE,PB,Colisão transversal,Acessar a via sem observar a presença dos outros veículos,Céu Claro,2025-02-26,14
2025-02-27,06:10:00,369,"13,8",CAMBARA,PR,Colisão com objeto,Carga excessiva e/ou mal acondicionada,Céu Claro,2025-02-27,6
2025-02-27,07:25:00,116,23,EUSEBIO,CE,Colisão lateral mesmo sentido,Ausência de reação do condutor,Nublado,2025-02-27,7
2025-02-27,06:10:00,163,560,NOVA MUTUM,MT,Saída de leito carroçável,Reação tardia ou ineficiente do condutor,Chuva,2025-02-27,6
2025-01-04,19:45:00,365,"10,6",MONTES CLAROS,MG,Colisão frontal,Ultrapassagem Indevida,Nublado,2025-01-04,19
2025-02-27,08:00:00,448,15,CANOAS,RS,Tombamento,Ausência de reação do condutor,Céu Claro,2025-02-27,8
2025-01-27,13:00:00,343,340,TERESINA,PI,Colisão traseira,Acessar a via sem observar a presença dos outros veículos,Céu Claro,2025-01-27,13
2025-02-27,05:50:00,251,23,BRASILIA,DF,Colisão traseira,Demais falhas mecânicas ou elétricas,Nevoeiro/Neblina,2025-02-27,5
2025-02-27,07:25:00,101,84,SAO GONCALO DO AMARANTE,RN,Colisão traseira,Condutor deixou de manter distância do veículo da frente,Céu Claro,2025-02-27,7
2025-02-27,08:30:00,101,"118,2",ITAJAI,SC,Colisão lateral mesmo sentido,Reação tardia ou ineficiente do condutor,Nublado,2025-02-27,8
2025-02-27,08:30:00,369,"149,9",LONDRINA,PR,Colisão traseira,Condutor deixou de manter distância do veículo da frente,Céu Claro,2025-02-27,8
2025-02-27,08:20:00,101,76,RECIFE,PE,Colisão traseira,Ausência de reação do condutor,Céu Claro,2025-02-27,8
2025-02-27,08:00:00,290,96,PORTO ALEGRE,RS,Colisão lateral mesmo sentido,Ausência de reação do condutor,Sol,2025-02-27,8
2025-02-24,06:50:00,330,"825,7",IPIAU,BA,Saída de leito carroçável,Chuva,Chuva,2025-02-24,6
2025-02-27,09:00:00,101,"262,1",SERRA,ES,Engavetamento,Reação tardia ou ineficiente do condutor,Sol,2025-02-27,9
2025-02-27,07:40:00,116,"157,5",SAO JOSE DOS CAMPOS,SP,Colisão lateral mesmo sentido,Reação tardia ou ineficiente do condutor,Céu Claro,2025-02-27,7
2025-02-22,17:00:00,235,350,JUAZEIRO,BA,Colisão transversal,Conversão proibida,Céu Claro,2025-02-22,17
2025-02-25,11:20:00,316,"261,1",SANTA INES,MA,Colisão transversal,Conversão proibida,Céu Claro,2025-02-25,11
2025-02-27,09:48:00,116,89,SAO JOSE DOS PINHAIS,PR,Atropelamento de Animal,Animais na Pista,Nublado,2025-02-27,9
2025-01-15,05:24:00,163,"318,2",NOVO PROGRESSO,PA,Saída de leito carroçável,Ausência de reação do condutor,Chuva,2025-01-15,5
2025-02-27,10:20:00,60,392,RIO VERDE,GO,Tombamento,Reação tardia ou ineficiente do condutor,Nublado,2025-02-27,10
2025-02-27,08:00:00,174,414,NOVA LACERDA,MT,Colisão transversal,Velocidade Incompatível,Céu Claro,2025-02-27,8
2025-02-27,10:50:00,163,461,CAMPO GRANDE,MS,Colisão traseira,Ausência de reação do condutor,Céu Claro,2025-02-27,10
2025-02-27,09:30:00,376,497,PONTA GROSSA,PR,Capotamento,Ausência de reação do condutor,Céu Claro,2025-02-27,9
2025-02-27,10:40:00,101,460,ANGRA DOS REIS,RJ,Colisão transversal,Acessar a via sem observar a presença dos outros veículos,Céu Claro,2025-02-27,10
2025-02-27,12:40:00,153,502,PARAISO DO TOCANTINS,TO,Saída de leito carroçável,Ultrapassagem Indevida,Céu Claro,2025-02-27,12
2025-02-25,19:50:00,0,0,RIO NEGRINHO,SC,Colisão traseira,Reação tardia ou ineficiente do condutor,Céu Claro,2025-02-25,19
2025-02-27,12:40:00,60,385,RIO VERDE,GO,Colisão traseira,Objeto estático sobre o leito carroçável,Céu Claro,2025-02-27,12
2025-02-27,12:50:00,101,"260,4",SERRA,ES,Tombamento,Reação tardia ou ineficiente do condutor,Céu Claro,2025-02-27,12
2025-02-27,13:00:00,101,266,SERRA,ES,Colisão traseira,Ausência de reação do condutor,Céu Claro,2025-02-27,13
2025-02-27,12:45:00,116,"486,9",INHAPIM,MG,Colisão traseira,Condutor deixou de manter distância do veículo da frente,Nublado,2025-02-27,12
2025-02-27,11:20:00,153,175,URUACU,GO,Colisão transversal,Conversão proibida,Céu Claro,2025-02-27,11
2025-02-27,06:30:00,116,201,QUEIMADOS,RJ,Colisão com objeto,Frear bruscamente,Sol,2025-02-27,6
2025-02-27,14:00:00,376,598,CURITIBA,PR,Colisão traseira,Reação tardia ou ineficiente do condutor,Sol,2025-02-27,14
2025-01-18,19:27:00,163,"336,2",NOVO PROGRESSO,PA,Saída de leito carroçável,Reação tardia ou ineficiente do condutor,Céu Claro,2025-01-18,19
2025-02-27,12:00:00,277,687,SAO MIGUEL DO IGUACU,PR,Colisão traseira,Ausência de reação do condutor,Céu Claro,2025-02-27,12
2025-02-27,14:25:00,369,"434,3",UBIRATA,PR,Colisão frontal,Mal súbito do condutor,Sol,2025-02-27,14
2025-02-27,13:30:00,40,"502,9",ESMERALDAS,MG,Saída de leito carroçável,Reação tardia ou ineficiente do condutor,Céu Claro,2025-02-27,13
2025-02-27,09:35:00,364,"346,1",JI-PARANA,RO,Colisão traseira,Condutor deixou de manter distância do veículo da frente,Nublado,2025-02-27,9
2025-02-27,12:00:00,364,424,JARU,RO,Colisão transversal,Acessar a via sem observar a presença dos outros veículos,Céu Claro,2025-02-27,12
2025-02-27,15:55:00,101,96,NATAL,RN,Colisão traseira,Ingestão de álcool pelo condutor,Céu Claro,2025-02-27,15
2025-02-27,16:00:00,116,201,ARUJA,SP,Queda de ocupante de veículo,Demais falhas na via,Céu Claro,2025-02-27,16
2025-02-27,16:00:00,101,64,RECIFE,PE,Colisão traseira,Condutor deixou de manter distância do veículo da frente,Céu Claro,2025-02-27,16
2025-02-27,13:30:00,230,117,MARABA,PA,Colisão lateral mesmo sentido,Reação tardia ou ineficiente do condutor,Céu Claro,2025-02-27,13
2025-02-27,13:00:00,376,631,SAO JOSE DOS PINHAIS,PR,Colisão traseira,Reação tardia ou ineficiente do condutor,Sol,2025-02-27,13
2025-02-27,17:00:00,282,22,SANTO AMARO DA IMPERATRIZ,SC,Incêndio,Demais falhas mecânicas ou elétricas,Céu Claro,2025-02-27,17
2025-01-06,19:40:00,262,6,MARTINS SOARES,MG,Queda de ocupante de veículo,Ausência de reação do condutor,Nublado,2025-01-06,19
2025-02-27,17:00:00,280,"49,8",GUARAMIRIM,SC,Colisão traseira,Conversão proibida,Céu Claro,2025-02-27,17
2025-02-27,16:50:00,232,9,JABOATAO DOS GUARARAPES,PE,Colisão traseira,Condutor deixou de manter distância do veículo da frente,Céu Claro,2025-02-27,16
2025-02-27,17:20:00,282,19,PALHOCA,SC,Colisão traseira,Ausência de reação do condutor,Céu Claro,2025-02-27,17
2025-02-27,07:35:00,364,6,SAO SIMAO,GO,Colisão transversal,Ausência de reação do condutor,Céu Claro,2025-02-27,7
2025-02-27,14:15:00,110,391,SAO SEBASTIAO DO PASSE,BA,Saída de leito carroçável,Reação tardia ou ineficiente do condutor,Ignorado,2025-02-27,14
2025-02-27,16:30:00,116,"110,3",GUAPIMIRIM,RJ,Colisão lateral mesmo sentido,Ultrapassagem Indevida,Céu Claro,2025-02-27,16
2025-02-27,17:00:00,262,"444,8",NOVA SERRANA,MG,Colisão lateral mesmo sentido,Acessar a via sem observar a presença dos outros veículos,Sol,2025-02-27,17
2025-02-27,17:40:00,101,142,ITAPEMA,SC,Colisão traseira,Reação tardia ou ineficiente do condutor,Céu Claro,2025-02-27,17
2025-02-27,17:35:00,381,70,MAIRIPORA,SP,Tombamento,Reação tardia ou ineficiente do condutor,Garoa/Chuvisco,2025-02-27,17
2025-02-27,16:15:00,40,59,PETROPOLIS,RJ,Capotamento,Ausência de reação do condutor,Céu Claro,2025-02-27,16
2025-02-27,17:05:00,40,123,RIO DE JANEIRO,RJ,Colisão traseira,Condutor deixou de manter distância do veículo da frente,Céu Claro,2025-02-27,17
2025-02-27,16:20:00,116,394,MIRACATU,SP,Colisão traseira,Ausência de reação do condutor,Céu Claro,2025-02-27,16
2025-02-27,18:00:00,116,257,ESTEIO,RS,Colisão traseira,Condutor deixou de manter distância do veículo da frente,Nublado,2025-02-27,18
2025-02-27,17:27:00,405,154,PAU DOS FERROS,RN,Colisão traseira,Ausência de reação do condutor,Céu Claro,2025-02-27,17
2025-02-27,18:30:00,20,"4,4",BRASILIA,DF,Colisão traseira,Velocidade Incompatível,Céu Claro,2025-02-27,18
2025-02-27,17:45:00,116,155,SAO JOSE DOS CAMPOS,SP,Colisão traseira,Ausência de reação do condutor,Céu Claro,2025-02-27,17
2025-02-27,16:30:00,285,303,PASSO FUNDO,RS,Saída de leito carroçável,Reação tardia ou ineficiente do condutor,Garoa/Chuvisco,2025-02-27,16
2025-02-27,17:10:00,101,229,SILVA JARDIM,RJ,Capotamento,Reação tardia ou ineficiente do condutor,Céu Claro,2025-02-27,17
2025-02-27,18:30:00,10,459,PALMAS,TO,Tombamento,Avarias e/ou desgaste excessivo no pneu,Céu Claro,2025-02-27,18