data_inversa,horario,br,km,municipio,uf,tipo_acidente,causa_acidente,condicao_metereologica,data,hora
2025-02-27,17:30:00,392,352,SANTA MARIA,RS,Colisão transversal,Acessar a via sem observar a presença dos outros veículos,Chuva,2025-02-27,17
2025-02-06,07:10:00,0,0,LONDRINA,PR,Colisão lateral sentido oposto,Semáforo com defeito,Céu Claro,2025-02-06,7
2025-02-27,17:50:00,153,"45,7",SAO JOSE DO RIO PRETO,SP,Colisão frontal,Reação tardia ou ineficiente do condutor,Céu Claro,2025-02-27,17
2025-02-27,17:25:00,40,119,DUQUE DE CAXIAS,RJ,Colisão com objeto,Ausência de reação do condutor,Céu Claro,2025-02-27,17
2025-02-27,18:30:00,116,172,SAO JOAO DE MERITI,RJ,Colisão transversal,Reação tardia ou ineficiente do condutor,Céu Claro,2025-02-27,18
2025-02-27,18:15:00,163,457,CAMPO GRANDE,MS,Colisão transversal,Acessar a via sem observar a presença dos outros veículos,Céu Claro,2025-02-27,18
2025-02-27,11:03:00,367,23,PORTO SEGURO,BA,Colisão traseira,Frear bruscamente,Sol,2025-02-27,11
2025-02-27,19:20:00,428,"187,9",PETROLINA,PE,Colisão traseira,Ausência de reação do condutor,Céu Claro,2025-02-27,19
2025-02-27,17:20:00,101,"4,2",TORRES,RS,Saída de leito carroçável,Velocidade Incompatível,Nublado,2025-02-27,17
2025-02-27,19:00:00,470,50,BLUMENAU,SC,Colisão traseira,Ingestão de álcool pelo condutor,Céu Claro,2025-02-27,19
2025-02-27,18:00:00,116,267,CANOAS,RS,Engavetamento,Estacionar ou parar em local proibido,Nublado,2025-02-27,18
2025-02-27,07:10:00,116,817,VITORIA DA CONQUISTA,BA,Colisão transversal,Acessar a via sem observar a presença dos outros veículos,Sol,2025-02-27,7
2025-02-27,17:35:00,101,518,ANGRA DOS REIS,RJ,Tombamento,Manobra de mudança de faixa,Céu Claro,2025-02-27,17
2025-02-27,18:01:00,364,137,RIO BRANCO,AC,Colisão traseira,Reação tardia ou ineficiente do condutor,Céu Claro,2025-02-27,18
2025-02-27,20:50:00,376,"180,4",MARINGA,PR,Colisão com objeto,Ausência de reação do condutor,Céu Claro,2025-02-27,20
2025-02-27,21:00:00,40,445,PARAOPEBA,MG,Atropelamento de Pedestre,Pedestre andava na pista,Céu Claro,2025-02-27,21
2025-02-27,19:35:00,153,"12,2",JACAREZINHO,PR,Queda de ocupante de veículo,Afundamento ou ondulação no pavimento,Céu Claro,2025-02-27,19
2025-02-27,18:05:00,153,"337,6",IRATI,PR,Colisão transversal,Acessar a via sem observar a presença dos outros veículos,Céu Claro,2025-02-27,18
2025-02-27,19:00:00,163,80,ITAQUIRAI,MS,Tombamento,Demais falhas mecânicas ou elétricas,Céu Claro,2025-02-27,19
2025-02-27,21:15:00,116,"827,8",VITORIA DA CONQUISTA,BA,Queda de ocupante de veículo,Ausência de reação do condutor,Nublado,2025-02-27,21
2025-02-27,17:40:00,282,419,VARGEM BONITA,SC,Colisão traseira,Condutor deixou de manter distância do veículo da frente,Chuva,2025-02-27,17
2025-02-27,20:00:00,376,476,PONTA GROSSA,PR,Incêndio,Demais falhas mecânicas ou elétricas,Ignorado,2025-02-27,20
2025-02-27,19:12:00,40,115,DUQUE DE CAXIAS,RJ,Colisão lateral mesmo sentido,Manobra de mudança de faixa,Céu Claro,2025-02-27,19
2025-02-27,20:10:00,470,160,NOVA PRATA,RS,Atropelamento de Pedestre,Pedestre andava na pista,Nublado,2025-02-27,20
2025-02-27,20:00:00,101,484,ANGRA DOS REIS,RJ,Colisão lateral mesmo sentido,Acessar a via sem observar a presença dos outros veículos,Céu Claro,2025-02-27,20
2025-02-27,09:30:00,262,30,REDUTO,MG,Colisão traseira,Reação tardia ou ineficiente do condutor,Céu Claro,2025-02-27,9
2025-02-27,22:00:00,381,451,SANTA LUZIA,MG,Atropelamento de Pedestre,Acessar a via sem observar a presença dos outros veículos,Céu Claro,2025-02-27,22
2025-02-27,20:18:00,116,429,ELDORADO DO SUL,RS,Colisão transversal,Acessar a via sem observar a presença dos outros veículos,Nublado,2025-02-27,20
2025-02-27,21:56:00,101,"38,7",JOINVILLE,SC,Colisão transversal,Desrespeitar a preferência no cruzamento,Nublado,2025-02-27,21
2025-02-27,22:15:00,101,926,NOVA VICOSA,BA,Colisão transversal,Acessar a via sem observar a presença dos outros veículos,Céu Claro,2025-02-27,22
2025-02-27,22:20:00,101,"215,5",PALHOCA,SC,Tombamento,Reação tardia ou ineficiente do condutor,Nublado,2025-02-27,22
2025-02-27,21:10:00,116,"457,5",REGISTRO,SP,Saída de leito carroçável,Condutor Dormindo,Céu Claro,2025-02-27,21
2025-02-27,18:00:00,163,77,PLANALTO,PR,Colisão transversal,Acessar a via sem observar a presença dos outros veículos,Céu Claro,2025-02-27,18
2025-02-27,21:15:00,101,65,ARAQUARI,SC,Colisão traseira,Ausência de reação do condutor,Céu Claro,2025-02-27,21
2025-02-27,18:45:00,101,139,BALNEARIO CAMBORIU,SC,Tombamento,Pista Escorregadia,Céu Claro,2025-02-27,18
2025-02-27,22:18:00,70,7,AGUAS LINDAS DE GOIAS,GO,Colisão traseira,Ausência de sinalização,Céu Claro,2025-02-27,22
2025-02-27,23:00:00,470,"1,9",NAVEGANTES,SC,Tombamento,Ingestão de álcool pelo condutor,Céu Claro,2025-02-27,23
2025-02-28,00:30:00,365,676,MONTE ALEGRE DE MINAS,MG,Colisão lateral mesmo sentido,Ingestão de álcool pelo condutor,Céu Claro,2025-02-28,0
2025-02-28,01:14:00,101,"149,2",GAMELEIRA,PE,Capotamento,Ausência de reação do condutor,Céu Claro,2025-02-28,1
2025-02-27,21:15:00,290,412,SAO GABRIEL,RS,Colisão frontal,Ingestão de álcool pelo condutor,Céu Claro,2025-02-27,21
2025-02-27,22:50:00,135,502,MONTE ALEGRE DO PIAUI,PI,Colisão frontal,Transitar na contramão,Céu Claro,2025-02-27,22
2025-02-28,02:05:00,153,"414,7",MIRANORTE,TO,Colisão com objeto,Reação tardia ou ineficiente do condutor,Ignorado,2025-02-28,2
2025-02-27,20:00:00,364,713,PORTO VELHO,RO,Queda de ocupante de veículo,Reação tardia ou ineficiente do condutor,Céu Claro,2025-02-27,20
2025-02-27,23:15:00,277,679,MEDIANEIRA,PR,Saída de leito carroçável,Ausência de reação do condutor,Ignorado,2025-02-27,23
2025-02-28,03:20:00,230,87,GURINHEM,PB,Tombamento,Ausência de reação do condutor,Chuva,2025-02-28,3
2025-02-28,04:35:00,290,156,RIO PARDO,RS,Colisão transversal,Ausência de reação do condutor,Céu Claro,2025-02-28,4
2025-02-27,22:00:00,324,571,SAO SEBASTIAO DO PASSE,BA,Capotamento,Reação tardia ou ineficiente do condutor,Chuva,2025-02-27,22
2025-02-27,12:30:00,101,448,AURELINO LEAL,BA,Saída de leito carroçável,Ultrapassagem Indevida,Chuva,2025-02-27,12
2025-02-28,05:19:00,282,206,SAO JOSE,SC,Colisão com objeto,Ingestão de álcool pelo condutor,Céu Claro,2025-02-28,5
2025-02-28,05:40:00,116,281,EMBU DAS ARTES,SP,Colisão traseira,Trafegar com motocicleta (ou similar) entre as faixas,Céu Claro,2025-02-28,5
2025-02-28,05:45:00,101,374,ICARA,SC,Saída de leito carroçável,Ingestão de álcool pelo condutor,Céu Claro,2025-02-28,5
2025-02-28,06:30:00,116,17,EUSEBIO,CE,Colisão traseira,Ausência de reação do condutor,Chuva,2025-02-28,6
2025-02-28,06:50:00,70,6,BRASILIA,DF,Queda de ocupante de veículo,Trafegar com motocicleta (ou similar) entre as faixas,Céu Claro,2025-02-28,6
2025-02-28,06:50:00,116,17,COLOMBO,PR,Queda de ocupante de veículo,Reação tardia ou ineficiente do condutor,Céu Claro,2025-02-28,6
2025-02-28,07:00:00,101,445,MIMOSO DO SUL,ES,Colisão transversal,Acessar a via sem observar a presença dos outros veículos,Céu Claro,2025-02-28,7
2025-02-28,07:30:00,116,82,TERESOPOLIS,RJ,Colisão transversal,Acessar a via sem observar a presença dos outros veículos,Céu Claro,2025-02-28,7
2025-02-28,07:50:00,40,"4,2",BRASILIA,DF,Colisão lateral mesmo sentido,Trafegar com motocicleta (ou similar) entre as faixas,Céu Claro,2025-02-28,7
2025-02-28,07:26:00,20,4,BRASILIA,DF,Colisão lateral mesmo sentido,Trafegar com motocicleta (ou similar) entre as faixas,Céu Claro,2025-02-28,7
2025-02-28,07:30:00,116,181,NOVA IGUACU,RJ,Tombamento,Ausência de reação do condutor,Sol,2025-02-28,7
2025-02-28,07:23:00,101,101,PARNAMIRIM,RN,Tombamento,Avarias e/ou desgaste excessivo no pneu,Céu Claro,2025-02-28,7
2025-02-28,06:49:00,101,56,RECIFE,PE,Saída de leito carroçável,Ausência de reação do condutor,Céu Claro,2025-02-28,6
2025-02-28,08:00:00,101,199,SAO JOSE,SC,Colisão transversal,Acessar a via sem observar a presença dos outros veículos,Céu Claro,2025-02-28,8
2025-02-28,07:44:00,470,"167,9",POUSO REDONDO,SC,Tombamento,Velocidade Incompatível,Céu Claro,2025-02-28,7
2025-02-28,07:40:00,10,465,PALMAS,TO,Tombamento,Avarias e/ou desgaste excessivo no pneu,Céu Claro,2025-02-28,7
2025-02-28,08:50:00,381,488,BETIM,MG,Colisão traseira,Trafegar com motocicleta (ou similar) entre as faixas,Céu Claro,2025-02-28,8
2025-02-28,07:30:00,381,89,ATIBAIA,SP,Colisão traseira,Ausência de reação do condutor,Céu Claro,2025-02-28,7
2025-02-28,07:40:00,476,146,CURITIBA,PR,Colisão traseira,Trafegar com motocicleta (ou similar) entre as faixas,Céu Claro,2025-02-28,7
2025-02-27,14:17:00,232,"4,6",RECIFE,PE,Colisão traseira,Condutor deixou de manter distância do veículo da frente,Nublado,2025-02-27,14
2025-02-28,08:00:00,277,"83,5",CURITIBA,PR,Colisão traseira,Manobra de mudança de faixa,Céu Claro,2025-02-28,8
2025-02-28,06:00:00,262,"296,7",CAMPO GRANDE,MS,Atropelamento de Pedestre,Entrada inopinada do pedestre,Céu Claro,2025-02-28,6
2025-02-28,07:30:00,116,79,PIRAQUARA,PR,Saída de leito carroçável,Reação tardia ou ineficiente do condutor,Céu Claro,2025-02-28,7
2025-02-28,08:40:00,101,143,ITAPEMA,SC,Colisão traseira,Ausência de reação do condutor,Céu Claro,2025-02-28,8
2025-02-28,09:30:00,116,182,NOVA IGUACU,RJ,Colisão lateral mesmo sentido,Ausência de reação do condutor,Céu Claro,2025-02-28,9
2025-02-28,09:10:00,153,"17,9",JACAREZINHO,PR,Colisão lateral mesmo sentido,Manobra de mudança de faixa,Céu Claro,2025-02-28,9
2025-02-28,09:30:00,101,2,SERRA,ES,Saída de leito carroçável,Chuva,Garoa/Chuvisco,2025-02-28,9
2025-02-28,08:10:00,40,120,DUQUE DE CAXIAS,RJ,Colisão traseira,Reação tardia ou ineficiente do condutor,Céu Claro,2025-02-28,8
2025-02-28,10:00:00,230,"12,9",CABEDELO,PB,Tombamento,Reação tardia ou ineficiente do condutor,Céu Claro,2025-02-28,10
2025-02-18,22:47:00,110,62,JEREMOABO,BA,Incêndio,Demais falhas mecânicas ou elétricas,Céu Claro,2025-02-18,22
2025-02-28,10:00:00,40,"681,7",RESSAQUINHA,MG,Colisão frontal,Transitar na contramão,Sol,2025-02-28,10
2025-02-28,10:45:00,104,"47,3",CARUARU,PE,Tombamento,Avarias e/ou desgaste excessivo no pneu,Céu Claro,2025-02-28,10
2025-02-09,01:05:00,101,52,CAMPOS DOS GOYTACAZES,RJ,Engavetamento,Ausência de reação do condutor,Céu Claro,2025-02-09,1
2025-02-28,10:50:00,343,"15,2",PARNAIBA,PI,Tombamento,Demais falhas mecânicas ou elétricas,Nublado,2025-02-28,10
2025-02-28,07:30:00,135,49,BACABEIRA,MA,Colisão lateral mesmo sentido,Reação tardia ou ineficiente do condutor,Céu Claro,2025-02-28,7
2025-02-28,11:30:00,116,268,CANOAS,RS,Colisão lateral mesmo sentido,Ausência de reação do condutor,Céu Claro,2025-02-28,11
2025-02-28,11:30:00,282,"20,4",PALHOCA,SC,Colisão lateral mesmo sentido,Manobra de mudança de faixa,Céu Claro,2025-02-28,11
2025-02-11,16:40:00,40,481,SETE LAGOAS,MG,Saída de leito carroçável,Reação tardia ou ineficiente do condutor,Céu Claro,2025-02-11,16
2025-02-28,11:50:00,101,74,CAMPOS DOS GOYTACAZES,RJ,Colisão lateral mesmo sentido,Mal súbito do condutor,Céu Claro,2025-02-28,11
2025-02-28,12:15:00,343,264,CAMPO MAIOR,PI,Colisão transversal,Acessar a via sem observar a presença dos outros veículos,Céu Claro,2025-02-28,12
2025-02-28,10:30:00,101,387,ITAGUAI,RJ,Colisão traseira,Condutor Dormindo,Céu Claro,2025-02-28,10
2025-02-28,10:20:00,232,126,CARUARU,PE,Capotamento,Condutor Dormindo,Céu Claro,2025-02-28,10
2025-02-28,11:15:00,356,"265,7",MURIAE,MG,Colisão traseira,Condutor deixou de manter distância do veículo da frente,Céu Claro,2025-02-28,11
2025-02-28,12:35:00,282,"5,1",SAO JOSE,SC,Colisão lateral mesmo sentido,Trafegar com motocicleta (ou similar) entre as faixas,Céu Claro,2025-02-28,12
2025-02-28,09:25:00,101,285,IMBITUBA,SC,Colisão lateral mesmo sentido,Manobra de mudança de faixa,Céu Claro,2025-02-28,9
2025-02-28,10:45:00,116,143,SAO JOSE DOS CAMPOS,SP,Tombamento,Reação tardia ou ineficiente do condutor,Céu Claro,2025-02-28,10
2025-02-28,13:00:00,262,128,RIO CASCA,MG,Saída de leito carroçável,Velocidade Incompatível,Céu Claro,2025-02-28,13
2025-02-28,13:15:00,116,550,SANTA BARBARA DO LESTE,MG,Colisão transversal,Acessar a via sem observar a presença dos outros veículos,Céu Claro,2025-02-28,13
2025-02-28,13:00:00,116,227,GUARULHOS,SP,Incêndio,Demais falhas mecânicas ou elétricas,Céu Claro,2025-02-28,13
2025-02-28,13:00:00,101,47,UBATUBA,SP,Colisão lateral mesmo sentido,Acessar a via sem observar a presença dos outros veículos,Céu Claro,2025-02-28,13
2025-02-28,14:00:00,290,"251,9",CACHOEIRA DO SUL,RS,Colisão transversal,Acessar a via sem observar a presença dos outros veículos,Céu Claro,2025-02-28,14
2025-02-28,13:00:00,116,85,TERESOPOLIS,RJ,Colisão traseira,Condutor deixou de manter distância do veículo da frente,Céu Claro,2025-02-28,13
2025-02-28,13:40:00,101,49,CAMPOS DOS GOYTACAZES,RJ,Colisão frontal,Ultrapassagem Indevida,Céu Claro,2025-02-28,13
2025-02-21,17:20:00,262,"370,9",TERENOS,MS,Saída de leito carroçável,Condutor Dormindo,Nublado,2025-02-21,17
2025-02-28,13:35:00,476,145,CURITIBA,PR,Colisão traseira,Condutor deixou de manter distância do veículo da frente,Sol,2025-02-28,13
2025-02-28,13:20:00,70,526,VARZEA GRANDE,MT,Colisão transversal,Acessar a via sem observar a presença dos outros veículos,Chuva,2025-02-28,13
2025-02-28,14:20:00,101,98,JAGUARE,ES,Incêndio,Demais falhas mecânicas ou elétricas,Céu Claro,2025-02-28,14
2025-02-28,14:35:00,369,"194,3",ARAPONGAS,PR,Colisão transversal,Acessar a via sem observar a presença dos outros veículos,Céu Claro,2025-02-28,14
2025-02-28,13:53:00,101,"122,9",PEDRAS DE FOGO,PB,Colisão traseira,Reação tardia ou ineficiente do condutor,Chuva,2025-02-28,13
2025-02-28,10:50:00,386,408,TRIUNFO,RS,Colisão traseira,Condutor deixou de manter distância do veículo da frente,Céu Claro,2025-02-28,10
2025-02-28,14:00:00,376,488,PONTA GROSSA,PR,Colisão lateral mesmo sentido,Acessar a via sem observar a presença dos outros veículos,Céu Claro,2025-02-28,14
2025-02-28,14:50:00,316,268,SATUBA,AL,Colisão transversal,Acessar a via sem observar a presença dos outros veículos,Céu Claro,2025-02-28,14
2025-02-28,14:50:00,101,269,SERRA,ES,Colisão lateral mesmo sentido,Trafegar com motocicleta (ou similar) entre as faixas,Céu Claro,2025-02-28,14
2025-02-28,15:00:00,381,26,BRAGANCA PAULISTA,SP,Colisão traseira,Manobra de mudança de faixa,Céu Claro,2025-02-28,15
2025-02-28,12:50:00,364,199,PIMENTA BUENO,RO,Colisão transversal,Desrespeitar a preferência no cruzamento,Sol,2025-02-28,12
2025-02-28,15:10:00,101,"215,5",PALHOCA,SC,Colisão lateral mesmo sentido,Ausência de reação do condutor,Céu Claro,2025-02-28,15
2025-02-28,15:00:00,386,"289,3",SAO JOSE DO HERVAL,RS,Saída de leito carroçável,Reação tardia ou ineficiente do condutor,Chuva,2025-02-28,15
2025-02-28,15:15:00,101,207,SAO JOSE,SC,Colisão lateral mesmo sentido,Manobra de mudança de faixa,Céu Claro,2025-02-28,15
2025-02-28,15:20:00,116,70,RIO DE JANEIRO,RJ,Colisão traseira,Condutor deixou de manter distância do veículo da frente,Sol,2025-02-28,15
2025-02-28,14:00:00,163,587,DIAMANTINO,MT,Colisão traseira,Reação tardia ou ineficiente do condutor,Garoa/Chuvisco,2025-02-28,14
2025-02-28,12:40:00,356,280,EUGENOPOLIS,MG,Atropelamento de Pedestre,Pedestre andava na pista,Sol,2025-02-28,12
2025-02-08,21:50:00,50,"174,2",UBERABA,MG,Colisão traseira,Condutor deixou de manter distância do veículo da frente,Nublado,2025-02-08,21
2025-02-28,07:30:00,493,20,MAGE,RJ,Colisão frontal,Conversão proibida,Sol,2025-02-28,7
2025-02-28,16:00:00,153,"50,8",SAO JOSE DO RIO PRETO,SP,Colisão transversal,Conversão proibida,Céu Claro,2025-02-28,16
2025-02-28,15:15:00,116,516,CAJATI,SP,Saída de leito carroçável,Condutor Dormindo,Sol,2025-02-28,15
2025-02-28,14:50:00,230,"176,9",POCINHOS,PB,Engavetamento,Ausência de reação do condutor,Céu Claro,2025-02-28,14
2025-02-28,12:00:00,101,"898,1",CARAVELAS,BA,Capotamento,Reação tardia ou ineficiente do condutor,Céu Claro,2025-02-28,12
2025-02-28,14:00:00,230,176,CAMPINA GRANDE,PB,Colisão com objeto,Ausência de reação do condutor,Céu Claro,2025-02-28,14
2025-02-28,16:00:00,376,"125,1",ALTO PARANA,PR,Colisão traseira,Condutor deixou de manter distância do veículo da frente,Céu Claro,2025-02-28,16
2025-02-22,20:00:00,80,2,BRASILIA,DF,Colisão lateral mesmo sentido,Acessar a via sem observar a presença dos outros veículos,Céu Claro,2025-02-22,20
2025-02-28,15:00:00,101,133,BALNEARIO CAMBORIU,SC,Colisão traseira,Reação tardia ou ineficiente do condutor,Sol,2025-02-28,15
2025-02-28,16:00:00,158,567,SANTANA DO LIVRAMENTO,RS,Colisão transversal,Desrespeitar a preferência no cruzamento,Nublado,2025-02-28,16
2025-02-28,14:15:00,262,"451,7",DOIS IRMAOS DO BURITI,MS,Tombamento,Avarias e/ou desgaste excessivo no pneu,Céu Claro,2025-02-28,14
2025-01-27,12:41:00,101,295,ITABORAI,RJ,Queda de ocupante de veículo,Reação tardia ou ineficiente do condutor,Céu Claro,2025-01-27,12
2025-02-28,17:05:00,101,"108,2",PENHA,SC,Tombamento,Afundamento ou ondulação no pavimento,Céu Claro,2025-02-28,17
2025-02-28,16:50:00,101,330,RIO DE JANEIRO,RJ,Colisão traseira,Ausência de reação do condutor,Céu Claro,2025-02-28,16
2025-02-28,17:10:00,116,"146,1",CAXIAS DO SUL,RS,Atropelamento de Pedestre,Acessar a via sem observar a presença dos outros veículos,Nublado,2025-02-28,17
2025-02-28,16:45:00,282,"25,8",SANTO AMARO DA IMPERATRIZ,SC,Colisão transversal,Conversão proibida,Céu Claro,2025-02-28,16
2025-02-28,16:30:00,316,"264,5",SATUBA,AL,Colisão frontal,Condutor Dormindo,Céu Claro,2025-02-28,16
2025-02-28,13:00:00,101,"379,2",ICARA,SC,Colisão com objeto,Ausência de reação do condutor,Céu Claro,2025-02-28,13
2025-02-28,12:05:00,280,"213,5",TRES BARRAS,SC,Colisão frontal,Transitar na contramão,Céu Claro,2025-02-28,12
2025-02-28,16:50:00,285,"570,4",SAO LUIZ GONZAGA,RS,Atropelamento de Pedestre,Pedestre cruzava a pista fora da faixa,Céu Claro,2025-02-28,16
2025-02-24,07:45:00,101,310,SAO GONCALO,RJ,Engavetamento,Condutor deixou de manter distância do veículo da frente,Céu Claro,2025-02-24,7
2025-02-28,17:24:00,101,"65,4",RECIFE,PE,Colisão lateral mesmo sentido,Trafegar com motocicleta (ou similar) entre as faixas,Chuva,2025-02-28,17
2025-02-28,17:20:00,116,170,JACAREI,SP,Tombamento,Avarias e/ou desgaste excessivo no pneu,Sol,2025-02-28,17
2025-02-28,17:15:00,262,95,DOMINGOS MARTINS,ES,Colisão transversal,Desrespeitar a preferência no cruzamento,Céu Claro,2025-02-28,17
2025-02-28,17:15:00,376,"538,6",PALMEIRA,PR,Colisão com objeto,Reação tardia ou ineficiente do condutor,Céu Claro,2025-02-28,17
2025-02-28,18:35:00,101,"146,4",LINHARES,ES,Engavetamento,Condutor deixou de manter distância do veículo da frente,Céu Claro,2025-02-28,18
2025-02-28,16:55:00,428,72,SANTA MARIA DA BOA VISTA,PE,Capotamento,Reação tardia ou ineficiente do condutor,Céu Claro,2025-02-28,16
2025-02-28,18:05:00,230,"3,7",CABEDELO,PB,Saída de leito carroçável,Reação tardia ou ineficiente do condutor,Céu Claro,2025-02-28,18
2025-02-28,19:00:00,101,"204,8",JOAO NEIVA,ES,Colisão transversal,Acessar a via sem observar a presença dos outros veículos,Céu Claro,2025-02-28,19
2025-02-28,18:40:00,101,"167,7",LINHARES,ES,Colisão transversal,Deficiência do Sistema de Iluminação/Sinalização,Céu Claro,2025-02-28,18
2025-02-28,18:00:00,101,"99,5",BALNEARIO PICARRAS,SC,Tombamento,Avarias e/ou desgaste excessivo no pneu,Céu Claro,2025-02-28,18
2025-02-28,18:40:00,60,"0,3",BRASILIA,DF,Colisão lateral mesmo sentido,Manobra de mudança de faixa,Céu Claro,2025-02-28,18
2025-01-15,16:55:00,158,"554,9",AGUA BOA,MT,Colisão lateral sentido oposto,Manobra de mudança de faixa,Nublado,2025-01-15,16
2025-02-28,19:25:00,101,"67,5",RECIFE,PE,Tombamento,Pista Escorregadia,Garoa/Chuvisco,2025-02-28,19
2025-02-28,18:05:00,60,426,SIDROLANDIA,MS,Colisão transversal,Desrespeitar a preferência no cruzamento,Céu Claro,2025-02-28,18
2025-02-28,19:00:00,428,186,PETROLINA,PE,Colisão lateral mesmo sentido,Frear bruscamente,Céu Claro,2025-02-28,19
2025-02-28,19:45:00,470,"218,6",BENTO GONCALVES,RS,Colisão frontal,Reação tardia ou ineficiente do condutor,Garoa/Chuvisco,2025-02-28,19
2025-02-28,15:48:00,163,690,LUCAS DO RIO VERDE,MT,Colisão transversal,Conversão proibida,Céu Claro,2025-02-28,15
2025-02-28,19:00:00,80,22,BRASILIA,DF,Colisão transversal,Ultrapassagem Indevida,Céu Claro,2025-02-28,19
2025-02-28,20:24:00,101,"83,7",BAYEUX,PB,Engavetamento,Condutor deixou de manter distância do veículo da frente,Céu Claro,2025-02-28,20
2025-02-28,20:00:00,230,144,ARAGUATINS,TO,Colisão transversal,Desrespeitar a preferência no cruzamento,Céu Claro,2025-02-28,20
2025-02-28,14:30:00,60,"352,2",CAMPO GRANDE,MS,Saída de leito carroçável,Chuva,Chuva,2025-02-28,14
2025-02-28,19:00:00,40,"429,8",PARAOPEBA,MG,Colisão lateral mesmo sentido,Manobra de mudança de faixa,Céu Claro,2025-02-28,19
2025-02-28,19:00:00,101,27,UBATUBA,SP,Colisão com objeto,Velocidade Incompatível,Céu Claro,2025-02-28,19
2025-02-28,20:15:00,381,53,MAIRIPORA,SP,Colisão lateral mesmo sentido,Reação tardia ou ineficiente do condutor,Céu Claro,2025-02-28,20
2025-02-28,20:30:00,262,367,JUATUBA,MG,Colisão traseira,Ingestão de álcool pelo condutor,Céu Claro,2025-02-28,20
2025-02-28,10:35:00,0,0,ITAPECERICA DA SERRA,SP,Colisão traseira,Demais falhas mecânicas ou elétricas,Céu Claro,2025-02-28,10
2025-02-28,18:15:00,392,"3,8",RIO GRANDE,RS,Colisão transversal,Reação tardia ou ineficiente do condutor,Céu Claro,2025-02-28,18
2025-02-28,18:26:00,40,"645,7",CRISTIANO OTONI,MG,Colisão transversal,Acesso irregular,Céu Claro,2025-02-28,18
2025-02-28,16:30:00,116,147,DUQUE DE CAXIAS,RJ,Queda de ocupante de veículo,Trafegar com motocicleta (ou similar) entre as faixas,Céu Claro,2025-02-28,16
2025-02-28,21:00:00,116,134,FAZENDA RIO GRANDE,PR,Atropelamento de Pedestre,Ausência de reação do condutor,Céu Claro,2025-02-28,21
2025-02-28,19:45:00,381,327,NOVA ERA,MG,Colisão transversal,Reação tardia ou ineficiente do condutor,Garoa/Chuvisco,2025-02-28,19
2025-02-28,20:30:00,40,"617,4",CONGONHAS,MG,Engavetamento,Reação tardia ou ineficiente do condutor,Céu Claro,2025-02-28,20
2025-02-28,18:55:00,116,566,MANHUACU,MG,Colisão transversal,Reação tardia ou ineficiente do condutor,Céu Claro,2025-02-28,18
2025-02-28,19:09:00,317,288,EPITACIOLANDIA,AC,Colisão traseira,Reação tardia ou ineficiente do condutor,Céu Claro,2025-02-28,19
2025-02-28,20:30:00,101,"76,5",SAO GONCALO DO AMARANTE,RN,Colisão lateral mesmo sentido,Acessar a via sem observar a presença dos outros veículos,Chuva,2025-02-28,20
2025-02-28,21:00:00,101,475,URUCUCA,BA,Colisão frontal,Transitar na contramão,Céu Claro,2025-02-28,21
2025-02-28,19:30:00,470,"251,1",CURITIBANOS,SC,Queda de ocupante de veículo,Demais falhas na via,Céu Claro,2025-02-28,19
2025-02-28,19:20:00,163,833,SINOP,MT,Queda de ocupante de veículo,Reação tardia ou ineficiente do condutor,Garoa/Chuvisco,2025-02-28,19
2025-02-28,21:40:00,222,2,FORTALEZA,CE,Colisão traseira,Reação tardia ou ineficiente do condutor,Céu Claro,2025-02-28,21
2025-02-28,15:20:00,70,280,PRIMAVERA DO LESTE,MT,Colisão transversal,Acessar a via sem observar a presença dos outros veículos,Chuva,2025-02-28,15
2025-02-28,21:00:00,282,446,PONTE SERRADA,SC,Colisão lateral mesmo sentido,Manobra de mudança de faixa,Céu Claro,2025-02-28,21
2025-02-28,21:55:00,476,242,LAPA,PR,Colisão frontal,Ingestão de álcool pelo condutor,Nublado,2025-02-28,21
2025-02-28,21:20:00,116,112,DUQUE DE CAXIAS,RJ,Colisão traseira,Ausência de reação do condutor,Céu Claro,2025-02-28,21
2025-02-28,21:17:00,153,199,URUACU,GO,Atropelamento de Pedestre,Pedestre - Ingestão de álcool/ substâncias psicoativas,Céu Claro,2025-02-28,21
2025-02-28,21:00:00,40,686,RESSAQUINHA,MG,Atropelamento de Pedestre,Falta de acostamento,Céu Claro,2025-02-28,21
2025-02-28,21:15:00,277,289,PRUDENTOPOLIS,PR,Saída de leito carroçável,Ausência de reação do condutor,Céu Claro,2025-02-28,21
2025-02-28,23:30:00,277,"653,4",MATELANDIA,PR,Colisão lateral sentido oposto,Transitar na contramão,Céu Claro,2025-02-28,23
2025-02-28,20:30:00,163,543,DIAMANTINO,MT,Colisão transversal,Acessar a via sem observar a presença dos outros veículos,Nublado,2025-02-28,20
2025-02-28,23:05:00,408,"84,2",SAO LOURENCO DA MATA,PE,Colisão frontal,Objeto estático sobre o leito carroçável,Chuva,2025-02-28,23
2025-02-28,23:00:00,116,"110,1",ELDORADO DO SUL,RS,Capotamento,Velocidade Incompatível,Céu Claro,2025-02-28,23
2025-02-28,23:40:00,365,640,UBERLANDIA,MG,Colisão traseira,Reação tardia ou ineficiente do condutor,Céu Claro,2025-02-28,23
2025-02-28,22:13:00,493,62,JAPERI,RJ,Atropelamento de Animal,Animais na Pista,Céu Claro,2025-02-28,22