data_inversa,horario,br,km,municipio,uf,tipo_acidente,causa_acidente,condicao_metereologica,data,hora
2025-02-28,23:40:00,40,54,PETROPOLIS,RJ,Colisão com objeto,Ingestão de álcool pelo condutor,Céu Claro,2025-02-28,23
2025-02-28,23:00:00,493,52,DUQUE DE CAXIAS,RJ,Atropelamento de Animal,Animais na Pista,Nublado,2025-02-28,23
2025-03-01,00:15:00,470,"53,2",BLUMENAU,SC,Saída de leito carroçável,Ausência de sinalização,Nublado,2025-03-01,0
2025-03-01,00:05:00,116,490,CAJATI,SP,Colisão traseira,Ausência de reação do condutor,Céu Claro,2025-03-01,0
2025-02-28,23:20:00,116,"140,5",SANTA CECILIA,SC,Colisão com objeto,Reação tardia ou ineficiente do condutor,Nublado,2025-02-28,23
2025-03-01,01:10:00,277,10,PARANAGUA,PR,Tombamento,Ausência de reação do condutor,Céu Claro,2025-03-01,1
2025-02-28,19:00:00,373,422,FOZ DO JORDAO,PR,Saída de leito carroçável,Ausência de reação do condutor,Céu Claro,2025-02-28,19
2025-02-28,16:00:00,101,57,ARAQUARI,SC,Colisão traseira,Reação tardia ou ineficiente do condutor,Sol,2025-02-28,16
2025-03-01,01:47:00,282,"208,6",SAO JOSE,SC,Colisão traseira,Manobra de mudança de faixa,Céu Claro,2025-03-01,1
2025-03-01,00:10:00,381,"154,9",GOVERNADOR VALADARES,MG,Atropelamento de Pedestre,Entrada inopinada do pedestre,Nublado,2025-03-01,0
2025-03-01,00:30:00,407,8,JUAZEIRO,BA,Colisão traseira,Ingestão de álcool pelo condutor,Céu Claro,2025-03-01,0
2025-02-28,22:30:00,116,399,GOVERNADOR VALADARES,MG,Queda de ocupante de veículo,Demais falhas mecânicas ou elétricas,Céu Claro,2025-02-28,22
2025-03-01,00:40:00,116,"573,4",MANHUACU,MG,Colisão traseira,Reação tardia ou ineficiente do condutor,Céu Claro,2025-03-01,0
2025-03-01,00:30:00,20,"229,9",POSSE,GO,Colisão transversal,Ingestão de álcool pelo condutor,Céu Claro,2025-03-01,0
2025-03-01,00:32:00,116,"511,6",UBAPORANGA,MG,Colisão frontal,Ingestão de álcool pelo condutor,Céu Claro,2025-03-01,0
2025-03-01,02:40:00,153,33,CENTRALINA,MG,Queda de ocupante de veículo,Afundamento ou ondulação no pavimento,Céu Claro,2025-03-01,2
2025-03-01,01:50:00,163,267,DOURADOS,MS,Saída de leito carroçável,Ingestão de álcool pelo condutor,Céu Claro,2025-03-01,1
2025-03-01,02:30:00,153,507,APARECIDA DE GOIANIA,GO,Saída de leito carroçável,Ingestão de álcool pelo condutor,Ignorado,2025-03-01,2
2025-03-01,01:29:00,277,73,SAO JOSE DOS PINHAIS,PR,Saída de leito carroçável,Velocidade Incompatível,Céu Claro,2025-03-01,1
2025-03-01,03:20:00,277,"73,4",SAO JOSE DOS PINHAIS,PR,Colisão traseira,Ingestão de álcool pelo condutor,Céu Claro,2025-03-01,3
2025-03-01,02:20:00,116,"325,5",BARRA DO RIBEIRO,RS,Saída de leito carroçável,Objeto estático sobre o leito carroçável,Nublado,2025-03-01,2
2025-03-01,04:00:00,101,49,UBATUBA,SP,Colisão traseira,Velocidade Incompatível,Céu Claro,2025-03-01,4
2025-03-01,04:10:00,101,"85,6",JOAO PESSOA,PB,Saída de leito carroçável,Condutor Dormindo,Chuva,2025-03-01,4
2025-03-01,04:30:00,116,233,NOVO HAMBURGO,RS,Colisão com objeto,Ausência de reação do condutor,Céu Claro,2025-03-01,4
2025-03-01,03:45:00,163,777,COXIM,MS,Saída de leito carroçável,Ingestão de álcool pelo condutor,Céu Claro,2025-03-01,3
2025-02-28,07:30:00,493,6,ITABORAI,RJ,Colisão lateral mesmo sentido,Ausência de reação do condutor,Sol,2025-02-28,7
2025-03-01,04:30:00,101,"133,8",LINHARES,ES,Colisão transversal,Ultrapassagem Indevida,Nublado,2025-03-01,4
2025-03-01,04:30:00,116,"73,8",APARECIDA,SP,Atropelamento de Pedestre,Pedestre andava na pista,Céu Claro,2025-03-01,4
2025-03-01,04:35:00,104,"62,2",CARUARU,PE,Capotamento,Reação tardia ou ineficiente do condutor,Céu Claro,2025-03-01,4
2025-03-01,05:00:00,277,714,SANTA TEREZINHA DE ITAIPU,PR,Colisão com objeto,Ausência de reação do condutor,Céu Claro,2025-03-01,5
2025-03-01,04:15:00,116,38,CAMPINA GRANDE DO SUL,PR,Capotamento,Reação tardia ou ineficiente do condutor,Nevoeiro/Neblina,2025-03-01,4
2025-03-01,04:55:00,116,"62,8",CAMPESTRE DA SERRA,RS,Colisão transversal,Transitar na contramão,Céu Claro,2025-03-01,4
2025-03-01,05:00:00,116,"226,8",DOIS IRMAOS,RS,Colisão com objeto,Ingestão de álcool pelo condutor,Céu Claro,2025-03-01,5
2025-03-01,04:45:00,277,"467,5",LARANJEIRAS DO SUL,PR,Atropelamento de Pedestre,Pedestre andava na pista,Céu Claro,2025-03-01,4
2025-03-01,04:40:00,40,526,CONTAGEM,MG,Colisão com objeto,Condutor Dormindo,Céu Claro,2025-03-01,4
2025-03-01,04:30:00,116,71,CAMPINA GRANDE DO SUL,PR,Colisão com objeto,Reação tardia ou ineficiente do condutor,Nevoeiro/Neblina,2025-03-01,4
2025-03-01,06:00:00,101,"249,7",SERRA,ES,Colisão frontal,Ausência de reação do condutor,Nublado,2025-03-01,6
2025-03-01,06:00:00,262,"79,1",DOMINGOS MARTINS,ES,Colisão lateral sentido oposto,Ausência de reação do condutor,Céu Claro,2025-03-01,6
2025-03-01,05:31:00,376,"174,9",MARINGA,PR,Queda de ocupante de veículo,Ingestão de álcool pelo condutor,Céu Claro,2025-03-01,5
2025-03-01,05:50:00,101,13,DOM PEDRO DE ALCANTARA,RS,Colisão com objeto,Ausência de reação do condutor,Céu Claro,2025-03-01,5
2025-02-28,23:12:00,364,342,JI-PARANA,RO,Colisão lateral mesmo sentido,Ingestão de álcool pelo condutor,Nublado,2025-02-28,23
2025-03-01,06:40:00,324,"613,8",SALVADOR,BA,Queda de ocupante de veículo,Acumulo de areia ou detritos sobre o pavimento,Chuva,2025-03-01,6
2025-03-01,06:00:00,116,225,GUARULHOS,SP,Tombamento,Ausência de reação do condutor,Céu Claro,2025-03-01,6
2025-03-01,05:30:00,116,225,GUARULHOS,SP,Colisão traseira,Condutor deixou de manter distância do veículo da frente,Céu Claro,2025-03-01,5
2025-03-01,07:00:00,104,42,BRANQUINHA,AL,Colisão traseira,Condutor deixou de manter distância do veículo da frente,Sol,2025-03-01,7
2025-03-01,01:30:00,364,18,FRUTAL,MG,Colisão lateral sentido oposto,Transitar na contramão,Nublado,2025-03-01,1
2025-03-01,06:50:00,116,"522,1",CARATINGA,MG,Tombamento,Velocidade Incompatível,Chuva,2025-03-01,6
2025-03-01,06:10:00,60,"198,2",GUAPO,GO,Colisão traseira,Velocidade Incompatível,Céu Claro,2025-03-01,6
2025-03-01,01:40:00,367,33,PORTO SEGURO,BA,Saída de leito carroçável,Ingestão de álcool pelo condutor,Céu Claro,2025-03-01,1
2025-03-01,07:55:00,222,21,CAUCAIA,CE,Colisão transversal,Desrespeitar a preferência no cruzamento,Chuva,2025-03-01,7
2025-03-01,07:10:00,101,539,PARATY,RJ,Colisão traseira,Condutor deixou de manter distância do veículo da frente,Céu Claro,2025-03-01,7
2025-03-01,07:50:00,116,302,SAO LOURENCO DA SERRA,SP,Engavetamento,Condutor deixou de manter distância do veículo da frente,Céu Claro,2025-03-01,7
2025-03-01,08:00:00,365,"47,5",CLARO DOS POCOES,MG,Colisão frontal,Ausência de reação do condutor,Céu Claro,2025-03-01,8
2025-03-01,07:30:00,20,"310,3",CANINDE,CE,Colisão traseira,Condutor deixou de manter distância do veículo da frente,Nublado,2025-03-01,7
2025-03-01,05:20:00,369,15,CAMBARA,PR,Atropelamento de Animal,Animais na Pista,Céu Claro,2025-03-01,5
2025-03-01,04:00:00,116,"556,6",MANHUACU,MG,Saída de leito carroçável,Condutor Dormindo,Nublado,2025-03-01,4
2025-03-01,05:50:00,116,192,NOVA IGUACU,RJ,Colisão traseira,Manobra de mudança de faixa,Céu Claro,2025-03-01,5
2025-03-01,04:40:00,412,77,SERRA BRANCA,PB,Saída de leito carroçável,Condutor Dormindo,Céu Claro,2025-03-01,4
2025-03-01,08:40:00,277,"720,2",FOZ DO IGUACU,PR,Colisão transversal,Acessar a via sem observar a presença dos outros veículos,Céu Claro,2025-03-01,8
2025-03-01,08:05:00,406,122,JOAO CAMARA,RN,Colisão com objeto,Condutor Dormindo,Chuva,2025-03-01,8
2025-03-01,08:40:00,316,2,TERESINA,PI,Colisão lateral mesmo sentido,Manobra de mudança de faixa,Céu Claro,2025-03-01,8
2025-03-01,08:00:00,290,653,URUGUAIANA,RS,Atropelamento de Pedestre,Acessar a via sem observar a presença dos outros veículos,Nublado,2025-03-01,8
2025-03-01,08:50:00,277,51,SAO JOSE DOS PINHAIS,PR,Queda de ocupante de veículo,Ausência de reação do condutor,Céu Claro,2025-03-01,8
2025-03-01,08:00:00,116,"101,9",PINDAMONHANGABA,SP,Colisão traseira,Reação tardia ou ineficiente do condutor,Sol,2025-03-01,8
2025-03-01,08:45:00,373,"227,8",IMBITUVA,PR,Colisão lateral sentido oposto,Ultrapassagem Indevida,Céu Claro,2025-03-01,8
2025-03-01,08:15:00,101,"230,9",PALHOCA,SC,Incêndio,Demais falhas mecânicas ou elétricas,Céu Claro,2025-03-01,8
2025-03-01,07:20:00,101,272,TANGUA,RJ,Colisão lateral mesmo sentido,Trafegar com motocicleta (ou similar) entre as faixas,Céu Claro,2025-03-01,7
2025-03-01,08:11:00,101,296,ITABORAI,RJ,Tombamento,Trafegar com motocicleta (ou similar) entre as faixas,Céu Claro,2025-03-01,8
2025-03-01,07:30:00,226,310,BARRA DO CORDA,MA,Saída de leito carroçável,Curva acentuada,Nublado,2025-03-01,7
2025-02-17,07:00:00,116,9,CAMPINA GRANDE DO SUL,PR,Colisão lateral mesmo sentido,Ausência de reação do condutor,Nublado,2025-02-17,7
2025-03-01,09:45:00,392,"296,9",SAO SEPE,RS,Colisão transversal,Desrespeitar a preferência no cruzamento,Sol,2025-03-01,9
2025-03-01,08:40:00,369,"352,3",CAMPO MOURAO,PR,Colisão traseira,Ausência de reação do condutor,Céu Claro,2025-03-01,8
2025-03-01,07:30:00,101,"124,1",CAAPORA,PB,Saída de leito carroçável,Reação tardia ou ineficiente do condutor,Céu Claro,2025-03-01,7
2025-03-01,09:45:00,381,489,BETIM,MG,Colisão traseira,Ausência de reação do condutor,Céu Claro,2025-03-01,9
2025-03-01,08:40:00,101,159,MACAE,RJ,Colisão frontal,Condutor deixou de manter distância do veículo da frente,Garoa/Chuvisco,2025-03-01,8
2025-03-01,08:40:00,316,40,CAPANEMA,PA,Colisão traseira,Transitar no Acostamento,Garoa/Chuvisco,2025-03-01,8
2025-03-01,10:15:00,40,"469,5",SETE LAGOAS,MG,Colisão traseira,Condutor deixou de manter distância do veículo da frente,Nublado,2025-03-01,10
2025-03-01,07:45:00,282,169,BOCAINA DO SUL,SC,Saída de leito carroçável,Ausência de reação do condutor,Céu Claro,2025-03-01,7
2025-03-01,10:35:00,101,126,ITAJAI,SC,Colisão transversal,Manobra de mudança de faixa,Céu Claro,2025-03-01,10
2025-03-01,10:20:00,304,252,SANTA MARIA,RN,Tombamento,Avarias e/ou desgaste excessivo no pneu,Nublado,2025-03-01,10
2025-03-01,08:30:00,101,505,ANGRA DOS REIS,RJ,Colisão traseira,Reação tardia ou ineficiente do condutor,Céu Claro,2025-03-01,8
2025-03-01,10:00:00,101,"160,8",CONCEICAO DO JACUIPE,BA,Colisão transversal,Retorno proibido,Céu Claro,2025-03-01,10
2025-03-01,10:45:00,101,212,PALHOCA,SC,Tombamento,Acumulo de areia ou detritos sobre o pavimento,Céu Claro,2025-03-01,10
2025-03-01,10:50:00,153,188,URUACU,GO,Colisão transversal,Desrespeitar a preferência no cruzamento,Céu Claro,2025-03-01,10
2025-03-01,09:00:00,116,"81,5",TERESOPOLIS,RJ,Engavetamento,Condutor deixou de manter distância do veículo da frente,Nublado,2025-03-01,9
2025-03-01,11:05:00,101,"101,3",ALHANDRA,PB,Colisão traseira,Velocidade Incompatível,Céu Claro,2025-03-01,11
2025-03-01,11:00:00,381,503,BETIM,MG,Tombamento,Animais na Pista,Céu Claro,2025-03-01,11
2025-03-01,11:10:00,101,"141,2",ARES,RN,Saída de leito carroçável,Acumulo de água sobre o pavimento,Chuva,2025-03-01,11
2025-03-01,11:05:00,101,311,LAGUNA,SC,Colisão transversal,Desrespeitar a preferência no cruzamento,Céu Claro,2025-03-01,11
2025-03-01,11:40:00,101,"471,9",ANGRA DOS REIS,RJ,Capotamento,Condutor Dormindo,Céu Claro,2025-03-01,11
2025-03-01,09:50:00,393,"207,1",VASSOURAS,RJ,Saída de leito carroçável,Condutor Dormindo,Céu Claro,2025-03-01,9
2025-03-01,11:35:00,116,38,VACARIA,RS,Colisão transversal,Acessar a via sem observar a presença dos outros veículos,Céu Claro,2025-03-01,11
2025-03-01,11:15:00,262,"50,5",MANHUACU,MG,Colisão lateral mesmo sentido,Acesso irregular,Céu Claro,2025-03-01,11
2025-03-01,11:50:00,101,221,PALHOCA,SC,Colisão lateral mesmo sentido,Acessar a via sem observar a presença dos outros veículos,Céu Claro,2025-03-01,11
2025-03-01,10:20:00,386,"34,1",FREDERICO WESTPHALEN,RS,Colisão traseira,Condutor deixou de manter distância do veículo da frente,Céu Claro,2025-03-01,10
2025-03-01,08:40:00,60,"499,9",MARACAJU,MS,Saída de leito carroçável,Ausência de reação do condutor,Céu Claro,2025-03-01,8
2025-03-01,11:00:00,381,41,ATIBAIA,SP,Colisão lateral mesmo sentido,Manobra de mudança de faixa,Céu Claro,2025-03-01,11
2025-03-01,12:15:00,381,33,ATIBAIA,SP,Engavetamento,Condutor deixou de manter distância do veículo da frente,Céu Claro,2025-03-01,12
2025-02-26,01:13:00,0,0,SANTA MARIA,RS,Colisão frontal,Reação tardia ou ineficiente do condutor,Céu Claro,2025-02-26,1
2025-03-01,12:30:00,40,"467,3",SETE LAGOAS,MG,Colisão lateral mesmo sentido,Trafegar com motocicleta (ou similar) entre as faixas,Céu Claro,2025-03-01,12
2025-03-01,09:30:00,163,834,SINOP,MT,Colisão traseira,Ausência de reação do condutor,Céu Claro,2025-03-01,9
2025-03-01,12:05:00,40,"577,2",ITABIRITO,MG,Saída de leito carroçável,Reação tardia ou ineficiente do condutor,Nublado,2025-03-01,12
2025-03-01,13:00:00,101,"228,8",PALHOCA,SC,Colisão lateral mesmo sentido,Conversão proibida,Céu Claro,2025-03-01,13
2025-03-01,13:30:00,116,245,SAO LEOPOLDO,RS,Colisão transversal,Acessar a via sem observar a presença dos outros veículos,Céu Claro,2025-03-01,13
2025-03-01,11:50:00,153,"657,5",GOIATUBA,GO,Saída de leito carroçável,Condutor Dormindo,Céu Claro,2025-03-01,11
2025-03-01,10:45:00,101,"131,6",CAMBORIU,SC,Colisão lateral mesmo sentido,Manobra de mudança de faixa,Céu Claro,2025-03-01,10
2025-03-01,13:00:00,153,"435,9",ANAPOLIS,GO,Colisão traseira,Reação tardia ou ineficiente do condutor,Céu Claro,2025-03-01,13
2025-03-01,11:10:00,101,418,MANGARATIBA,RJ,Colisão lateral mesmo sentido,Ultrapassagem Indevida,Céu Claro,2025-03-01,11
2025-03-01,12:30:00,277,328,GUARAPUAVA,PR,Saída de leito carroçável,Reação tardia ou ineficiente do condutor,Céu Claro,2025-03-01,12
2025-03-01,14:10:00,101,468,ANGRA DOS REIS,RJ,Colisão transversal,Acessar a via sem observar a presença dos outros veículos,Céu Claro,2025-03-01,14
2025-03-01,13:00:00,40,118,DUQUE DE CAXIAS,RJ,Queda de ocupante de veículo,Acumulo de óleo sobre o pavimento,Sol,2025-03-01,13
2025-03-01,14:00:00,116,286,ITAPECERICA DA SERRA,SP,Capotamento,Reação tardia ou ineficiente do condutor,Céu Claro,2025-03-01,14
2025-03-01,13:10:00,101,443,MANGARATIBA,RJ,Colisão com objeto,Velocidade Incompatível,Céu Claro,2025-03-01,13
2025-03-01,14:30:00,476,147,ARAUCARIA,PR,Colisão lateral mesmo sentido,Ultrapassagem Indevida,Céu Claro,2025-03-01,14
2025-03-01,14:00:00,282,44,RANCHO QUEIMADO,SC,Tombamento,Reação tardia ou ineficiente do condutor,Céu Claro,2025-03-01,14
2025-03-01,13:40:00,343,"329,8",TERESINA,PI,Colisão transversal,Conversão proibida,Chuva,2025-03-01,13
2025-03-01,15:10:00,393,"7,2",CACHOEIRO DE ITAPEMIRIM,ES,Saída de leito carroçável,Velocidade Incompatível,Céu Claro,2025-03-01,15
2025-03-01,15:00:00,40,463,SETE LAGOAS,MG,Incêndio,Demais falhas mecânicas ou elétricas,Nublado,2025-03-01,15
2025-03-01,14:43:00,116,"139,4",SAO JOSE DOS CAMPOS,SP,Colisão com objeto,Reação tardia ou ineficiente do condutor,Céu Claro,2025-03-01,14
2025-02-05,15:50:00,101,263,SERRA,ES,Colisão lateral mesmo sentido,Manobra de mudança de faixa,Céu Claro,2025-02-05,15
2025-03-01,14:00:00,116,216,PARACAMBI,RJ,Colisão lateral mesmo sentido,Manobra de mudança de faixa,Céu Claro,2025-03-01,14
2025-03-01,15:30:00,101,"219,6",IBIRACU,ES,Colisão lateral mesmo sentido,Ausência de reação do condutor,Céu Claro,2025-03-01,15
2025-03-01,14:35:00,465,21,NOVA IGUACU,RJ,Colisão transversal,Conversão proibida,Céu Claro,2025-03-01,14
2025-03-01,14:00:00,40,"511,5",RIBEIRAO DAS NEVES,MG,Tombamento,Trafegar com motocicleta (ou similar) entre as faixas,Sol,2025-03-01,14
2025-03-01,15:30:00,476,154,ARAUCARIA,PR,Colisão traseira,Ingestão de álcool pelo condutor,Céu Claro,2025-03-01,15
2025-03-01,15:00:00,381,"890,9",CAMBUI,MG,Colisão com objeto,Velocidade Incompatível,Céu Claro,2025-03-01,15
2025-02-27,18:00:00,376,48,JATEI,MS,Saída de leito carroçável,Mal súbito do condutor,Nublado,2025-02-27,18
2025-03-01,14:55:00,40,45,LUZIANIA,GO,Colisão transversal,Conversão proibida,Nublado,2025-03-01,14
2025-03-01,15:10:00,0,0,IGARASSU,PE,Colisão com objeto,Demais falhas mecânicas ou elétricas,Nublado,2025-03-01,15
2025-03-01,14:05:00,364,"224,8",CACOAL,RO,Colisão frontal,Transitar na contramão,Céu Claro,2025-03-01,14
2025-03-01,16:00:00,381,81,SAO PAULO,SP,Atropelamento de Pedestre,Entrada inopinada do pedestre,Céu Claro,2025-03-01,16
2025-03-01,15:40:00,230,"11,2",CABEDELO,PB,Colisão traseira,Ausência de reação do condutor,Céu Claro,2025-03-01,15
2025-03-01,16:05:00,116,111,DUQUE DE CAXIAS,RJ,Colisão lateral mesmo sentido,Acessar a via sem observar a presença dos outros veículos,Céu Claro,2025-03-01,16
2025-02-01,15:00:00,116,340,CAMPANARIO,MG,Saída de leito carroçável,Reação tardia ou ineficiente do condutor,Céu Claro,2025-02-01,15
2025-03-01,16:00:00,262,120,RIO CASCA,MG,Colisão transversal,Acesso irregular,Céu Claro,2025-03-01,16
2025-03-01,06:30:00,230,484,SAO JOAO DO RIO DO PEIXE,PB,Saída de leito carroçável,Ausência de reação do condutor,Nublado,2025-03-01,6
2025-03-01,16:15:00,470,"0,7",NAVEGANTES,SC,Colisão com objeto,Objeto estático sobre o leito carroçável,Céu Claro,2025-03-01,16
2025-03-01,12:00:00,393,132,SAPUCAIA,RJ,Colisão com objeto,Reação tardia ou ineficiente do condutor,Céu Claro,2025-03-01,12
2025-03-01,16:15:00,116,118,TAUBATE,SP,Tombamento,Avarias e/ou desgaste excessivo no pneu,Céu Claro,2025-03-01,16
2025-03-01,17:30:00,101,149,ITAPEMA,SC,Colisão traseira,Carga excessiva e/ou mal acondicionada,Céu Claro,2025-03-01,17
2025-03-01,17:30:00,282,"4,9",SAO JOSE,SC,Queda de ocupante de veículo,Demais falhas mecânicas ou elétricas,Céu Claro,2025-03-01,17
2025-03-01,15:30:00,10,246,IMPERATRIZ,MA,Colisão transversal,Conversão proibida,Céu Claro,2025-03-01,15
2025-03-01,17:20:00,101,"204,1",SAO JOSE,SC,Colisão com objeto,Ingestão de álcool pelo condutor,Céu Claro,2025-03-01,17
2025-03-01,16:50:00,262,"379,5",TERENOS,MS,Colisão lateral sentido oposto,Ausência de reação do condutor,Céu Claro,2025-03-01,16
2025-03-01,17:10:00,101,135,CARAPEBUS,RJ,Colisão com objeto,Condutor Dormindo,Céu Claro,2025-03-01,17
2025-03-01,14:44:00,393,133,SAPUCAIA,RJ,Colisão lateral mesmo sentido,Falta de acostamento,Sol,2025-03-01,14
2025-03-01,18:00:00,423,88,CANAPI,AL,Colisão traseira,Ingestão de álcool pelo condutor,Ignorado,2025-03-01,18
2025-03-01,17:20:00,101,44,UBATUBA,SP,Colisão transversal,Acessar a via sem observar a presença dos outros veículos,Céu Claro,2025-03-01,17
2025-03-01,16:40:00,364,347,SANTO ANTONIO DO LEVERGER,MT,Queda de ocupante de veículo,Reação tardia ou ineficiente do condutor,Nublado,2025-03-01,16
2025-03-01,16:00:00,116,120,DUQUE DE CAXIAS,RJ,Colisão traseira,Ausência de reação do condutor,Céu Claro,2025-03-01,16
2025-03-01,18:50:00,230,"0,9",CABEDELO,PB,Colisão traseira,Reação tardia ou ineficiente do condutor,Céu Claro,2025-03-01,18
2025-03-01,19:00:00,101,264,GAROPABA,SC,Capotamento,Ausência de reação do condutor,Céu Claro,2025-03-01,19
2025-03-01,19:05:00,101,"126,5",ITAJAI,SC,Tombamento,Ausência de reação do condutor,Céu Claro,2025-03-01,19
2025-03-01,11:45:00,158,"2,8",BARRA DO GARCAS,MT,Colisão transversal,Ausência de reação do condutor,Sol,2025-03-01,11
2025-03-01,18:55:00,101,69,EXTREMOZ,RN,Colisão transversal,Acessar a via sem observar a presença dos outros veículos,Nublado,2025-03-01,18
2025-03-01,19:00:00,158,"533,9",PATO BRANCO,PR,Colisão lateral mesmo sentido,Conversão proibida,Céu Claro,2025-03-01,19
2025-03-01,18:20:00,304,"39,9",ARACATI,CE,Colisão transversal,Acessar a via sem observar a presença dos outros veículos,Garoa/Chuvisco,2025-03-01,18
2025-03-01,19:40:00,290,81,GRAVATAI,RS,Colisão com objeto,Ingestão de álcool pelo condutor,Céu Claro,2025-03-01,19
2025-03-01,18:10:00,101,"133,7",BALNEARIO CAMBORIU,SC,Colisão transversal,Desrespeitar a preferência no cruzamento,Sol,2025-03-01,18
2025-03-01,18:45:00,116,"537,7",SANTA RITA DE MINAS,MG,Colisão traseira,Ingestão de álcool pelo condutor,Céu Claro,2025-03-01,18
2025-03-01,17:30:00,101,"226,8",PALHOCA,SC,Tombamento,Avarias e/ou desgaste excessivo no pneu,Céu Claro,2025-03-01,17
2025-03-01,16:00:00,316,"557,3",CAXIAS,MA,Saída de leito carroçável,Acumulo de água sobre o pavimento,Chuva,2025-03-01,16
2025-03-01,18:00:00,116,"99,7",MEDINA,MG,Saída de leito carroçável,Reação tardia ou ineficiente do condutor,Nublado,2025-03-01,18
2025-03-01,20:00:00,70,12,BRASILIA,DF,Saída de leito carroçável,Ingestão de álcool pelo condutor,Céu Claro,2025-03-01,20
2025-03-01,20:10:00,262,"175,5",UBERABA,MG,Colisão com objeto,Acesso irregular,Céu Claro,2025-03-01,20
2025-03-01,19:40:00,259,"65,9",COLATINA,ES,Colisão lateral sentido oposto,Ultrapassagem Indevida,Chuva,2025-03-01,19
2025-03-01,21:01:00,101,81,OSORIO,RS,Saída de leito carroçável,Ausência de reação do condutor,Céu Claro,2025-03-01,21
2025-03-01,19:35:00,376,672,GUARATUBA,PR,Colisão traseira,Reação tardia ou ineficiente do condutor,Céu Claro,2025-03-01,19
2025-03-01,19:00:00,282,96,ALFREDO WAGNER,SC,Saída de leito carroçável,Mal súbito do condutor,Céu Claro,2025-03-01,19
2025-03-01,20:45:00,101,326,CAPIVARI DE BAIXO,SC,Tombamento,Demais falhas mecânicas ou elétricas,Céu Claro,2025-03-01,20
2025-03-01,20:50:00,101,91,JAGUARE,ES,Colisão com objeto,Ausência de reação do condutor,Céu Claro,2025-03-01,20
2025-02-10,00:15:00,101,48,UBATUBA,SP,Colisão frontal,Transitar na contramão,Céu Claro,2025-02-10,0
2025-03-01,20:00:00,158,"267,7",JULIO DE CASTILHOS,RS,Saída de leito carroçável,Ausência de reação do condutor,Chuva,2025-03-01,20
2025-03-01,21:15:00,230,85,BAYEUX,PB,Tombamento,Demais falhas mecânicas ou elétricas,Chuva,2025-03-01,21
2025-03-01,19:15:00,280,305,PORTO UNIAO,SC,Colisão transversal,Acessar a via sem observar a presença dos outros veículos,Céu Claro,2025-03-01,19
2025-03-01,19:40:00,70,"7,8",BRASILIA,DF,Colisão traseira,Acessar a via sem observar a presença dos outros veículos,Céu Claro,2025-03-01,19
2025-03-01,20:40:00,470,"9,6",NAVEGANTES,SC,Colisão transversal,Ausência de reação do condutor,Céu Claro,2025-03-01,20
2025-03-01,21:10:00,472,577,URUGUAIANA,RS,Colisão com objeto,Demais falhas mecânicas ou elétricas,Garoa/Chuvisco,2025-03-01,21
2025-03-01,20:20:00,101,308,SAO GONCALO,RJ,Colisão frontal,Transitar na contramão,Céu Claro,2025-03-01,20
2025-03-01,19:30:00,116,"502,3",INHAPIM,MG,Saída de leito carroçável,Ausência de reação do condutor,Céu Claro,2025-03-01,19
2025-03-01,21:00:00,153,513,GENERAL CARNEIRO,PR,Saída de leito carroçável,Velocidade Incompatível,Chuva,2025-03-01,21
2025-03-01,21:30:00,101,112,NAVEGANTES,SC,Tombamento,Reação tardia ou ineficiente do condutor,Céu Claro,2025-03-01,21
2025-03-01,18:00:00,116,"595,3",SAO JOAO DO MANHUACU,MG,Queda de ocupante de veículo,Ausência de reação do condutor,Céu Claro,2025-03-01,18
2025-03-01,18:30:00,101,292,INHAMBUPE,BA,Colisão frontal,Ingestão de álcool pelo condutor,Chuva,2025-03-01,18
2025-03-01,20:30:00,230,307,FLORIANO,PI,Tombamento,Ausência de reação do condutor,Céu Claro,2025-03-01,20
2025-03-01,22:10:00,287,248,SANTA MARIA,RS,Atropelamento de Pedestre,Pedestre cruzava a pista fora da faixa,Chuva,2025-03-01,22
2025-03-01,20:50:00,393,282,VOLTA REDONDA,RJ,Colisão transversal,Acesso irregular,Céu Claro,2025-03-01,20
2025-03-01,21:15:00,101,432,SOMBRIO,SC,Colisão com objeto,Ingestão de álcool pelo condutor,Céu Claro,2025-03-01,21
2025-03-01,22:42:00,116,418,GOVERNADOR VALADARES,MG,Saída de leito carroçável,Ausência de reação do condutor,Nublado,2025-03-01,22
2025-03-01,19:20:00,116,"158,1",CAXIAS DO SUL,RS,Colisão lateral sentido oposto,Reação tardia ou ineficiente do condutor,Nublado,2025-03-01,19
2025-03-01,22:40:00,116,7,VITORIA DA CONQUISTA,BA,Colisão transversal,Acessar a via sem observar a presença dos outros veículos,Céu Claro,2025-03-01,22
2025-03-01,22:30:00,262,"813,2",UBERABA,MG,Saída de leito carroçável,Transtornos Mentais (exceto suicidio),Céu Claro,2025-03-01,22
2025-03-01,16:15:00,163,"124,4",REALEZA,PR,Colisão frontal,Manobra de mudança de faixa,Sol,2025-03-01,16
2025-03-01,22:20:00,222,666,ACAILANDIA,MA,Capotamento,Ingestão de álcool pelo condutor,Garoa/Chuvisco,2025-03-01,22
2025-03-01,23:00:00,101,"254,8",PAULO LOPES,SC,Colisão com objeto,Condutor Dormindo,Céu Claro,2025-03-01,23
2025-03-02,00:00:00,381,502,BETIM,MG,Atropelamento de Pedestre,Velocidade Incompatível,Céu Claro,2025-03-02,0
2025-03-01,23:40:00,153,306,IMBITUVA,PR,Saída de leito carroçável,Ingestão de álcool pelo condutor,Céu Claro,2025-03-01,23
2025-03-01,23:40:00,101,87,NOSSA SENHORA DO SOCORRO,SE,Colisão traseira,Condutor deixou de manter distância do veículo da frente,Chuva,2025-03-01,23