data_inversa,horario,br,km,municipio,uf,tipo_acidente,causa_acidente,condicao_metereologica,data,hora
2025-03-01,22:00:00,262,905,CAMPO FLORIDO,MG,Colisão com objeto,Ingestão de álcool pelo condutor,Céu Claro,2025-03-01,22
2025-03-01,21:50:00,101,399,ITAGUAI,RJ,Engavetamento,Frear bruscamente,Céu Claro,2025-03-01,21
2025-03-02,00:20:00,277,348,GUARAPUAVA,PR,Saída de leito carroçável,Reação tardia ou ineficiente do condutor,Céu Claro,2025-03-02,0
2025-03-02,01:15:00,381,"914,9",CAMANDUCAIA,MG,Saída de leito carroçável,Ausência de reação do condutor,Céu Claro,2025-03-02,1
2025-03-01,23:50:00,470,"178,3",POUSO REDONDO,SC,Colisão traseira,Ausência de reação do condutor,Nublado,2025-03-01,23
2025-03-02,00:30:00,101,386,ITAGUAI,RJ,Colisão traseira,Ingestão de álcool pelo condutor,Céu Claro,2025-03-02,0
2025-03-02,01:40:00,116,248,SAO LEOPOLDO,RS,Colisão com objeto,Ingestão de álcool pelo condutor,Céu Claro,2025-03-02,1
2025-03-02,01:10:00,343,14,PARNAIBA,PI,Saída de leito carroçável,Ingestão de álcool pelo condutor,Céu Claro,2025-03-02,1
2025-03-02,00:30:00,324,364,CAPIM GROSSO,BA,Incêndio,Demais falhas mecânicas ou elétricas,Nublado,2025-03-02,0
2025-03-02,02:00:00,285,"522,5",VITORIA DAS MISSOES,RS,Colisão com objeto,Ingestão de álcool pelo condutor,Céu Claro,2025-03-02,2
2025-03-02,01:20:00,101,"17,1",MAMANGUAPE,PB,Colisão frontal,Transitar na contramão,Nublado,2025-03-02,1
2025-03-02,02:00:00,470,"2,6",NAVEGANTES,SC,Colisão transversal,Ausência de reação do condutor,Céu Claro,2025-03-02,2
2025-03-02,01:30:00,116,472,MILAGRES,CE,Colisão traseira,Condutor deixou de manter distância do veículo da frente,Nublado,2025-03-02,1
2025-03-02,02:30:00,290,138,ELDORADO DO SUL,RS,Incêndio,Demais falhas mecânicas ou elétricas,Céu Claro,2025-03-02,2
2025-03-02,02:00:00,487,"167,5",CAMPO MOURAO,PR,Queda de ocupante de veículo,Ingestão de álcool pelo condutor,Céu Claro,2025-03-02,2
2025-03-02,03:05:00,290,40,SANTO ANTONIO DA PATRULHA,RS,Saída de leito carroçável,Condutor Dormindo,Céu Claro,2025-03-02,3
2025-03-02,02:40:00,277,721,FOZ DO IGUACU,PR,Colisão transversal,Condutor Dormindo,Céu Claro,2025-03-02,2
2025-03-02,04:00:00,381,"880,3",ESTIVA,MG,Saída de leito carroçável,Condutor Dormindo,Céu Claro,2025-03-02,4
2025-03-02,03:05:00,369,"79,3",SANTA MARIANA,PR,Colisão traseira,Ausência de reação do condutor,Céu Claro,2025-03-02,3
2025-03-02,04:00:00,376,"150,5",PRESIDENTE CASTELO BRANCO,PR,Saída de leito carroçável,Ausência de reação do condutor,Céu Claro,2025-03-02,4
2025-03-02,04:45:00,369,"51,5",BANDEIRANTES,PR,Saída de leito carroçável,Velocidade Incompatível,Céu Claro,2025-03-02,4
2025-03-02,03:40:00,40,"670,9",CARANDAI,MG,Tombamento,Ausência de reação do condutor,Céu Claro,2025-03-02,3
2025-03-02,04:20:00,101,574,PARATY,RJ,Atropelamento de Animal,Animais na Pista,Céu Claro,2025-03-02,4
2025-03-02,02:25:00,101,"3,4",ITAPISSUMA,PE,Saída de leito carroçável,Reação tardia ou ineficiente do condutor,Chuva,2025-03-02,2
2025-03-02,04:00:00,277,175,PALMEIRA,PR,Tombamento,Reação tardia ou ineficiente do condutor,Nublado,2025-03-02,4
2025-03-02,00:15:00,381,"716,9",CARMO DA CACHOEIRA,MG,Colisão com objeto,Ausência de reação do condutor,Ignorado,2025-03-02,0
2025-03-02,05:20:00,101,403,ITAGUAI,RJ,Colisão lateral sentido oposto,Reação tardia ou ineficiente do condutor,Céu Claro,2025-03-02,5
2025-03-01,22:25:00,465,5,SEROPEDICA,RJ,Atropelamento de Pedestre,Entrada inopinada do pedestre,Céu Claro,2025-03-01,22
2025-03-02,06:20:00,116,223,GUARULHOS,SP,Colisão com objeto,Reação tardia ou ineficiente do condutor,Sol,2025-03-02,6
2025-03-02,06:15:00,116,254,SAPUCAIA DO SUL,RS,Tombamento,Acumulo de areia ou detritos sobre o pavimento,Céu Claro,2025-03-02,6
2025-03-02,06:00:00,116,753,LEOPOLDINA,MG,Saída de leito carroçável,Condutor Dormindo,Céu Claro,2025-03-02,6
2025-03-02,05:00:00,277,"422,7",CANTAGALO,PR,Colisão com objeto,Reação tardia ou ineficiente do condutor,Céu Claro,2025-03-02,5
2025-03-02,06:00:00,116,291,ITAPECERICA DA SERRA,SP,Saída de leito carroçável,Ausência de reação do condutor,Céu Claro,2025-03-02,6
2025-03-02,06:45:00,316,151,CAPANEMA,PA,Tombamento,Ingestão de álcool pelo condutor,Céu Claro,2025-03-02,6
2025-03-01,19:05:00,163,373,SANTO ANTONIO DO LEVERGER,MT,Atropelamento de Pedestre,Entrada inopinada do pedestre,Garoa/Chuvisco,2025-03-01,19
2025-03-02,05:00:00,242,425,FORMOSO DO ARAGUAIA,TO,Saída de leito carroçável,Ausência de reação do condutor,Céu Claro,2025-03-02,5
2025-03-01,23:00:00,116,566,MANHUACU,MG,Saída de leito carroçável,Reação tardia ou ineficiente do condutor,Céu Claro,2025-03-01,23
2025-03-01,21:45:00,432,69,CANTA,RR,Colisão lateral mesmo sentido,Ausência de sinalização,Céu Claro,2025-03-01,21
2025-03-02,06:05:00,262,"757,7",LADARIO,MS,Colisão com objeto,Reação tardia ou ineficiente do condutor,Sol,2025-03-02,6
2025-03-02,04:00:00,470,"51,8",BLUMENAU,SC,Colisão lateral sentido oposto,Transitar na contramão,Céu Claro,2025-03-02,4
2025-03-02,03:30:00,343,"251,3",CAMPO MAIOR,PI,Colisão frontal,Ausência de reação do condutor,Nublado,2025-03-02,3
2025-03-02,07:40:00,282,"1,5",FLORIANOPOLIS,SC,Colisão lateral mesmo sentido,Manobra de mudança de faixa,Sol,2025-03-02,7
2025-03-02,07:30:00,116,117,TAUBATE,SP,Colisão lateral mesmo sentido,Manobra de mudança de faixa,Céu Claro,2025-03-02,7
2025-03-02,02:00:00,324,"536,9",AMELIA RODRIGUES,BA,Incêndio,Demais falhas mecânicas ou elétricas,Nublado,2025-03-02,2
2025-03-02,05:00:00,230,119,MARABA,PA,Colisão traseira,Ingestão de álcool pelo condutor,Céu Claro,2025-03-02,5
2025-03-02,06:00:00,163,46,ELDORADO,MS,Saída de leito carroçável,Ausência de reação do condutor,Céu Claro,2025-03-02,6
2025-03-02,08:00:00,101,"49,8",ABREU E LIMA,PE,Tombamento,Acessar a via sem observar a presença dos outros veículos,Céu Claro,2025-03-02,8
2025-03-02,05:45:00,282,"213,9",PALHOCA,SC,Colisão traseira,Ingestão de álcool pelo condutor,Céu Claro,2025-03-02,5
2025-03-02,07:45:00,116,104,TAUBATE,SP,Colisão traseira,Condutor deixou de manter distância do veículo da frente,Céu Claro,2025-03-02,7
2025-03-02,03:25:00,493,19,MAGE,RJ,Colisão com objeto,Reação tardia ou ineficiente do condutor,Céu Claro,2025-03-02,3
2025-03-02,05:30:00,163,535,DIAMANTINO,MT,Saída de leito carroçável,Frear bruscamente,Chuva,2025-03-02,5
2025-03-02,08:20:00,101,163,AGUA PRETA,PE,Saída de leito carroçável,Reação tardia ou ineficiente do condutor,Céu Claro,2025-03-02,8
2025-03-02,08:50:00,116,"158,8",CAXIAS DO SUL,RS,Colisão com objeto,Ausência de reação do condutor,Céu Claro,2025-03-02,8
2025-02-18,16:30:00,40,518,RIBEIRAO DAS NEVES,MG,Colisão traseira,Reação tardia ou ineficiente do condutor,Céu Claro,2025-02-18,16
2025-03-02,08:00:00,373,329,GUARAPUAVA,PR,Saída de leito carroçável,Ausência de reação do condutor,Céu Claro,2025-03-02,8
2025-03-02,08:50:00,277,"627,1",CEU AZUL,PR,Tombamento,Demais falhas mecânicas ou elétricas,Céu Claro,2025-03-02,8
2025-03-02,06:30:00,262,"406,2",PARA DE MINAS,MG,Tombamento,Velocidade Incompatível,Ignorado,2025-03-02,6
2025-03-02,07:35:00,163,"267,8",DOURADOS,MS,Tombamento,Ingestão de álcool pelo condutor,Céu Claro,2025-03-02,7
2025-03-02,09:30:00,365,655,MONTE ALEGRE DE MINAS,MG,Saída de leito carroçável,Ausência de reação do condutor,Céu Claro,2025-03-02,9
2025-03-02,05:50:00,232,"251,7",ARCOVERDE,PE,Atropelamento de Pedestre,Suicídio (presumido),Céu Claro,2025-03-02,5
2025-03-02,10:00:00,116,235,NOVO HAMBURGO,RS,Colisão com objeto,Condutor Dormindo,Céu Claro,2025-03-02,10
2025-03-02,09:40:00,101,149,LINHARES,ES,Colisão transversal,Condutor desrespeitou a iluminação vermelha do semáforo,Céu Claro,2025-03-02,9
2025-03-02,10:45:00,376,"95,6",PARANAVAI,PR,Colisão lateral mesmo sentido,Reação tardia ou ineficiente do condutor,Sol,2025-03-02,10
2025-03-02,11:15:00,290,"53,2",GLORINHA,RS,Tombamento,Avarias e/ou desgaste excessivo no pneu,Céu Claro,2025-03-02,11
2025-03-02,08:45:00,101,422,MANGARATIBA,RJ,Colisão traseira,Reação tardia ou ineficiente do condutor,Sol,2025-03-02,8
2025-03-02,10:45:00,40,251,SAO GONCALO DO ABAETE,MG,Colisão transversal,Acesso irregular,Céu Claro,2025-03-02,10
2025-03-02,08:20:00,364,"443,5",JARU,RO,Saída de leito carroçável,Ausência de reação do condutor,Céu Claro,2025-03-02,8
2025-03-02,11:30:00,101,223,PALHOCA,SC,Colisão traseira,Ausência de reação do condutor,Céu Claro,2025-03-02,11
2025-03-02,10:20:00,343,"432,6",LAGOINHA DO PIAUI,PI,Saída de leito carroçável,Ausência de reação do condutor,Sol,2025-03-02,10
2025-03-02,11:15:00,277,"156,7",PORTO AMAZONAS,PR,Saída de leito carroçável,Ausência de reação do condutor,Céu Claro,2025-03-02,11
2025-03-02,10:00:00,70,54,COCALZINHO DE GOIAS,GO,Capotamento,Demais falhas mecânicas ou elétricas,Céu Claro,2025-03-02,10
2025-03-02,11:30:00,101,"321,1",NITEROI,RJ,Incêndio,Demais falhas mecânicas ou elétricas,Céu Claro,2025-03-02,11
2025-03-02,10:15:00,116,209,SEROPEDICA,RJ,Colisão com objeto,Ausência de reação do condutor,Sol,2025-03-02,10
2025-03-02,11:40:00,101,"216,8",PALHOCA,SC,Colisão lateral mesmo sentido,Reação tardia ou ineficiente do condutor,Céu Claro,2025-03-02,11
2025-03-02,11:50:00,101,184,SAO GONCALO DOS CAMPOS,BA,Colisão transversal,Acessar a via sem observar a presença dos outros veículos,Céu Claro,2025-03-02,11
2025-03-02,11:35:00,101,350,ANCHIETA,ES,Tombamento,Velocidade Incompatível,Nublado,2025-03-02,11
2025-03-02,10:56:00,163,521,VARZEA GRANDE,MT,Colisão traseira,Ingestão de álcool pelo condutor,Céu Claro,2025-03-02,10
2025-03-02,10:40:00,40,"507,2",RIBEIRAO DAS NEVES,MG,Colisão traseira,Condutor deixou de manter distância do veículo da frente,Céu Claro,2025-03-02,10
2025-01-13,20:15:00,235,"22,6",LARANJEIRAS,SE,Tombamento,Desrespeitar a preferência no cruzamento,Céu Claro,2025-01-13,20
2025-03-02,11:30:00,365,"463,2",PATROCINIO,MG,Colisão traseira,Acumulo de óleo sobre o pavimento,Céu Claro,2025-03-02,11
2025-03-02,08:00:00,101,417,MANGARATIBA,RJ,Colisão transversal,Retorno proibido,Céu Claro,2025-03-02,8
2025-03-02,10:00:00,401,136,BONFIM,RR,Saída de leito carroçável,Velocidade Incompatível,Céu Claro,2025-03-02,10
2025-03-02,12:43:00,381,486,BETIM,MG,Colisão traseira,Transtornos Mentais (exceto suicidio),Céu Claro,2025-03-02,12
2025-03-02,11:45:00,465,20,NOVA IGUACU,RJ,Colisão traseira,Ausência de reação do condutor,Sol,2025-03-02,11
2025-03-02,13:25:00,381,"79,3",SAO PAULO,SP,Colisão lateral mesmo sentido,Reação tardia ou ineficiente do condutor,Sol,2025-03-02,13
2025-03-02,13:50:00,50,"91,5",UBERLANDIA,MG,Saída de leito carroçável,Ingestão de álcool pelo condutor,Nublado,2025-03-02,13
2025-03-02,13:40:00,60,6,BRASILIA,DF,Saída de leito carroçável,Condutor usando celular,Céu Claro,2025-03-02,13
2025-03-02,13:20:00,101,417,MANGARATIBA,RJ,Colisão frontal,Reação tardia ou ineficiente do condutor,Céu Claro,2025-03-02,13
2025-03-02,14:00:00,101,"21,4",MALHADA DOS BOIS,SE,Saída de leito carroçável,Chuva,Chuva,2025-03-02,14
2025-03-02,14:35:00,448,18,CANOAS,RS,Colisão traseira,Velocidade Incompatível,Céu Claro,2025-03-02,14
2025-03-02,12:45:00,373,476,CORONEL VIVIDA,PR,Colisão transversal,Acessar a via sem observar a presença dos outros veículos,Céu Claro,2025-03-02,12
2025-03-02,14:15:00,50,"8,8",ARAGUARI,MG,Saída de leito carroçável,Demais falhas mecânicas ou elétricas,Sol,2025-03-02,14
2025-03-02,12:30:00,101,"431,7",MARAU,BA,Saída de leito carroçável,Velocidade Incompatível,Sol,2025-03-02,12
2025-03-02,14:00:00,101,420,MANGARATIBA,RJ,Colisão traseira,Reação tardia ou ineficiente do condutor,Sol,2025-03-02,14
2025-03-02,11:45:00,40,109,DUQUE DE CAXIAS,RJ,Queda de ocupante de veículo,Pista Escorregadia,Céu Claro,2025-03-02,11
2025-03-02,14:45:00,230,"158,1",CAMPINA GRANDE,PB,Colisão transversal,Acessar a via sem observar a presença dos outros veículos,Sol,2025-03-02,14
2025-03-02,14:00:00,174,914,MANAUS,AM,Colisão traseira,Conversão proibida,Céu Claro,2025-03-02,14
2025-03-02,15:30:00,376,622,SAO JOSE DOS PINHAIS,PR,Saída de leito carroçável,Ausência de reação do condutor,Céu Claro,2025-03-02,15
2025-03-02,12:26:00,116,137,MAGE,RJ,Tombamento,Reação tardia ou ineficiente do condutor,Sol,2025-03-02,12
2025-02-18,15:40:00,116,111,TAUBATE,SP,Colisão lateral mesmo sentido,Reação tardia ou ineficiente do condutor,Sol,2025-02-18,15
2025-03-02,16:00:00,116,152,MANDIRITUBA,PR,Colisão transversal,Acessar a via sem observar a presença dos outros veículos,Céu Claro,2025-03-02,16
2025-03-02,04:25:00,262,"449,4",NOVA SERRANA,MG,Colisão traseira,Ausência de reação do condutor,Céu Claro,2025-03-02,4
2025-03-02,16:00:00,285,"523,7",VITORIA DAS MISSOES,RS,Saída de leito carroçável,Manobra de mudança de faixa,Céu Claro,2025-03-02,16
2025-03-02,10:00:00,282,473,VARGEAO,SC,Tombamento,Velocidade Incompatível,Céu Claro,2025-03-02,10
2025-03-02,15:30:00,40,"560,3",NOVA LIMA,MG,Colisão traseira,Ausência de reação do condutor,Céu Claro,2025-03-02,15
2025-03-02,15:10:00,101,"188,7",PALMARES,PE,Saída de leito carroçável,Reação tardia ou ineficiente do condutor,Nublado,2025-03-02,15
2025-03-02,15:15:00,285,100,VACARIA,RS,Colisão transversal,Conversão proibida,Céu Claro,2025-03-02,15
2025-03-02,16:10:00,116,"506,9",UBAPORANGA,MG,Colisão traseira,Ingestão de álcool pelo condutor,Céu Claro,2025-03-02,16
2025-03-02,15:40:00,110,98,UPANEMA,RN,Colisão transversal,Acessar a via sem observar a presença dos outros veículos,Céu Claro,2025-03-02,15
2025-03-02,16:40:00,101,134,BALNEARIO CAMBORIU,SC,Saída de leito carroçável,Ingestão de álcool pelo condutor,Sol,2025-03-02,16
2025-03-02,16:45:00,343,33,PARNAIBA,PI,Colisão transversal,Acessar a via sem observar a presença dos outros veículos,Céu Claro,2025-03-02,16
2025-02-27,07:09:00,364,121,RIO BRANCO,AC,Colisão transversal,Desrespeitar a preferência no cruzamento,Céu Claro,2025-02-27,7
2025-03-02,14:55:00,153,443,ANAPOLIS,GO,Colisão lateral mesmo sentido,Manobra de mudança de faixa,Céu Claro,2025-03-02,14
2025-03-02,11:00:00,40,75,PETROPOLIS,RJ,Tombamento,Velocidade Incompatível,Céu Claro,2025-03-02,11
2025-03-02,15:39:00,163,754,SORRISO,MT,Saída de leito carroçável,Reação tardia ou ineficiente do condutor,Céu Claro,2025-03-02,15
2025-03-02,16:50:00,290,60,GRAVATAI,RS,Engavetamento,Condutor deixou de manter distância do veículo da frente,Sol,2025-03-02,16
2025-02-22,22:33:00,116,178,RIO DE JANEIRO,RJ,Colisão lateral mesmo sentido,Acessar a via sem observar a presença dos outros veículos,Céu Claro,2025-02-22,22
2025-03-02,16:10:00,116,169,RIO DE JANEIRO,RJ,Queda de ocupante de veículo,Reação tardia ou ineficiente do condutor,Céu Claro,2025-03-02,16
2025-03-02,17:30:00,70,26,COCALZINHO DE GOIAS,GO,Colisão transversal,Conversão proibida,Céu Claro,2025-03-02,17
2025-03-02,17:50:00,116,194,SANTA ISABEL,SP,Colisão frontal,Transitar na contramão,Céu Claro,2025-03-02,17
2025-03-02,17:43:00,232,252,ARCOVERDE,PE,Colisão traseira,Reação tardia ou ineficiente do condutor,Céu Claro,2025-03-02,17
2025-03-02,14:00:00,174,429,NOVA LACERDA,MT,Colisão frontal,Transitar na contramão,Céu Claro,2025-03-02,14
2025-03-02,17:15:00,116,109,DUQUE DE CAXIAS,RJ,Colisão lateral mesmo sentido,Ingestão de álcool pelo condutor,Céu Claro,2025-03-02,17
2025-03-02,17:15:00,101,441,MANGARATIBA,RJ,Queda de ocupante de veículo,Reação tardia ou ineficiente do condutor,Céu Claro,2025-03-02,17
2025-03-02,17:00:00,70,341,SANTA FE DE GOIAS,GO,Saída de leito carroçável,Ausência de reação do condutor,Nublado,2025-03-02,17
2025-03-02,16:00:00,277,690,CURITIBA,PR,Colisão traseira,Ingestão de álcool pelo condutor,Céu Claro,2025-03-02,16
2025-03-02,17:45:00,290,29,SANTO ANTONIO DA PATRULHA,RS,Tombamento,Avarias e/ou desgaste excessivo no pneu,Céu Claro,2025-03-02,17
2025-03-02,08:20:00,101,289,ITABORAI,RJ,Queda de ocupante de veículo,Demais falhas mecânicas ou elétricas,Céu Claro,2025-03-02,8
2025-03-02,18:16:00,381,84,SAO PAULO,SP,Colisão com objeto,Reação tardia ou ineficiente do condutor,Céu Claro,2025-03-02,18
2025-03-02,18:20:00,101,77,RECIFE,PE,Atropelamento de Pedestre,Entrada inopinada do pedestre,Nublado,2025-03-02,18
2025-03-02,17:45:00,101,"278,8",IMBITUBA,SC,Incêndio,Demais falhas mecânicas ou elétricas,Céu Claro,2025-03-02,17
2025-03-02,18:10:00,376,"221,4",CAMBIRA,PR,Saída de leito carroçável,Ausência de reação do condutor,Céu Claro,2025-03-02,18
2025-03-02,18:00:00,101,"5,7",ARARANGUA,SC,Colisão transversal,Acessar a via sem observar a presença dos outros veículos,Céu Claro,2025-03-02,18
2025-03-02,18:00:00,101,308,SAO GONCALO,RJ,Queda de ocupante de veículo,Reação tardia ou ineficiente do condutor,Céu Claro,2025-03-02,18
2025-03-02,16:35:00,101,334,RIO DE JANEIRO,RJ,Colisão lateral mesmo sentido,Ausência de reação do condutor,Céu Claro,2025-03-02,16
2025-03-02,18:07:00,251,59,BRASILIA,DF,Capotamento,Demais falhas mecânicas ou elétricas,Céu Claro,2025-03-02,18
2025-03-02,18:15:00,153,120,UBARANA,SP,Colisão com objeto,Ausência de reação do condutor,Nublado,2025-03-02,18
2025-03-02,18:29:00,116,194,QUEIMADOS,RJ,Colisão traseira,Condutor deixou de manter distância do veículo da frente,Céu Claro,2025-03-02,18
2025-03-02,19:00:00,101,169,LINHARES,ES,Colisão transversal,Acessar a via sem observar a presença dos outros veículos,Céu Claro,2025-03-02,19
2025-03-02,18:50:00,116,"166,8",JACAREI,SP,Tombamento,Ausência de reação do condutor,Céu Claro,2025-03-02,18
2025-03-02,18:25:00,40,511,RIBEIRAO DAS NEVES,MG,Saída de leito carroçável,Ingestão de álcool pelo condutor,Céu Claro,2025-03-02,18
2025-03-02,15:30:00,282,"365,8",ERVAL VELHO,SC,Saída de leito carroçável,Velocidade Incompatível,Céu Claro,2025-03-02,15
2025-03-02,17:30:00,267,21,ARGIRITA,MG,Saída de leito carroçável,Velocidade Incompatível,Céu Claro,2025-03-02,17
2025-03-02,18:00:00,364,223,PIMENTA BUENO,RO,Tombamento,Ultrapassagem Indevida,Nublado,2025-03-02,18
2025-03-02,19:05:00,101,35,UBATUBA,SP,Colisão transversal,Trafegar com motocicleta (ou similar) entre as faixas,Céu Claro,2025-03-02,19
2025-03-02,19:10:00,369,"482,4",CORBELIA,PR,Colisão traseira,Ingestão de álcool pelo condutor,Céu Claro,2025-03-02,19
2025-03-02,19:30:00,448,"21,3",CANOAS,RS,Atropelamento de Pedestre,Pedestre - Ingestão de álcool/ substâncias psicoativas,Céu Claro,2025-03-02,19
2025-03-02,19:40:00,116,"628,5",ORIZANIA,MG,Colisão lateral sentido oposto,Transitar na contramão,Nublado,2025-03-02,19
2025-03-02,18:20:00,280,91,CORUPA,SC,Capotamento,Avarias e/ou desgaste excessivo no pneu,Céu Claro,2025-03-02,18
2025-03-02,17:20:00,163,"108,3",ITAQUIRAI,MS,Capotamento,Ingestão de álcool pelo condutor,Sol,2025-03-02,17
2025-03-02,19:45:00,376,634,SAO JOSE DOS PINHAIS,PR,Saída de leito carroçável,Ingestão de álcool pelo condutor,Céu Claro,2025-03-02,19
2025-03-02,19:40:00,324,533,AMELIA RODRIGUES,BA,Colisão traseira,Condutor deixou de manter distância do veículo da frente,Nublado,2025-03-02,19
2025-03-02,20:05:00,277,"72,5",SAO JOSE DOS PINHAIS,PR,Colisão traseira,Velocidade Incompatível,Céu Claro,2025-03-02,20
2025-03-02,19:44:00,10,464,PALMAS,TO,Queda de ocupante de veículo,Velocidade Incompatível,Nublado,2025-03-02,19
2025-01-05,20:30:00,101,"258,8",SERRA,ES,Capotamento,Pista Escorregadia,Chuva,2025-01-05,20
2025-03-02,19:35:00,290,589,ALEGRETE,RS,Tombamento,Avarias e/ou desgaste excessivo no pneu,Céu Claro,2025-03-02,19
2025-03-02,19:15:00,60,"545,3",NIOAQUE,MS,Atropelamento de Pedestre,Pedestre - Ingestão de álcool/ substâncias psicoativas,Céu Claro,2025-03-02,19
2025-03-02,20:30:00,277,6,PARANAGUA,PR,Capotamento,Velocidade Incompatível,Céu Claro,2025-03-02,20
2025-03-02,17:25:00,316,"609,4",TIMON,MA,Colisão lateral sentido oposto,Transitar na contramão,Céu Claro,2025-03-02,17
2025-03-02,20:00:00,470,"172,8",VERANOPOLIS,RS,Colisão frontal,Reação tardia ou ineficiente do condutor,Céu Claro,2025-03-02,20
2025-01-06,05:50:00,101,281,SERRA,ES,Colisão lateral mesmo sentido,Ausência de reação do condutor,Céu Claro,2025-01-06,5
2025-03-02,20:10:00,146,"484,4",POCOS DE CALDAS,MG,Incêndio,Demais falhas mecânicas ou elétricas,Céu Claro,2025-03-02,20
2025-03-02,21:02:00,280,"43,6",GUARAMIRIM,SC,Saída de leito carroçável,Ausência de reação do condutor,Céu Claro,2025-03-02,21
2025-03-02,19:45:00,365,462,PATROCINIO,MG,Colisão com objeto,Reação tardia ou ineficiente do condutor,Céu Claro,2025-03-02,19
2025-03-02,17:47:00,101,44,PALHOCA,SC,Colisão com objeto,Ausência de reação do condutor,Céu Claro,2025-03-02,17
2025-03-02,21:10:00,110,173,RIBEIRA DO POMBAL,BA,Tombamento,Ingestão de álcool pelo condutor,Nublado,2025-03-02,21
2025-03-02,20:30:00,158,"255,2",TRES LAGOAS,MS,Eventos atípicos,Reação tardia ou ineficiente do condutor,Céu Claro,2025-03-02,20
2025-03-02,20:40:00,104,39,UNIAO DOS PALMARES,AL,Queda de ocupante de veículo,Ingestão de álcool pelo condutor,Chuva,2025-03-02,20
2025-03-02,18:30:00,163,140,CAPITAO LEONIDAS MARQUES,PR,Capotamento,Curva acentuada,Céu Claro,2025-03-02,18
2025-03-02,20:46:00,101,49,UBATUBA,SP,Colisão transversal,Acessar a via sem observar a presença dos outros veículos,Céu Claro,2025-03-02,20
2025-03-02,20:00:00,282,"47,2",AGUAS MORNAS,SC,Saída de leito carroçável,Ausência de reação do condutor,Céu Claro,2025-03-02,20
2025-03-02,21:05:00,376,627,SAO JOSE DOS PINHAIS,PR,Colisão com objeto,Reação tardia ou ineficiente do condutor,Céu Claro,2025-03-02,21
2025-03-02,17:00:00,364,58,PORTO VELHO,RO,Colisão com objeto,Ingestão de álcool pelo condutor,Céu Claro,2025-03-02,17
2025-03-02,20:50:00,316,115,CACIMBINHAS,AL,Colisão frontal,Ingestão de álcool pelo condutor,Garoa/Chuvisco,2025-03-02,20
2025-03-02,21:05:00,110,"40,4",MOSSORO,RN,Colisão lateral sentido oposto,Transitar na contramão,Nublado,2025-03-02,21
2025-03-02,21:00:00,101,"317,9",PESCARIA BRAVA,SC,Saída de leito carroçável,Reação tardia ou ineficiente do condutor,Céu Claro,2025-03-02,21
2025-03-02,21:05:00,354,731,POUSO ALTO,MG,Saída de leito carroçável,Reação tardia ou ineficiente do condutor,Céu Claro,2025-03-02,21
2025-03-02,09:00:00,235,327,CANUDOS,BA,Capotamento,Acesso irregular,Céu Claro,2025-03-02,9
2025-03-02,19:10:00,364,502,ARIQUEMES,RO,Colisão frontal,Transitar na contramão,Céu Claro,2025-03-02,19
2025-03-02,21:20:00,381,"65,5",MAIRIPORA,SP,Queda de ocupante de veículo,Reação tardia ou ineficiente do condutor,Céu Claro,2025-03-02,21
2025-03-02,22:30:00,101,"221,4",PALHOCA,SC,Colisão com objeto,Velocidade Incompatível,Céu Claro,2025-03-02,22
2025-03-02,21:40:00,40,0,BRASILIA,DF,Colisão traseira,Reação tardia ou ineficiente do condutor,Céu Claro,2025-03-02,21
2025-03-02,22:35:00,316,"148,5",PALMEIRA DOS INDIOS,AL,Atropelamento de Pedestre,Pedestre andava na pista,Nublado,2025-03-02,22
2025-03-02,23:00:00,101,"124,9",BALNEARIO CAMBORIU,SC,Saída de leito carroçável,Ausência de reação do condutor,Céu Claro,2025-03-02,23
2025-03-02,21:15:00,365,431,PATOS DE MINAS,MG,Colisão traseira,Condutor deixou de manter distância do veículo da frente,Céu Claro,2025-03-02,21
2025-03-02,23:48:00,153,504,APARECIDA DE GOIANIA,GO,Colisão com objeto,Ausência de reação do condutor,Nublado,2025-03-02,23
2025-03-02,23:15:00,101,"102,2",BALNEARIO PICARRAS,SC,Atropelamento de Pedestre,Ausência de reação do condutor,Nublado,2025-03-02,23
2025-03-02,22:40:00,70,8,BRASILIA,DF,Atropelamento de Pedestre,Ingestão de álcool pelo condutor,Céu Claro,2025-03-02,22
2025-03-02,23:30:00,277,6,PARANAGUA,PR,Tombamento,Velocidade Incompatível,Céu Claro,2025-03-02,23
2025-03-02,18:50:00,174,102,CACERES,MT,Colisão frontal,Manobra de mudança de faixa,Céu Claro,2025-03-02,18
2025-03-02,20:00:00,135,120,RIACHAO DAS NEVES,BA,Atropelamento de Animal,Animais na Pista,Nublado,2025-03-02,20
2025-03-03,00:10:00,230,36,SANTA RITA,PB,Queda de ocupante de veículo,Reação tardia ou ineficiente do condutor,Céu Claro,2025-03-03,0
2025-03-02,23:30:00,101,100,CAMPOS DOS GOYTACAZES,RJ,Capotamento,Avarias e/ou desgaste excessivo no pneu,Céu Claro,2025-03-02,23
2025-03-02,23:00:00,101,383,ICARA,SC,Capotamento,Condutor Dormindo,Céu Claro,2025-03-02,23
2025-03-03,00:20:00,101,153,PORTO BELO,SC,Colisão com objeto,Ausência de reação do condutor,Nublado,2025-03-03,0
2025-03-02,23:25:00,277,665,MEDIANEIRA,PR,Saída de leito carroçável,Ingestão de álcool pelo condutor,Céu Claro,2025-03-02,23
2025-03-02,23:48:00,324,356,CAPIM GROSSO,BA,Colisão traseira,Ausência de reação do condutor,Céu Claro,2025-03-02,23
2025-03-03,00:10:00,101,258,RIO BONITO,RJ,Saída de leito carroçável,Ausência de reação do condutor,Céu Claro,2025-03-03,0