data_inversa,horario,br,km,municipio,uf,tipo_acidente,causa_acidente,condicao_metereologica,data,hora
2025-03-04,15:45:00,163,673,RIO VERDE DE MATO GROSSO,MS,Colisão traseira,Ausência de reação do condutor,Céu Claro,2025-03-04,15
2025-03-04,17:10:00,60,102,ANAPOLIS,GO,Engavetamento,Ingestão de álcool pelo condutor,Sol,2025-03-04,17
2025-03-04,12:29:00,163,696,SORRISO,MT,Saída de leito carroçável,Condutor Dormindo,Nublado,2025-03-04,12
2025-03-04,17:00:00,277,62,SAO JOSE DOS PINHAIS,PR,Tombamento,Avarias e/ou desgaste excessivo no pneu,Céu Claro,2025-03-04,17
2025-02-09,05:38:00,163,746,SORRISO,MT,Tombamento,Demais falhas na via,Nublado,2025-02-09,5
2025-03-04,16:45:00,40,"757,1",EWBANK DA CAMARA,MG,Colisão com objeto,Reação tardia ou ineficiente do condutor,Céu Claro,2025-03-04,16
2025-03-04,16:44:00,290,"24,5",SANTO ANTONIO DA PATRULHA,RS,Colisão lateral mesmo sentido,Condutor deixou de manter distância do veículo da frente,Céu Claro,2025-03-04,16
2025-03-04,17:30:00,116,179,GUARAREMA,SP,Queda de ocupante de veículo,Ausência de reação do condutor,Céu Claro,2025-03-04,17
2025-03-04,17:10:00,222,3,CAUCAIA,CE,Colisão lateral mesmo sentido,Acessar a via sem observar a presença dos outros veículos,Nublado,2025-03-04,17
2025-03-04,14:55:00,163,90,ITIQUIRA,MT,Saída de leito carroçável,Acumulo de água sobre o pavimento,Nublado,2025-03-04,14
2025-03-04,14:30:00,10,"257,8",IMPERATRIZ,MA,Colisão transversal,Desrespeitar a preferência no cruzamento,Céu Claro,2025-03-04,14
2025-03-04,17:20:00,324,616,SALVADOR,BA,Queda de ocupante de veículo,Avarias e/ou desgaste excessivo no pneu,Céu Claro,2025-03-04,17
2025-03-04,17:35:00,230,68,SOBRADO,PB,Colisão traseira,Condutor deixou de manter distância do veículo da frente,Céu Claro,2025-03-04,17
2025-03-04,17:10:00,40,72,PETROPOLIS,RJ,Queda de ocupante de veículo,Acumulo de óleo sobre o pavimento,Céu Claro,2025-03-04,17
2025-03-04,17:35:00,40,"507,9",RIBEIRAO DAS NEVES,MG,Colisão traseira,Reação tardia ou ineficiente do condutor,Céu Claro,2025-03-04,17
2025-03-04,17:40:00,101,47,UBATUBA,SP,Colisão traseira,Ausência de reação do condutor,Céu Claro,2025-03-04,17
2025-03-04,15:45:00,70,233,POXOREO,MT,Colisão frontal,Ultrapassagem Indevida,Garoa/Chuvisco,2025-03-04,15
2025-03-04,16:15:00,158,311,TRES LAGOAS,MS,Colisão traseira,Ausência de reação do condutor,Céu Claro,2025-03-04,16
2025-03-04,17:20:00,135,1,SAO LUIS,MA,Colisão traseira,Ausência de reação do condutor,Céu Claro,2025-03-04,17
2025-03-04,17:20:00,50,"108,3",UBERABA,MG,Saída de leito carroçável,Ausência de reação do condutor,Céu Claro,2025-03-04,17
2025-03-04,17:15:00,116,"103,9",TAUBATE,SP,Queda de ocupante de veículo,Avarias e/ou desgaste excessivo no pneu,Céu Claro,2025-03-04,17
2025-03-04,17:30:00,40,"407,1",CURVELO,MG,Colisão frontal,Transitar na contramão,Céu Claro,2025-03-04,17
2025-03-03,21:57:00,70,635,POCONE,MT,Colisão com objeto,Reação tardia ou ineficiente do condutor,Céu Claro,2025-03-03,21
2025-03-04,16:20:00,101,334,TUBARAO,SC,Colisão transversal,Desrespeitar a preferência no cruzamento,Céu Claro,2025-03-04,16
2025-03-04,15:53:00,60,40,ALEXANIA,GO,Colisão traseira,Manobra de mudança de faixa,Céu Claro,2025-03-04,15
2025-03-04,19:20:00,116,171,RIO DE JANEIRO,RJ,Colisão traseira,Ingestão de álcool pelo condutor,Céu Claro,2025-03-04,19
2025-03-04,18:15:00,381,"504,5",BETIM,MG,Colisão lateral mesmo sentido,Manobra de mudança de faixa,Céu Claro,2025-03-04,18
2025-03-04,18:50:00,104,32,CARUARU,PE,Queda de ocupante de veículo,Pista esburacada,Céu Claro,2025-03-04,18
2025-03-04,18:30:00,290,"25,8",SANTO ANTONIO DA PATRULHA,RS,Queda de ocupante de veículo,Ausência de reação do condutor,Céu Claro,2025-03-04,18
2025-03-04,19:00:00,101,269,RIO BONITO,RJ,Colisão lateral mesmo sentido,Trafegar com motocicleta (ou similar) entre as faixas,Céu Claro,2025-03-04,19
2025-03-04,16:45:00,174,945,MANAUS,AM,Tombamento,Chuva,Chuva,2025-03-04,16
2025-03-04,19:11:00,230,"403,8",POMBAL,PB,Colisão transversal,Condutor desrespeitou a iluminação vermelha do semáforo,Nublado,2025-03-04,19
2025-03-04,15:20:00,316,315,PICOS,PI,Tombamento,Animais na Pista,Céu Claro,2025-03-04,15
2025-03-04,19:40:00,101,"25,8",IGARASSU,PE,Tombamento,Avarias e/ou desgaste excessivo no pneu,Céu Claro,2025-03-04,19
2025-03-04,19:20:00,381,38,ATIBAIA,SP,Queda de ocupante de veículo,Reação tardia ou ineficiente do condutor,Céu Claro,2025-03-04,19
2025-03-04,19:10:00,20,13,FORMOSA,GO,Colisão traseira,Condutor deixou de manter distância do veículo da frente,Céu Claro,2025-03-04,19
2025-03-04,19:00:00,242,770,CATOLANDIA,BA,Colisão lateral sentido oposto,Ultrapassagem Indevida,Céu Claro,2025-03-04,19
2025-03-04,17:30:00,230,"130,3",CAMPINA GRANDE,PB,Colisão traseira,Ausência de reação do condutor,Céu Claro,2025-03-04,17
2025-03-04,18:30:00,101,272,TANGUA,RJ,Colisão lateral mesmo sentido,Trafegar com motocicleta (ou similar) entre as faixas,Céu Claro,2025-03-04,18
2025-03-04,20:10:00,101,"193,6",BIGUACU,SC,Atropelamento de Pedestre,Suicídio (presumido),Céu Claro,2025-03-04,20
2025-03-04,19:20:00,493,11,GUAPIMIRIM,RJ,Colisão com objeto,Ausência de reação do condutor,Céu Claro,2025-03-04,19
2025-03-04,17:00:00,163,281,DOURADOS,MS,Tombamento,Ingestão de álcool pelo condutor,Céu Claro,2025-03-04,17
2025-03-04,19:59:00,116,288,ITAPECERICA DA SERRA,SP,Colisão lateral mesmo sentido,Trafegar com motocicleta (ou similar) entre as faixas,Céu Claro,2025-03-04,19
2025-03-04,19:30:00,470,"223,7",SAO CRISTOVAO DO SUL,SC,Colisão frontal,Transitar na contramão,Céu Claro,2025-03-04,19
2025-03-04,20:50:00,101,"208,1",SAO JOSE,SC,Colisão transversal,Acessar a via sem observar a presença dos outros veículos,Céu Claro,2025-03-04,20
2025-03-04,20:00:00,406,"149,7",CEARA-MIRIM,RN,Atropelamento de Pedestre,Acessar a via sem observar a presença dos outros veículos,Céu Claro,2025-03-04,20
2025-03-04,18:20:00,402,1,BACABEIRA,MA,Atropelamento de Pedestre,Ausência de reação do condutor,Nublado,2025-03-04,18
2025-03-04,19:22:00,364,388,CUIABA,MT,Queda de ocupante de veículo,Chuva,Chuva,2025-03-04,19
2025-03-04,21:30:00,381,456,BELO HORIZONTE,MG,Colisão transversal,Retorno proibido,Nublado,2025-03-04,21
2025-03-04,21:10:00,101,43,IGARASSU,PE,Atropelamento de Pedestre,Entrada inopinada do pedestre,Céu Claro,2025-03-04,21
2025-03-04,19:25:00,364,"363,8",OURO PRETO DO OESTE,RO,Atropelamento de Animal,Animais na Pista,Céu Claro,2025-03-04,19
2025-03-04,20:10:00,476,180,CONTENDA,PR,Tombamento,Velocidade Incompatível,Nublado,2025-03-04,20
2025-03-04,22:05:00,101,74,RECIFE,PE,Saída de leito carroçável,Ingestão de substâncias psicoativas pelo condutor,Céu Claro,2025-03-04,22
2025-03-04,20:09:00,319,59,PORTO VELHO,RO,Saída de leito carroçável,Ausência de reação do condutor,Nublado,2025-03-04,20
2025-03-04,20:50:00,319,64,PORTO VELHO,RO,Colisão transversal,Condutor desrespeitou a iluminação vermelha do semáforo,Céu Claro,2025-03-04,20
2025-03-04,22:10:00,116,20,SALGUEIRO,PE,Atropelamento de Animal,Animais na Pista,Nublado,2025-03-04,22
2025-03-04,22:30:00,381,38,ATIBAIA,SP,Colisão com objeto,Mal súbito do condutor,Céu Claro,2025-03-04,22
2025-03-04,20:10:00,116,"620,9",ORIZANIA,MG,Tombamento,Ausência de reação do condutor,Céu Claro,2025-03-04,20
2025-03-04,22:00:00,60,87,ANAPOLIS,GO,Saída de leito carroçável,Mal súbito do condutor,Ignorado,2025-03-04,22
2025-03-04,23:30:00,304,102,ITAU,RN,Colisão com objeto,Velocidade Incompatível,Céu Claro,2025-03-04,23
2025-03-04,20:10:00,116,141,DUQUE DE CAXIAS,RJ,Colisão traseira,Ausência de reação do condutor,Nublado,2025-03-04,20
2025-03-04,23:23:00,230,58,CRUZ DO ESPIRITO SANTO,PB,Queda de ocupante de veículo,Transtornos Mentais (exceto suicidio),Céu Claro,2025-03-04,23
2025-03-05,00:10:00,101,86,CAMPOS DOS GOYTACAZES,RJ,Queda de ocupante de veículo,Acostamento em desnível,Céu Claro,2025-03-05,0
2025-03-05,00:02:00,116,17,COLOMBO,PR,Colisão traseira,Acessar a via sem observar a presença dos outros veículos,Nublado,2025-03-05,0
2025-03-05,00:50:00,262,483,BETIM,MG,Colisão com objeto,Reação tardia ou ineficiente do condutor,Céu Claro,2025-03-05,0
2025-03-05,00:41:00,364,159,JATAI,GO,Colisão frontal,Transitar na contramão,Céu Claro,2025-03-05,0
2025-03-05,01:50:00,290,86,PORTO ALEGRE,RS,Saída de leito carroçável,Velocidade Incompatível,Céu Claro,2025-03-05,1
2025-03-05,00:29:00,485,3,ITATIAIA,RJ,Colisão transversal,Acesso irregular,Nublado,2025-03-05,0
2025-03-05,02:00:00,101,408,ITAGUAI,RJ,Colisão traseira,Condutor Dormindo,Céu Claro,2025-03-05,2
2025-03-05,01:00:00,365,804,GURINHATA,MG,Colisão frontal,Condutor Dormindo,Céu Claro,2025-03-05,1
2025-03-05,01:20:00,427,"97,3",CAICO,RN,Colisão com objeto,Velocidade Incompatível,Céu Claro,2025-03-05,1
2025-03-05,02:20:00,364,213,RONDONOPOLIS,MT,Saída de leito carroçável,Condutor Dormindo,Nublado,2025-03-05,2
2025-03-05,04:55:00,304,"277,4",MACAIBA,RN,Atropelamento de Animal,Animais na Pista,Nublado,2025-03-05,4
2025-03-05,00:45:00,101,326,NITEROI,RJ,Incêndio,Demais falhas mecânicas ou elétricas,Céu Claro,2025-03-05,0
2025-03-04,19:15:00,116,"543,1",PENAFORTE,CE,Eventos atípicos,Reação tardia ou ineficiente do condutor,Chuva,2025-03-04,19
2025-03-05,05:20:00,101,"184,4",BIGUACU,SC,Tombamento,Reação tardia ou ineficiente do condutor,Céu Claro,2025-03-05,5
2025-03-05,05:20:00,116,117,DUQUE DE CAXIAS,RJ,Colisão traseira,Manobra de mudança de faixa,Céu Claro,2025-03-05,5
2025-03-05,06:40:00,116,157,SAO JOSE DOS CAMPOS,SP,Colisão com objeto,Manobra de mudança de faixa,Céu Claro,2025-03-05,6
2025-03-05,07:10:00,230,28,JOAO PESSOA,PB,Tombamento,Acessar a via sem observar a presença dos outros veículos,Céu Claro,2025-03-05,7
2025-03-05,06:00:00,324,562,SAO SEBASTIAO DO PASSE,BA,Saída de leito carroçável,Reação tardia ou ineficiente do condutor,Céu Claro,2025-03-05,6
2025-03-05,07:30:00,101,316,SAO GONCALO,RJ,Queda de ocupante de veículo,Demais falhas mecânicas ou elétricas,Céu Claro,2025-03-05,7
2025-03-05,05:45:00,262,"103,5",ABRE CAMPO,MG,Colisão traseira,Velocidade Incompatível,Céu Claro,2025-03-05,5
2025-03-05,08:00:00,101,293,CARIACICA,ES,Tombamento,Frear bruscamente,Céu Claro,2025-03-05,8
2025-03-05,07:45:00,101,336,TUBARAO,SC,Queda de ocupante de veículo,Demais falhas mecânicas ou elétricas,Céu Claro,2025-03-05,7
2025-03-05,08:00:00,354,"728,9",POUSO ALTO,MG,Colisão frontal,Ausência de reação do condutor,Céu Claro,2025-03-05,8
2025-03-05,08:00:00,101,419,MANGARATIBA,RJ,Colisão traseira,Reação tardia ou ineficiente do condutor,Céu Claro,2025-03-05,8
2025-03-05,05:00:00,364,743,PORTO VELHO,RO,Colisão traseira,Reação tardia ou ineficiente do condutor,Nublado,2025-03-05,5
2025-03-05,08:20:00,153,"435,7",ANAPOLIS,GO,Tombamento,Avarias e/ou desgaste excessivo no pneu,Céu Claro,2025-03-05,8
2025-03-05,07:55:00,116,426,FEIRA DE SANTANA,BA,Colisão transversal,Manobra de mudança de faixa,Céu Claro,2025-03-05,7
2025-03-05,08:45:00,230,25,JOAO PESSOA,PB,Colisão lateral mesmo sentido,Reação tardia ou ineficiente do condutor,Céu Claro,2025-03-05,8
2025-03-05,07:25:00,365,"566,5",INDIANOPOLIS,MG,Colisão lateral sentido oposto,Manobra de mudança de faixa,Céu Claro,2025-03-05,7
2025-03-05,07:00:00,277,3,CURITIBA,PR,Colisão traseira,Manobra de mudança de faixa,Céu Claro,2025-03-05,7
2025-03-05,08:40:00,50,81,UBERLANDIA,MG,Saída de leito carroçável,Ingestão de álcool pelo condutor,Nublado,2025-03-05,8
2025-03-05,08:30:00,153,"73,1",SAO JOSE DO RIO PRETO,SP,Colisão lateral mesmo sentido,Manobra de mudança de faixa,Céu Claro,2025-03-05,8
2025-03-05,08:40:00,316,319,PICOS,PI,Colisão traseira,Ausência de reação do condutor,Céu Claro,2025-03-05,8
2025-03-02,06:20:00,282,"509,1",XANXERE,SC,Capotamento,Velocidade Incompatível,Céu Claro,2025-03-02,6
2025-03-05,09:30:00,116,"523,4",CARATINGA,MG,Tombamento,Ausência de reação do condutor,Céu Claro,2025-03-05,9
2025-03-05,10:00:00,40,518,CONTAGEM,MG,Colisão lateral sentido oposto,Acessar a via sem observar a presença dos outros veículos,Sol,2025-03-05,10
2025-03-05,09:10:00,163,77,ITAQUIRAI,MS,Colisão transversal,Transitar na contramão,Céu Claro,2025-03-05,9
2025-03-05,09:45:00,101,"66,9",RECIFE,PE,Colisão traseira,Ausência de reação do condutor,Céu Claro,2025-03-05,9
2025-03-05,07:15:00,364,378,OURO PRETO DO OESTE,RO,Colisão traseira,Reação tardia ou ineficiente do condutor,Céu Claro,2025-03-05,7
2025-03-05,07:30:00,480,"128,6",CHAPECO,SC,Colisão traseira,Condutor deixou de manter distância do veículo da frente,Céu Claro,2025-03-05,7
2025-03-05,10:50:00,262,"105,4",VENDA NOVA DO IMIGRANTE,ES,Colisão traseira,Reação tardia ou ineficiente do condutor,Céu Claro,2025-03-05,10
2025-02-27,16:00:00,290,365,VILA NOVA DO SUL,RS,Colisão transversal,Transitar no Acostamento,Céu Claro,2025-02-27,16
2025-03-05,10:30:00,262,38,MANHUACU,MG,Colisão transversal,Acesso irregular,Nublado,2025-03-05,10
2025-03-05,09:00:00,60,"92,3",ANAPOLIS,GO,Saída de leito carroçável,Demais falhas mecânicas ou elétricas,Céu Claro,2025-03-05,9
2025-03-05,10:20:00,101,276,TANGUA,RJ,Colisão traseira,Manobra de mudança de faixa,Céu Claro,2025-03-05,10
2025-03-05,08:30:00,364,149,RIO BRANCO,AC,Saída de leito carroçável,Reação tardia ou ineficiente do condutor,Céu Claro,2025-03-05,8
2025-03-01,04:10:00,259,79,COLATINA,ES,Saída de leito carroçável,Reação tardia ou ineficiente do condutor,Céu Claro,2025-03-01,4
2025-03-05,11:30:00,324,577,SAO SEBASTIAO DO PASSE,BA,Colisão traseira,Demais falhas mecânicas ou elétricas,Céu Claro,2025-03-05,11
2025-03-05,10:45:00,101,"141,6",BALNEARIO CAMBORIU,SC,Colisão lateral mesmo sentido,Trafegar com motocicleta (ou similar) entre as faixas,Céu Claro,2025-03-05,10
2025-03-05,11:38:00,101,81,BAYEUX,PB,Colisão traseira,Trafegar com motocicleta (ou similar) entre as faixas,Céu Claro,2025-03-05,11
2025-03-05,11:00:00,101,"349,1",JAGUARUNA,SC,Colisão com objeto,Ausência de reação do condutor,Céu Claro,2025-03-05,11
2025-03-05,12:04:00,343,"0,4",TERESINA,PI,Colisão traseira,Ausência de reação do condutor,Céu Claro,2025-03-05,12
2025-03-05,10:55:00,262,"831,6",UBERABA,MG,Saída de leito carroçável,Reação tardia ou ineficiente do condutor,Céu Claro,2025-03-05,10
2025-03-05,09:30:00,50,69,UBERLANDIA,MG,Colisão lateral mesmo sentido,Desrespeitar a preferência no cruzamento,Sol,2025-03-05,9
2025-03-05,12:00:00,116,37,HORIZONTE,CE,Colisão transversal,Retorno proibido,Céu Claro,2025-03-05,12
2025-03-05,12:40:00,20,"1,2",BRASILIA,DF,Colisão traseira,Condutor deixou de manter distância do veículo da frente,Céu Claro,2025-03-05,12
2025-03-05,10:30:00,116,264,VOLTA REDONDA,RJ,Colisão com objeto,Ausência de reação do condutor,Sol,2025-03-05,10
2025-03-05,11:15:00,0,0,RIO BRANCO,AC,Colisão transversal,Acessar a via sem observar a presença dos outros veículos,Nublado,2025-03-05,11
2025-03-05,12:50:00,280,128,RIO NEGRINHO,SC,Colisão transversal,Acessar a via sem observar a presença dos outros veículos,Céu Claro,2025-03-05,12
2025-03-05,03:30:00,393,283,VOLTA REDONDA,RJ,Saída de leito carroçável,Ausência de reação do condutor,Céu Claro,2025-03-05,3
2025-03-05,13:15:00,101,420,MANGARATIBA,RJ,Colisão transversal,Reação tardia ou ineficiente do condutor,Céu Claro,2025-03-05,13
2025-03-05,13:24:00,290,"7,3",OSORIO,RS,Saída de leito carroçável,Condutor usando celular,Céu Claro,2025-03-05,13
2025-03-05,12:45:00,364,198,PIMENTA BUENO,RO,Colisão traseira,Condutor deixou de manter distância do veículo da frente,Nublado,2025-03-05,12
2025-03-05,13:50:00,101,15,PEDRO CANARIO,ES,Colisão transversal,Acessar a via sem observar a presença dos outros veículos,Céu Claro,2025-03-05,13
2025-03-05,14:30:00,116,223,DOIS IRMAOS,RS,Colisão traseira,Condutor deixou de manter distância do veículo da frente,Céu Claro,2025-03-05,14
2025-03-05,14:00:00,262,"135,5",AGUA CLARA,MS,Colisão traseira,Ausência de reação do condutor,Sol,2025-03-05,14
2025-03-05,12:02:00,277,642,CEU AZUL,PR,Colisão traseira,Condutor deixou de manter distância do veículo da frente,Céu Claro,2025-03-05,12
2025-03-05,13:15:00,381,"81,8",SAO PAULO,SP,Colisão lateral mesmo sentido,Condutor deixou de manter distância do veículo da frente,Céu Claro,2025-03-05,13
2025-03-05,09:40:00,262,"467,7",BOM DESPACHO,MG,Colisão frontal,Transitar na contramão,Céu Claro,2025-03-05,9
2025-03-05,09:50:00,418,16,ALCOBACA,BA,Saída de leito carroçável,Chuva,Chuva,2025-03-05,9
2025-03-05,15:05:00,470,"0,7",NAVEGANTES,SC,Colisão lateral mesmo sentido,Ausência de reação do condutor,Sol,2025-03-05,15
2025-02-17,08:20:00,101,"218,4",PALHOCA,SC,Colisão frontal,Transitar na contramão,Nublado,2025-02-17,8
2025-03-05,14:40:00,153,"218,6",MARILIA,SP,Saída de leito carroçável,Desvio temporário,Céu Claro,2025-03-05,14
2025-03-05,13:05:00,101,433,MANGARATIBA,RJ,Colisão traseira,Reação tardia ou ineficiente do condutor,Céu Claro,2025-03-05,13
2025-03-05,15:30:00,324,605,SIMOES FILHO,BA,Atropelamento de Pedestre,Pedestre andava na pista,Sol,2025-03-05,15
2025-02-09,21:28:00,101,38,MAMANGUAPE,PB,Atropelamento de Animal,Animais na Pista,Céu Claro,2025-02-09,21
2025-03-05,15:40:00,101,"119,8",ITAJAI,SC,Colisão traseira,Ausência de reação do condutor,Sol,2025-03-05,15
2025-03-05,15:50:00,376,"3,7",MANDAGUARI,PR,Colisão traseira,Reação tardia ou ineficiente do condutor,Nublado,2025-03-05,15
2025-03-05,15:40:00,40,553,NOVA LIMA,MG,Colisão traseira,Reação tardia ou ineficiente do condutor,Céu Claro,2025-03-05,15
2025-03-05,16:20:00,40,"702,8",BARBACENA,MG,Colisão traseira,Reação tardia ou ineficiente do condutor,Céu Claro,2025-03-05,16
2025-03-05,16:50:00,101,83,BAYEUX,PB,Engavetamento,Reação tardia ou ineficiente do condutor,Céu Claro,2025-03-05,16
2025-03-05,16:40:00,282,4,SAO JOSE,SC,Colisão lateral mesmo sentido,Manobra de mudança de faixa,Céu Claro,2025-03-05,16
2025-03-05,16:40:00,60,"71,5",ABADIANIA,GO,Colisão transversal,Ingestão de álcool pelo condutor,Céu Claro,2025-03-05,16
2025-03-05,16:30:00,116,"103,5",TAUBATE,SP,Colisão lateral mesmo sentido,Trafegar com motocicleta (ou similar) entre as faixas,Céu Claro,2025-03-05,16
2025-03-05,17:15:00,116,243,SAO LEOPOLDO,RS,Colisão com objeto,Ausência de reação do condutor,Céu Claro,2025-03-05,17
2025-03-05,14:30:00,116,"229,5",TEOFILO OTONI,MG,Saída de leito carroçável,Condutor Dormindo,Nublado,2025-03-05,14
2025-03-05,18:00:00,116,"243,9",SAO LEOPOLDO,RS,Colisão lateral mesmo sentido,Reação tardia ou ineficiente do condutor,Céu Claro,2025-03-05,18
2025-02-03,17:15:00,235,350,JUAZEIRO,BA,Colisão lateral mesmo sentido,Ausência de reação do condutor,Céu Claro,2025-02-03,17
2025-03-05,14:45:00,277,"42,8",MORRETES,PR,Incêndio,Demais falhas mecânicas ou elétricas,Nublado,2025-03-05,14
2025-03-05,17:00:00,101,472,ANGRA DOS REIS,RJ,Tombamento,Reação tardia ou ineficiente do condutor,Céu Claro,2025-03-05,17
2025-03-05,17:45:00,232,9,JABOATAO DOS GUARARAPES,PE,Colisão lateral mesmo sentido,Frear bruscamente,Céu Claro,2025-03-05,17
2025-03-05,18:35:00,251,"449,2",GRAO MOGOL,MG,Colisão frontal,Velocidade Incompatível,Chuva,2025-03-05,18
2025-03-05,18:15:00,290,"34,9",SANTO ANTONIO DA PATRULHA,RS,Colisão com objeto,Reação tardia ou ineficiente do condutor,Céu Claro,2025-03-05,18
2025-03-05,19:00:00,230,"151,2",CAMPINA GRANDE,PB,Atropelamento de Animal,Animais na Pista,Céu Claro,2025-03-05,19
2025-03-05,18:55:00,116,"414,7",GOVERNADOR VALADARES,MG,Colisão transversal,Acessar a via sem observar a presença dos outros veículos,Céu Claro,2025-03-05,18
2025-03-05,19:05:00,116,211,RIO NEGRO,PR,Colisão transversal,Ausência de reação do condutor,Céu Claro,2025-03-05,19
2025-03-05,15:40:00,277,720,FOZ DO IGUACU,PR,Saída de leito carroçável,Avarias e/ou desgaste excessivo no pneu,Céu Claro,2025-03-05,15
2025-03-05,17:15:00,40,116,DUQUE DE CAXIAS,RJ,Queda de ocupante de veículo,Avarias e/ou desgaste excessivo no pneu,Céu Claro,2025-03-05,17
2025-03-05,19:25:00,222,"1,6",FORTALEZA,CE,Colisão lateral mesmo sentido,Manobra de mudança de faixa,Garoa/Chuvisco,2025-03-05,19
2025-03-05,19:20:00,40,646,CRISTIANO OTONI,MG,Tombamento,Condutor deixou de manter distância do veículo da frente,Céu Claro,2025-03-05,19
2025-03-05,12:40:00,101,205,CASIMIRO DE ABREU,RJ,Incêndio,Demais falhas mecânicas ou elétricas,Céu Claro,2025-03-05,12
2025-03-05,19:50:00,290,75,GRAVATAI,RS,Colisão traseira,Condutor deixou de manter distância do veículo da frente,Céu Claro,2025-03-05,19
2025-03-05,17:45:00,20,"87,6",VILA BOA,GO,Colisão com objeto,Condutor Dormindo,Céu Claro,2025-03-05,17
2025-03-05,19:55:00,158,"166,9",PEJUCARA,RS,Colisão transversal,Transitar na contramão,Céu Claro,2025-03-05,19
2025-03-05,14:40:00,101,"215,5",PALHOCA,SC,Colisão transversal,Acessar a via sem observar a presença dos outros veículos,Céu Claro,2025-03-05,14
2025-03-05,19:20:00,282,228,LAGES,SC,Atropelamento de Animal,Animais na Pista,Céu Claro,2025-03-05,19
2025-03-05,19:30:00,316,"55,8",CASTANHAL,PA,Atropelamento de Pedestre,Pedestre andava na pista,Garoa/Chuvisco,2025-03-05,19
2025-03-05,18:45:00,101,"403,8",ITAGUAI,RJ,Atropelamento de Pedestre,Pedestre cruzava a pista fora da faixa,Céu Claro,2025-03-05,18
2025-03-05,20:40:00,277,3,CURITIBA,PR,Colisão lateral mesmo sentido,Reação tardia ou ineficiente do condutor,Céu Claro,2025-03-05,20
2025-03-05,15:20:00,101,326,NITEROI,RJ,Colisão traseira,Condutor deixou de manter distância do veículo da frente,Céu Claro,2025-03-05,15
2025-03-05,20:26:00,101,"152,3",PORTO BELO,SC,Colisão com objeto,Velocidade Incompatível,Céu Claro,2025-03-05,20
2025-03-05,20:40:00,101,266,SILVA JARDIM,RJ,Colisão traseira,Condutor deixou de manter distância do veículo da frente,Céu Claro,2025-03-05,20
2025-03-05,19:00:00,364,650,ITAPUA DO OESTE,RO,Incêndio,Demais falhas mecânicas ou elétricas,Nublado,2025-03-05,19
2025-03-05,19:45:00,401,16,CANTA,RR,Colisão lateral mesmo sentido,Iluminação deficiente,Céu Claro,2025-03-05,19
2025-03-05,21:30:00,101,"137,8",BALNEARIO CAMBORIU,SC,Colisão com objeto,Reação tardia ou ineficiente do condutor,Céu Claro,2025-03-05,21
2025-03-05,21:20:00,101,533,PARATY,RJ,Colisão frontal,Transitar na contramão,Céu Claro,2025-03-05,21
2025-03-05,18:00:00,393,298,BARRA MANSA,RJ,Colisão transversal,Acessar a via sem observar a presença dos outros veículos,Céu Claro,2025-03-05,18
2025-03-05,21:00:00,135,"24,8",BACABEIRA,MA,Saída de leito carroçável,Condutor Dormindo,Chuva,2025-03-05,21
2025-03-05,18:15:00,343,451,AGUA BRANCA,PI,Capotamento,Reação tardia ou ineficiente do condutor,Garoa/Chuvisco,2025-03-05,18
2025-03-05,21:00:00,356,44,ITAPERUNA,RJ,Colisão traseira,Reação tardia ou ineficiente do condutor,Céu Claro,2025-03-05,21
2025-03-05,22:00:00,101,477,ANGRA DOS REIS,RJ,Queda de ocupante de veículo,Objeto estático sobre o leito carroçável,Céu Claro,2025-03-05,22
2025-03-05,21:48:00,101,18,RIO TINTO,PB,Colisão com objeto,Demais falhas mecânicas ou elétricas,Céu Claro,2025-03-05,21
2025-03-05,19:00:00,280,"33,4",ARAQUARI,SC,Colisão transversal,Acessar a via sem observar a presença dos outros veículos,Céu Claro,2025-03-05,19
2025-03-05,21:30:00,101,249,SILVA JARDIM,RJ,Saída de leito carroçável,Avarias e/ou desgaste excessivo no pneu,Céu Claro,2025-03-05,21
2025-03-05,19:10:00,280,58,GUARAMIRIM,SC,Colisão lateral mesmo sentido,Manobra de mudança de faixa,Céu Claro,2025-03-05,19
2025-03-05,22:50:00,232,74,GRAVATA,PE,Saída de leito carroçável,Reação tardia ou ineficiente do condutor,Chuva,2025-03-05,22
2025-03-01,18:25:00,369,"129,4",JATAIZINHO,PR,Colisão frontal,Conversão proibida,Céu Claro,2025-03-01,18
2025-03-05,21:35:00,101,249,SILVA JARDIM,RJ,Colisão com objeto,Iluminação deficiente,Céu Claro,2025-03-05,21
2025-03-06,00:10:00,101,"192,5",BIGUACU,SC,Tombamento,Pista Escorregadia,Garoa/Chuvisco,2025-03-06,0
2025-03-05,23:50:00,428,"186,8",PETROLINA,PE,Colisão lateral mesmo sentido,Condutor deixou de manter distância do veículo da frente,Céu Claro,2025-03-05,23
2025-03-06,01:00:00,277,10,CURITIBA,PR,Colisão com objeto,Ingestão de álcool pelo condutor,Céu Claro,2025-03-06,1
2025-03-06,02:00:00,116,"135,5",SAO JOSE DOS CAMPOS,SP,Queda de ocupante de veículo,Objeto estático sobre o leito carroçável,Céu Claro,2025-03-06,2
2025-03-06,01:30:00,251,"427,8",GRAO MOGOL,MG,Saída de leito carroçável,Reação tardia ou ineficiente do condutor,Chuva,2025-03-06,1
2025-03-06,03:20:00,116,"98,1",PINDAMONHANGABA,SP,Capotamento,Ausência de reação do condutor,Nublado,2025-03-06,3
2025-03-06,04:30:00,101,108,ALAGOINHAS,BA,Atropelamento de Animal,Animais na Pista,Céu Claro,2025-03-06,4
2025-03-06,05:00:00,277,721,FOZ DO IGUACU,PR,Saída de leito carroçável,Demais falhas mecânicas ou elétricas,Céu Claro,2025-03-06,5