data_inversa,horario,br,km,municipio,uf,tipo_acidente,causa_acidente,condicao_metereologica,data,hora
2025-03-06,02:00:00,381,86,SAO PAULO,SP,Colisão transversal,Acumulo de areia ou detritos sobre o pavimento,Céu Claro,2025-03-06,2
2025-03-06,07:20:00,10,319,ACAILANDIA,MA,Colisão transversal,Ultrapassagem Indevida,Céu Claro,2025-03-06,7
2025-03-06,07:35:00,290,96,PORTO ALEGRE,RS,Colisão lateral mesmo sentido,Acessar a via sem observar a presença dos outros veículos,Céu Claro,2025-03-06,7
2025-03-06,07:32:00,277,"0,4",PARANAGUA,PR,Colisão transversal,Desrespeitar a preferência no cruzamento,Sol,2025-03-06,7
2025-03-06,05:45:00,163,341,GUAIRA,PR,Colisão traseira,Deficiência do Sistema de Iluminação/Sinalização,Céu Claro,2025-03-06,5
2025-03-06,07:42:00,101,276,SERRA,ES,Colisão frontal,Animais na Pista,Céu Claro,2025-03-06,7
2025-03-06,07:30:00,101,79,NATAL,RN,Colisão transversal,Retorno proibido,Sol,2025-03-06,7
2025-03-06,07:00:00,116,5,FORTALEZA,CE,Colisão traseira,Ausência de reação do condutor,Céu Claro,2025-03-06,7
2025-03-06,08:10:00,116,215,GUARULHOS,SP,Colisão lateral mesmo sentido,Reação tardia ou ineficiente do condutor,Céu Claro,2025-03-06,8
2025-03-06,07:55:00,116,108,TAUBATE,SP,Colisão traseira,Trafegar com motocicleta (ou similar) entre as faixas,Céu Claro,2025-03-06,7
2025-03-06,08:16:00,60,"18,9",ALEXANIA,GO,Tombamento,Reação tardia ou ineficiente do condutor,Sol,2025-03-06,8
2025-03-06,07:45:00,381,"571,8",ITAGUARA,MG,Incêndio,Demais falhas mecânicas ou elétricas,Céu Claro,2025-03-06,7
2025-03-06,07:40:00,101,133,CAMBORIU,SC,Colisão transversal,Desrespeitar a preferência no cruzamento,Céu Claro,2025-03-06,7
2025-03-06,08:30:00,101,"83,7",NATAL,RN,Colisão traseira,Condutor deixou de manter distância do veículo da frente,Céu Claro,2025-03-06,8
2025-03-06,08:15:00,222,"3,2",FORTALEZA,CE,Colisão traseira,Ausência de reação do condutor,Céu Claro,2025-03-06,8
2025-03-06,06:30:00,364,401,CUIABA,MT,Tombamento,Avarias e/ou desgaste excessivo no pneu,Céu Claro,2025-03-06,6
2025-03-06,08:45:00,277,726,FOZ DO IGUACU,PR,Colisão traseira,Condutor deixou de manter distância do veículo da frente,Céu Claro,2025-03-06,8
2025-03-06,08:45:00,277,78,CURITIBA,PR,Colisão lateral mesmo sentido,Trafegar com motocicleta (ou similar) entre as faixas,Sol,2025-03-06,8
2025-03-06,08:40:00,116,116,CURITIBA,PR,Colisão lateral mesmo sentido,Manobra de mudança de faixa,Céu Claro,2025-03-06,8
2025-03-06,08:00:00,163,486,CAMPO GRANDE,MS,Colisão lateral sentido oposto,Conversão proibida,Céu Claro,2025-03-06,8
2025-03-06,07:55:00,376,3,SAO JOSE DOS PINHAIS,PR,Atropelamento de Pedestre,Pedestre cruzava a pista fora da faixa,Céu Claro,2025-03-06,7
2025-03-06,08:59:00,101,"267,8",SERRA,ES,Colisão lateral mesmo sentido,Trafegar com motocicleta (ou similar) entre as faixas,Céu Claro,2025-03-06,8
2025-03-06,08:57:00,230,"17,7",JOAO PESSOA,PB,Colisão traseira,Ausência de reação do condutor,Céu Claro,2025-03-06,8
2025-03-06,08:55:00,101,40,UBATUBA,SP,Colisão traseira,Condutor deixou de manter distância do veículo da frente,Céu Claro,2025-03-06,8
2025-03-06,09:18:00,101,322,NITEROI,RJ,Colisão traseira,Manobra de mudança de faixa,Céu Claro,2025-03-06,9
2025-03-06,08:00:00,101,"268,7",SERRA,ES,Colisão lateral mesmo sentido,Manobra de mudança de faixa,Céu Claro,2025-03-06,8
2025-03-06,08:30:00,376,"596,4",CURITIBA,PR,Colisão traseira,Manobra de mudança de faixa,Sol,2025-03-06,8
2025-03-06,08:50:00,116,15,VITORIA DA CONQUISTA,BA,Tombamento,Acumulo de areia ou detritos sobre o pavimento,Nublado,2025-03-06,8
2025-03-06,07:40:00,101,252,RIO BONITO,RJ,Incêndio,Demais falhas mecânicas ou elétricas,Céu Claro,2025-03-06,7
2025-03-06,06:50:00,361,"47,9",CATINGUEIRA,PB,Colisão frontal,Reação tardia ou ineficiente do condutor,Céu Claro,2025-03-06,6
2025-03-06,09:25:00,116,263,CANOAS,RS,Colisão transversal,Conversão proibida,Céu Claro,2025-03-06,9
2025-02-20,20:30:00,101,249,SILVA JARDIM,RJ,Incêndio,Demais falhas mecânicas ou elétricas,Céu Claro,2025-02-20,20
2025-03-06,09:30:00,101,204,SAO JOSE,SC,Colisão traseira,Condutor deixou de manter distância do veículo da frente,Céu Claro,2025-03-06,9
2025-03-06,07:50:00,101,"435,5",SOMBRIO,SC,Colisão transversal,Desrespeitar a preferência no cruzamento,Céu Claro,2025-03-06,7
2025-02-28,00:20:00,285,"479,8",CORONEL BARROS,RS,Tombamento,Ausência de reação do condutor,Céu Claro,2025-02-28,0
2025-02-14,21:30:00,40,111,DUQUE DE CAXIAS,RJ,Engavetamento,Reação tardia ou ineficiente do condutor,Céu Claro,2025-02-14,21
2025-03-06,10:00:00,381,500,BETIM,MG,Colisão traseira,Manobra de mudança de faixa,Céu Claro,2025-03-06,10
2025-03-06,10:30:00,101,90,JOAO PESSOA,PB,Colisão lateral mesmo sentido,Manobra de mudança de faixa,Céu Claro,2025-03-06,10
2025-02-26,18:00:00,448,15,CANOAS,RS,Incêndio,Demais falhas mecânicas ou elétricas,Nublado,2025-02-26,18
2025-03-06,10:10:00,153,509,APARECIDA DE GOIANIA,GO,Queda de ocupante de veículo,Reação tardia ou ineficiente do condutor,Céu Claro,2025-03-06,10
2025-03-06,10:30:00,153,43,SANTO ANTONIO DA PLATINA,PR,Colisão transversal,Desrespeitar a preferência no cruzamento,Céu Claro,2025-03-06,10
2025-03-06,10:00:00,277,"114,1",CAMPO LARGO,PR,Engavetamento,Reação tardia ou ineficiente do condutor,Céu Claro,2025-03-06,10
2025-03-01,08:50:00,316,119,SANTA MARIA DO PARA,PA,Colisão lateral mesmo sentido,Acessar a via sem observar a presença dos outros veículos,Nublado,2025-03-01,8
2025-03-06,11:20:00,101,72,RECIFE,PE,Colisão transversal,Manobra de mudança de faixa,Sol,2025-03-06,11
2025-01-22,05:45:00,369,"458,7",CORBELIA,PR,Colisão frontal,Manobra de mudança de faixa,Céu Claro,2025-01-22,5
2025-03-06,12:09:00,101,120,SAO JOSE DE MIPIBU,RN,Colisão traseira,Condutor deixou de manter distância do veículo da frente,Céu Claro,2025-03-06,12
2025-03-06,12:05:00,116,248,SAO LEOPOLDO,RS,Colisão lateral mesmo sentido,Acessar a via sem observar a presença dos outros veículos,Céu Claro,2025-03-06,12
2025-03-06,12:27:00,262,19,VIANA,ES,Colisão transversal,Acesso irregular,Céu Claro,2025-03-06,12
2025-03-06,10:36:00,364,704,PORTO VELHO,RO,Colisão lateral mesmo sentido,Manobra de mudança de faixa,Céu Claro,2025-03-06,10
2025-03-06,12:40:00,376,460,TIBAGI,PR,Saída de leito carroçável,Acumulo de óleo sobre o pavimento,Sol,2025-03-06,12
2025-03-06,13:00:00,392,67,PELOTAS,RS,Colisão transversal,Desrespeitar a preferência no cruzamento,Céu Claro,2025-03-06,13
2025-03-06,09:30:00,116,"6,8",MAFRA,SC,Colisão transversal,Acessar a via sem observar a presença dos outros veículos,Céu Claro,2025-03-06,9
2025-03-06,12:40:00,407,"122,8",PETROLINA,PE,Colisão transversal,Retorno proibido,Sol,2025-03-06,12
2025-03-06,13:15:00,222,2,FORTALEZA,CE,Atropelamento de Pedestre,Acessar a via sem observar a presença dos outros veículos,Céu Claro,2025-03-06,13
2025-03-06,12:30:00,376,"489,7",PONTA GROSSA,PR,Engavetamento,Velocidade Incompatível,Céu Claro,2025-03-06,12
2025-03-06,11:20:00,116,131,MAGE,RJ,Queda de ocupante de veículo,Acumulo de óleo sobre o pavimento,Sol,2025-03-06,11
2025-03-06,12:25:00,280,"28,7",ARAQUARI,SC,Atropelamento de Pedestre,Reação tardia ou ineficiente do condutor,Céu Claro,2025-03-06,12
2025-02-22,13:50:00,267,"137,9",JUIZ DE FORA,MG,Incêndio,Demais falhas mecânicas ou elétricas,Céu Claro,2025-02-22,13
2025-03-05,00:06:00,174,15,VILHENA,RO,Saída de leito carroçável,Reação tardia ou ineficiente do condutor,Nublado,2025-03-05,0
2025-03-06,10:00:00,40,109,DUQUE DE CAXIAS,RJ,Colisão traseira,Trafegar com motocicleta (ou similar) entre as faixas,Céu Claro,2025-03-06,10
2025-03-06,14:00:00,101,168,TIJUCAS,SC,Tombamento,Reação tardia ou ineficiente do condutor,Céu Claro,2025-03-06,14
2025-01-10,22:40:00,230,28,JOAO PESSOA,PB,Tombamento,Ausência de reação do condutor,Céu Claro,2025-01-10,22
2025-03-06,13:50:00,116,423,FEIRA DE SANTANA,BA,Colisão traseira,Condutor deixou de manter distância do veículo da frente,Céu Claro,2025-03-06,13
2025-03-06,13:00:00,116,177,MESQUITA,RJ,Queda de ocupante de veículo,Demais falhas mecânicas ou elétricas,Céu Claro,2025-03-06,13
2025-03-06,13:20:00,158,"80,8",PARANAIBA,MS,Saída de leito carroçável,Ingestão de álcool pelo condutor,Céu Claro,2025-03-06,13
2025-03-06,14:40:00,423,"91,9",GARANHUNS,PE,Colisão transversal,Acessar a via sem observar a presença dos outros veículos,Céu Claro,2025-03-06,14
2025-03-06,13:20:00,230,0,BARAO DE GRAJAU,MA,Tombamento,Reação tardia ou ineficiente do condutor,Sol,2025-03-06,13
2025-03-06,14:20:00,376,199,MARIALVA,PR,Colisão lateral mesmo sentido,Trafegar com motocicleta (ou similar) entre as faixas,Sol,2025-03-06,14
2025-03-06,13:40:00,468,"50,9",CORONEL BICACO,RS,Colisão lateral mesmo sentido,Ausência de reação do condutor,Céu Claro,2025-03-06,13
2025-03-06,15:00:00,232,"206,3",PESQUEIRA,PE,Colisão transversal,Acessar a via sem observar a presença dos outros veículos,Céu Claro,2025-03-06,15
2025-03-06,15:30:00,280,"130,5",RIO NEGRINHO,SC,Colisão transversal,Acesso irregular,Céu Claro,2025-03-06,15
2025-03-06,13:10:00,10,248,IMPERATRIZ,MA,Atropelamento de Pedestre,Semáforo com defeito,Céu Claro,2025-03-06,13
2025-03-06,14:53:00,101,123,ITAJAI,SC,Colisão transversal,Acessar a via sem observar a presença dos outros veículos,Céu Claro,2025-03-06,14
2025-03-06,13:18:00,163,831,SINOP,MT,Colisão transversal,Acessar a via sem observar a presença dos outros veículos,Céu Claro,2025-03-06,13
2025-03-06,16:40:00,101,260,SERRA,ES,Tombamento,Manobra de mudança de faixa,Céu Claro,2025-03-06,16
2025-03-06,16:45:00,262,"160,5",IBATIBA,ES,Colisão lateral mesmo sentido,Acessar a via sem observar a presença dos outros veículos,Nublado,2025-03-06,16
2025-03-06,13:50:00,401,51,BONFIM,RR,Incêndio,Demais falhas mecânicas ou elétricas,Céu Claro,2025-03-06,13
2025-03-06,16:40:00,101,139,LINHARES,ES,Queda de ocupante de veículo,Demais falhas mecânicas ou elétricas,Céu Claro,2025-03-06,16
2025-02-26,10:00:00,393,167,TRES RIOS,RJ,Tombamento,Acessar a via sem observar a presença dos outros veículos,Sol,2025-02-26,10
2025-03-06,17:00:00,365,623,UBERLANDIA,MG,Colisão traseira,Frear bruscamente,Céu Claro,2025-03-06,17
2025-03-06,17:20:00,101,118,SAO JOSE DE MIPIBU,RN,Colisão lateral mesmo sentido,Desrespeitar a preferência no cruzamento,Céu Claro,2025-03-06,17
2025-03-06,17:09:00,381,"500,5",BETIM,MG,Colisão traseira,Ausência de reação do condutor,Céu Claro,2025-03-06,17
2025-03-06,15:10:00,101,"27,2",JOAQUIM GOMES,AL,Incêndio,Demais falhas mecânicas ou elétricas,Nublado,2025-03-06,15
2025-02-06,17:00:00,116,"295,1",ITAPECERICA DA SERRA,SP,Colisão lateral mesmo sentido,Reação tardia ou ineficiente do condutor,Céu Claro,2025-02-06,17
2025-02-09,19:00:00,163,2,BARRACAO,PR,Capotamento,Ausência de reação do condutor,Céu Claro,2025-02-09,19
2025-03-06,17:00:00,369,"179,5",ARAPONGAS,PR,Colisão traseira,Reação tardia ou ineficiente do condutor,Céu Claro,2025-03-06,17
2025-03-06,17:20:00,101,113,ITAJAI,SC,Colisão lateral mesmo sentido,Ausência de reação do condutor,Nublado,2025-03-06,17
2025-01-05,13:05:00,369,"473,8",CORBELIA,PR,Colisão traseira,Reação tardia ou ineficiente do condutor,Céu Claro,2025-01-05,13
2025-03-06,17:20:00,40,9,VALPARAISO DE GOIAS,GO,Colisão traseira,Reação tardia ou ineficiente do condutor,Céu Claro,2025-03-06,17
2025-03-06,17:50:00,282,2,FLORIANOPOLIS,SC,Colisão traseira,Reação tardia ou ineficiente do condutor,Sol,2025-03-06,17
2025-03-06,17:27:00,101,122,CAAPORA,PB,Saída de leito carroçável,Acumulo de água sobre o pavimento,Chuva,2025-03-06,17
2025-03-06,18:15:00,101,44,UBATUBA,SP,Colisão transversal,Acesso irregular,Céu Claro,2025-03-06,18
2025-03-06,18:00:00,470,73,INDAIAL,SC,Tombamento,Demais falhas mecânicas ou elétricas,Céu Claro,2025-03-06,18
2025-03-06,18:30:00,282,17,PALHOCA,SC,Colisão traseira,Condutor deixou de manter distância do veículo da frente,Céu Claro,2025-03-06,18
2025-03-06,17:17:00,423,"96,5",GARANHUNS,PE,Colisão traseira,Ingestão de álcool pelo condutor,Céu Claro,2025-03-06,17
2025-03-06,16:30:00,116,"45,5",VACARIA,RS,Tombamento,Reação tardia ou ineficiente do condutor,Céu Claro,2025-03-06,16
2025-03-06,15:15:00,101,296,ITABORAI,RJ,Queda de ocupante de veículo,Mal súbito do condutor,Céu Claro,2025-03-06,15
2025-03-06,18:30:00,280,"131,3",RIO NEGRINHO,SC,Colisão transversal,Reação tardia ou ineficiente do condutor,Céu Claro,2025-03-06,18
2025-03-06,17:50:00,470,"89,1",ASCURRA,SC,Colisão transversal,Desrespeitar a preferência no cruzamento,Céu Claro,2025-03-06,17
2025-03-06,15:30:00,428,"164,7",PETROLINA,PE,Saída de leito carroçável,Velocidade Incompatível,Sol,2025-03-06,15
2025-03-06,17:00:00,381,677,PERDOES,MG,Colisão traseira,Condutor deixou de manter distância do veículo da frente,Céu Claro,2025-03-06,17
2025-03-06,14:30:00,153,"117,9",PASSO FUNDO,RS,Saída de leito carroçável,Velocidade Incompatível,Céu Claro,2025-03-06,14
2025-03-06,19:20:00,116,65,GUARATINGUETA,SP,Tombamento,Reação tardia ou ineficiente do condutor,Céu Claro,2025-03-06,19
2025-03-06,18:40:00,230,"20,9",JOAO PESSOA,PB,Colisão traseira,Ausência de reação do condutor,Chuva,2025-03-06,18
2025-03-06,18:10:00,135,2,SAO LUIS,MA,Engavetamento,Condutor deixou de manter distância do veículo da frente,Chuva,2025-03-06,18
2025-03-06,08:30:00,101,"641,4",MASCOTE,BA,Colisão frontal,Velocidade Incompatível,Céu Claro,2025-03-06,8
2025-03-06,18:00:00,493,71,NOVA IGUACU,RJ,Saída de leito carroçável,Reação tardia ou ineficiente do condutor,Céu Claro,2025-03-06,18
2025-03-06,19:05:00,304,97,ARACATI,CE,Incêndio,Demais falhas mecânicas ou elétricas,Céu Claro,2025-03-06,19
2025-03-06,16:30:00,324,531,SANTO AMARO,BA,Tombamento,Avarias e/ou desgaste excessivo no pneu,Céu Claro,2025-03-06,16
2025-03-06,19:50:00,116,"530,8",CAPAO DO LEAO,RS,Colisão transversal,Desrespeitar a preferência no cruzamento,Céu Claro,2025-03-06,19
2025-03-06,19:35:00,381,511,IGARAPE,MG,Colisão lateral sentido oposto,Acessar a via sem observar a presença dos outros veículos,Céu Claro,2025-03-06,19
2025-03-06,20:10:00,381,480,CONTAGEM,MG,Colisão traseira,Velocidade Incompatível,Céu Claro,2025-03-06,20
2025-03-06,19:30:00,476,159,ARAUCARIA,PR,Colisão traseira,Acesso irregular,Céu Claro,2025-03-06,19
2025-03-06,18:20:00,20,10,BRASILIA,DF,Colisão com objeto,Chuva,Chuva,2025-03-06,18
2025-03-06,20:30:00,40,"645,7",CRISTIANO OTONI,MG,Colisão traseira,Ausência de reação do condutor,Céu Claro,2025-03-06,20
2025-03-06,19:45:00,381,55,MAIRIPORA,SP,Queda de ocupante de veículo,Ausência de reação do condutor,Céu Claro,2025-03-06,19
2025-03-06,18:00:00,70,4,BARRA DO GARCAS,MT,Colisão lateral mesmo sentido,Ingestão de álcool pelo condutor,Céu Claro,2025-03-06,18
2025-03-06,20:35:00,290,92,PORTO ALEGRE,RS,Colisão traseira,Acessar a via sem observar a presença dos outros veículos,Céu Claro,2025-03-06,20
2025-03-06,14:30:00,158,7,BARRA DO GARCAS,MT,Queda de ocupante de veículo,Acumulo de óleo sobre o pavimento,Céu Claro,2025-03-06,14
2025-03-06,20:28:00,222,"65,1",SAO GONCALO DO AMARANTE,CE,Atropelamento de Animal,Animais na Pista,Céu Claro,2025-03-06,20
2025-03-06,19:30:00,101,303,LAGUNA,SC,Colisão traseira,Ingestão de álcool pelo condutor,Céu Claro,2025-03-06,19
2025-03-06,19:45:00,70,2,AGUAS LINDAS DE GOIAS,GO,Colisão traseira,Ingestão de álcool pelo condutor,Céu Claro,2025-03-06,19
2025-03-06,18:25:00,495,1,TERESOPOLIS,RJ,Colisão traseira,Condutor deixou de manter distância do veículo da frente,Céu Claro,2025-03-06,18
2025-03-06,21:40:00,465,"15,4",SEROPEDICA,RJ,Colisão traseira,Ausência de reação do condutor,Céu Claro,2025-03-06,21
2025-03-06,22:00:00,153,510,APARECIDA DE GOIANIA,GO,Colisão frontal,Transitar na contramão,Céu Claro,2025-03-06,22
2025-03-06,18:30:00,40,115,DUQUE DE CAXIAS,RJ,Tombamento,Reação tardia ou ineficiente do condutor,Céu Claro,2025-03-06,18
2025-03-06,20:30:00,267,26,ARGIRITA,MG,Colisão frontal,Ultrapassagem Indevida,Céu Claro,2025-03-06,20
2025-03-06,14:30:00,101,472,ANGRA DOS REIS,RJ,Colisão transversal,Acessar a via sem observar a presença dos outros veículos,Céu Claro,2025-03-06,14
2025-03-06,19:20:00,373,249,GUAMIRANGA,PR,Saída de leito carroçável,Velocidade Incompatível,Céu Claro,2025-03-06,19
2025-03-07,00:05:00,158,322,SANTA MARIA,RS,Colisão transversal,Desrespeitar a preferência no cruzamento,Céu Claro,2025-03-07,0
2025-03-07,00:00:00,50,"174,5",UBERABA,MG,Tombamento,Reação tardia ou ineficiente do condutor,Nublado,2025-03-07,0
2025-03-06,18:30:00,40,104,DUQUE DE CAXIAS,RJ,Colisão transversal,Desrespeitar a preferência no cruzamento,Nublado,2025-03-06,18
2025-03-07,00:00:00,476,147,CURITIBA,PR,Saída de leito carroçável,Mal súbito do condutor,Nublado,2025-03-07,0
2025-03-06,22:30:00,101,"281,1",IMBITUBA,SC,Queda de ocupante de veículo,Avarias e/ou desgaste excessivo no pneu,Nublado,2025-03-06,22
2025-03-07,00:28:00,70,319,JUSSARA,GO,Saída de leito carroçável,Ausência de reação do condutor,Céu Claro,2025-03-07,0
2025-03-06,18:40:00,10,322,SAO MIGUEL DO GUAMA,PA,Colisão frontal,Transitar na contramão,Garoa/Chuvisco,2025-03-06,18
2025-03-07,04:00:00,10,456,PALMAS,TO,Saída de leito carroçável,Ausência de reação do condutor,Céu Claro,2025-03-07,4
2025-03-07,04:30:00,381,"451,1",SABARA,MG,Atropelamento de Pedestre,Entrada inopinada do pedestre,Céu Claro,2025-03-07,4
2025-03-07,00:06:00,470,320,CAMPOS NOVOS,SC,Atropelamento de Pedestre,Pedestre andava na pista,Céu Claro,2025-03-07,0
2025-03-07,05:10:00,101,340,TUBARAO,SC,Saída de leito carroçável,Reação tardia ou ineficiente do condutor,Céu Claro,2025-03-07,5
2025-03-07,03:30:00,163,"577,1",NOVA MUTUM,MT,Saída de leito carroçável,Reação tardia ou ineficiente do condutor,Céu Claro,2025-03-07,3
2025-03-07,06:09:00,101,424,ATILIO VIVACQUA,ES,Colisão com objeto,Condutor Dormindo,Céu Claro,2025-03-07,6
2025-03-07,06:50:00,407,"122,1",PETROLINA,PE,Colisão transversal,Conversão proibida,Sol,2025-03-07,6
2025-03-07,05:55:00,101,"122,8",CAAPORA,PB,Saída de leito carroçável,Reação tardia ou ineficiente do condutor,Garoa/Chuvisco,2025-03-07,5
2025-03-06,21:41:00,364,"364,7",SANTO ANTONIO DO LEVERGER,MT,Incêndio,Demais falhas mecânicas ou elétricas,Nublado,2025-03-06,21
2025-03-07,06:40:00,40,"524,4",CONTAGEM,MG,Engavetamento,Pedestre cruzava a pista fora da faixa,Céu Claro,2025-03-07,6
2025-03-07,07:10:00,365,"621,9",UBERLANDIA,MG,Colisão lateral mesmo sentido,Manobra de mudança de faixa,Céu Claro,2025-03-07,7
2025-03-07,07:35:00,470,209,BENTO GONCALVES,RS,Colisão lateral mesmo sentido,Acessar a via sem observar a presença dos outros veículos,Céu Claro,2025-03-07,7
2025-03-07,08:00:00,101,200,SAO JOSE,SC,Queda de ocupante de veículo,Reação tardia ou ineficiente do condutor,Nublado,2025-03-07,8
2025-03-07,07:25:00,60,"171,8",GOIANIA,GO,Capotamento,Reação tardia ou ineficiente do condutor,Céu Claro,2025-03-07,7
2025-03-07,08:00:00,153,334,GUARAI,TO,Colisão traseira,Ausência de reação do condutor,Céu Claro,2025-03-07,8
2025-03-07,08:05:00,365,621,UBERLANDIA,MG,Colisão traseira,Desvio temporário,Céu Claro,2025-03-07,8
2025-03-07,07:35:00,20,26,BRASILIA,DF,Colisão traseira,Animais na Pista,Céu Claro,2025-03-07,7
2025-03-07,08:00:00,116,128,MAGE,RJ,Colisão com objeto,Reação tardia ou ineficiente do condutor,Céu Claro,2025-03-07,8
2025-03-07,07:50:00,230,"16,6",JOAO PESSOA,PB,Colisão traseira,Reação tardia ou ineficiente do condutor,Nublado,2025-03-07,7
2025-03-04,16:00:00,414,437,ANAPOLIS,GO,Colisão com objeto,Ingestão de álcool pelo condutor,Céu Claro,2025-03-04,16
2025-03-07,08:35:00,290,"95,9",PORTO ALEGRE,RS,Colisão lateral mesmo sentido,Trafegar com motocicleta (ou similar) entre as faixas,Céu Claro,2025-03-07,8
2025-03-07,08:15:00,116,499,CAJATI,SP,Saída de leito carroçável,Reação tardia ou ineficiente do condutor,Chuva,2025-03-07,8
2025-03-07,08:25:00,465,0,SEROPEDICA,RJ,Colisão transversal,Retorno proibido,Céu Claro,2025-03-07,8
2025-03-07,09:00:00,116,227,GUARULHOS,SP,Colisão traseira,Condutor deixou de manter distância do veículo da frente,Sol,2025-03-07,9
2025-03-07,08:30:00,116,70,TERESOPOLIS,RJ,Colisão transversal,Acessar a via sem observar a presença dos outros veículos,Céu Claro,2025-03-07,8
2025-03-07,08:03:00,232,41,VITORIA DE SANTO ANTAO,PE,Saída de leito carroçável,Ausência de reação do condutor,Céu Claro,2025-03-07,8
2025-03-07,08:30:00,153,520,HIDROLANDIA,GO,Colisão transversal,Desrespeitar a preferência no cruzamento,Céu Claro,2025-03-07,8
2025-03-07,09:00:00,230,14,CABEDELO,PB,Colisão lateral mesmo sentido,Reação tardia ou ineficiente do condutor,Céu Claro,2025-03-07,9
2025-03-07,08:00:00,116,148,DUQUE DE CAXIAS,RJ,Colisão traseira,Reação tardia ou ineficiente do condutor,Céu Claro,2025-03-07,8
2025-03-07,09:15:00,116,267,CANOAS,RS,Colisão lateral mesmo sentido,Acessar a via sem observar a presença dos outros veículos,Céu Claro,2025-03-07,9
2025-03-07,06:30:00,381,455,BELO HORIZONTE,MG,Colisão traseira,Ausência de reação do condutor,Céu Claro,2025-03-07,6
2025-03-07,08:09:00,376,671,GUARATUBA,PR,Colisão com objeto,Chuva,Chuva,2025-03-07,8
2025-03-07,09:00:00,158,308,ITAARA,RS,Colisão transversal,Restrição de visibilidade em curvas verticais,Céu Claro,2025-03-07,9
2025-03-07,09:10:00,116,100,PINDAMONHANGABA,SP,Queda de ocupante de veículo,Demais falhas mecânicas ou elétricas,Sol,2025-03-07,9
2025-02-20,07:15:00,40,23,LUZIANIA,GO,Colisão transversal,Acessar a via sem observar a presença dos outros veículos,Céu Claro,2025-02-20,7
2025-03-07,09:45:00,324,"1,5",FEIRA DE SANTANA,BA,Queda de ocupante de veículo,Demais falhas mecânicas ou elétricas,Céu Claro,2025-03-07,9
2025-03-07,08:29:00,116,529,CAPAO DO LEAO,RS,Colisão traseira,Reação tardia ou ineficiente do condutor,Céu Claro,2025-03-07,8
2025-03-07,08:30:00,40,77,PETROPOLIS,RJ,Capotamento,Chuva,Chuva,2025-03-07,8
2025-03-06,19:30:00,10,114,PARAGOMINAS,PA,Atropelamento de Animal,Animais na Pista,Garoa/Chuvisco,2025-03-06,19
2025-03-07,09:40:00,418,"87,5",NOVA VICOSA,BA,Colisão transversal,Acessar a via sem observar a presença dos outros veículos,Céu Claro,2025-03-07,9
2025-03-07,08:45:00,407,"1,8",JUAZEIRO,BA,Colisão traseira,Ausência de reação do condutor,Céu Claro,2025-03-07,8
2025-03-07,06:00:00,316,304,FLORESTA,PE,Colisão traseira,Condutor deixou de manter distância do veículo da frente,Céu Claro,2025-03-07,6
2025-03-07,10:20:00,381,482,BETIM,MG,Tombamento,Demais falhas mecânicas ou elétricas,Céu Claro,2025-03-07,10
2025-02-19,18:50:00,381,485,BETIM,MG,Colisão lateral mesmo sentido,Ausência de reação do condutor,Céu Claro,2025-02-19,18
2025-03-07,09:31:00,381,7,VARGEM,SP,Colisão traseira,Reação tardia ou ineficiente do condutor,Céu Claro,2025-03-07,9
2025-03-07,09:40:00,153,"176,3",COMENDADOR GOMES,MG,Tombamento,Demais falhas mecânicas ou elétricas,Céu Claro,2025-03-07,9
2025-03-07,10:30:00,365,"3,1",MONTES CLAROS,MG,Incêndio,Demais falhas mecânicas ou elétricas,Céu Claro,2025-03-07,10
2025-03-07,10:15:00,101,152,ITAPEMA,SC,Colisão transversal,Acessar a via sem observar a presença dos outros veículos,Garoa/Chuvisco,2025-03-07,10
2025-02-20,08:35:00,116,7,FORTALEZA,CE,Colisão traseira,Demais falhas mecânicas ou elétricas,Chuva,2025-02-20,8
2025-03-07,08:00:00,116,100,SAO JOSE DOS PINHAIS,PR,Colisão lateral mesmo sentido,Reação tardia ou ineficiente do condutor,Céu Claro,2025-03-07,8
2025-02-19,17:45:00,70,15,BRASILIA,DF,Tombamento,Manobra de mudança de faixa,Céu Claro,2025-02-19,17
2025-03-01,21:40:00,230,"163,8",CAMPINA GRANDE,PB,Tombamento,Ingestão de álcool pelo condutor,Nublado,2025-03-01,21
2025-03-07,10:00:00,364,250,JUSCIMEIRA,MT,Colisão traseira,Reação tardia ou ineficiente do condutor,Céu Claro,2025-03-07,10
2025-03-07,10:55:00,101,"149,3",ESTANCIA,SE,Colisão transversal,Retorno proibido,Sol,2025-03-07,10
2025-03-07,11:35:00,153,"616,2",MORRINHOS,GO,Saída de leito carroçável,Ausência de reação do condutor,Céu Claro,2025-03-07,11
2025-03-07,10:00:00,101,131,SAO MIGUEL DOS CAMPOS,AL,Colisão traseira,Condutor deixou de manter distância do veículo da frente,Nublado,2025-03-07,10
2025-03-07,11:45:00,153,"47,7",ERECHIM,RS,Colisão transversal,Acessar a via sem observar a presença dos outros veículos,Céu Claro,2025-03-07,11
2025-03-07,10:40:00,381,86,ATIBAIA,SP,Colisão frontal,Transitar na contramão,Céu Claro,2025-03-07,10
2025-02-20,21:00:00,101,"326,7",CAPIVARI DE BAIXO,SC,Tombamento,Reação tardia ou ineficiente do condutor,Ignorado,2025-02-20,21
2025-03-07,12:20:00,116,"715,7",MURIAE,MG,Saída de leito carroçável,Velocidade Incompatível,Chuva,2025-03-07,12