data_inversa,horario,br,km,municipio,uf,tipo_acidente,causa_acidente,condicao_metereologica,data,hora
2025-03-07,11:30:00,101,310,SAO GONCALO,RJ,Colisão traseira,Ausência de reação do condutor,Céu Claro,2025-03-07,11
2025-03-07,11:05:00,101,"0,5",NITEROI,RJ,Colisão com objeto,Reação tardia ou ineficiente do condutor,Céu Claro,2025-03-07,11
2025-03-07,11:30:00,476,1,ADRIANOPOLIS,PR,Colisão lateral mesmo sentido,Ultrapassagem Indevida,Céu Claro,2025-03-07,11
2025-03-07,12:30:00,101,"212,9",PALHOCA,SC,Colisão lateral mesmo sentido,Manobra de mudança de faixa,Céu Claro,2025-03-07,12
2025-03-07,11:32:00,230,115,MARABA,PA,Colisão lateral mesmo sentido,Manobra de mudança de faixa,Céu Claro,2025-03-07,11
2025-03-07,12:15:00,40,"707,8",BARBACENA,MG,Colisão com objeto,Avarias e/ou desgaste excessivo no pneu,Chuva,2025-03-07,12
2025-03-07,12:20:00,285,111,VACARIA,RS,Saída de leito carroçável,Reação tardia ou ineficiente do condutor,Céu Claro,2025-03-07,12
2025-03-07,13:05:00,101,"196,6",BIGUACU,SC,Colisão com objeto,Reação tardia ou ineficiente do condutor,Céu Claro,2025-03-07,13
2025-03-07,10:00:00,101,66,SAO MATEUS,ES,Colisão lateral mesmo sentido,Acessar a via sem observar a presença dos outros veículos,Céu Claro,2025-03-07,10
2025-03-07,12:30:00,324,"612,9",SALVADOR,BA,Colisão frontal,Ausência de reação do condutor,Céu Claro,2025-03-07,12
2025-03-07,12:05:00,319,"63,3",PORTO VELHO,RO,Engavetamento,Reação tardia ou ineficiente do condutor,Garoa/Chuvisco,2025-03-07,12
2025-03-07,12:20:00,393,"2,4",CACHOEIRO DE ITAPEMIRIM,ES,Atropelamento de Pedestre,Transtornos Mentais (exceto suicidio),Céu Claro,2025-03-07,12
2025-03-07,11:15:00,116,506,CAJATI,SP,Saída de leito carroçável,Reação tardia ou ineficiente do condutor,Nublado,2025-03-07,11
2025-03-07,12:50:00,230,16,JOAO PESSOA,PB,Colisão lateral mesmo sentido,Velocidade Incompatível,Céu Claro,2025-03-07,12
2025-03-07,13:25:00,101,"194,7",BIGUACU,SC,Engavetamento,Reação tardia ou ineficiente do condutor,Céu Claro,2025-03-07,13
2025-03-07,13:19:00,376,660,TIJUCAS DO SUL,PR,Capotamento,Chuva,Chuva,2025-03-07,13
2025-03-07,13:00:00,101,491,ANGRA DOS REIS,RJ,Saída de leito carroçável,Reação tardia ou ineficiente do condutor,Céu Claro,2025-03-07,13
2025-03-07,14:00:00,40,"728,9",OLIVEIRA FORTES,MG,Colisão com objeto,Velocidade Incompatível,Nublado,2025-03-07,14
2025-02-28,15:15:00,116,"268,5",BARRA MANSA,RJ,Colisão com objeto,Ausência de reação do condutor,Céu Claro,2025-02-28,15
2025-03-07,14:03:00,277,698,SAO MIGUEL DO IGUACU,PR,Colisão lateral mesmo sentido,Acessar a via sem observar a presença dos outros veículos,Céu Claro,2025-03-07,14
2025-03-07,14:10:00,376,"5,6",MANDAGUARI,PR,Colisão frontal,Velocidade Incompatível,Céu Claro,2025-03-07,14
2025-03-07,11:40:00,116,517,PELOTAS,RS,Colisão frontal,Transitar na contramão,Céu Claro,2025-03-07,11
2025-02-22,02:20:00,364,"318,1",PRESIDENTE MEDICI,RO,Colisão traseira,Ausência de reação do condutor,Céu Claro,2025-02-22,2
2025-03-07,14:45:00,376,"209,4",MANDAGUARI,PR,Saída de leito carroçável,Ausência de reação do condutor,Céu Claro,2025-03-07,14
2025-03-07,15:10:00,40,112,DUQUE DE CAXIAS,RJ,Colisão lateral mesmo sentido,Manobra de mudança de faixa,Sol,2025-03-07,15
2025-03-07,13:11:00,277,724,FOZ DO IGUACU,PR,Colisão lateral sentido oposto,Transitar na contramão,Céu Claro,2025-03-07,13
2025-03-07,15:40:00,101,"136,6",BALNEARIO CAMBORIU,SC,Colisão traseira,Reação tardia ou ineficiente do condutor,Céu Claro,2025-03-07,15
2025-03-07,16:40:00,277,70,CURITIBA,PR,Tombamento,Ausência de reação do condutor,Céu Claro,2025-03-07,16
2025-03-07,15:48:00,459,22,LORENA,SP,Tombamento,Avarias e/ou desgaste excessivo no pneu,Céu Claro,2025-03-07,15
2025-03-07,15:30:00,448,17,CANOAS,RS,Colisão lateral mesmo sentido,Manobra de mudança de faixa,Céu Claro,2025-03-07,15
2025-03-07,12:30:00,277,175,PALMEIRA,PR,Colisão lateral mesmo sentido,Acessar a via sem observar a presença dos outros veículos,Céu Claro,2025-03-07,12
2025-03-07,16:31:00,381,677,PERDOES,MG,Colisão com objeto,Reação tardia ou ineficiente do condutor,Céu Claro,2025-03-07,16
2025-03-07,16:00:00,101,70,RECIFE,PE,Colisão transversal,Acessar a via sem observar a presença dos outros veículos,Céu Claro,2025-03-07,16
2025-03-07,16:40:00,101,"392,3",RIO NOVO DO SUL,ES,Colisão transversal,Acessar a via sem observar a presença dos outros veículos,Nublado,2025-03-07,16
2025-03-07,16:14:00,365,644,INDIANOPOLIS,MG,Queda de ocupante de veículo,Mal súbito do condutor,Sol,2025-03-07,16
2025-03-07,17:40:00,101,"207,7",SAO JOSE,SC,Colisão lateral mesmo sentido,Manobra de mudança de faixa,Céu Claro,2025-03-07,17
2025-03-07,17:20:00,101,"296,9",CARIACICA,ES,Tombamento,Avarias e/ou desgaste excessivo no pneu,Céu Claro,2025-03-07,17
2025-03-07,17:01:00,282,24,SANTO AMARO DA IMPERATRIZ,SC,Engavetamento,Reação tardia ou ineficiente do condutor,Céu Claro,2025-03-07,17
2025-03-07,17:40:00,381,"502,5",BETIM,MG,Colisão traseira,Trafegar com motocicleta (ou similar) entre as faixas,Céu Claro,2025-03-07,17
2025-03-07,17:30:00,226,"4,4",NATAL,RN,Colisão transversal,Conversão proibida,Céu Claro,2025-03-07,17
2025-03-07,18:30:00,381,71,MAIRIPORA,SP,Colisão traseira,Reação tardia ou ineficiente do condutor,Céu Claro,2025-03-07,18
2025-03-07,18:35:00,116,426,FEIRA DE SANTANA,BA,Colisão transversal,Acesso irregular,Céu Claro,2025-03-07,18
2025-03-07,17:34:00,116,142,DUQUE DE CAXIAS,RJ,Queda de ocupante de veículo,Ausência de reação do condutor,Céu Claro,2025-03-07,17
2025-03-07,16:00:00,153,"244,5",FRONTEIRA,MG,Colisão frontal,Ultrapassagem Indevida,Céu Claro,2025-03-07,16
2025-03-07,18:00:00,476,145,CURITIBA,PR,Engavetamento,Reação tardia ou ineficiente do condutor,Céu Claro,2025-03-07,18
2025-03-07,17:30:00,116,523,PELOTAS,RS,Colisão lateral mesmo sentido,Reação tardia ou ineficiente do condutor,Céu Claro,2025-03-07,17
2025-03-07,15:36:00,135,48,BACABEIRA,MA,Capotamento,Manobra de mudança de faixa,Chuva,2025-03-07,15
2025-03-07,19:00:00,101,83,JABOATAO DOS GUARARAPES,PE,Colisão lateral mesmo sentido,Condutor deixou de manter distância do veículo da frente,Céu Claro,2025-03-07,19
2025-03-07,18:20:00,116,702,MURIAE,MG,Colisão transversal,Desrespeitar a preferência no cruzamento,Céu Claro,2025-03-07,18
2025-03-07,18:30:00,20,391,CAUCAIA,CE,Atropelamento de Pedestre,Entrada inopinada do pedestre,Céu Claro,2025-03-07,18
2025-03-07,19:30:00,40,104,DUQUE DE CAXIAS,RJ,Colisão transversal,Deixar de acionar o farol da motocicleta (ou similar),Céu Claro,2025-03-07,19
2025-03-07,17:50:00,386,"40,3",FREDERICO WESTPHALEN,RS,Colisão traseira,Ausência de reação do condutor,Céu Claro,2025-03-07,17
2025-03-07,14:40:00,116,54,LORENA,SP,Atropelamento de Animal,Animais na Pista,Céu Claro,2025-03-07,14
2025-03-07,18:00:00,153,"277,3",MARILIA,SP,Saída de leito carroçável,Ultrapassagem Indevida,Céu Claro,2025-03-07,18
2025-03-07,18:12:00,381,"694,5",LAVRAS,MG,Queda de ocupante de veículo,Afundamento ou ondulação no pavimento,Céu Claro,2025-03-07,18
2025-03-07,20:35:00,116,207,GUARULHOS,SP,Queda de ocupante de veículo,Objeto estático sobre o leito carroçável,Nublado,2025-03-07,20
2025-03-07,17:20:00,50,110,UBERABA,MG,Saída de leito carroçável,Ausência de reação do condutor,Céu Claro,2025-03-07,17
2025-03-07,13:00:00,364,424,JARU,RO,Colisão transversal,Desrespeitar a preferência no cruzamento,Garoa/Chuvisco,2025-03-07,13
2025-03-07,17:50:00,50,"175,9",UBERABA,MG,Colisão transversal,Condutor deixou de manter distância do veículo da frente,Céu Claro,2025-03-07,17
2025-03-07,20:00:00,116,129,MAGE,RJ,Tombamento,Ausência de reação do condutor,Céu Claro,2025-03-07,20
2025-03-07,20:50:00,116,220,GUARULHOS,SP,Colisão com objeto,Objeto estático sobre o leito carroçável,Céu Claro,2025-03-07,20
2025-03-07,20:30:00,153,"147,8",COMENDADOR GOMES,MG,Saída de leito carroçável,Velocidade Incompatível,Céu Claro,2025-03-07,20
2025-03-07,20:00:00,116,"17,1",VITORIA DA CONQUISTA,BA,Colisão transversal,Acessar a via sem observar a presença dos outros veículos,Céu Claro,2025-03-07,20
2025-03-07,20:00:00,101,79,ARAQUARI,SC,Saída de leito carroçável,Demais falhas mecânicas ou elétricas,Céu Claro,2025-03-07,20
2025-03-07,18:00:00,50,176,UBERABA,MG,Tombamento,Demais falhas mecânicas ou elétricas,Céu Claro,2025-03-07,18
2025-03-07,21:01:00,324,"615,1",SALVADOR,BA,Tombamento,Acumulo de areia ou detritos sobre o pavimento,Chuva,2025-03-07,21
2025-03-07,19:10:00,163,811,SINOP,MT,Colisão transversal,Demais falhas mecânicas ou elétricas,Chuva,2025-03-07,19
2025-03-07,18:10:00,110,366,CATU,BA,Colisão traseira,Reação tardia ou ineficiente do condutor,Céu Claro,2025-03-07,18
2025-03-07,16:20:00,101,263,SANTO ANTONIO DE JESUS,BA,Colisão transversal,Acessar a via sem observar a presença dos outros veículos,Sol,2025-03-07,16
2025-03-07,21:10:00,101,"206,3",SAO JOSE,SC,Colisão lateral mesmo sentido,Reação tardia ou ineficiente do condutor,Céu Claro,2025-03-07,21
2025-03-07,20:41:00,101,"291,7",CARIACICA,ES,Colisão traseira,Frear bruscamente,Céu Claro,2025-03-07,20
2025-03-07,19:30:00,230,473,SOUSA,PB,Colisão frontal,Transitar na contramão,Nublado,2025-03-07,19
2025-03-07,19:00:00,116,210,SEROPEDICA,RJ,Incêndio,Demais falhas mecânicas ou elétricas,Céu Claro,2025-03-07,19
2025-03-07,20:16:00,104,88,RIO LARGO,AL,Colisão traseira,Reação tardia ou ineficiente do condutor,Nublado,2025-03-07,20
2025-03-07,18:20:00,116,509,CAJATI,SP,Colisão com objeto,Reação tardia ou ineficiente do condutor,Céu Claro,2025-03-07,18
2025-03-07,21:40:00,423,29,SAO CAITANO,PE,Atropelamento de Animal,Animais na Pista,Céu Claro,2025-03-07,21
2025-03-07,21:10:00,60,163,GOIANIA,GO,Atropelamento de Pedestre,Ausência de reação do condutor,Céu Claro,2025-03-07,21
2025-03-07,20:15:00,356,"265,7",MURIAE,MG,Colisão frontal,Transitar na contramão,Nublado,2025-03-07,20
2025-03-07,20:30:00,116,120,ITAOBIM,MG,Atropelamento de Pedestre,Ausência de reação do condutor,Céu Claro,2025-03-07,20
2025-03-07,22:05:00,290,"29,9",SANTO ANTONIO DA PATRULHA,RS,Atropelamento de Pedestre,Entrada inopinada do pedestre,Céu Claro,2025-03-07,22
2025-03-07,17:20:00,163,177,JUTI,MS,Colisão traseira,Frear bruscamente,Céu Claro,2025-03-07,17
2025-03-07,22:15:00,280,"29,7",ARAQUARI,SC,Colisão transversal,Desrespeitar a preferência no cruzamento,Chuva,2025-03-07,22
2025-03-07,20:55:00,459,"38,4",CALDAS,MG,Saída de leito carroçável,Frear bruscamente,Céu Claro,2025-03-07,20
2025-03-07,20:20:00,285,84,VACARIA,RS,Atropelamento de Animal,Animais na Pista,Céu Claro,2025-03-07,20
2025-03-07,22:35:00,116,"10,7",COLOMBO,PR,Atropelamento de Pedestre,Pedestre andava na pista,Céu Claro,2025-03-07,22
2025-03-07,23:45:00,116,276,TEOFILO OTONI,MG,Atropelamento de Animal,Animais na Pista,Céu Claro,2025-03-07,23
2025-03-08,00:00:00,364,228,CACOAL,RO,Colisão traseira,Ingestão de álcool pelo condutor,Nublado,2025-03-08,0
2025-03-07,22:15:00,174,16,VILHENA,RO,Colisão frontal,Conversão proibida,Garoa/Chuvisco,2025-03-07,22
2025-03-08,01:05:00,386,"347,1",LAJEADO,RS,Colisão com objeto,Ingestão de álcool pelo condutor,Céu Claro,2025-03-08,1
2025-03-08,01:55:00,116,126,FAZENDA RIO GRANDE,PR,Colisão traseira,Ausência de reação do condutor,Céu Claro,2025-03-08,1
2025-03-08,00:30:00,376,618,SAO JOSE DOS PINHAIS,PR,Colisão com objeto,Ingestão de álcool pelo condutor,Nublado,2025-03-08,0
2025-03-08,01:00:00,285,"83,9",BOM JESUS,RS,Saída de leito carroçável,Ausência de reação do condutor,Céu Claro,2025-03-08,1
2025-03-08,01:30:00,116,259,ESTEIO,RS,Colisão frontal,Transitar na contramão,Céu Claro,2025-03-08,1
2025-03-08,00:20:00,293,273,DOM PEDRITO,RS,Capotamento,Ingestão de álcool pelo condutor,Céu Claro,2025-03-08,0
2025-03-08,03:00:00,285,"35,8",TIMBE DO SUL,SC,Tombamento,Reação tardia ou ineficiente do condutor,Céu Claro,2025-03-08,3
2025-03-08,03:15:00,470,56,BLUMENAU,SC,Colisão com objeto,Ingestão de álcool pelo condutor,Céu Claro,2025-03-08,3
2025-03-08,03:35:00,116,131,CACAPAVA,SP,Colisão com objeto,Condutor Dormindo,Céu Claro,2025-03-08,3
2025-03-08,00:50:00,163,1016,TERRA NOVA DO NORTE,MT,Queda de ocupante de veículo,Ingestão de álcool pelo condutor,Garoa/Chuvisco,2025-03-08,0
2025-03-08,04:00:00,277,683,SAO MIGUEL DO IGUACU,PR,Colisão com objeto,Reação tardia ou ineficiente do condutor,Céu Claro,2025-03-08,4
2025-03-08,04:00:00,282,"525,1",XAXIM,SC,Colisão frontal,Transitar na contramão,Céu Claro,2025-03-08,4
2025-03-08,04:10:00,316,152,PALMEIRA DOS INDIOS,AL,Atropelamento de Animal,Animais na Pista,Nublado,2025-03-08,4
2025-03-08,04:30:00,104,"34,4",CARUARU,PE,Atropelamento de Animal,Animais na Pista,Céu Claro,2025-03-08,4
2025-03-08,04:00:00,163,112,GUARUJA DO SUL,SC,Saída de leito carroçável,Ingestão de álcool pelo condutor,Céu Claro,2025-03-08,4
2025-03-08,05:10:00,40,60,PETROPOLIS,RJ,Saída de leito carroçável,Condutor Dormindo,Céu Claro,2025-03-08,5
2025-03-08,02:20:00,365,"350,5",VARJAO DE MINAS,MG,Queda de ocupante de veículo,Reação tardia ou ineficiente do condutor,Céu Claro,2025-03-08,2
2025-03-08,02:00:00,480,128,CHAPECO,SC,Colisão transversal,Acessar a via sem observar a presença dos outros veículos,Nublado,2025-03-08,2
2025-03-08,06:45:00,101,"190,8",BIGUACU,SC,Saída de leito carroçável,Ausência de reação do condutor,Garoa/Chuvisco,2025-03-08,6
2025-03-08,06:00:00,470,7,NAVEGANTES,SC,Colisão frontal,Ingestão de álcool pelo condutor,Nublado,2025-03-08,6
2025-03-08,00:00:00,116,335,RESENDE,RJ,Colisão lateral mesmo sentido,Ausência de sinalização,Céu Claro,2025-03-08,0
2025-03-08,07:00:00,282,68,RANCHO QUEIMADO,SC,Saída de leito carroçável,Reação tardia ou ineficiente do condutor,Garoa/Chuvisco,2025-03-08,7
2025-03-08,04:39:00,163,680,RIO VERDE DE MATO GROSSO,MS,Tombamento,Ausência de reação do condutor,Céu Claro,2025-03-08,4
2025-03-08,07:40:00,116,176,SAO JOAO DE MERITI,RJ,Tombamento,Reação tardia ou ineficiente do condutor,Céu Claro,2025-03-08,7
2025-03-08,07:09:00,101,"46,2",IGARASSU,PE,Colisão transversal,Transitar na calçada,Céu Claro,2025-03-08,7
2025-03-08,07:10:00,116,"38,4",HORIZONTE,CE,Saída de leito carroçável,Ausência de reação do condutor,Céu Claro,2025-03-08,7
2025-03-08,08:27:00,262,33,DOMINGOS MARTINS,ES,Colisão transversal,Acessar a via sem observar a presença dos outros veículos,Céu Claro,2025-03-08,8
2025-03-08,06:35:00,101,151,ITAPEMA,SC,Saída de leito carroçável,Ausência de reação do condutor,Céu Claro,2025-03-08,6
2025-03-08,05:00:00,101,23,CAMPOS DOS GOYTACAZES,RJ,Saída de leito carroçável,Mal súbito do condutor,Nublado,2025-03-08,5
2025-03-08,08:00:00,381,36,ATIBAIA,SP,Queda de ocupante de veículo,Afundamento ou ondulação no pavimento,Céu Claro,2025-03-08,8
2025-03-08,08:30:00,293,"147,9",CANDIOTA,RS,Colisão frontal,Transitar na contramão,Céu Claro,2025-03-08,8
2025-03-08,08:30:00,40,511,RIBEIRAO DAS NEVES,MG,Colisão com objeto,Objeto estático sobre o leito carroçável,Céu Claro,2025-03-08,8
2025-03-08,09:00:00,414,416,ANAPOLIS,GO,Queda de ocupante de veículo,Velocidade Incompatível,Céu Claro,2025-03-08,9
2025-03-08,09:04:00,101,269,SERRA,ES,Colisão transversal,Condutor desrespeitou a iluminação vermelha do semáforo,Nublado,2025-03-08,9
2025-03-08,06:30:00,101,194,CASIMIRO DE ABREU,RJ,Colisão com objeto,Ingestão de álcool pelo condutor,Céu Claro,2025-03-08,6
2025-03-08,07:38:00,280,30,ARAQUARI,SC,Colisão traseira,Condutor deixou de manter distância do veículo da frente,Céu Claro,2025-03-08,7
2025-03-08,08:30:00,467,"109,1",CASCAVEL,PR,Queda de ocupante de veículo,Ausência de reação do condutor,Céu Claro,2025-03-08,8
2025-03-08,10:00:00,232,8,RECIFE,PE,Saída de leito carroçável,Reação tardia ou ineficiente do condutor,Chuva,2025-03-08,10
2025-03-08,08:48:00,364,290,JACIARA,MT,Saída de leito carroçável,Reação tardia ou ineficiente do condutor,Céu Claro,2025-03-08,8
2025-03-08,09:15:00,101,312,SAO GONCALO,RJ,Tombamento,Avarias e/ou desgaste excessivo no pneu,Céu Claro,2025-03-08,9
2025-03-08,09:50:00,101,"86,6",JOAO PESSOA,PB,Colisão lateral mesmo sentido,Ausência de reação do condutor,Céu Claro,2025-03-08,9
2025-03-08,10:30:00,101,40,UBATUBA,SP,Colisão transversal,Acessar a via sem observar a presença dos outros veículos,Céu Claro,2025-03-08,10
2025-03-08,10:15:00,282,557,NOVA ITABERABA,SC,Capotamento,Ingestão de álcool pelo condutor,Céu Claro,2025-03-08,10
2025-03-08,11:00:00,280,47,GUARAMIRIM,SC,Colisão lateral mesmo sentido,Manobra de mudança de faixa,Céu Claro,2025-03-08,11
2025-03-08,09:45:00,163,316,TERRA ROXA,PR,Colisão frontal,Ultrapassagem Indevida,Sol,2025-03-08,9
2025-03-08,11:15:00,101,399,ITAGUAI,RJ,Queda de ocupante de veículo,Demais falhas mecânicas ou elétricas,Sol,2025-03-08,11
2025-03-08,11:30:00,381,85,SAO PAULO,SP,Colisão transversal,Manobra de mudança de faixa,Céu Claro,2025-03-08,11
2025-03-08,10:30:00,365,405,PATOS DE MINAS,MG,Tombamento,Acumulo de óleo sobre o pavimento,Sol,2025-03-08,10
2025-03-08,10:30:00,153,"339,5",IRATI,PR,Capotamento,Reação tardia ou ineficiente do condutor,Céu Claro,2025-03-08,10
2025-03-08,08:40:00,356,"267,2",MURIAE,MG,Colisão lateral mesmo sentido,Ultrapassagem Indevida,Nublado,2025-03-08,8
2025-03-08,08:50:00,365,"530,2",ROMARIA,MG,Incêndio,Demais falhas mecânicas ou elétricas,Céu Claro,2025-03-08,8
2025-03-08,10:30:00,349,985,CORRENTINA,BA,Saída de leito carroçável,Reação tardia ou ineficiente do condutor,Céu Claro,2025-03-08,10
2025-03-08,12:20:00,230,121,MARABA,PA,Colisão transversal,Transitar no Acostamento,Céu Claro,2025-03-08,12
2025-03-08,04:00:00,158,"619,8",AGUA BOA,MT,Capotamento,Ingestão de álcool pelo condutor,Céu Claro,2025-03-08,4
2025-03-08,13:35:00,101,202,SAO JOSE,SC,Colisão transversal,Acessar a via sem observar a presença dos outros veículos,Céu Claro,2025-03-08,13
2025-02-24,19:00:00,222,606,BOM JESUS DAS SELVAS,MA,Atropelamento de Pedestre,Área urbana sem a presença de local apropriado para a travessia de pedestres,Ignorado,2025-02-24,19
2025-03-08,07:45:00,282,"633,1",DESCANSO,SC,Saída de leito carroçável,Velocidade Incompatível,Céu Claro,2025-03-08,7
2025-03-08,12:30:00,364,208,RONDONOPOLIS,MT,Colisão transversal,Acessar a via sem observar a presença dos outros veículos,Nublado,2025-03-08,12
2025-03-08,13:56:00,381,"646,6",OLIVEIRA,MG,Capotamento,Condutor Dormindo,Céu Claro,2025-03-08,13
2025-03-08,13:05:00,116,187,NOVA IGUACU,RJ,Colisão lateral mesmo sentido,Trafegar com motocicleta (ou similar) entre as faixas,Céu Claro,2025-03-08,13
2025-03-08,09:30:00,110,352,CATU,BA,Capotamento,Velocidade Incompatível,Céu Claro,2025-03-08,9
2025-03-08,14:20:00,101,"232,1",PALHOCA,SC,Colisão lateral mesmo sentido,Reação tardia ou ineficiente do condutor,Céu Claro,2025-03-08,14
2025-03-08,13:30:00,40,103,DUQUE DE CAXIAS,RJ,Atropelamento de Pedestre,Pedestre cruzava a pista fora da faixa,Sol,2025-03-08,13
2025-03-08,14:00:00,101,306,SAO GONCALO,RJ,Colisão traseira,Condutor deixou de manter distância do veículo da frente,Sol,2025-03-08,14
2025-03-08,14:00:00,101,119,ITAJAI,SC,Colisão lateral mesmo sentido,Acesso irregular,Céu Claro,2025-03-08,14
2025-03-08,13:45:00,20,203,BOA VIAGEM,CE,Saída de leito carroçável,Reação tardia ou ineficiente do condutor,Sol,2025-03-08,13
2025-03-08,14:35:00,116,401,MIRACATU,SP,Saída de leito carroçável,Ingestão de álcool pelo condutor,Céu Claro,2025-03-08,14
2025-03-08,15:00:00,153,"42,2",ONDA VERDE,SP,Colisão frontal,Ausência de reação do condutor,Sol,2025-03-08,15
2025-03-08,13:20:00,412,"38,7",SAO JOAO DO CARIRI,PB,Saída de leito carroçável,Demais falhas mecânicas ou elétricas,Sol,2025-03-08,13
2025-03-08,15:39:00,280,30,ARAQUARI,SC,Colisão transversal,Acessar a via sem observar a presença dos outros veículos,Sol,2025-03-08,15
2025-03-08,14:10:00,101,388,RIO DE JANEIRO,RJ,Colisão traseira,Ausência de reação do condutor,Sol,2025-03-08,14
2025-03-08,14:25:00,381,75,SAO PAULO,SP,Saída de leito carroçável,Condutor Dormindo,Céu Claro,2025-03-08,14
2025-03-08,15:00:00,40,527,CONTAGEM,MG,Incêndio,Demais falhas mecânicas ou elétricas,Céu Claro,2025-03-08,15
2025-03-08,15:15:00,116,147,DUQUE DE CAXIAS,RJ,Queda de ocupante de veículo,Acumulo de óleo sobre o pavimento,Céu Claro,2025-03-08,15
2025-03-08,13:25:00,343,"2,7",TERESINA,PI,Colisão transversal,Acessar a via sem observar a presença dos outros veículos,Céu Claro,2025-03-08,13
2025-03-08,16:15:00,101,288,CARIACICA,ES,Incêndio,Demais falhas mecânicas ou elétricas,Céu Claro,2025-03-08,16
2025-03-08,14:55:00,101,445,UBAITABA,BA,Colisão com objeto,Ausência de reação do condutor,Céu Claro,2025-03-08,14
2025-03-08,14:00:00,376,"529,7",PONTA GROSSA,PR,Colisão lateral mesmo sentido,Manobra de mudança de faixa,Céu Claro,2025-03-08,14
2025-03-08,14:45:00,230,216,SOLEDADE,PB,Colisão transversal,Ingestão de álcool pelo condutor,Céu Claro,2025-03-08,14
2025-03-08,16:20:00,101,161,TIJUCAS,SC,Colisão lateral mesmo sentido,Manobra de mudança de faixa,Céu Claro,2025-03-08,16
2025-03-08,14:15:00,364,"368,4",OURO PRETO DO OESTE,RO,Colisão lateral mesmo sentido,Ultrapassagem Indevida,Céu Claro,2025-03-08,14
2025-03-08,16:22:00,232,"46,8",VITORIA DE SANTO ANTAO,PE,Saída de leito carroçável,Ausência de reação do condutor,Céu Claro,2025-03-08,16
2025-03-08,17:10:00,280,22,ARAQUARI,SC,Engavetamento,Reação tardia ou ineficiente do condutor,Céu Claro,2025-03-08,17
2025-03-08,17:15:00,101,314,VILA VELHA,ES,Queda de ocupante de veículo,Reação tardia ou ineficiente do condutor,Céu Claro,2025-03-08,17
2025-03-08,16:00:00,40,104,DUQUE DE CAXIAS,RJ,Colisão transversal,Acessar a via sem observar a presença dos outros veículos,Céu Claro,2025-03-08,16
2025-03-08,17:30:00,101,"108,3",SOORETAMA,ES,Colisão traseira,Acessar a via sem observar a presença dos outros veículos,Céu Claro,2025-03-08,17
2025-03-08,16:25:00,401,14,BOA VISTA,RR,Colisão lateral mesmo sentido,Condutor deixou de manter distância do veículo da frente,Chuva,2025-03-08,16
2025-03-08,16:00:00,262,799,UBERABA,MG,Colisão transversal,Acessar a via sem observar a presença dos outros veículos,Céu Claro,2025-03-08,16
2025-03-08,18:00:00,101,"195,9",BIGUACU,SC,Atropelamento de Animal,Animais na Pista,Céu Claro,2025-03-08,18
2025-03-08,17:30:00,116,"251,4",LAGES,SC,Colisão traseira,Condutor deixou de manter distância do veículo da frente,Céu Claro,2025-03-08,17
2025-03-08,18:20:00,343,593,FLORIANO,PI,Atropelamento de Animal,Ingestão de álcool pelo condutor,Céu Claro,2025-03-08,18
2025-03-08,16:35:00,373,"176,9",PONTA GROSSA,PR,Atropelamento de Pedestre,Pedestre andava na pista,Sol,2025-03-08,16
2025-03-08,19:30:00,101,6,BIGUACU,SC,Atropelamento de Animal,Animais na Pista,Céu Claro,2025-03-08,19
2025-03-08,18:20:00,101,334,NITEROI,RJ,Colisão lateral mesmo sentido,Manobra de mudança de faixa,Céu Claro,2025-03-08,18
2025-03-08,18:50:00,104,"142,1",QUEIMADAS,PB,Atropelamento de Animal,Animais na Pista,Céu Claro,2025-03-08,18
2025-03-08,20:00:00,277,71,SAO JOSE DOS PINHAIS,PR,Tombamento,Acessar a via sem observar a presença dos outros veículos,Céu Claro,2025-03-08,20
2025-03-08,19:15:00,470,"63,2",INDAIAL,SC,Colisão lateral mesmo sentido,Acessar a via sem observar a presença dos outros veículos,Céu Claro,2025-03-08,19
2025-03-08,17:00:00,364,563,NOBRES,MT,Saída de leito carroçável,Reação tardia ou ineficiente do condutor,Nublado,2025-03-08,17
2025-03-08,20:00:00,280,30,ARAQUARI,SC,Atropelamento de Pedestre,Entrada inopinada do pedestre,Céu Claro,2025-03-08,20
2025-03-08,20:15:00,101,122,ITAJAI,SC,Colisão lateral mesmo sentido,Condutor deixou de manter distância do veículo da frente,Céu Claro,2025-03-08,20
2025-03-08,18:15:00,277,301,PRUDENTOPOLIS,PR,Tombamento,Reação tardia ou ineficiente do condutor,Céu Claro,2025-03-08,18
2025-03-08,19:00:00,40,112,DUQUE DE CAXIAS,RJ,Queda de ocupante de veículo,Avarias e/ou desgaste excessivo no pneu,Ignorado,2025-03-08,19
2025-03-08,20:10:00,116,191,NOVA IGUACU,RJ,Colisão traseira,Demais falhas na via,Céu Claro,2025-03-08,20
2025-03-08,21:15:00,101,205,SAO JOSE,SC,Queda de ocupante de veículo,Ausência de reação do condutor,Céu Claro,2025-03-08,21
2025-03-08,18:30:00,101,300,SAO GONCALO,RJ,Incêndio,Demais falhas mecânicas ou elétricas,Céu Claro,2025-03-08,18
2025-03-08,21:00:00,304,"53,4",ARACATI,CE,Tombamento,Ingestão de álcool pelo condutor,Garoa/Chuvisco,2025-03-08,21
2025-03-08,20:50:00,50,"277,9",CATALAO,GO,Saída de leito carroçável,Ausência de reação do condutor,Céu Claro,2025-03-08,20
2025-03-08,19:30:00,468,79,CAMPO NOVO,RS,Colisão traseira,Velocidade Incompatível,Ignorado,2025-03-08,19