data_inversa,horario,br,km,municipio,uf,tipo_acidente,causa_acidente,condicao_metereologica,data,hora
2025-03-08,20:30:00,369,158,CAMBE,PR,Colisão traseira,Condutor deixou de manter distância do veículo da frente,Céu Claro,2025-03-08,20
2025-03-08,21:27:00,406,165,SAO GONCALO DO AMARANTE,RN,Atropelamento de Pedestre,Pedestre - Ingestão de álcool/ substâncias psicoativas,Chuva,2025-03-08,21
2025-03-08,20:25:00,153,"23,9",JACAREZINHO,PR,Colisão traseira,Condutor deixou de manter distância do veículo da frente,Céu Claro,2025-03-08,20
2025-03-08,21:40:00,101,"211,7",PALHOCA,SC,Capotamento,Ingestão de álcool pelo condutor,Céu Claro,2025-03-08,21
2025-03-08,19:00:00,222,58,PIRIPIRI,PI,Atropelamento de Animal,Animais na Pista,Chuva,2025-03-08,19
2025-03-08,20:10:00,153,27,TRES ARROIOS,RS,Colisão frontal,Ingestão de álcool pelo condutor,Céu Claro,2025-03-08,20
2025-03-08,20:00:00,104,103,SAO SEBASTIAO DE LAGOA DE  ROCA,PB,Colisão lateral sentido oposto,Ingestão de álcool pelo condutor,Nublado,2025-03-08,20
2025-03-08,22:15:00,101,"335,3",TUBARAO,SC,Colisão transversal,Acessar a via sem observar a presença dos outros veículos,Céu Claro,2025-03-08,22
2025-03-08,21:30:00,280,"236,5",CANOINHAS,SC,Queda de ocupante de veículo,Velocidade Incompatível,Céu Claro,2025-03-08,21
2025-03-08,21:00:00,465,19,SEROPEDICA,RJ,Tombamento,Ausência de reação do condutor,Céu Claro,2025-03-08,21
2025-03-08,22:00:00,158,328,SANTA MARIA,RS,Colisão com objeto,Ausência de reação do condutor,Nublado,2025-03-08,22
2025-03-08,19:55:00,392,"59,3",RIO GRANDE,RS,Atropelamento de Animal,Velocidade Incompatível,Chuva,2025-03-08,19
2025-03-08,22:15:00,476,175,CONTENDA,PR,Colisão transversal,Acessar a via sem observar a presença dos outros veículos,Céu Claro,2025-03-08,22
2025-03-08,21:20:00,364,400,CUIABA,MT,Saída de leito carroçável,Acumulo de água sobre o pavimento,Chuva,2025-03-08,21
2025-03-08,22:15:00,101,"47,7",UBATUBA,SP,Colisão lateral mesmo sentido,Acessar a via sem observar a presença dos outros veículos,Céu Claro,2025-03-08,22
2025-03-08,22:10:00,470,"68,5",INDAIAL,SC,Colisão traseira,Acesso irregular,Nublado,2025-03-08,22
2025-03-08,22:50:00,116,"48,8",PACAJUS,CE,Queda de ocupante de veículo,Chuva,Chuva,2025-03-08,22
2025-03-08,23:00:00,101,185,CASIMIRO DE ABREU,RJ,Saída de leito carroçável,Ingestão de álcool pelo condutor,Céu Claro,2025-03-08,23
2025-03-08,22:35:00,376,625,SAO JOSE DOS PINHAIS,PR,Saída de leito carroçável,Ausência de reação do condutor,Céu Claro,2025-03-08,22
2025-03-08,22:00:00,468,104,TRES PASSOS,RS,Colisão transversal,Desrespeitar a preferência no cruzamento,Ignorado,2025-03-08,22
2025-03-08,22:10:00,316,"311,9",PICOS,PI,Incêndio,Demais falhas mecânicas ou elétricas,Céu Claro,2025-03-08,22
2025-03-08,20:30:00,468,122,TIRADENTES DO SUL,RS,Colisão transversal,Desrespeitar a preferência no cruzamento,Céu Claro,2025-03-08,20
2025-03-08,22:20:00,316,"309,7",PICOS,PI,Colisão transversal,Desrespeitar a preferência no cruzamento,Céu Claro,2025-03-08,22
2025-03-08,21:20:00,324,"622,5",SALVADOR,BA,Colisão traseira,Ausência de reação do condutor,Céu Claro,2025-03-08,21
2025-03-09,00:05:00,116,"8,8",CAMPINA GRANDE DO SUL,PR,Saída de leito carroçável,Velocidade Incompatível,Nublado,2025-03-09,0
2025-03-09,00:25:00,262,353,CAMPO GRANDE,MS,Colisão traseira,Reação tardia ou ineficiente do condutor,Céu Claro,2025-03-09,0
2025-03-09,01:20:00,381,"646,6",SANTO ANTONIO DO AMPARO,MG,Saída de leito carroçável,Condutor Dormindo,Nublado,2025-03-09,1
2025-03-09,01:35:00,116,277,ITAPECERICA DA SERRA,SP,Colisão com objeto,Velocidade Incompatível,Céu Claro,2025-03-09,1
2025-03-09,02:15:00,230,"16,7",JOAO PESSOA,PB,Saída de leito carroçável,Ausência de reação do condutor,Céu Claro,2025-03-09,2
2025-03-09,02:45:00,101,"47,8",UBATUBA,SP,Colisão traseira,Ausência de reação do condutor,Céu Claro,2025-03-09,2
2025-03-09,03:00:00,116,445,REGISTRO,SP,Saída de leito carroçável,Ausência de reação do condutor,Céu Claro,2025-03-09,3
2025-03-09,00:40:00,174,13,VILHENA,RO,Colisão com objeto,Ausência de reação do condutor,Chuva,2025-03-09,0
2025-03-09,05:00:00,116,"227,5",SAO PAULO,SP,Saída de leito carroçável,Ausência de reação do condutor,Céu Claro,2025-03-09,5
2025-03-09,04:20:00,163,489,CAMPO GRANDE,MS,Tombamento,Ausência de reação do condutor,Céu Claro,2025-03-09,4
2025-03-08,19:07:00,70,545,CUIABA,MT,Colisão lateral sentido oposto,Transitar na contramão,Chuva,2025-03-08,19
2025-03-09,03:00:00,230,269,JUNCO DO SERIDO,PB,Saída de leito carroçável,Ingestão de álcool pelo condutor,Céu Claro,2025-03-09,3
2025-03-09,01:55:00,290,"387,1",SANTA MARGARIDA DO SUL,RS,Colisão com objeto,Acumulo de areia ou detritos sobre o pavimento,Céu Claro,2025-03-09,1
2025-03-09,06:50:00,101,107,PENHA,SC,Queda de ocupante de veículo,Reação tardia ou ineficiente do condutor,Nevoeiro/Neblina,2025-03-09,6
2025-03-09,06:40:00,381,86,SAO PAULO,SP,Colisão com objeto,Reação tardia ou ineficiente do condutor,Céu Claro,2025-03-09,6
2025-03-09,06:05:00,40,"565,4",NOVA LIMA,MG,Saída de leito carroçável,Condutor Dormindo,Sol,2025-03-09,6
2025-03-09,06:45:00,316,103,SANTA MARIA DO PARA,PA,Colisão transversal,Acessar a via sem observar a presença dos outros veículos,Céu Claro,2025-03-09,6
2025-03-08,21:50:00,293,218,DOM PEDRITO,RS,Incêndio,Demais falhas mecânicas ou elétricas,Chuva,2025-03-08,21
2025-03-08,17:27:00,230,"175,3",PASTOS BONS,MA,Colisão frontal,Transitar na contramão,Céu Claro,2025-03-08,17
2025-03-09,05:30:00,277,"81,5",CURITIBA,PR,Tombamento,Reação tardia ou ineficiente do condutor,Céu Claro,2025-03-09,5
2025-03-09,06:00:00,222,19,DOM ELISEU,PA,Queda de ocupante de veículo,Reação tardia ou ineficiente do condutor,Nublado,2025-03-09,6
2025-03-09,07:15:00,101,"202,5",SAO JOSE,SC,Atropelamento de Pedestre,Pedestre andava na pista,Céu Claro,2025-03-09,7
2025-02-01,16:25:00,277,722,FOZ DO IGUACU,PR,Colisão traseira,Reação tardia ou ineficiente do condutor,Céu Claro,2025-02-01,16
2025-03-09,07:03:00,50,"123,6",UBERABA,MG,Atropelamento de Pedestre,Transitar no Acostamento,Céu Claro,2025-03-09,7
2025-03-09,08:10:00,304,"301,4",MACAIBA,RN,Colisão traseira,Condutor deixou de manter distância do veículo da frente,Sol,2025-03-09,8
2025-03-09,07:40:00,262,367,JUATUBA,MG,Saída de leito carroçável,Reação tardia ou ineficiente do condutor,Céu Claro,2025-03-09,7
2025-03-08,22:50:00,40,123,DUQUE DE CAXIAS,RJ,Atropelamento de Pedestre,Pedestre andava na pista,Céu Claro,2025-03-08,22
2025-03-09,07:30:00,282,"18,5",PALHOCA,SC,Colisão transversal,Ingestão de álcool pelo condutor,Céu Claro,2025-03-09,7
2025-03-09,05:20:00,418,44,CARAVELAS,BA,Saída de leito carroçável,Reação tardia ou ineficiente do condutor,Chuva,2025-03-09,5
2025-03-09,08:15:00,365,"620,3",UBERLANDIA,MG,Colisão traseira,Condutor deixou de manter distância do veículo da frente,Céu Claro,2025-03-09,8
2025-03-09,08:10:00,290,"25,1",SANTO ANTONIO DA PATRULHA,RS,Tombamento,Chuva,Chuva,2025-03-09,8
2025-03-09,07:15:00,101,"266,1",PAULO LOPES,SC,Colisão traseira,Condutor deixou de manter distância do veículo da frente,Céu Claro,2025-03-09,7
2025-03-09,07:45:00,356,26,ITAPERUNA,RJ,Colisão transversal,Acessar a via sem observar a presença dos outros veículos,Sol,2025-03-09,7
2025-03-09,07:00:00,290,"352,6",SAO SEPE,RS,Saída de leito carroçável,Ausência de reação do condutor,Chuva,2025-03-09,7
2025-03-09,07:40:00,262,"318,5",CAMPO GRANDE,MS,Colisão traseira,Reação tardia ou ineficiente do condutor,Céu Claro,2025-03-09,7
2025-03-09,07:50:00,343,209,CAPITAO DE CAMPOS,PI,Derramamento de carga,Ausência de reação do condutor,Céu Claro,2025-03-09,7
2025-03-09,07:40:00,262,"56,1",MANHUACU,MG,Colisão transversal,Acessar a via sem observar a presença dos outros veículos,Céu Claro,2025-03-09,7
2025-01-15,17:30:00,110,47,JEREMOABO,BA,Saída de leito carroçável,Acumulo de água sobre o pavimento,Chuva,2025-01-15,17
2025-03-09,08:20:00,287,"402,5",SANTIAGO,RS,Colisão transversal,Desrespeitar a preferência no cruzamento,Chuva,2025-03-09,8
2025-03-09,10:20:00,290,86,PORTO ALEGRE,RS,Capotamento,Acumulo de água sobre o pavimento,Chuva,2025-03-09,10
2025-03-05,19:00:00,282,"595,6",CUNHA PORA,SC,Saída de leito carroçável,Ingestão de álcool pelo condutor,Chuva,2025-03-05,19
2025-03-09,07:30:00,470,"5,6",NAVEGANTES,SC,Saída de leito carroçável,Reação tardia ou ineficiente do condutor,Céu Claro,2025-03-09,7
2025-03-09,10:05:00,101,"40,4",JOINVILLE,SC,Engavetamento,Velocidade Incompatível,Céu Claro,2025-03-09,10
2025-03-09,09:30:00,282,"129,6",BOM RETIRO,SC,Saída de leito carroçável,Ausência de reação do condutor,Céu Claro,2025-03-09,9
2025-03-09,10:00:00,153,"44,5",SANTO ANTONIO DA PLATINA,PR,Colisão lateral sentido oposto,Ingestão de álcool pelo condutor,Céu Claro,2025-03-09,10
2025-03-09,09:30:00,414,"387,8",CORUMBA DE GOIAS,GO,Saída de leito carroçável,Velocidade Incompatível,Céu Claro,2025-03-09,9
2025-03-09,10:40:00,290,"235,5",RIO PARDO,RS,Incêndio,Problema com o freio,Chuva,2025-03-09,10
2025-03-09,10:45:00,101,"288,2",CARIACICA,ES,Tombamento,Reação tardia ou ineficiente do condutor,Céu Claro,2025-03-09,10
2025-03-09,10:25:00,116,165,CAXIAS DO SUL,RS,Colisão com objeto,Acumulo de óleo sobre o pavimento,Garoa/Chuvisco,2025-03-09,10
2025-03-09,10:30:00,40,116,DUQUE DE CAXIAS,RJ,Tombamento,Demais falhas mecânicas ou elétricas,Céu Claro,2025-03-09,10
2025-03-09,10:00:00,163,485,CAMPO GRANDE,MS,Colisão traseira,Condutor deixou de manter distância do veículo da frente,Céu Claro,2025-03-09,10
2025-03-09,11:20:00,40,105,DUQUE DE CAXIAS,RJ,Colisão transversal,Acessar a via sem observar a presença dos outros veículos,Sol,2025-03-09,11
2025-03-09,11:40:00,356,"273,7",MURIAE,MG,Saída de leito carroçável,Ausência de reação do condutor,Céu Claro,2025-03-09,11
2025-02-17,19:00:00,381,90,GUARULHOS,SP,Colisão lateral mesmo sentido,Acessar a via sem observar a presença dos outros veículos,Céu Claro,2025-02-17,19
2025-03-09,11:30:00,381,"764,8",CAMPANHA,MG,Tombamento,Ausência de reação do condutor,Céu Claro,2025-03-09,11
2025-03-09,13:10:00,116,"815,5",VITORIA DA CONQUISTA,BA,Atropelamento de Pedestre,Transitar no Acostamento,Céu Claro,2025-03-09,13
2025-03-09,09:15:00,101,320,NITEROI,RJ,Colisão transversal,Acessar a via sem observar a presença dos outros veículos,Sol,2025-03-09,9
2025-03-09,13:40:00,470,"138,7",RIO DO SUL,SC,Colisão frontal,Transitar na contramão,Sol,2025-03-09,13
2025-03-09,13:30:00,116,283,EMBU DAS ARTES,SP,Colisão lateral mesmo sentido,Ausência de reação do condutor,Céu Claro,2025-03-09,13
2025-03-09,13:30:00,110,43,MOSSORO,RN,Colisão lateral mesmo sentido,Acessar a via sem observar a presença dos outros veículos,Chuva,2025-03-09,13
2025-03-09,14:00:00,448,0,SAPUCAIA DO SUL,RS,Saída de leito carroçável,Reação tardia ou ineficiente do condutor,Chuva,2025-03-09,14
2025-03-09,11:00:00,40,"688,9",ALFREDO VASCONCELOS,MG,Colisão transversal,Reação tardia ou ineficiente do condutor,Céu Claro,2025-03-09,11
2025-03-09,11:40:00,40,513,RIBEIRAO DAS NEVES,MG,Colisão lateral mesmo sentido,Manobra de mudança de faixa,Céu Claro,2025-03-09,11
2025-03-09,12:30:00,158,"166,9",PEJUCARA,RS,Saída de leito carroçável,Acumulo de água sobre o pavimento,Chuva,2025-03-09,12
2025-03-09,13:15:00,116,"52,3",VACARIA,RS,Tombamento,Acumulo de água sobre o pavimento,Chuva,2025-03-09,13
2025-03-09,15:08:00,116,99,PINDAMONHANGABA,SP,Colisão traseira,Reação tardia ou ineficiente do condutor,Céu Claro,2025-03-09,15
2025-03-09,14:00:00,116,"177,2",PADRE PARAISO,MG,Colisão traseira,Conversão proibida,Sol,2025-03-09,14
2025-03-09,15:45:00,101,"107,9",PENHA,SC,Colisão traseira,Ingestão de álcool pelo condutor,Céu Claro,2025-03-09,15
2025-03-09,09:00:00,262,80,DOMINGOS MARTINS,ES,Tombamento,Reação tardia ou ineficiente do condutor,Céu Claro,2025-03-09,9
2025-03-09,16:00:00,101,38,JOINVILLE,SC,Saída de leito carroçável,Mal súbito do condutor,Nublado,2025-03-09,16
2025-03-09,14:45:00,101,270,SERRA,ES,Colisão transversal,Desrespeitar a preferência no cruzamento,Céu Claro,2025-03-09,14
2025-03-09,16:30:00,116,108,TAUBATE,SP,Colisão traseira,Reação tardia ou ineficiente do condutor,Céu Claro,2025-03-09,16
2025-03-09,16:20:00,285,"230,2",CASEIROS,RS,Saída de leito carroçável,Chuva,Chuva,2025-03-09,16
2025-03-09,16:30:00,101,223,PALHOCA,SC,Colisão traseira,Trafegar com motocicleta (ou similar) entre as faixas,Céu Claro,2025-03-09,16
2025-03-09,16:18:00,116,"704,1",MURIAE,MG,Colisão transversal,Acessar a via sem observar a presença dos outros veículos,Sol,2025-03-09,16
2025-03-09,15:10:00,163,"575,3",BANDEIRANTES,MS,Colisão transversal,Acessar a via sem observar a presença dos outros veículos,Nublado,2025-03-09,15
2025-03-09,17:15:00,101,"265,5",SERRA,ES,Colisão lateral mesmo sentido,Manobra de mudança de faixa,Céu Claro,2025-03-09,17
2025-03-09,17:30:00,101,35,UBATUBA,SP,Engavetamento,Condutor deixou de manter distância do veículo da frente,Céu Claro,2025-03-09,17
2025-03-09,14:45:00,163,769,SORRISO,MT,Saída de leito carroçável,Reação tardia ou ineficiente do condutor,Sol,2025-03-09,14
2025-03-09,17:20:00,116,"818,8",VITORIA DA CONQUISTA,BA,Colisão transversal,Desrespeitar a preferência no cruzamento,Céu Claro,2025-03-09,17
2025-03-09,15:40:00,101,367,ICARA,SC,Saída de leito carroçável,Avarias e/ou desgaste excessivo no pneu,Chuva,2025-03-09,15
2025-03-09,17:50:00,222,673,ACAILANDIA,MA,Colisão com objeto,Ingestão de álcool pelo condutor,Nublado,2025-03-09,17
2025-03-09,18:00:00,282,"16,5",PALHOCA,SC,Colisão transversal,Acessar a via sem observar a presença dos outros veículos,Chuva,2025-03-09,18
2025-03-09,18:20:00,381,804,SAO GONCALO DO SAPUCAI,MG,Colisão traseira,Manobra de mudança de faixa,Céu Claro,2025-03-09,18
2025-03-09,17:45:00,116,"114,7",ITAOBIM,MG,Atropelamento de Pedestre,Entrada inopinada do pedestre,Céu Claro,2025-03-09,17
2025-03-09,17:40:00,470,"96,9",APIUNA,SC,Colisão traseira,Reação tardia ou ineficiente do condutor,Chuva,2025-03-09,17
2025-03-09,15:20:00,116,142,DUQUE DE CAXIAS,RJ,Colisão traseira,Transitar no Acostamento,Céu Claro,2025-03-09,15
2025-03-09,14:35:00,262,29,REDUTO,MG,Colisão com objeto,Condutor Dormindo,Céu Claro,2025-03-09,14
2025-03-09,17:40:00,381,"491,2",BETIM,MG,Colisão lateral mesmo sentido,Trafegar com motocicleta (ou similar) entre as faixas,Céu Claro,2025-03-09,17
2025-03-09,17:55:00,465,3,SEROPEDICA,RJ,Colisão transversal,Conversão proibida,Céu Claro,2025-03-09,17
2025-03-09,18:00:00,101,"121,3",ITAJAI,SC,Colisão transversal,Ausência de reação do condutor,Chuva,2025-03-09,18
2025-03-09,16:35:00,153,702,ITUMBIARA,GO,Capotamento,Velocidade Incompatível,Sol,2025-03-09,16
2025-03-09,17:50:00,116,223,PARACAMBI,RJ,Tombamento,Chuva,Chuva,2025-03-09,17
2025-03-09,18:50:00,386,"307,8",POUSO NOVO,RS,Colisão traseira,Reação tardia ou ineficiente do condutor,Chuva,2025-03-09,18
2025-03-09,16:00:00,101,316,SAO GONCALO,RJ,Colisão traseira,Reação tardia ou ineficiente do condutor,Céu Claro,2025-03-09,16
2025-03-09,17:35:00,163,"229,1",CASCAVEL,PR,Saída de leito carroçável,Avarias e/ou desgaste excessivo no pneu,Sol,2025-03-09,17
2025-03-09,18:20:00,40,"431,2",PARAOPEBA,MG,Saída de leito carroçável,Reação tardia ou ineficiente do condutor,Céu Claro,2025-03-09,18
2025-03-09,18:30:00,381,"438,2",SANTA LUZIA,MG,Queda de ocupante de veículo,Afundamento ou ondulação no pavimento,Céu Claro,2025-03-09,18
2025-01-07,19:00:00,174,175,BOA VISTA,RR,Colisão traseira,Ausência de reação do condutor,Céu Claro,2025-01-07,19
2025-03-09,16:00:00,272,"366,4",CAMPO MOURAO,PR,Colisão transversal,Condutor desrespeitou a iluminação vermelha do semáforo,Céu Claro,2025-03-09,16
2025-03-09,14:30:00,285,575,SAO BORJA,RS,Colisão lateral sentido oposto,Ausência de reação do condutor,Céu Claro,2025-03-09,14
2025-03-09,19:15:00,290,"68,3",GRAVATAI,RS,Colisão traseira,Ausência de reação do condutor,Nublado,2025-03-09,19
2025-03-09,17:00:00,101,"404,5",ARARANGUA,SC,Engavetamento,Condutor deixou de manter distância do veículo da frente,Nublado,2025-03-09,17
2025-03-09,18:00:00,153,518,HIDROLANDIA,GO,Saída de leito carroçável,Ausência de reação do condutor,Céu Claro,2025-03-09,18
2025-03-09,17:55:00,343,592,FLORIANO,PI,Colisão transversal,Acessar a via sem observar a presença dos outros veículos,Céu Claro,2025-03-09,17
2025-03-09,19:00:00,495,1,TERESOPOLIS,RJ,Colisão frontal,Transitar na contramão,Chuva,2025-03-09,19
2025-03-09,18:06:00,405,86,APODI,RN,Colisão frontal,Ultrapassagem Indevida,Chuva,2025-03-09,18
2025-03-09,19:00:00,101,"208,3",SAO JOSE,SC,Engavetamento,Ausência de reação do condutor,Chuva,2025-03-09,19
2025-03-09,18:15:00,153,"2,2",IMBITUVA,PR,Saída de leito carroçável,Participar de racha,Nublado,2025-03-09,18
2025-03-09,17:30:00,393,172,TRES RIOS,RJ,Colisão traseira,Condutor deixou de manter distância do veículo da frente,Céu Claro,2025-03-09,17
2025-03-09,15:30:00,158,338,PALMITAL,PR,Saída de leito carroçável,Velocidade Incompatível,Céu Claro,2025-03-09,15
2025-03-09,16:15:00,174,458,COMODORO,MT,Colisão com objeto,Acumulo de água sobre o pavimento,Chuva,2025-03-09,16
2025-03-09,19:15:00,242,689,CRISTOPOLIS,BA,Colisão lateral mesmo sentido,Acessar a via sem observar a presença dos outros veículos,Céu Claro,2025-03-09,19
2025-03-09,18:30:00,277,32,MORRETES,PR,Colisão com objeto,Reação tardia ou ineficiente do condutor,Chuva,2025-03-09,18
2025-03-09,19:30:00,262,357,BETIM,MG,Atropelamento de Pedestre,Pedestre andava na pista,Céu Claro,2025-03-09,19
2025-03-09,16:00:00,116,396,GOVERNADOR VALADARES,MG,Colisão lateral sentido oposto,Ultrapassagem Indevida,Céu Claro,2025-03-09,16
2025-03-09,18:45:00,376,504,PONTA GROSSA,PR,Incêndio,Demais falhas mecânicas ou elétricas,Céu Claro,2025-03-09,18
2025-03-09,17:50:00,116,10,CAMPINA GRANDE DO SUL,PR,Saída de leito carroçável,Velocidade Incompatível,Chuva,2025-03-09,17
2025-03-09,20:00:00,20,303,CANINDE,CE,Atropelamento de Animal,Animais na Pista,Chuva,2025-03-09,20
2025-03-09,18:30:00,101,325,PRESIDENTE TANCREDO NEVES,BA,Colisão frontal,Mal súbito do condutor,Chuva,2025-03-09,18
2025-03-09,13:30:00,40,88,PETROPOLIS,RJ,Tombamento,Reação tardia ou ineficiente do condutor,Céu Claro,2025-03-09,13
2025-03-09,19:40:00,316,31,DEMERVAL LOBAO,PI,Tombamento,Ingestão de álcool pelo condutor,Nublado,2025-03-09,19
2025-03-09,19:00:00,465,15,SEROPEDICA,RJ,Colisão transversal,Acessar a via sem observar a presença dos outros veículos,Céu Claro,2025-03-09,19
2025-03-09,19:15:00,101,488,ANGRA DOS REIS,RJ,Colisão transversal,Desrespeitar a preferência no cruzamento,Céu Claro,2025-03-09,19
2025-03-09,20:30:00,376,667,GUARATUBA,PR,Saída de leito carroçável,Acumulo de água sobre o pavimento,Chuva,2025-03-09,20
2025-03-09,18:45:00,153,99,CONCORDIA,SC,Colisão transversal,Acessar a via sem observar a presença dos outros veículos,Nublado,2025-03-09,18
2025-03-09,20:30:00,354,754,ITAMONTE,MG,Colisão transversal,Acessar a via sem observar a presença dos outros veículos,Céu Claro,2025-03-09,20
2025-03-09,20:10:00,408,78,PAUDALHO,PE,Atropelamento de Pedestre,Pedestre - Ingestão de álcool/ substâncias psicoativas,Nublado,2025-03-09,20
2025-03-09,20:15:00,349,870,SAO FELIX DO CORIBE,BA,Colisão frontal,Transitar na contramão,Céu Claro,2025-03-09,20
2025-03-09,19:05:00,369,"101,2",CORNELIO PROCOPIO,PR,Colisão com objeto,Manobra de mudança de faixa,Céu Claro,2025-03-09,19
2025-03-09,20:30:00,40,"490,9",ESMERALDAS,MG,Saída de leito carroçável,Animais na Pista,Céu Claro,2025-03-09,20
2025-03-09,19:00:00,316,"349,7",BACABAL,MA,Colisão frontal,Reação tardia ou ineficiente do condutor,Nublado,2025-03-09,19
2025-01-01,12:30:00,110,"60,2",JEREMOABO,BA,Colisão traseira,Velocidade Incompatível,Sol,2025-01-01,12
2025-03-09,20:50:00,116,208,GUARULHOS,SP,Colisão traseira,Redutor de velocidade em desacordo,Ignorado,2025-03-09,20
2025-03-09,19:50:00,116,158,QUITANDINHA,PR,Colisão frontal,Chuva,Chuva,2025-03-09,19
2025-02-03,15:00:00,364,203,RONDONOPOLIS,MT,Colisão lateral mesmo sentido,Manobra de mudança de faixa,Nublado,2025-02-03,15
2025-03-09,20:50:00,232,408,SERRA TALHADA,PE,Tombamento,Pista Escorregadia,Céu Claro,2025-03-09,20
2025-03-09,21:00:00,101,"72,5",MARUIM,SE,Atropelamento de Animal,Animais na Pista,Céu Claro,2025-03-09,21
2025-03-09,15:20:00,101,"128,5",ESTANCIA,SE,Eventos atípicos,Mal súbito do condutor,Céu Claro,2025-03-09,15
2025-03-09,21:23:00,10,"464,1",PALMAS,TO,Tombamento,Ausência de reação do condutor,Céu Claro,2025-03-09,21
2025-03-09,20:25:00,493,104,SEROPEDICA,RJ,Saída de leito carroçável,Condutor Dormindo,Céu Claro,2025-03-09,20
2025-03-09,21:30:00,101,"222,3",PALHOCA,SC,Atropelamento de Pedestre,Pedestre andava na pista,Nublado,2025-03-09,21
2025-03-09,19:00:00,280,"95,2",CORUPA,SC,Colisão frontal,Pista Escorregadia,Garoa/Chuvisco,2025-03-09,19
2025-03-09,20:50:00,316,6,TERESINA,PI,Colisão transversal,Acessar a via sem observar a presença dos outros veículos,Ignorado,2025-03-09,20
2025-03-09,21:55:00,116,25,SALGUEIRO,PE,Colisão frontal,Transitar na contramão,Nublado,2025-03-09,21
2025-03-09,21:00:00,60,"27,3",ALEXANIA,GO,Atropelamento de Animal,Animais na Pista,Nublado,2025-03-09,21
2025-03-09,19:40:00,101,371,ICARA,SC,Queda de ocupante de veículo,Chuva,Céu Claro,2025-03-09,19
2025-03-09,15:20:00,60,306,ACREUNA,GO,Capotamento,Ingestão de álcool pelo condutor,Céu Claro,2025-03-09,15
2025-03-09,21:55:00,101,"308,2",VIANA,ES,Atropelamento de Pedestre,Acessar a via sem observar a presença dos outros veículos,Céu Claro,2025-03-09,21
2025-03-09,20:00:00,376,625,SAO JOSE DOS PINHAIS,PR,Colisão traseira,Ausência de reação do condutor,Chuva,2025-03-09,20
2025-03-09,21:30:00,277,73,SAO JOSE DOS PINHAIS,PR,Colisão traseira,Manobra de mudança de faixa,Céu Claro,2025-03-09,21
2025-03-09,22:15:00,146,"469,4",BANDEIRA DO SUL,MG,Colisão frontal,Transitar na contramão,Céu Claro,2025-03-09,22
2025-03-09,22:15:00,369,"178,8",ROLANDIA,PR,Colisão com objeto,Reação tardia ou ineficiente do condutor,Céu Claro,2025-03-09,22
2025-03-09,18:30:00,416,"20,5",COLONIA LEOPOLDINA,AL,Colisão frontal,Ingestão de álcool pelo condutor,Nublado,2025-03-09,18
2025-03-09,19:30:00,319,39,PORTO VELHO,RO,Colisão traseira,Condutor deixou de manter distância do veículo da frente,Nublado,2025-03-09,19
2025-03-08,01:20:00,116,142,DUQUE DE CAXIAS,RJ,Capotamento,Ausência de reação do condutor,Céu Claro,2025-03-08,1
2025-03-09,22:21:00,230,153,CAMPINA GRANDE,PB,Tombamento,Desvio temporário,Nublado,2025-03-09,22
2025-03-09,21:40:00,376,"456,9",TIBAGI,PR,Colisão traseira,Reação tardia ou ineficiente do condutor,Nublado,2025-03-09,21
2025-01-23,06:40:00,70,"282,8",PRIMAVERA DO LESTE,MT,Colisão transversal,Acessar a via sem observar a presença dos outros veículos,Ignorado,2025-01-23,6
2025-03-09,19:00:00,101,"528,8",ANGRA DOS REIS,RJ,Colisão traseira,Ausência de reação do condutor,Céu Claro,2025-03-09,19
2025-03-09,22:30:00,116,357,MIRACATU,SP,Incêndio,Demais falhas mecânicas ou elétricas,Nublado,2025-03-09,22
2025-03-09,23:30:00,116,"13,3",VITORIA DA CONQUISTA,BA,Queda de ocupante de veículo,Acostamento em desnível,Céu Claro,2025-03-09,23
2025-03-09,22:30:00,463,18,DOURADOS,MS,Colisão com objeto,Reação tardia ou ineficiente do condutor,Chuva,2025-03-09,22
2025-03-09,15:00:00,163,1006,TERRA NOVA DO NORTE,MT,Colisão traseira,Condutor deixou de manter distância do veículo da frente,Céu Claro,2025-03-09,15
2025-03-09,14:46:00,163,149,ALTAMIRA,PA,Queda de ocupante de veículo,Pista esburacada,Céu Claro,2025-03-09,14
2025-03-09,23:20:00,277,"534,6",IBEMA,PR,Capotamento,Animais na Pista,Céu Claro,2025-03-09,23
2025-03-09,20:39:00,230,1121,ITAITUBA,PA,Tombamento,Ingestão de álcool pelo condutor,Nublado,2025-03-09,20
2025-03-10,01:30:00,70,"1,8",BRASILIA,DF,Queda de ocupante de veículo,Ingestão de álcool pelo condutor,Céu Claro,2025-03-10,1
2025-03-10,02:30:00,287,253,SANTA MARIA,RS,Saída de leito carroçável,Ausência de reação do condutor,Céu Claro,2025-03-10,2
2025-03-10,01:15:00,101,397,ITAGUAI,RJ,Colisão traseira,Reação tardia ou ineficiente do condutor,Céu Claro,2025-03-10,1
2025-03-10,02:20:00,101,133,BALNEARIO CAMBORIU,SC,Colisão com objeto,Reação tardia ou ineficiente do condutor,Nublado,2025-03-10,2
2025-03-10,04:20:00,324,"605,8",SIMOES FILHO,BA,Capotamento,Ausência de reação do condutor,Céu Claro,2025-03-10,4
2025-03-10,05:00:00,101,68,CAMPOS DOS GOYTACAZES,RJ,Colisão traseira,Transitar no Acostamento,Céu Claro,2025-03-10,5
2025-03-10,04:40:00,101,"159,8",LINHARES,ES,Atropelamento de Animal,Animais na Pista,Céu Claro,2025-03-10,4