data_inversa,horario,br,km,municipio,uf,tipo_acidente,causa_acidente,condicao_metereologica,data,hora
2025-03-10,06:00:00,70,6,BRASILIA,DF,Colisão lateral mesmo sentido,Manobra de mudança de faixa,Céu Claro,2025-03-10,6
2025-03-10,06:30:00,381,89,GUARULHOS,SP,Colisão com objeto,Ausência de reação do condutor,Céu Claro,2025-03-10,6
2025-03-10,07:00:00,381,"75,9",SAO PAULO,SP,Queda de ocupante de veículo,Objeto estático sobre o leito carroçável,Céu Claro,2025-03-10,7
2025-03-09,21:00:00,262,456,DOIS IRMAOS DO BURITI,MS,Atropelamento de Animal,Animais na Pista,Céu Claro,2025-03-09,21
2025-03-10,06:30:00,101,322,NITEROI,RJ,Atropelamento de Pedestre,Suicídio (presumido),Céu Claro,2025-03-10,6
2025-03-10,05:00:00,163,865,SINOP,MT,Atropelamento de Animal,Animais na Pista,Céu Claro,2025-03-10,5
2025-03-10,07:10:00,376,"158,7",MANDAGUACU,PR,Colisão transversal,Acessar a via sem observar a presença dos outros veículos,Sol,2025-03-10,7
2025-03-10,04:00:00,381,"656,5",SANTO ANTONIO DO AMPARO,MG,Saída de leito carroçável,Pista Escorregadia,Garoa/Chuvisco,2025-03-10,4
2025-03-10,07:00:00,476,146,CURITIBA,PR,Colisão lateral mesmo sentido,Ausência de reação do condutor,Nublado,2025-03-10,7
2025-03-10,06:43:00,282,556,NOVA ITABERABA,SC,Colisão traseira,Demais Fenômenos da natureza,Sol,2025-03-10,6
2025-03-09,22:00:00,364,264,SAO PEDRO DA CIPA,MT,Saída de leito carroçável,Velocidade Incompatível,Céu Claro,2025-03-09,22
2025-03-10,06:40:00,381,"671,8",PERDOES,MG,Saída de leito carroçável,Condutor Dormindo,Céu Claro,2025-03-10,6
2025-03-10,07:30:00,101,"263,9",SERRA,ES,Colisão traseira,Retorno proibido,Sol,2025-03-10,7
2025-03-10,00:06:00,174,87,CACERES,MT,Atropelamento de Animal,Ausência de reação do condutor,Céu Claro,2025-03-10,0
2025-03-10,07:30:00,101,87,JOAO PESSOA,PB,Colisão traseira,Retorno proibido,Céu Claro,2025-03-10,7
2025-03-06,08:00:00,381,"494,1",BETIM,MG,Colisão traseira,Condutor deixou de manter distância do veículo da frente,Céu Claro,2025-03-06,8
2025-03-10,06:55:00,316,23,ARARIPINA,PE,Colisão traseira,Ausência de reação do condutor,Céu Claro,2025-03-10,6
2025-03-09,18:05:00,364,"345,4",JI-PARANA,RO,Colisão transversal,Acesso irregular,Céu Claro,2025-03-09,18
2025-03-10,07:50:00,116,212,GUARULHOS,SP,Queda de ocupante de veículo,Ausência de reação do condutor,Céu Claro,2025-03-10,7
2025-03-10,07:30:00,101,97,BALNEARIO PICARRAS,SC,Tombamento,Avarias e/ou desgaste excessivo no pneu,Nublado,2025-03-10,7
2025-03-10,08:25:00,116,296,PORTO REAL,RJ,Colisão frontal,Transtornos Mentais (exceto suicidio),Céu Claro,2025-03-10,8
2025-02-18,18:50:00,495,26,PETROPOLIS,RJ,Queda de ocupante de veículo,Reação tardia ou ineficiente do condutor,Céu Claro,2025-02-18,18
2025-01-26,22:45:00,116,135,SANTA CECILIA,SC,Tombamento,Ausência de reação do condutor,Garoa/Chuvisco,2025-01-26,22
2025-03-10,07:00:00,242,928,LUIS EDUARDO MAGALHAES,BA,Colisão transversal,Conversão proibida,Céu Claro,2025-03-10,7
2025-03-10,08:45:00,290,84,CACHOEIRINHA,RS,Colisão traseira,Velocidade Incompatível,Céu Claro,2025-03-10,8
2025-03-10,06:10:00,135,47,BACABEIRA,MA,Colisão traseira,Reação tardia ou ineficiente do condutor,Céu Claro,2025-03-10,6
2025-03-10,06:55:00,432,196,CANTA,RR,Eventos atípicos,Ausência de reação do condutor,Céu Claro,2025-03-10,6
2025-03-10,07:40:00,364,714,PORTO VELHO,RO,Colisão lateral mesmo sentido,Acessar a via sem observar a presença dos outros veículos,Céu Claro,2025-03-10,7
2025-03-10,07:50:00,101,274,SILVA JARDIM,RJ,Colisão com objeto,Ausência de reação do condutor,Céu Claro,2025-03-10,7
2025-03-10,09:35:00,116,412,ICO,CE,Saída de leito carroçável,Pista esburacada,Céu Claro,2025-03-10,9
2025-01-23,12:50:00,470,218,BENTO GONCALVES,RS,Colisão transversal,Acessar a via sem observar a presença dos outros veículos,Céu Claro,2025-01-23,12
2025-03-10,08:46:00,101,136,BALNEARIO CAMBORIU,SC,Colisão lateral mesmo sentido,Manobra de mudança de faixa,Céu Claro,2025-03-10,8
2025-03-10,10:30:00,101,"214,4",PALHOCA,SC,Colisão traseira,Ausência de reação do condutor,Céu Claro,2025-03-10,10
2025-03-10,09:00:00,324,619,SALVADOR,BA,Colisão traseira,Condutor deixou de manter distância do veículo da frente,Nublado,2025-03-10,9
2025-03-10,10:15:00,153,49,PORANGATU,GO,Saída de leito carroçável,Reação tardia ou ineficiente do condutor,Céu Claro,2025-03-10,10
2025-03-10,08:30:00,324,618,SALVADOR,BA,Saída de leito carroçável,Acumulo de areia ou detritos sobre o pavimento,Céu Claro,2025-03-10,8
2025-03-06,08:40:00,101,301,SAO GONCALO,RJ,Capotamento,Ausência de reação do condutor,Céu Claro,2025-03-06,8
2025-03-10,08:56:00,70,"1,1",BARRA DO GARCAS,MT,Atropelamento de Pedestre,Acessar a via sem observar a presença dos outros veículos,Céu Claro,2025-03-10,8
2025-03-10,11:20:00,277,"729,3",FOZ DO IGUACU,PR,Colisão com objeto,Reação tardia ou ineficiente do condutor,Céu Claro,2025-03-10,11
2025-03-10,12:25:00,70,"16,7",BRASILIA,DF,Colisão traseira,Condutor deixou de manter distância do veículo da frente,Céu Claro,2025-03-10,12
2025-03-10,10:50:00,470,147,LAURENTINO,SC,Colisão traseira,Condutor deixou de manter distância do veículo da frente,Sol,2025-03-10,10
2025-03-10,11:53:00,116,"169,3",JACAREI,SP,Colisão com objeto,Ausência de reação do condutor,Céu Claro,2025-03-10,11
2025-03-10,08:30:00,287,330,SAO VICENTE DO SUL,RS,Colisão frontal,Desrespeitar a preferência no cruzamento,Céu Claro,2025-03-10,8
2025-03-10,12:00:00,101,496,ANGRA DOS REIS,RJ,Colisão traseira,Ingestão de álcool pelo condutor,Sol,2025-03-10,12
2025-02-20,08:00:00,163,838,SINOP,MT,Queda de ocupante de veículo,Reação tardia ou ineficiente do condutor,Céu Claro,2025-02-20,8
2025-03-10,12:05:00,287,399,SANTIAGO,RS,Colisão transversal,Desrespeitar a preferência no cruzamento,Céu Claro,2025-03-10,12
2025-02-19,09:00:00,392,6,CAPAO DO LEAO,RS,Colisão transversal,Conversão proibida,Céu Claro,2025-02-19,9
2025-03-10,12:40:00,158,"506,8",CORONEL VIVIDA,PR,Colisão lateral sentido oposto,Reação tardia ou ineficiente do condutor,Céu Claro,2025-03-10,12
2025-03-10,13:20:00,101,322,NITEROI,RJ,Engavetamento,Condutor Dormindo,Céu Claro,2025-03-10,13
2025-02-23,11:30:00,364,63,CACHOEIRA ALTA,GO,Queda de ocupante de veículo,Ausência de reação do condutor,Céu Claro,2025-02-23,11
2025-03-10,12:15:00,277,116,CAMPO LARGO,PR,Queda de ocupante de veículo,Manobra de mudança de faixa,Nublado,2025-03-10,12
2025-03-10,13:00:00,116,224,GUARULHOS,SP,Queda de ocupante de veículo,Trafegar com motocicleta (ou similar) entre as faixas,Céu Claro,2025-03-10,13
2025-03-10,14:35:00,101,148,ITAPEMA,SC,Colisão traseira,Condutor deixou de manter distância do veículo da frente,Nublado,2025-03-10,14
2025-03-10,14:10:00,116,483,RAFAEL JAMBEIRO,BA,Saída de leito carroçável,Condutor Dormindo,Sol,2025-03-10,14
2025-03-08,15:20:00,282,527,CORDILHEIRA ALTA,SC,Colisão frontal,Ausência de reação do condutor,Céu Claro,2025-03-08,15
2025-03-10,11:50:00,101,"129,7",SAO MIGUEL DOS CAMPOS,AL,Colisão traseira,Ausência de reação do condutor,Céu Claro,2025-03-10,11
2025-03-10,14:40:00,116,96,SAO JOSE DOS PINHAIS,PR,Colisão traseira,Ausência de reação do condutor,Nublado,2025-03-10,14
2025-03-10,12:50:00,364,129,RIO BRANCO,AC,Tombamento,Ausência de reação do condutor,Céu Claro,2025-03-10,12
2025-03-10,12:40:00,262,811,UBERABA,MG,Queda de ocupante de veículo,Acumulo de óleo sobre o pavimento,Céu Claro,2025-03-10,12
2025-02-24,16:05:00,359,170,ALCINOPOLIS,MS,Atropelamento de Animal,Animais na Pista,Céu Claro,2025-02-24,16
2025-01-19,20:00:00,319,396,MANICORE,AM,Tombamento,Pista Escorregadia,Chuva,2025-01-19,20
2025-03-10,13:50:00,364,348,SANTO ANTONIO DO LEVERGER,MT,Saída de leito carroçável,Reação tardia ou ineficiente do condutor,Céu Claro,2025-03-10,13
2025-03-10,16:00:00,365,625,UBERLANDIA,MG,Queda de ocupante de veículo,Acumulo de óleo sobre o pavimento,Sol,2025-03-10,16
2025-03-10,08:50:00,135,4,SAO LUIS,MA,Colisão lateral mesmo sentido,Transitar no Acostamento,Sol,2025-03-10,8
2025-03-10,16:05:00,381,929,ITAPEVA,MG,Saída de leito carroçável,Velocidade Incompatível,Nublado,2025-03-10,16
2025-03-10,15:45:00,230,"405,4",BALSAS,MA,Colisão transversal,Acessar a via sem observar a presença dos outros veículos,Céu Claro,2025-03-10,15
2025-03-10,15:50:00,50,178,CAMPO ALEGRE DE GOIAS,GO,Saída de leito carroçável,Condutor Dormindo,Céu Claro,2025-03-10,15
2025-03-10,15:20:00,116,245,PIRAI,RJ,Colisão traseira,Objeto estático sobre o leito carroçável,Sol,2025-03-10,15
2025-03-10,13:55:00,364,343,JI-PARANA,RO,Colisão transversal,Manobra de mudança de faixa,Céu Claro,2025-03-10,13
2025-03-10,16:20:00,116,796,ALEM PARAIBA,MG,Tombamento,Avarias e/ou desgaste excessivo no pneu,Céu Claro,2025-03-10,16
2025-03-10,16:55:00,232,"14,4",JABOATAO DOS GUARARAPES,PE,Colisão frontal,Ausência de reação do condutor,Céu Claro,2025-03-10,16
2025-03-10,14:00:00,493,63,NOVA IGUACU,RJ,Tombamento,Avarias e/ou desgaste excessivo no pneu,Céu Claro,2025-03-10,14
2025-03-10,16:40:00,101,"140,5",LINHARES,ES,Colisão transversal,Mal súbito do condutor,Céu Claro,2025-03-10,16
2025-03-10,17:08:00,10,456,PALMAS,TO,Colisão com objeto,Manobra de mudança de faixa,Céu Claro,2025-03-10,17
2025-03-10,10:50:00,316,84,SANTANA DO IPANEMA,AL,Colisão traseira,Desrespeitar a preferência no cruzamento,Céu Claro,2025-03-10,10
2025-03-10,13:30:00,163,519,JARAGUARI,MS,Saída de leito carroçável,Reação tardia ou ineficiente do condutor,Nublado,2025-03-10,13
2025-03-10,13:30:00,232,"19,4",MORENO,PE,Colisão traseira,Reação tardia ou ineficiente do condutor,Céu Claro,2025-03-10,13
2025-03-10,13:10:00,476,"330,8",PAULA FREITAS,PR,Colisão lateral sentido oposto,Reação tardia ou ineficiente do condutor,Céu Claro,2025-03-10,13
2025-03-10,17:20:00,101,86,OSORIO,RS,Atropelamento de Pedestre,Pedestre cruzava a pista fora da faixa,Céu Claro,2025-03-10,17
2025-03-10,09:40:00,369,172,ROLANDIA,PR,Tombamento,Desrespeitar a preferência no cruzamento,Céu Claro,2025-03-10,9
2025-03-10,16:20:00,163,595,NOVA MUTUM,MT,Colisão transversal,Acesso irregular,Chuva,2025-03-10,16
2025-03-10,14:00:00,381,733,TRES CORACOES,MG,Colisão com objeto,Reação tardia ou ineficiente do condutor,Nublado,2025-03-10,14
2025-03-10,16:00:00,425,80,NOVA MAMORE,RO,Colisão traseira,Ausência de reação do condutor,Céu Claro,2025-03-10,16
2025-03-10,17:40:00,230,26,JOAO PESSOA,PB,Colisão traseira,Ausência de reação do condutor,Céu Claro,2025-03-10,17
2025-03-10,15:30:00,452,"187,5",ITUMBIARA,GO,Saída de leito carroçável,Reação tardia ou ineficiente do condutor,Céu Claro,2025-03-10,15
2025-03-02,06:50:00,452,"186,6",ITUMBIARA,GO,Saída de leito carroçável,Acumulo de areia ou detritos sobre o pavimento,Céu Claro,2025-03-02,6
2025-03-10,17:30:00,376,385,IMBAU,PR,Atropelamento de Pedestre,Acessar a via sem observar a presença dos outros veículos,Céu Claro,2025-03-10,17
2025-03-10,17:04:00,163,"235,4",CASCAVEL,PR,Colisão com objeto,Sinalização mal posicionada,Céu Claro,2025-03-10,17
2025-03-10,16:40:00,232,"99,3",BEZERROS,PE,Colisão frontal,Transitar na contramão,Céu Claro,2025-03-10,16
2025-03-10,17:45:00,262,157,IBATIBA,ES,Colisão frontal,Velocidade Incompatível,Nublado,2025-03-10,17
2025-03-10,18:10:00,222,"0,1",FORTALEZA,CE,Atropelamento de Pedestre,Acessar a via sem observar a presença dos outros veículos,Céu Claro,2025-03-10,18
2025-03-10,17:38:00,423,100,GARANHUNS,PE,Colisão traseira,Ausência de reação do condutor,Céu Claro,2025-03-10,17
2025-03-10,16:10:00,60,165,GOIANIA,GO,Incêndio,Demais falhas mecânicas ou elétricas,Céu Claro,2025-03-10,16
2025-03-10,18:00:00,101,333,RIO DE JANEIRO,RJ,Incêndio,Demais falhas mecânicas ou elétricas,Céu Claro,2025-03-10,18
2025-03-10,17:25:00,280,"128,6",RIO NEGRINHO,SC,Colisão traseira,Ausência de reação do condutor,Nublado,2025-03-10,17
2025-03-10,17:50:00,116,"52,1",PAPANDUVA,SC,Colisão lateral mesmo sentido,Acessar a via sem observar a presença dos outros veículos,Céu Claro,2025-03-10,17
2025-03-10,13:00:00,70,553,NOSSA SENHORA DO LIVRAMENTO,MT,Eventos atípicos,Reação tardia ou ineficiente do condutor,Céu Claro,2025-03-10,13
2025-03-10,17:00:00,277,725,FOZ DO IGUACU,PR,Tombamento,Demais falhas mecânicas ou elétricas,Céu Claro,2025-03-10,17
2025-03-10,18:59:00,381,489,BETIM,MG,Atropelamento de Pedestre,Pedestre cruzava a pista fora da faixa,Céu Claro,2025-03-10,18
2025-03-10,19:35:00,365,627,UBERLANDIA,MG,Colisão lateral mesmo sentido,Ausência de reação do condutor,Céu Claro,2025-03-10,19
2025-03-10,19:20:00,116,"256,9",ESTEIO,RS,Atropelamento de Pedestre,Entrada inopinada do pedestre,Céu Claro,2025-03-10,19
2025-03-10,19:00:00,463,0,DOURADOS,MS,Colisão lateral mesmo sentido,Manobra de mudança de faixa,Céu Claro,2025-03-10,19
2025-03-10,16:00:00,373,399,CANDOI,PR,Colisão transversal,Desrespeitar a preferência no cruzamento,Céu Claro,2025-03-10,16
2025-03-02,21:50:00,101,473,ANGRA DOS REIS,RJ,Colisão transversal,Acessar a via sem observar a presença dos outros veículos,Céu Claro,2025-03-02,21
2025-03-10,17:00:00,163,"710,6",SORRISO,MT,Queda de ocupante de veículo,Demais falhas mecânicas ou elétricas,Céu Claro,2025-03-10,17
2025-03-10,21:07:00,101,45,ITAPISSUMA,PE,Atropelamento de Pedestre,Entrada inopinada do pedestre,Céu Claro,2025-03-10,21
2025-03-10,19:00:00,487,111,CRUZEIRO DO OESTE,PR,Saída de leito carroçável,Avarias e/ou desgaste excessivo no pneu,Céu Claro,2025-03-10,19
2025-03-10,20:00:00,262,411,TERENOS,MS,Colisão traseira,Ausência de reação do condutor,Céu Claro,2025-03-10,20
2025-02-22,22:50:00,163,260,DOURADOS,MS,Colisão traseira,Acessar a via sem observar a presença dos outros veículos,Nublado,2025-02-22,22
2025-03-10,21:10:00,116,"62,7",CABROBO,PE,Atropelamento de Animal,Animais na Pista,Céu Claro,2025-03-10,21
2025-03-10,16:40:00,10,165,PARAGOMINAS,PA,Tombamento,Reação tardia ou ineficiente do condutor,Chuva,2025-03-10,16
2025-03-10,21:40:00,101,"206,3",SAO JOSE,SC,Colisão lateral mesmo sentido,Ausência de reação do condutor,Céu Claro,2025-03-10,21
2025-03-10,20:00:00,101,"293,1",ITABORAI,RJ,Colisão lateral mesmo sentido,Reação tardia ou ineficiente do condutor,Céu Claro,2025-03-10,20
2025-03-10,19:30:00,280,"6,1",SAO FRANCISCO DO SUL,SC,Colisão transversal,Acessar a via sem observar a presença dos outros veículos,Nublado,2025-03-10,19
2025-03-10,16:40:00,116,329,JUQUITIBA,SP,Saída de leito carroçável,Ausência de reação do condutor,Garoa/Chuvisco,2025-03-10,16
2025-03-10,20:00:00,472,630,BARRA DO QUARAI,RS,Atropelamento de Animal,Animais na Pista,Céu Claro,2025-03-10,20
2025-03-10,22:10:00,381,483,BETIM,MG,Colisão com objeto,Ausência de reação do condutor,Céu Claro,2025-03-10,22
2025-03-10,20:55:00,262,"41,1",MANHUACU,MG,Atropelamento de Pedestre,Pedestre andava na pista,Céu Claro,2025-03-10,20
2025-03-10,20:40:00,262,436,NOVA SERRANA,MG,Saída de leito carroçável,Velocidade Incompatível,Céu Claro,2025-03-10,20
2025-03-10,22:30:00,369,"36,5",ANDIRA,PR,Colisão com objeto,Ausência de reação do condutor,Nublado,2025-03-10,22
2025-03-10,18:50:00,280,"51,6",GUARAMIRIM,SC,Saída de leito carroçável,Ausência de reação do condutor,Céu Claro,2025-03-10,18
2025-03-11,00:30:00,101,57,ARAQUARI,SC,Tombamento,Ausência de reação do condutor,Nublado,2025-03-11,0
2025-03-11,01:15:00,101,68,RECIFE,PE,Colisão com objeto,Reação tardia ou ineficiente do condutor,Céu Claro,2025-03-11,1
2025-03-11,01:40:00,376,"305,9",MAUA DA SERRA,PR,Saída de leito carroçável,Pista Escorregadia,Chuva,2025-03-11,1
2025-03-10,21:40:00,324,619,SALVADOR,BA,Colisão traseira,Ausência de reação do condutor,Céu Claro,2025-03-10,21
2025-03-11,04:00:00,116,393,MIRACATU,SP,Incêndio,Demais falhas mecânicas ou elétricas,Nublado,2025-03-11,4
2025-03-10,10:00:00,101,304,SAO GONCALO,RJ,Queda de ocupante de veículo,Demais falhas mecânicas ou elétricas,Céu Claro,2025-03-10,10
2025-03-11,06:00:00,101,"176,5",ARACRUZ,ES,Colisão transversal,Acessar a via sem observar a presença dos outros veículos,Céu Claro,2025-03-11,6
2025-03-11,06:14:00,116,256,ESTEIO,RS,Queda de ocupante de veículo,Demais falhas mecânicas ou elétricas,Céu Claro,2025-03-11,6
2025-03-10,22:06:00,381,"71,8",MAIRIPORA,SP,Capotamento,Reação tardia ou ineficiente do condutor,Céu Claro,2025-03-10,22
2025-03-11,05:55:00,70,"15,8",BRASILIA,DF,Colisão traseira,Demais falhas mecânicas ou elétricas,Céu Claro,2025-03-11,5
2025-03-11,06:50:00,50,"48,6",ARAGUARI,MG,Tombamento,Demais falhas mecânicas ou elétricas,Céu Claro,2025-03-11,6
2025-02-13,17:10:00,116,186,NOVA IGUACU,RJ,Queda de ocupante de veículo,Manobra de mudança de faixa,Céu Claro,2025-02-13,17
2025-03-11,06:40:00,101,"82,3",NATAL,RN,Colisão traseira,Manobra de mudança de faixa,Céu Claro,2025-03-11,6
2025-03-11,06:45:00,101,"82,2",NATAL,RN,Colisão traseira,Reação tardia ou ineficiente do condutor,Nublado,2025-03-11,6
2025-03-11,06:40:00,163,"462,5",CAMPO GRANDE,MS,Colisão transversal,Acessar a via sem observar a presença dos outros veículos,Nublado,2025-03-11,6
2025-03-11,06:40:00,343,342,TERESINA,PI,Colisão traseira,Reação tardia ou ineficiente do condutor,Céu Claro,2025-03-11,6
2025-03-10,23:00:00,381,704,LAVRAS,MG,Colisão com objeto,Ausência de reação do condutor,Chuva,2025-03-10,23
2025-03-11,07:40:00,116,165,JACAREI,SP,Colisão lateral mesmo sentido,Acessar a via sem observar a presença dos outros veículos,Céu Claro,2025-03-11,7
2025-03-11,04:50:00,40,119,DUQUE DE CAXIAS,RJ,Atropelamento de Pedestre,Pedestre cruzava a pista fora da faixa,Céu Claro,2025-03-11,4
2025-03-11,07:40:00,324,526,FEIRA DE SANTANA,BA,Colisão transversal,Acessar a via sem observar a presença dos outros veículos,Céu Claro,2025-03-11,7
2025-03-11,07:50:00,472,571,URUGUAIANA,RS,Colisão transversal,Acessar a via sem observar a presença dos outros veículos,Céu Claro,2025-03-11,7
2025-03-11,08:00:00,116,212,GUARULHOS,SP,Colisão lateral mesmo sentido,Manobra de mudança de faixa,Nublado,2025-03-11,8
2025-03-11,07:40:00,116,24,AQUIRAZ,CE,Colisão traseira,Acessar a via sem observar a presença dos outros veículos,Chuva,2025-03-11,7
2025-03-11,07:32:00,70,7,BRASILIA,DF,Colisão traseira,Manobra de mudança de faixa,Céu Claro,2025-03-11,7
2025-03-11,08:00:00,116,189,NOVA IGUACU,RJ,Queda de ocupante de veículo,Demais falhas mecânicas ou elétricas,Céu Claro,2025-03-11,8
2025-03-11,07:50:00,476,145,CURITIBA,PR,Colisão transversal,Trafegar com motocicleta (ou similar) entre as faixas,Nublado,2025-03-11,7
2025-02-15,23:20:00,0,0,DUQUE DE CAXIAS,RJ,Colisão transversal,Ausência de reação do condutor,Céu Claro,2025-02-15,23
2025-03-11,07:50:00,116,416,GOVERNADOR VALADARES,MG,Colisão lateral mesmo sentido,Condutor deixou de manter distância do veículo da frente,Céu Claro,2025-03-11,7
2025-03-11,08:00:00,324,515,FEIRA DE SANTANA,BA,Colisão transversal,Trafegar com motocicleta (ou similar) entre as faixas,Céu Claro,2025-03-11,8
2025-03-07,19:50:00,282,"231,9",LAGES,SC,Atropelamento de Animal,Animais na Pista,Céu Claro,2025-03-07,19
2025-03-11,08:53:00,230,21,JOAO PESSOA,PB,Colisão traseira,Ausência de reação do condutor,Céu Claro,2025-03-11,8
2025-03-11,08:00:00,308,158,CAPANEMA,PA,Engavetamento,Pista esburacada,Céu Claro,2025-03-11,8
2025-03-11,09:00:00,116,222,GUARULHOS,SP,Colisão lateral mesmo sentido,Ausência de reação do condutor,Céu Claro,2025-03-11,9
2025-03-11,08:40:00,277,"70,5",SAO JOSE DOS PINHAIS,PR,Colisão lateral mesmo sentido,Reação tardia ou ineficiente do condutor,Nublado,2025-03-11,8
2025-03-11,07:40:00,40,121,DUQUE DE CAXIAS,RJ,Colisão lateral mesmo sentido,Condutor deixou de manter distância do veículo da frente,Céu Claro,2025-03-11,7
2025-03-11,07:55:00,324,525,FEIRA DE SANTANA,BA,Colisão traseira,Condutor deixou de manter distância do veículo da frente,Céu Claro,2025-03-11,7
2025-03-11,10:35:00,230,10,CABEDELO,PB,Tombamento,Acessar a via sem observar a presença dos outros veículos,Sol,2025-03-11,10
2025-03-11,09:30:00,101,303,SAO GONCALO,RJ,Colisão traseira,Reação tardia ou ineficiente do condutor,Céu Claro,2025-03-11,9
2025-03-11,08:40:00,381,306,ANTONIO DIAS,MG,Incêndio,Demais falhas mecânicas ou elétricas,Céu Claro,2025-03-11,8
2025-03-11,10:20:00,356,26,ITAPERUNA,RJ,Colisão transversal,Acessar a via sem observar a presença dos outros veículos,Céu Claro,2025-03-11,10
2025-03-11,10:20:00,158,790,BARRA DO GARCAS,MT,Colisão com objeto,Demais falhas mecânicas ou elétricas,Céu Claro,2025-03-11,10
2025-03-11,10:30:00,101,420,MANGARATIBA,RJ,Queda de ocupante de veículo,Demais falhas mecânicas ou elétricas,Céu Claro,2025-03-11,10
2025-03-11,06:00:00,80,"9,1",PADRE BERNARDO,GO,Capotamento,Desvio temporário,Céu Claro,2025-03-11,6
2025-03-11,12:00:00,50,58,UBERLANDIA,MG,Saída de leito carroçável,Condutor usando celular,Céu Claro,2025-03-11,12
2025-03-11,11:40:00,101,382,RIO DE JANEIRO,RJ,Colisão lateral mesmo sentido,Acessar a via sem observar a presença dos outros veículos,Céu Claro,2025-03-11,11
2025-03-11,10:00:00,163,457,CAMPO GRANDE,MS,Colisão transversal,Acessar a via sem observar a presença dos outros veículos,Céu Claro,2025-03-11,10
2025-02-24,15:15:00,116,315,JUQUITIBA,SP,Colisão com objeto,Objeto estático sobre o leito carroçável,Sol,2025-02-24,15
2025-01-28,13:00:00,376,13,DOURADOS,MS,Colisão com objeto,Chuva,Chuva,2025-01-28,13
2025-03-11,10:40:00,158,"97,2",PARANAIBA,MS,Colisão traseira,Ausência de reação do condutor,Céu Claro,2025-03-11,10
2025-03-11,10:00:00,280,"23,5",ARAQUARI,SC,Colisão transversal,Acesso irregular,Garoa/Chuvisco,2025-03-11,10
2025-03-11,10:50:00,381,713,CARMO DA CACHOEIRA,MG,Tombamento,Demais falhas mecânicas ou elétricas,Céu Claro,2025-03-11,10
2025-03-11,11:05:00,50,151,UBERABA,MG,Colisão traseira,Reação tardia ou ineficiente do condutor,Céu Claro,2025-03-11,11
2025-03-11,11:50:00,459,"96,1",POUSO ALEGRE,MG,Colisão lateral sentido oposto,Reação tardia ou ineficiente do condutor,Céu Claro,2025-03-11,11
2025-03-11,11:50:00,163,"615,3",SAO GABRIEL DO OESTE,MS,Tombamento,Reação tardia ou ineficiente do condutor,Céu Claro,2025-03-11,11
2025-03-11,07:50:00,381,"946,8",EXTREMA,MG,Tombamento,Demais falhas mecânicas ou elétricas,Céu Claro,2025-03-11,7
2025-03-11,13:00:00,343,"0,2",TERESINA,PI,Colisão traseira,Frear bruscamente,Céu Claro,2025-03-11,13
2025-02-23,17:00:00,356,86,CARDOSO MOREIRA,RJ,Colisão lateral sentido oposto,Conversão proibida,Céu Claro,2025-02-23,17
2025-03-11,13:30:00,101,148,ITAPEMA,SC,Colisão transversal,Acessar a via sem observar a presença dos outros veículos,Céu Claro,2025-03-11,13
2025-03-11,14:40:00,267,"28,2",ARGIRITA,MG,Saída de leito carroçável,Condutor Dormindo,Nublado,2025-03-11,14
2025-03-11,14:00:00,116,146,SAO JOSE DOS CAMPOS,SP,Colisão traseira,Reação tardia ou ineficiente do condutor,Céu Claro,2025-03-11,14
2025-03-02,20:00:00,163,249,DOURADOS,MS,Colisão traseira,Ausência de reação do condutor,Céu Claro,2025-03-02,20
2025-03-11,11:23:00,419,"256,9",ANASTACIO,MS,Colisão traseira,Reação tardia ou ineficiente do condutor,Céu Claro,2025-03-11,11
2025-03-11,15:00:00,116,86,PINDAMONHANGABA,SP,Incêndio,Demais falhas mecânicas ou elétricas,Nublado,2025-03-11,15
2025-03-11,14:03:00,116,329,BARRA DO RIBEIRO,RS,Saída de leito carroçável,Condutor Dormindo,Sol,2025-03-11,14
2025-03-01,21:45:00,285,6,SAO BORJA,RS,Colisão transversal,Desrespeitar a preferência no cruzamento,Céu Claro,2025-03-01,21
2025-03-11,15:00:00,424,86,GARANHUNS,PE,Colisão transversal,Acessar a via sem observar a presença dos outros veículos,Céu Claro,2025-03-11,15
2025-03-11,15:00:00,153,491,GOIANIA,GO,Colisão transversal,Ultrapassagem Indevida,Céu Claro,2025-03-11,15
2025-03-11,14:40:00,116,"501,5",INHAPIM,MG,Queda de ocupante de veículo,Demais falhas mecânicas ou elétricas,Céu Claro,2025-03-11,14
2025-03-11,12:45:00,40,552,NOVA LIMA,MG,Atropelamento de Pedestre,Entrada inopinada do pedestre,Céu Claro,2025-03-11,12
2025-03-11,10:20:00,116,145,DUQUE DE CAXIAS,RJ,Incêndio,Demais falhas mecânicas ou elétricas,Céu Claro,2025-03-11,10
2025-03-11,16:02:00,381,878,ESTIVA,MG,Capotamento,Chuva,Chuva,2025-03-11,16
2025-03-11,15:20:00,324,532,FEIRA DE SANTANA,BA,Colisão traseira,Condutor deixou de manter distância do veículo da frente,Céu Claro,2025-03-11,15
2025-03-11,16:00:00,406,167,SAO GONCALO DO AMARANTE,RN,Queda de ocupante de veículo,Avarias e/ou desgaste excessivo no pneu,Nublado,2025-03-11,16
2025-03-11,16:00:00,101,88,JOAO PESSOA,PB,Saída de leito carroçável,Avarias e/ou desgaste excessivo no pneu,Céu Claro,2025-03-11,16
2025-03-11,16:30:00,316,610,TIMON,MA,Colisão com objeto,Mal súbito do condutor,Nublado,2025-03-11,16