data_inversa,horario,br,km,municipio,uf,tipo_acidente,causa_acidente,condicao_metereologica,data,hora
2025-03-11,16:00:00,101,515,ANGRA DOS REIS,RJ,Colisão frontal,Mal súbito do condutor,Nublado,2025-03-11,16
2025-03-08,06:45:00,101,498,ANGRA DOS REIS,RJ,Tombamento,Velocidade Incompatível,Céu Claro,2025-03-08,6
2025-03-11,12:30:00,290,"57,8",GLORINHA,RS,Tombamento,Pista esburacada,Céu Claro,2025-03-11,12
2025-03-11,16:00:00,470,255,SALVADOR DO SUL,RS,Atropelamento de Pedestre,Pedestre andava na pista,Céu Claro,2025-03-11,16
2025-03-11,15:30:00,116,250,PIRAI,RJ,Incêndio,Demais falhas mecânicas ou elétricas,Chuva,2025-03-11,15
2025-03-11,15:30:00,101,"32,5",ESPLANADA,BA,Saída de leito carroçável,Velocidade Incompatível,Céu Claro,2025-03-11,15
2025-03-11,17:15:00,116,73,APARECIDA,SP,Colisão com objeto,Acumulo de água sobre o pavimento,Chuva,2025-03-11,17
2025-03-11,17:00:00,282,1,FLORIANOPOLIS,SC,Colisão traseira,Reação tardia ou ineficiente do condutor,Nublado,2025-03-11,17
2025-03-11,14:20:00,487,"119,6",TUNEIRAS DO OESTE,PR,Saída de leito carroçável,Ausência de reação do condutor,Chuva,2025-03-11,14
2025-03-11,09:30:00,277,137,CAMPO LARGO,PR,Incêndio,Demais falhas mecânicas ou elétricas,Céu Claro,2025-03-11,9
2025-03-11,17:00:00,163,249,QUATRO PONTES,PR,Saída de leito carroçável,Ingestão de substâncias psicoativas pelo condutor,Chuva,2025-03-11,17
2025-03-11,17:00:00,158,326,SANTA MARIA,RS,Colisão transversal,Acessar a via sem observar a presença dos outros veículos,Céu Claro,2025-03-11,17
2025-03-11,14:35:00,101,3,NOVO LINO,AL,Queda de ocupante de veículo,Reação tardia ou ineficiente do condutor,Nublado,2025-03-11,14
2025-03-11,17:20:00,101,505,ANGRA DOS REIS,RJ,Colisão frontal,Conversão proibida,Céu Claro,2025-03-11,17
2025-03-11,18:03:00,470,138,RIO DO SUL,SC,Colisão transversal,Trafegar com motocicleta (ou similar) entre as faixas,Nublado,2025-03-11,18
2025-03-11,17:00:00,153,"211,2",FRUTAL,MG,Tombamento,Afundamento ou ondulação no pavimento,Céu Claro,2025-03-11,17
2025-03-11,17:30:00,365,"431,5",PATOS DE MINAS,MG,Colisão transversal,Manobra de mudança de faixa,Sol,2025-03-11,17
2025-03-11,18:00:00,423,96,GARANHUNS,PE,Colisão transversal,Acessar a via sem observar a presença dos outros veículos,Céu Claro,2025-03-11,18
2025-03-11,18:06:00,101,"81,7",SAO GONCALO DO AMARANTE,RN,Colisão transversal,Transitar na contramão,Chuva,2025-03-11,18
2025-03-11,18:30:00,406,169,SAO GONCALO DO AMARANTE,RN,Colisão traseira,Reação tardia ou ineficiente do condutor,Chuva,2025-03-11,18
2025-03-11,16:30:00,319,46,CANUTAMA,AM,Saída de leito carroçável,Demais falhas na via,Céu Claro,2025-03-11,16
2025-03-11,18:45:00,414,438,ANAPOLIS,GO,Colisão transversal,Desrespeitar a preferência no cruzamento,Céu Claro,2025-03-11,18
2025-03-11,18:45:00,40,749,SANTOS DUMONT,MG,Capotamento,Ausência de reação do condutor,Nublado,2025-03-11,18
2025-03-11,18:00:00,280,"170,1",MAFRA,SC,Tombamento,Pista Escorregadia,Chuva,2025-03-11,18
2025-03-11,17:20:00,364,"271,8",JACIARA,MT,Colisão traseira,Reação tardia ou ineficiente do condutor,Céu Claro,2025-03-11,17
2025-03-11,17:20:00,470,227,GARIBALDI,RS,Colisão traseira,Reação tardia ou ineficiente do condutor,Céu Claro,2025-03-11,17
2025-03-11,18:31:00,343,5,TERESINA,PI,Colisão traseira,Ingestão de álcool pelo condutor,Céu Claro,2025-03-11,18
2025-03-11,19:11:00,70,6,AGUAS LINDAS DE GOIAS,GO,Atropelamento de Pedestre,Pedestre cruzava a pista fora da faixa,Céu Claro,2025-03-11,19
2025-03-11,19:35:00,381,28,ATIBAIA,SP,Colisão com objeto,Chuva,Chuva,2025-03-11,19
2025-03-11,19:00:00,369,"505,7",CASCAVEL,PR,Colisão frontal,Transitar na contramão,Chuva,2025-03-11,19
2025-03-11,19:00:00,230,115,MARABA,PA,Queda de ocupante de veículo,Reação tardia ou ineficiente do condutor,Nublado,2025-03-11,19
2025-03-11,18:57:00,101,270,SERRA,ES,Colisão lateral mesmo sentido,Reação tardia ou ineficiente do condutor,Céu Claro,2025-03-11,18
2025-03-11,19:17:00,226,2,AGUIARNOPOLIS,TO,Atropelamento de Pedestre,Suicídio (presumido),Chuva,2025-03-11,19
2025-03-11,16:15:00,386,136,SARANDI,RS,Colisão frontal,Desrespeitar a preferência no cruzamento,Nublado,2025-03-11,16
2025-03-11,19:10:00,40,"547,1",NOVA LIMA,MG,Colisão lateral mesmo sentido,Manobra de mudança de faixa,Nublado,2025-03-11,19
2025-03-11,20:00:00,101,"186,5",BIGUACU,SC,Colisão traseira,Manobra de mudança de faixa,Céu Claro,2025-03-11,20
2025-03-11,15:30:00,277,"336,8",GUARAPUAVA,PR,Saída de leito carroçável,Ausência de reação do condutor,Chuva,2025-03-11,15
2025-03-11,19:15:00,116,"515,6",UBAPORANGA,MG,Colisão traseira,Suicídio (presumido),Céu Claro,2025-03-11,19
2025-03-11,19:20:00,116,"150,3",CAXIAS DO SUL,RS,Colisão lateral mesmo sentido,Manobra de mudança de faixa,Céu Claro,2025-03-11,19
2025-03-11,14:30:00,277,5,PARANAGUA,PR,Colisão lateral mesmo sentido,Manobra de mudança de faixa,Céu Claro,2025-03-11,14
2025-03-11,20:00:00,476,198,LAPA,PR,Colisão transversal,Acessar a via sem observar a presença dos outros veículos,Chuva,2025-03-11,20
2025-03-11,20:30:00,40,"52,5",PETROPOLIS,RJ,Colisão transversal,Acesso irregular,Céu Claro,2025-03-11,20
2025-03-11,17:35:00,480,"124,5",CHAPECO,SC,Colisão com objeto,Ingestão de álcool pelo condutor,Nublado,2025-03-11,17
2025-03-11,20:35:00,40,"62,7",CRISTALINA,GO,Saída de leito carroçável,Chuva,Chuva,2025-03-11,20
2025-03-11,21:45:00,116,"209,9",PONTE ALTA,SC,Saída de leito carroçável,Chuva,Chuva,2025-03-11,21
2025-03-11,22:30:00,101,"200,9",SAO JOSE,SC,Colisão transversal,Acesso irregular,Ignorado,2025-03-11,22
2025-03-11,23:00:00,230,26,JOAO PESSOA,PB,Colisão traseira,Manobra de mudança de faixa,Céu Claro,2025-03-11,23
2025-03-11,20:50:00,235,"350,8",JUAZEIRO,BA,Colisão transversal,Conversão proibida,Céu Claro,2025-03-11,20
2025-03-11,22:50:00,70,6,AGUAS LINDAS DE GOIAS,GO,Colisão transversal,Acesso irregular,Céu Claro,2025-03-11,22
2025-03-11,22:40:00,101,"273,4",SERRA,ES,Colisão frontal,Transitar na contramão,Céu Claro,2025-03-11,22
2025-03-12,00:10:00,116,455,REGISTRO,SP,Atropelamento de Pedestre,Ausência de reação do condutor,Céu Claro,2025-03-12,0
2025-03-11,20:17:00,364,20,ACRELANDIA,AC,Colisão traseira,Reação tardia ou ineficiente do condutor,Céu Claro,2025-03-11,20
2025-03-11,22:30:00,60,"83,2",ANAPOLIS,GO,Saída de leito carroçável,Acumulo de água sobre o pavimento,Chuva,2025-03-11,22
2025-03-12,01:40:00,369,"197,7",APUCARANA,PR,Colisão com objeto,Mal súbito do condutor,Céu Claro,2025-03-12,1
2025-03-11,23:26:00,319,51,PORTO VELHO,RO,Colisão frontal,Iluminação deficiente,Céu Claro,2025-03-11,23
2025-03-12,03:00:00,414,"323,9",COCALZINHO DE GOIAS,GO,Saída de leito carroçável,Reação tardia ou ineficiente do condutor,Chuva,2025-03-12,3
2025-03-12,04:35:00,101,101,TIJUCAS,SC,Colisão traseira,Condutor deixou de manter distância do veículo da frente,Céu Claro,2025-03-12,4
2025-03-11,22:40:00,101,"213,9",PALHOCA,SC,Atropelamento de Pedestre,Pedestre cruzava a pista fora da faixa,Garoa/Chuvisco,2025-03-11,22
2025-03-12,05:30:00,230,2,AGUIARNOPOLIS,TO,Atropelamento de Animal,Animais na Pista,Nublado,2025-03-12,5
2025-03-12,05:40:00,40,517,RIBEIRAO DAS NEVES,MG,Colisão transversal,Transitar no Acostamento,Céu Claro,2025-03-12,5
2025-03-11,20:30:00,116,"915,8",ENCRUZILHADA,BA,Saída de leito carroçável,Reação tardia ou ineficiente do condutor,Céu Claro,2025-03-11,20
2025-03-12,06:30:00,381,"483,1",BETIM,MG,Tombamento,Demais falhas mecânicas ou elétricas,Céu Claro,2025-03-12,6
2025-03-12,05:40:00,60,455,JATAI,GO,Colisão traseira,Ausência de reação do condutor,Ignorado,2025-03-12,5
2025-03-12,01:20:00,381,27,ATIBAIA,SP,Saída de leito carroçável,Ausência de reação do condutor,Chuva,2025-03-12,1
2025-03-12,04:30:00,381,85,SAO PAULO,SP,Atropelamento de Pedestre,Acessar a via sem observar a presença dos outros veículos,Céu Claro,2025-03-12,4
2025-03-12,06:50:00,116,818,VITORIA DA CONQUISTA,BA,Colisão transversal,Desrespeitar a preferência no cruzamento,Céu Claro,2025-03-12,6
2025-03-12,07:14:00,447,14,VILA VELHA,ES,Colisão lateral mesmo sentido,Falta de acostamento,Céu Claro,2025-03-12,7
2025-03-12,07:18:00,116,17,EUSEBIO,CE,Colisão traseira,Ausência de reação do condutor,Céu Claro,2025-03-12,7
2025-03-12,07:29:00,101,65,RECIFE,PE,Colisão traseira,Reação tardia ou ineficiente do condutor,Céu Claro,2025-03-12,7
2025-03-12,07:17:00,70,8,BRASILIA,DF,Colisão lateral mesmo sentido,Manobra de mudança de faixa,Céu Claro,2025-03-12,7
2025-03-12,07:19:00,101,"82,9",BAYEUX,PB,Colisão lateral mesmo sentido,Acessar a via sem observar a presença dos outros veículos,Sol,2025-03-12,7
2025-03-12,05:30:00,20,97,VILA BOA,GO,Colisão frontal,Ultrapassagem Indevida,Céu Claro,2025-03-12,5
2025-03-12,07:50:00,101,"210,8",SAO JOSE,SC,Colisão traseira,Trafegar com motocicleta (ou similar) entre as faixas,Sol,2025-03-12,7
2025-03-12,07:25:00,232,492,VERDEJANTE,PE,Capotamento,Demais falhas mecânicas ou elétricas,Céu Claro,2025-03-12,7
2025-03-12,06:10:00,324,"586,8",CANDEIAS,BA,Saída de leito carroçável,Ausência de reação do condutor,Céu Claro,2025-03-12,6
2025-03-12,07:00:00,470,105,APIUNA,SC,Saída de leito carroçável,Ausência de reação do condutor,Céu Claro,2025-03-12,7
2025-03-12,06:50:00,230,"504,9",CAJAZEIRAS,PB,Colisão traseira,Ausência de reação do condutor,Céu Claro,2025-03-12,6
2025-03-12,08:00:00,158,"536,8",PATO BRANCO,PR,Colisão frontal,Transitar na contramão,Céu Claro,2025-03-12,8
2025-03-12,08:10:00,101,306,SAO GONCALO,RJ,Colisão lateral mesmo sentido,Manobra de mudança de faixa,Nublado,2025-03-12,8
2025-03-12,06:45:00,290,127,ELDORADO DO SUL,RS,Colisão frontal,Transitar na contramão,Céu Claro,2025-03-12,6
2025-03-12,06:40:00,376,100,PARANAVAI,PR,Colisão lateral sentido oposto,Ultrapassagem Indevida,Sol,2025-03-12,6
2025-03-12,08:30:00,101,122,ITAJAI,SC,Colisão lateral mesmo sentido,Acessar a via sem observar a presença dos outros veículos,Céu Claro,2025-03-12,8
2025-03-12,06:00:00,316,82,SANTANA DO IPANEMA,AL,Colisão traseira,Reação tardia ou ineficiente do condutor,Sol,2025-03-12,6
2025-03-12,08:30:00,235,55,ITABAIANA,SE,Colisão transversal,Acesso irregular,Céu Claro,2025-03-12,8
2025-03-12,09:30:00,70,6,BRASILIA,DF,Queda de ocupante de veículo,Acumulo de óleo sobre o pavimento,Céu Claro,2025-03-12,9
2025-02-12,17:20:00,101,142,LINHARES,ES,Colisão lateral mesmo sentido,Manobra de mudança de faixa,Céu Claro,2025-02-12,17
2025-03-12,06:50:00,153,335,IRATI,PR,Colisão frontal,Acessar a via sem observar a presença dos outros veículos,Céu Claro,2025-03-12,6
2025-02-21,18:00:00,20,24,BRASILIA,DF,Colisão lateral mesmo sentido,Manobra de mudança de faixa,Céu Claro,2025-02-21,18
2025-03-12,07:20:00,470,"153,3",NOVA PRATA,RS,Tombamento,Acessar a via sem observar a presença dos outros veículos,Nublado,2025-03-12,7
2025-03-12,10:00:00,116,221,GUARULHOS,SP,Colisão lateral mesmo sentido,Trafegar com motocicleta (ou similar) entre as faixas,Céu Claro,2025-03-12,10
2025-03-12,10:00:00,116,115,CURITIBA,PR,Colisão lateral mesmo sentido,Condutor deixou de manter distância do veículo da frente,Nublado,2025-03-12,10
2025-03-12,10:00:00,369,187,ARAPONGAS,PR,Tombamento,Ausência de reação do condutor,Céu Claro,2025-03-12,10
2025-02-20,15:56:00,116,"211,2",RIO NEGRO,PR,Colisão traseira,Condutor deixou de manter distância do veículo da frente,Sol,2025-02-20,15
2025-03-12,09:07:00,364,426,JARU,RO,Queda de ocupante de veículo,Ausência de reação do condutor,Sol,2025-03-12,9
2025-03-12,11:05:00,116,551,REGISTRO,SP,Queda de ocupante de veículo,Avarias e/ou desgaste excessivo no pneu,Céu Claro,2025-03-12,11
2025-03-12,11:35:00,116,501,BREJO SANTO,CE,Colisão traseira,Conversão proibida,Sol,2025-03-12,11
2025-03-12,10:30:00,293,139,CANDIOTA,RS,Capotamento,Animais na Pista,Céu Claro,2025-03-12,10
2025-03-12,12:10:00,101,117,ITAJAI,SC,Colisão frontal,Velocidade Incompatível,Céu Claro,2025-03-12,12
2025-03-12,11:25:00,116,184,NOVA IGUACU,RJ,Incêndio,Demais falhas mecânicas ou elétricas,Céu Claro,2025-03-12,11
2025-03-12,11:15:00,163,690,LUCAS DO RIO VERDE,MT,Colisão transversal,Acessar a via sem observar a presença dos outros veículos,Céu Claro,2025-03-12,11
2025-03-12,08:30:00,316,309,PICOS,PI,Colisão traseira,Condutor deixou de manter distância do veículo da frente,Céu Claro,2025-03-12,8
2025-03-12,11:15:00,364,120,APARECIDA DO RIO DOCE,GO,Capotamento,Carga excessiva e/ou mal acondicionada,Céu Claro,2025-03-12,11
2025-03-12,12:41:00,101,297,CARIACICA,ES,Tombamento,Ausência de reação do condutor,Céu Claro,2025-03-12,12
2025-03-12,09:15:00,343,"341,1",TERESINA,PI,Colisão com objeto,Carga excessiva e/ou mal acondicionada,Céu Claro,2025-03-12,9
2025-03-12,12:45:00,381,480,CONTAGEM,MG,Atropelamento de Pedestre,Ausência de reação do condutor,Céu Claro,2025-03-12,12
2025-03-12,13:15:00,60,89,ANAPOLIS,GO,Colisão transversal,Acessar a via sem observar a presença dos outros veículos,Sol,2025-03-12,13
2025-03-12,12:20:00,116,141,MAGE,RJ,Colisão com objeto,Transtornos Mentais (exceto suicidio),Céu Claro,2025-03-12,12
2025-03-12,13:00:00,101,199,SAO JOSE,SC,Colisão transversal,Manobra de mudança de faixa,Céu Claro,2025-03-12,13
2025-02-12,06:30:00,40,"521,5",CONTAGEM,MG,Tombamento,Trafegar com motocicleta (ou similar) entre as faixas,Céu Claro,2025-02-12,6
2025-03-12,11:40:00,262,34,DOMINGOS MARTINS,ES,Colisão traseira,Condutor deixou de manter distância do veículo da frente,Sol,2025-03-12,11
2025-03-12,13:10:00,282,"18,4",PALHOCA,SC,Colisão transversal,Acessar a via sem observar a presença dos outros veículos,Nublado,2025-03-12,13
2025-03-04,16:30:00,230,605,HUMAITA,AM,Saída de leito carroçável,Pista Escorregadia,Nublado,2025-03-04,16
2025-03-12,13:30:00,116,230,SAO PAULO,SP,Incêndio,Demais falhas mecânicas ou elétricas,Céu Claro,2025-03-12,13
2025-02-21,21:15:00,0,0,RIO DE JANEIRO,RJ,Colisão traseira,Reação tardia ou ineficiente do condutor,Céu Claro,2025-02-21,21
2025-03-12,14:30:00,70,11,BRASILIA,DF,Tombamento,Chuva,Chuva,2025-03-12,14
2025-03-12,13:20:00,356,26,ITAPERUNA,RJ,Colisão transversal,Acessar a via sem observar a presença dos outros veículos,Sol,2025-03-12,13
2025-03-12,14:00:00,20,"15,5",BRASILIA,DF,Tombamento,Velocidade Incompatível,Chuva,2025-03-12,14
2025-03-12,11:40:00,277,271,IRATI,PR,Tombamento,Ausência de reação do condutor,Céu Claro,2025-03-12,11
2025-03-12,15:23:00,232,"54,1",POMBOS,PE,Colisão traseira,Estacionar ou parar em local proibido,Sol,2025-03-12,15
2025-03-12,10:00:00,158,14,CASSILANDIA,MS,Colisão traseira,Reação tardia ou ineficiente do condutor,Céu Claro,2025-03-12,10
2025-03-12,13:20:00,262,"810,8",UBERABA,MG,Colisão lateral mesmo sentido,Reação tardia ou ineficiente do condutor,Sol,2025-03-12,13
2025-02-26,11:00:00,267,590,CARACOL,MS,Saída de leito carroçável,Ausência de reação do condutor,Chuva,2025-02-26,11
2025-03-12,15:35:00,469,"12,9",FOZ DO IGUACU,PR,Colisão traseira,Condutor deixou de manter distância do veículo da frente,Céu Claro,2025-03-12,15
2025-03-12,14:00:00,476,350,UNIAO DA VITORIA,PR,Colisão traseira,Velocidade Incompatível,Céu Claro,2025-03-12,14
2025-02-24,13:19:00,116,"701,8",MURIAE,MG,Colisão transversal,Acessar a via sem observar a presença dos outros veículos,Nublado,2025-02-24,13
2025-03-12,15:50:00,343,345,TERESINA,PI,Colisão transversal,Acessar a via sem observar a presença dos outros veículos,Céu Claro,2025-03-12,15
2025-03-12,16:30:00,101,"201,5",SAO JOSE,SC,Queda de ocupante de veículo,Reação tardia ou ineficiente do condutor,Céu Claro,2025-03-12,16
2025-03-12,13:30:00,222,"38,3",DOM ELISEU,PA,Colisão traseira,Acessar a via sem observar a presença dos outros veículos,Sol,2025-03-12,13
2025-03-12,15:43:00,174,16,COMODORO,MT,Colisão traseira,Condutor deixou de manter distância do veículo da frente,Céu Claro,2025-03-12,15
2025-02-22,05:30:00,116,265,CANOAS,RS,Eventos atípicos,Demais falhas mecânicas ou elétricas,Céu Claro,2025-02-22,5
2025-03-12,16:40:00,277,722,FOZ DO IGUACU,PR,Tombamento,Demais falhas mecânicas ou elétricas,Céu Claro,2025-03-12,16
2025-03-12,16:50:00,407,100,JAGUARARI,BA,Incêndio,Demais falhas mecânicas ou elétricas,Céu Claro,2025-03-12,16
2025-03-12,17:40:00,101,87,BARRA VELHA,SC,Colisão transversal,Acessar a via sem observar a presença dos outros veículos,Chuva,2025-03-12,17
2025-03-12,16:20:00,20,"253,7",MADALENA,CE,Atropelamento de Pedestre,Entrada inopinada do pedestre,Nublado,2025-03-12,16
2025-03-12,16:50:00,101,"422,6",ATILIO VIVACQUA,ES,Saída de leito carroçável,Ausência de reação do condutor,Céu Claro,2025-03-12,16
2025-03-12,16:50:00,116,274,TEOFILO OTONI,MG,Colisão lateral mesmo sentido,Ingestão de álcool pelo condutor,Céu Claro,2025-03-12,16
2025-03-12,16:15:00,267,"31,4",ARGIRITA,MG,Saída de leito carroçável,Demais falhas na via,Céu Claro,2025-03-12,16
2025-03-12,18:15:00,386,"49,1",SEBERI,RS,Colisão transversal,Reação tardia ou ineficiente do condutor,Nublado,2025-03-12,18
2025-03-12,18:00:00,116,"12,7",FORTALEZA,CE,Tombamento,Reação tardia ou ineficiente do condutor,Céu Claro,2025-03-12,18
2025-01-24,11:30:00,163,818,SINOP,MT,Colisão com objeto,Acumulo de areia ou detritos sobre o pavimento,Céu Claro,2025-01-24,11
2025-03-12,17:10:00,280,58,GUARAMIRIM,SC,Queda de ocupante de veículo,Acumulo de água sobre o pavimento,Chuva,2025-03-12,17
2025-02-22,02:15:00,116,"249,9",LAGES,SC,Colisão traseira,Reação tardia ou ineficiente do condutor,Céu Claro,2025-02-22,2
2025-03-12,18:00:00,101,"93,8",NATAL,RN,Colisão lateral mesmo sentido,Manobra de mudança de faixa,Céu Claro,2025-03-12,18
2025-03-12,17:00:00,116,302,PORTO REAL,RJ,Tombamento,Avarias e/ou desgaste excessivo no pneu,Nublado,2025-03-12,17
2025-03-12,18:30:00,230,507,CAJAZEIRAS,PB,Colisão frontal,Acessar a via sem observar a presença dos outros veículos,Nublado,2025-03-12,18
2025-03-12,18:10:00,70,498,CUIABA,MT,Colisão transversal,Acesso irregular,Céu Claro,2025-03-12,18
2025-03-12,18:20:00,116,25,VITORIA DA CONQUISTA,BA,Colisão transversal,Acessar a via sem observar a presença dos outros veículos,Céu Claro,2025-03-12,18
2025-03-12,19:00:00,101,118,ITAJAI,SC,Colisão lateral mesmo sentido,Ausência de reação do condutor,Céu Claro,2025-03-12,19
2025-03-12,17:25:00,101,"376,1",ICARA,SC,Capotamento,Ausência de reação do condutor,Nublado,2025-03-12,17
2025-03-12,19:00:00,428,187,PETROLINA,PE,Colisão traseira,Acessar a via sem observar a presença dos outros veículos,Céu Claro,2025-03-12,19
2025-03-12,19:00:00,304,33,MOSSORO,RN,Atropelamento de Animal,Animais na Pista,Céu Claro,2025-03-12,19
2025-03-12,19:35:00,282,"20,4",PALHOCA,SC,Colisão transversal,Acessar a via sem observar a presença dos outros veículos,Chuva,2025-03-12,19
2025-03-12,18:50:00,116,216,GUARULHOS,SP,Queda de ocupante de veículo,Reação tardia ou ineficiente do condutor,Chuva,2025-03-12,18
2025-03-12,19:20:00,285,122,VACARIA,RS,Colisão com objeto,Transitar na contramão,Nublado,2025-03-12,19
2025-03-12,15:40:00,60,413,RIO VERDE,GO,Colisão transversal,Retorno proibido,Nublado,2025-03-12,15
2025-03-12,20:50:00,116,220,GUARULHOS,SP,Colisão com objeto,Objeto estático sobre o leito carroçável,Nublado,2025-03-12,20
2025-03-12,18:20:00,116,20,VITORIA DA CONQUISTA,BA,Atropelamento de Animal,Animais na Pista,Céu Claro,2025-03-12,18
2025-03-12,21:15:00,116,220,GUARULHOS,SP,Queda de ocupante de veículo,Objeto estático sobre o leito carroçável,Céu Claro,2025-03-12,21
2025-03-12,20:55:00,101,208,CASIMIRO DE ABREU,RJ,Queda de ocupante de veículo,Demais falhas mecânicas ou elétricas,Céu Claro,2025-03-12,20
2025-03-12,22:00:00,232,"78,7",GRAVATA,PE,Colisão com objeto,Objeto estático sobre o leito carroçável,Céu Claro,2025-03-12,22
2025-03-12,17:20:00,470,"32,9",GASPAR,SC,Colisão lateral mesmo sentido,Ultrapassagem Indevida,Chuva,2025-03-12,17
2025-03-12,22:20:00,365,828,SANTA VITORIA,MG,Atropelamento de Animal,Animais na Pista,Céu Claro,2025-03-12,22
2025-03-12,21:30:00,101,"96,4",SAO CRISTOVAO,SE,Colisão transversal,Acessar a via sem observar a presença dos outros veículos,Céu Claro,2025-03-12,21
2025-03-12,22:30:00,116,221,GUARULHOS,SP,Engavetamento,Reação tardia ou ineficiente do condutor,Chuva,2025-03-12,22
2025-03-12,20:00:00,364,360,SANTO ANTONIO DO LEVERGER,MT,Saída de leito carroçável,Acumulo de água sobre o pavimento,Chuva,2025-03-12,20
2025-03-12,22:05:00,232,"78,7",GRAVATA,PE,Colisão com objeto,Objeto estático sobre o leito carroçável,Céu Claro,2025-03-12,22
2025-03-12,23:00:00,116,9,FORTALEZA,CE,Colisão traseira,Condutor deixou de manter distância do veículo da frente,Céu Claro,2025-03-12,23
2025-03-12,22:30:00,364,695,PORTO VELHO,RO,Colisão frontal,Ultrapassagem Indevida,Garoa/Chuvisco,2025-03-12,22
2025-03-12,23:40:00,101,53,PAULISTA,PE,Queda de ocupante de veículo,Ausência de reação do condutor,Céu Claro,2025-03-12,23
2025-03-12,23:40:00,101,"88,3",BARRA VELHA,SC,Saída de leito carroçável,Ausência de reação do condutor,Nublado,2025-03-12,23
2025-03-13,01:10:00,101,"142,5",ITAPEMA,SC,Colisão com objeto,Acumulo de água sobre o pavimento,Chuva,2025-03-13,1
2025-03-13,00:10:00,376,88,PARANAVAI,PR,Capotamento,Chuva,Chuva,2025-03-13,0
2025-03-13,00:50:00,20,"4,6",BRASILIA,DF,Saída de leito carroçável,Condutor Dormindo,Céu Claro,2025-03-13,0
2025-03-12,23:35:00,232,"216,7",PESQUEIRA,PE,Capotamento,Ingestão de álcool pelo condutor,Céu Claro,2025-03-12,23
2025-03-13,03:30:00,101,45,UBATUBA,SP,Tombamento,Ausência de reação do condutor,Céu Claro,2025-03-13,3
2025-03-13,05:07:00,232,5,RECIFE,PE,Colisão transversal,Acessar a via sem observar a presença dos outros veículos,Nublado,2025-03-13,5
2025-03-13,06:00:00,262,434,NOVA SERRANA,MG,Tombamento,Ausência de reação do condutor,Céu Claro,2025-03-13,6
2025-03-13,06:20:00,116,17,EUSEBIO,CE,Tombamento,Manobra de mudança de faixa,Chuva,2025-03-13,6
2025-03-13,05:15:00,153,133,WANDERLANDIA,TO,Saída de leito carroçável,Condutor Dormindo,Céu Claro,2025-03-13,5
2025-03-13,06:30:00,230,156,CAMPINA GRANDE,PB,Colisão transversal,Manobra de mudança de faixa,Céu Claro,2025-03-13,6
2025-03-13,07:18:00,153,140,ARAGUAINA,TO,Tombamento,Demais falhas mecânicas ou elétricas,Céu Claro,2025-03-13,7
2025-03-13,07:20:00,101,"407,8",ITAPEMIRIM,ES,Saída de leito carroçável,Velocidade Incompatível,Céu Claro,2025-03-13,7
2025-03-13,05:00:00,110,231,OLINDINA,BA,Saída de leito carroçável,Velocidade Incompatível,Céu Claro,2025-03-13,5
2025-03-13,07:00:00,230,394,BALSAS,MA,Saída de leito carroçável,Reação tardia ou ineficiente do condutor,Céu Claro,2025-03-13,7
2025-03-13,01:15:00,365,704,MONTE ALEGRE DE MINAS,MG,Colisão com objeto,Ingestão de álcool pelo condutor,Céu Claro,2025-03-13,1
2025-03-13,07:00:00,376,182,MARINGA,PR,Colisão transversal,Acessar a via sem observar a presença dos outros veículos,Céu Claro,2025-03-13,7
2025-03-13,07:20:00,116,44,CAMPINA GRANDE DO SUL,PR,Saída de leito carroçável,Reação tardia ou ineficiente do condutor,Chuva,2025-03-13,7
2025-03-13,07:15:00,116,150,SAO JOSE DOS CAMPOS,SP,Colisão lateral mesmo sentido,Trafegar com motocicleta (ou similar) entre as faixas,Céu Claro,2025-03-13,7
2025-03-13,07:20:00,80,24,BRASILIA,DF,Colisão transversal,Acessar a via sem observar a presença dos outros veículos,Céu Claro,2025-03-13,7
2025-03-12,21:30:00,70,285,PRIMAVERA DO LESTE,MT,Saída de leito carroçável,Reação tardia ou ineficiente do condutor,Céu Claro,2025-03-12,21
2025-03-13,06:30:00,153,477,GENERAL CARNEIRO,PR,Saída de leito carroçável,Ingestão de álcool pelo condutor,Céu Claro,2025-03-13,6
2025-03-13,06:40:00,356,65,ITALVA,RJ,Colisão transversal,Acessar a via sem observar a presença dos outros veículos,Céu Claro,2025-03-13,6
2025-03-11,13:40:00,267,"30,1",BATAGUASSU,MS,Colisão traseira,Condutor deixou de manter distância do veículo da frente,Céu Claro,2025-03-11,13
2025-03-13,08:00:00,116,227,SAO PAULO,SP,Colisão lateral mesmo sentido,Trafegar com motocicleta (ou similar) entre as faixas,Céu Claro,2025-03-13,8
2025-03-13,08:20:00,381,494,BETIM,MG,Colisão com objeto,Objeto estático sobre o leito carroçável,Céu Claro,2025-03-13,8
2025-03-13,08:00:00,277,38,MORRETES,PR,Saída de leito carroçável,Chuva,Chuva,2025-03-13,8
2025-03-13,09:00:00,381,486,BETIM,MG,Colisão traseira,Reação tardia ou ineficiente do condutor,Céu Claro,2025-03-13,9
2025-03-13,08:45:00,101,875,TEIXEIRA DE FREITAS,BA,Colisão transversal,Ultrapassagem Indevida,Céu Claro,2025-03-13,8
2025-03-13,06:40:00,101,97,NATAL,RN,Colisão traseira,Ausência de reação do condutor,Céu Claro,2025-03-13,6
2025-03-13,09:00:00,101,97,NATAL,RN,Engavetamento,Condutor deixou de manter distância do veículo da frente,Nublado,2025-03-13,9