data_inversa,horario,br,km,municipio,uf,tipo_acidente,causa_acidente,condicao_metereologica,data,hora
2025-03-13,09:00:00,101,"207,1",SAO JOSE,SC,Tombamento,Demais falhas mecânicas ou elétricas,Céu Claro,2025-03-13,9
2025-03-13,09:00:00,324,514,FEIRA DE SANTANA,BA,Colisão frontal,Manobra de mudança de faixa,Céu Claro,2025-03-13,9
2025-03-13,09:30:00,116,18,CURITIBA,PR,Colisão traseira,Condutor deixou de manter distância do veículo da frente,Nublado,2025-03-13,9
2025-03-13,07:30:00,364,136,RIO BRANCO,AC,Colisão traseira,Reação tardia ou ineficiente do condutor,Céu Claro,2025-03-13,7
2025-03-13,09:40:00,116,134,CACAPAVA,SP,Queda de ocupante de veículo,Ausência de reação do condutor,Sol,2025-03-13,9
2025-03-13,10:40:00,282,"2,9",FLORIANOPOLIS,SC,Colisão traseira,Trafegar com motocicleta (ou similar) entre as faixas,Céu Claro,2025-03-13,10
2025-03-13,10:30:00,153,"510,3",APARECIDA DE GOIANIA,GO,Colisão traseira,Condutor deixou de manter distância do veículo da frente,Sol,2025-03-13,10
2025-03-13,09:50:00,163,486,CAMPO GRANDE,MS,Colisão transversal,Transitar na contramão,Céu Claro,2025-03-13,9
2025-03-13,08:40:00,364,135,RIO BRANCO,AC,Colisão lateral mesmo sentido,Acessar a via sem observar a presença dos outros veículos,Céu Claro,2025-03-13,8
2025-03-13,10:05:00,163,819,SINOP,MT,Colisão transversal,Conversão proibida,Céu Claro,2025-03-13,10
2025-03-13,07:15:00,174,276,PONTES E LACERDA,MT,Queda de ocupante de veículo,Reação tardia ou ineficiente do condutor,Céu Claro,2025-03-13,7
2025-03-13,11:35:00,262,"30,5",VIANA,ES,Colisão lateral mesmo sentido,Manobra de mudança de faixa,Céu Claro,2025-03-13,11
2025-03-13,07:30:00,116,446,REGISTRO,SP,Colisão frontal,Transitar na contramão,Céu Claro,2025-03-13,7
2025-03-13,08:00:00,70,474,ARAGARCAS,GO,Colisão lateral mesmo sentido,Manobra de mudança de faixa,Céu Claro,2025-03-13,8
2025-03-13,08:04:00,403,"6,8",ACARAU,CE,Atropelamento de Pedestre,Velocidade Incompatível,Céu Claro,2025-03-13,8
2025-03-13,12:15:00,272,"367,3",CAMPO MOURAO,PR,Colisão transversal,Reação tardia ou ineficiente do condutor,Céu Claro,2025-03-13,12
2025-03-13,09:15:00,10,255,IMPERATRIZ,MA,Colisão transversal,Acessar a via sem observar a presença dos outros veículos,Céu Claro,2025-03-13,9
2025-03-13,13:00:00,101,329,CAPIVARI DE BAIXO,SC,Tombamento,Objeto estático sobre o leito carroçável,Céu Claro,2025-03-13,13
2025-03-13,13:12:00,369,"435,2",UBIRATA,PR,Saída de leito carroçável,Reação tardia ou ineficiente do condutor,Nublado,2025-03-13,13
2025-03-13,12:55:00,324,"593,8",CANDEIAS,BA,Queda de ocupante de veículo,Avarias e/ou desgaste excessivo no pneu,Céu Claro,2025-03-13,12
2025-03-13,12:15:00,116,"260,9",CAPAO ALTO,SC,Saída de leito carroçável,Demais falhas mecânicas ou elétricas,Céu Claro,2025-03-13,12
2025-03-13,12:15:00,116,"276,6",TEOFILO OTONI,MG,Colisão traseira,Acessar a via sem observar a presença dos outros veículos,Céu Claro,2025-03-13,12
2025-03-13,12:22:00,163,20,MUNDO NOVO,MS,Colisão transversal,Acessar a via sem observar a presença dos outros veículos,Nublado,2025-03-13,12
2025-03-12,17:00:00,101,295,ITABORAI,RJ,Queda de ocupante de veículo,Trafegar com motocicleta (ou similar) entre as faixas,Garoa/Chuvisco,2025-03-12,17
2025-03-13,13:40:00,116,229,SAO PAULO,SP,Colisão lateral mesmo sentido,Trafegar com motocicleta (ou similar) entre as faixas,Céu Claro,2025-03-13,13
2025-03-13,13:05:00,116,41,HORIZONTE,CE,Colisão lateral mesmo sentido,Acessar a via sem observar a presença dos outros veículos,Chuva,2025-03-13,13
2025-03-13,13:40:00,60,385,RIO VERDE,GO,Colisão com objeto,Frear bruscamente,Nublado,2025-03-13,13
2025-03-13,12:40:00,116,21,SALGUEIRO,PE,Colisão frontal,Ultrapassagem Indevida,Céu Claro,2025-03-13,12
2025-03-13,14:20:00,381,500,BETIM,MG,Saída de leito carroçável,Velocidade Incompatível,Céu Claro,2025-03-13,14
2025-03-13,14:30:00,376,178,MARINGA,PR,Colisão transversal,Acessar a via sem observar a presença dos outros veículos,Céu Claro,2025-03-13,14
2025-03-13,14:22:00,230,23,JOAO PESSOA,PB,Colisão traseira,Ausência de reação do condutor,Céu Claro,2025-03-13,14
2025-03-13,14:15:00,381,"935,8",EXTREMA,MG,Queda de ocupante de veículo,Condutor deixou de manter distância do veículo da frente,Chuva,2025-03-13,14
2025-03-13,14:50:00,40,"2,9",VALPARAISO DE GOIAS,GO,Tombamento,Acessar a via sem observar a presença dos outros veículos,Chuva,2025-03-13,14
2025-02-08,16:50:00,251,376,GRAO MOGOL,MG,Saída de leito carroçável,Ultrapassagem Indevida,Ignorado,2025-02-08,16
2025-03-13,14:15:00,116,"525,9",CARATINGA,MG,Colisão transversal,Desrespeitar a preferência no cruzamento,Céu Claro,2025-03-13,14
2025-03-13,15:30:00,230,"15,3",JOAO PESSOA,PB,Colisão lateral mesmo sentido,Ausência de reação do condutor,Céu Claro,2025-03-13,15
2025-03-13,14:15:00,262,"621,8",MIRANDA,MS,Saída de leito carroçável,Reação tardia ou ineficiente do condutor,Nublado,2025-03-13,14
2025-03-13,16:10:00,116,265,CANOAS,RS,Colisão traseira,Manobra de mudança de faixa,Sol,2025-03-13,16
2025-03-13,16:15:00,116,4,FORTALEZA,CE,Colisão traseira,Condutor deixou de manter distância do veículo da frente,Céu Claro,2025-03-13,16
2025-03-13,16:38:00,40,"470,8",SETE LAGOAS,MG,Tombamento,Acumulo de areia ou detritos sobre o pavimento,Céu Claro,2025-03-13,16
2025-03-13,16:55:00,101,95,NATAL,RN,Colisão traseira,Manobra de mudança de faixa,Céu Claro,2025-03-13,16
2025-03-13,16:30:00,381,"929,9",ITAPEVA,MG,Capotamento,Velocidade Incompatível,Chuva,2025-03-13,16
2025-03-13,15:00:00,40,105,DUQUE DE CAXIAS,RJ,Colisão frontal,Ultrapassagem Indevida,Céu Claro,2025-03-13,15
2025-03-13,15:10:00,428,174,PETROLINA,PE,Colisão lateral mesmo sentido,Ultrapassagem Indevida,Céu Claro,2025-03-13,15
2025-03-13,16:50:00,232,127,CARUARU,PE,Colisão frontal,Transitar na contramão,Céu Claro,2025-03-13,16
2025-03-13,13:10:00,364,695,PORTO VELHO,RO,Colisão transversal,Desvio temporário,Nublado,2025-03-13,13
2025-03-13,17:00:00,101,"120,1",ITAJAI,SC,Colisão lateral mesmo sentido,Ausência de reação do condutor,Nublado,2025-03-13,17
2025-03-13,16:30:00,40,"798,6",JUIZ DE FORA,MG,Saída de leito carroçável,Chuva,Chuva,2025-03-13,16
2025-03-13,17:40:00,101,"211,2",SERRA,ES,Colisão frontal,Desrespeitar a preferência no cruzamento,Nublado,2025-03-13,17
2025-03-13,17:15:00,376,"170,8",MARINGA,PR,Colisão lateral mesmo sentido,Manobra de mudança de faixa,Nublado,2025-03-13,17
2025-03-13,14:15:00,101,"138,3",BALNEARIO CAMBORIU,SC,Colisão traseira,Reação tardia ou ineficiente do condutor,Nublado,2025-03-13,14
2025-03-13,17:50:00,459,"88,3",CONGONHAL,MG,Colisão transversal,Conversão proibida,Nublado,2025-03-13,17
2025-03-13,15:30:00,222,276,ARARI,MA,Colisão lateral sentido oposto,Reação tardia ou ineficiente do condutor,Nublado,2025-03-13,15
2025-03-13,15:53:00,163,79,ITAQUIRAI,MS,Atropelamento de Animal,Animais na Pista,Céu Claro,2025-03-13,15
2025-03-13,18:15:00,280,128,RIO NEGRINHO,SC,Colisão traseira,Reação tardia ou ineficiente do condutor,Céu Claro,2025-03-13,18
2025-03-13,17:10:00,226,305,BARRA DO CORDA,MA,Colisão frontal,Ultrapassagem Indevida,Céu Claro,2025-03-13,17
2025-03-13,18:20:00,101,"118,4",ITAJAI,SC,Colisão lateral mesmo sentido,Ausência de reação do condutor,Nublado,2025-03-13,18
2025-03-13,17:40:00,262,"803,9",UBERABA,MG,Engavetamento,Ausência de reação do condutor,Céu Claro,2025-03-13,17
2025-03-13,16:40:00,364,136,RIO BRANCO,AC,Atropelamento de Pedestre,Entrada inopinada do pedestre,Céu Claro,2025-03-13,16
2025-03-13,18:36:00,324,"516,8",FEIRA DE SANTANA,BA,Colisão lateral sentido oposto,Conversão proibida,Céu Claro,2025-03-13,18
2025-03-13,18:15:00,116,"17,2",VITORIA DA CONQUISTA,BA,Colisão lateral sentido oposto,Transitar na contramão,Céu Claro,2025-03-13,18
2025-03-13,19:00:00,116,"284,5",ITAPECERICA DA SERRA,SP,Queda de ocupante de veículo,Afundamento ou ondulação no pavimento,Céu Claro,2025-03-13,19
2025-03-13,14:15:00,116,674,JEQUIE,BA,Queda de ocupante de veículo,Reação tardia ou ineficiente do condutor,Céu Claro,2025-03-13,14
2025-03-13,17:00:00,101,"5,6",ARARANGUA,SC,Colisão transversal,Desrespeitar a preferência no cruzamento,Céu Claro,2025-03-13,17
2025-03-13,19:20:00,101,"116,4",ITAJAI,SC,Saída de leito carroçável,Ausência de reação do condutor,Nublado,2025-03-13,19
2025-03-13,19:05:00,116,126,FAZENDA RIO GRANDE,PR,Colisão traseira,Reação tardia ou ineficiente do condutor,Chuva,2025-03-13,19
2025-03-13,19:35:00,101,"122,9",ITAJAI,SC,Colisão lateral mesmo sentido,Ausência de reação do condutor,Nublado,2025-03-13,19
2025-03-13,19:41:00,101,266,SERRA,ES,Atropelamento de Pedestre,Entrada inopinada do pedestre,Céu Claro,2025-03-13,19
2025-03-13,18:40:00,364,208,RONDONOPOLIS,MT,Colisão com objeto,Acesso irregular,Céu Claro,2025-03-13,18
2025-03-13,19:54:00,116,"58,8",GUARATINGUETA,SP,Colisão traseira,Ausência de reação do condutor,Nublado,2025-03-13,19
2025-03-13,20:00:00,381,30,ATIBAIA,SP,Tombamento,Ausência de reação do condutor,Céu Claro,2025-03-13,20
2025-03-13,17:30:00,101,"40,2",JOINVILLE,SC,Colisão traseira,Reação tardia ou ineficiente do condutor,Chuva,2025-03-13,17
2025-03-13,20:00:00,116,"154,1",CAXIAS DO SUL,RS,Colisão lateral sentido oposto,Acesso irregular,Céu Claro,2025-03-13,20
2025-03-13,19:55:00,20,"9,9",BRASILIA,DF,Engavetamento,Reação tardia ou ineficiente do condutor,Céu Claro,2025-03-13,19
2025-03-13,17:30:00,116,276,BARRA MANSA,RJ,Colisão com objeto,Acumulo de água sobre o pavimento,Chuva,2025-03-13,17
2025-03-13,18:10:00,364,425,JARU,RO,Colisão transversal,Desrespeitar a preferência no cruzamento,Chuva,2025-03-13,18
2025-03-13,17:25:00,282,"19,3",PALHOCA,SC,Saída de leito carroçável,Reação tardia ou ineficiente do condutor,Nublado,2025-03-13,17
2025-03-13,20:05:00,280,234,CANOINHAS,SC,Colisão frontal,Conversão proibida,Céu Claro,2025-03-13,20
2025-03-13,16:30:00,116,581,MANHUACU,MG,Colisão transversal,Acessar a via sem observar a presença dos outros veículos,Céu Claro,2025-03-13,16
2025-03-13,19:15:00,101,"293,9",CARIACICA,ES,Colisão lateral mesmo sentido,Condutor deixou de manter distância do veículo da frente,Céu Claro,2025-03-13,19
2025-03-13,13:15:00,116,"82,3",TERESOPOLIS,RJ,Colisão transversal,Conversão proibida,Céu Claro,2025-03-13,13
2025-03-13,20:30:00,324,621,SALVADOR,BA,Colisão traseira,Ausência de reação do condutor,Céu Claro,2025-03-13,20
2025-03-13,19:35:00,470,"71,7",INDAIAL,SC,Saída de leito carroçável,Ingestão de álcool pelo condutor,Céu Claro,2025-03-13,19
2025-03-13,21:50:00,262,27,REDUTO,MG,Tombamento,Reação tardia ou ineficiente do condutor,Céu Claro,2025-03-13,21
2025-03-13,21:30:00,101,84,BAYEUX,PB,Saída de leito carroçável,Ausência de reação do condutor,Céu Claro,2025-03-13,21
2025-03-13,21:12:00,343,"339,9",TERESINA,PI,Saída de leito carroçável,Ausência de reação do condutor,Céu Claro,2025-03-13,21
2025-03-13,21:00:00,101,162,CONCEICAO DO JACUIPE,BA,Colisão traseira,Ausência de reação do condutor,Céu Claro,2025-03-13,21
2025-03-13,17:30:00,70,475,ARAGARCAS,GO,Colisão lateral mesmo sentido,Manobra de mudança de faixa,Céu Claro,2025-03-13,17
2025-03-13,19:15:00,40,100,DUQUE DE CAXIAS,RJ,Tombamento,Demais falhas na via,Garoa/Chuvisco,2025-03-13,19
2025-03-13,21:05:00,386,"98,8",SAO JOSE DAS MISSOES,RS,Colisão transversal,Acessar a via sem observar a presença dos outros veículos,Céu Claro,2025-03-13,21
2025-03-13,19:00:00,10,334,SAO MIGUEL DO GUAMA,PA,Colisão transversal,Acessar a via sem observar a presença dos outros veículos,Chuva,2025-03-13,19
2025-03-13,22:30:00,116,"7,5",VITORIA DA CONQUISTA,BA,Colisão traseira,Ausência de reação do condutor,Céu Claro,2025-03-13,22
2025-03-13,16:35:00,116,620,ORIZANIA,MG,Saída de leito carroçável,Ausência de reação do condutor,Céu Claro,2025-03-13,16
2025-03-13,21:20:00,304,161,ANGICOS,RN,Atropelamento de Animal,Animais na Pista,Céu Claro,2025-03-13,21
2025-03-13,22:00:00,282,157,BOM RETIRO,SC,Saída de leito carroçável,Ausência de reação do condutor,Céu Claro,2025-03-13,22
2025-03-13,23:20:00,10,307,IRITUIA,PA,Colisão traseira,Ausência de reação do condutor,Chuva,2025-03-13,23
2025-03-14,00:00:00,101,217,PALHOCA,SC,Colisão lateral mesmo sentido,Ausência de reação do condutor,Céu Claro,2025-03-14,0
2025-03-14,01:10:00,40,0,VALPARAISO DE GOIAS,GO,Colisão transversal,Velocidade Incompatível,Nublado,2025-03-14,1
2025-03-13,23:00:00,262,184,RIBAS DO RIO PARDO,MS,Capotamento,Transitar na contramão,Nublado,2025-03-13,23
2025-03-14,01:15:00,116,"317,8",ITATIAIA,RJ,Queda de ocupante de veículo,Chuva,Céu Claro,2025-03-14,1
2025-03-14,02:20:00,277,"1,5",PARANAGUA,PR,Saída de leito carroçável,Ingestão de álcool pelo condutor,Nublado,2025-03-14,2
2025-03-13,23:40:00,101,"24,8",ESPLANADA,BA,Colisão com objeto,Ausência de sinalização,Céu Claro,2025-03-13,23
2025-03-14,03:00:00,116,362,MIRACATU,SP,Saída de leito carroçável,Reação tardia ou ineficiente do condutor,Chuva,2025-03-14,3
2025-03-14,03:40:00,101,383,ICARA,SC,Colisão com objeto,Reação tardia ou ineficiente do condutor,Nublado,2025-03-14,3
2025-03-13,20:30:00,101,"327,2",CAPIVARI DE BAIXO,SC,Colisão traseira,Ausência de reação do condutor,Nublado,2025-03-13,20
2025-03-14,05:45:00,116,265,CANOAS,RS,Colisão com objeto,Ingestão de álcool pelo condutor,Céu Claro,2025-03-14,5
2025-03-14,05:40:00,101,329,RIO DE JANEIRO,RJ,Colisão traseira,Ausência de reação do condutor,Nublado,2025-03-14,5
2025-03-13,16:31:00,116,186,NOVA IGUACU,RJ,Queda de ocupante de veículo,Ausência de reação do condutor,Nublado,2025-03-13,16
2025-03-13,20:20:00,381,504,BETIM,MG,Colisão transversal,Acessar a via sem observar a presença dos outros veículos,Céu Claro,2025-03-13,20
2025-03-14,07:00:00,277,"81,1",CURITIBA,PR,Colisão traseira,Manobra de mudança de faixa,Nublado,2025-03-14,7
2025-03-14,07:00:00,116,"152,2",CAXIAS DO SUL,RS,Colisão lateral mesmo sentido,Transitar no Acostamento,Céu Claro,2025-03-14,7
2025-03-14,06:20:00,40,106,DUQUE DE CAXIAS,RJ,Colisão lateral mesmo sentido,Reação tardia ou ineficiente do condutor,Céu Claro,2025-03-14,6
2025-03-13,18:10:00,40,104,DUQUE DE CAXIAS,RJ,Queda de ocupante de veículo,Chuva,Chuva,2025-03-13,18
2025-03-14,07:10:00,116,"150,2",CAXIAS DO SUL,RS,Colisão transversal,Condutor desrespeitou a iluminação vermelha do semáforo,Céu Claro,2025-03-14,7
2025-03-14,06:40:00,116,145,SAO JOSE DOS CAMPOS,SP,Colisão lateral mesmo sentido,Reação tardia ou ineficiente do condutor,Céu Claro,2025-03-14,6
2025-03-14,06:50:00,101,125,ITAJAI,SC,Atropelamento de Pedestre,Acessar a via sem observar a presença dos outros veículos,Céu Claro,2025-03-14,6
2025-03-14,07:05:00,101,233,FUNDAO,ES,Tombamento,Manobra de mudança de faixa,Céu Claro,2025-03-14,7
2025-03-14,01:18:00,163,623,NOVA MUTUM,MT,Atropelamento de Animal,Animais na Pista,Céu Claro,2025-03-14,1
2025-03-14,06:00:00,280,117,SAO BENTO DO SUL,SC,Colisão transversal,Acessar a via sem observar a presença dos outros veículos,Céu Claro,2025-03-14,6
2025-03-14,07:20:00,101,"279,3",SERRA,ES,Colisão traseira,Condutor deixou de manter distância do veículo da frente,Céu Claro,2025-03-14,7
2025-03-14,07:00:00,116,412,GOVERNADOR VALADARES,MG,Tombamento,Demais falhas mecânicas ou elétricas,Céu Claro,2025-03-14,7
2025-03-14,08:10:00,116,231,IVOTI,RS,Colisão traseira,Condutor deixou de manter distância do veículo da frente,Céu Claro,2025-03-14,8
2025-03-14,05:30:00,282,166,BOCAINA DO SUL,SC,Saída de leito carroçável,Velocidade Incompatível,Nublado,2025-03-14,5
2025-03-14,07:15:00,369,"182,2",ARAPONGAS,PR,Colisão traseira,Conversão proibida,Céu Claro,2025-03-14,7
2025-03-14,08:20:00,386,435,NOVA SANTA RITA,RS,Colisão transversal,Acessar a via sem observar a presença dos outros veículos,Sol,2025-03-14,8
2025-03-14,08:03:00,101,63,RECIFE,PE,Colisão lateral mesmo sentido,Condutor deixou de manter distância do veículo da frente,Garoa/Chuvisco,2025-03-14,8
2025-03-14,07:40:00,70,16,BRASILIA,DF,Queda de ocupante de veículo,Ausência de reação do condutor,Sol,2025-03-14,7
2025-03-13,11:10:00,317,37,PORTO ACRE,AC,Colisão com objeto,Reação tardia ou ineficiente do condutor,Chuva,2025-03-13,11
2025-02-14,16:45:00,381,486,BETIM,MG,Eventos atípicos,Carga excessiva e/ou mal acondicionada,Ignorado,2025-02-14,16
2025-03-14,08:30:00,153,"50,7",ERECHIM,RS,Colisão transversal,Desrespeitar a preferência no cruzamento,Sol,2025-03-14,8
2025-03-14,07:20:00,369,"150,5",LONDRINA,PR,Colisão traseira,Velocidade Incompatível,Céu Claro,2025-03-14,7
2025-03-14,08:20:00,70,18,BRASILIA,DF,Queda de ocupante de veículo,Condutor deixou de manter distância do veículo da frente,Céu Claro,2025-03-14,8
2025-02-06,14:41:00,470,66,INDAIAL,SC,Colisão transversal,Retorno proibido,Céu Claro,2025-02-06,14
2025-03-12,16:00:00,101,648,BELMONTE,BA,Saída de leito carroçável,Velocidade Incompatível,Sol,2025-03-12,16
2025-03-08,19:50:00,40,"7,6",VALPARAISO DE GOIAS,GO,Atropelamento de Pedestre,Pedestre andava na pista,Céu Claro,2025-03-08,19
2025-03-14,09:20:00,40,"3,4",BRASILIA,DF,Tombamento,Avarias e/ou desgaste excessivo no pneu,Sol,2025-03-14,9
2025-02-02,21:10:00,324,523,FEIRA DE SANTANA,BA,Queda de ocupante de veículo,Ausência de reação do condutor,Ignorado,2025-02-02,21
2025-02-18,13:08:00,163,"607,1",SAO GABRIEL DO OESTE,MS,Saída de leito carroçável,Acumulo de água sobre o pavimento,Chuva,2025-02-18,13
2025-03-14,09:46:00,290,"45,9",GLORINHA,RS,Incêndio,Demais falhas mecânicas ou elétricas,Céu Claro,2025-03-14,9
2025-03-14,09:00:00,465,3,SEROPEDICA,RJ,Colisão traseira,Conversão proibida,Céu Claro,2025-03-14,9
2025-03-14,09:10:00,381,681,PERDOES,MG,Saída de leito carroçável,Demais falhas mecânicas ou elétricas,Sol,2025-03-14,9
2025-03-14,09:56:00,101,285,CARIACICA,ES,Atropelamento de Pedestre,Pedestre cruzava a pista fora da faixa,Céu Claro,2025-03-14,9
2025-03-14,10:00:00,70,18,BRASILIA,DF,Colisão traseira,Manobra de mudança de faixa,Céu Claro,2025-03-14,10
2025-03-14,10:00:00,116,181,NOVA IGUACU,RJ,Colisão lateral mesmo sentido,Reação tardia ou ineficiente do condutor,Céu Claro,2025-03-14,10
2025-03-14,10:40:00,101,71,RECIFE,PE,Queda de ocupante de veículo,Acostamento em desnível,Nublado,2025-03-14,10
2025-03-14,09:50:00,493,25,MAGE,RJ,Colisão frontal,Transitar na contramão,Céu Claro,2025-03-14,9
2025-03-14,10:20:00,110,47,MOSSORO,RN,Colisão traseira,Condutor usando celular,Sol,2025-03-14,10
2025-03-14,09:40:00,386,382,TABAI,RS,Queda de ocupante de veículo,Demais falhas mecânicas ou elétricas,Céu Claro,2025-03-14,9
2025-03-14,10:40:00,101,"290,5",CARIACICA,ES,Colisão transversal,Acessar a via sem observar a presença dos outros veículos,Céu Claro,2025-03-14,10
2025-03-02,01:30:00,163,256,TOLEDO,PR,Saída de leito carroçável,Demais falhas mecânicas ou elétricas,Céu Claro,2025-03-02,1
2025-03-14,11:50:00,101,335,TUBARAO,SC,Colisão transversal,Acessar a via sem observar a presença dos outros veículos,Céu Claro,2025-03-14,11
2025-03-14,09:20:00,262,"442,7",NOVA SERRANA,MG,Colisão traseira,Ausência de reação do condutor,Sol,2025-03-14,9
2025-03-14,10:30:00,40,"618,9",CONGONHAS,MG,Colisão frontal,Condutor deixou de manter distância do veículo da frente,Céu Claro,2025-03-14,10
2025-03-14,12:00:00,386,"305,1",POUSO NOVO,RS,Colisão lateral mesmo sentido,Manobra de mudança de faixa,Sol,2025-03-14,12
2025-03-14,11:45:00,116,"414,5",GOVERNADOR VALADARES,MG,Colisão transversal,Acesso irregular,Céu Claro,2025-03-14,11
2025-03-14,10:09:00,135,"9,9",SAO LUIS,MA,Colisão traseira,Manobra de mudança de faixa,Céu Claro,2025-03-14,10
2025-03-14,12:15:00,50,"50,6",ARAGUARI,MG,Saída de leito carroçável,Acumulo de areia ou detritos sobre o pavimento,Sol,2025-03-14,12
2025-03-14,11:25:00,285,294,PASSO FUNDO,RS,Colisão transversal,Acessar a via sem observar a presença dos outros veículos,Céu Claro,2025-03-14,11
2025-03-14,12:41:00,230,65,SAO MIGUEL DE TAIPU,PB,Saída de leito carroçável,Reação tardia ou ineficiente do condutor,Chuva,2025-03-14,12
2025-03-14,12:50:00,262,459,NOVA SERRANA,MG,Colisão lateral sentido oposto,Transitar na contramão,Céu Claro,2025-03-14,12
2025-03-14,13:25:00,153,"61,8",SAO JOSE DO RIO PRETO,SP,Colisão traseira,Condutor deixou de manter distância do veículo da frente,Céu Claro,2025-03-14,13
2025-03-14,13:00:00,101,67,RECIFE,PE,Colisão lateral mesmo sentido,Trafegar com motocicleta (ou similar) entre as faixas,Céu Claro,2025-03-14,13
2025-03-14,13:30:00,364,"31,6",FRUTAL,MG,Colisão transversal,Reação tardia ou ineficiente do condutor,Céu Claro,2025-03-14,13
2025-03-14,10:30:00,429,"162,1",SAO MIGUEL DO GUAPORE,RO,Colisão transversal,Transitar na contramão,Chuva,2025-03-14,10
2025-02-28,01:15:00,20,251,CORRENTINA,BA,Colisão lateral sentido oposto,Ingestão de álcool pelo condutor,Céu Claro,2025-02-28,1
2025-01-30,13:50:00,163,729,SORRISO,MT,Saída de leito carroçável,Acostamento em desnível,Nublado,2025-01-30,13
2025-03-14,14:04:00,101,"89,8",JOAO PESSOA,PB,Colisão transversal,Manobra de mudança de faixa,Céu Claro,2025-03-14,14
2025-03-14,13:30:00,282,343,CAMPOS NOVOS,SC,Colisão transversal,Ausência de reação do condutor,Sol,2025-03-14,13
2025-03-05,14:00:00,470,221,GARIBALDI,RS,Tombamento,Ausência de reação do condutor,Céu Claro,2025-03-05,14
2025-03-14,14:22:00,116,175,SAO JOAO DE MERITI,RJ,Queda de ocupante de veículo,Ausência de reação do condutor,Céu Claro,2025-03-14,14
2025-03-14,13:58:00,40,450,CAETANOPOLIS,MG,Tombamento,Pista esburacada,Céu Claro,2025-03-14,13
2025-03-14,12:40:00,367,"29,3",PORTO SEGURO,BA,Colisão transversal,Acessar a via sem observar a presença dos outros veículos,Céu Claro,2025-03-14,12
2025-03-14,14:20:00,40,"751,7",SANTOS DUMONT,MG,Saída de leito carroçável,Acumulo de água sobre o pavimento,Chuva,2025-03-14,14
2025-03-14,14:00:00,222,"88,5",UMIRIM,CE,Colisão transversal,Conversão proibida,Céu Claro,2025-03-14,14
2025-03-07,22:10:00,259,"30,8",COLATINA,ES,Colisão traseira,Velocidade Incompatível,Céu Claro,2025-03-07,22
2025-03-14,15:00:00,101,124,ITAJAI,SC,Engavetamento,Condutor deixou de manter distância do veículo da frente,Céu Claro,2025-03-14,15
2025-03-14,15:30:00,381,"862,6",POUSO ALEGRE,MG,Saída de leito carroçável,Ausência de reação do condutor,Céu Claro,2025-03-14,15
2025-03-14,14:40:00,116,15,VITORIA DA CONQUISTA,BA,Colisão lateral mesmo sentido,Acessar a via sem observar a presença dos outros veículos,Céu Claro,2025-03-14,14
2025-03-14,15:13:00,101,"278,2",SERRA,ES,Tombamento,Manobra de mudança de faixa,Céu Claro,2025-03-14,15
2025-03-14,14:40:00,381,"924,5",CAMANDUCAIA,MG,Colisão lateral mesmo sentido,Ausência de reação do condutor,Chuva,2025-03-14,14
2025-03-14,15:10:00,230,"13,4",CABEDELO,PB,Atropelamento de Pedestre,Pedestre andava na pista,Céu Claro,2025-03-14,15
2025-03-14,15:00:00,381,"38,8",ATIBAIA,SP,Colisão lateral mesmo sentido,Manobra de mudança de faixa,Céu Claro,2025-03-14,15
2025-03-14,16:00:00,428,185,PETROLINA,PE,Colisão traseira,Ingestão de álcool pelo condutor,Céu Claro,2025-03-14,16
2025-03-14,15:00:00,381,"37,3",ATIBAIA,SP,Colisão traseira,Reação tardia ou ineficiente do condutor,Céu Claro,2025-03-14,15
2025-03-14,13:35:00,381,"813,1",CAREACU,MG,Saída de leito carroçável,Velocidade Incompatível,Garoa/Chuvisco,2025-03-14,13
2025-03-14,10:30:00,343,"15,3",PARNAIBA,PI,Colisão traseira,Ausência de reação do condutor,Nublado,2025-03-14,10
2025-03-14,15:55:00,376,282,MAUA DA SERRA,PR,Saída de leito carroçável,Ausência de reação do condutor,Céu Claro,2025-03-14,15
2025-03-14,16:15:00,282,"17,5",PALHOCA,SC,Colisão transversal,Conversão proibida,Céu Claro,2025-03-14,16
2025-03-14,16:35:00,101,319,NITEROI,RJ,Tombamento,Reação tardia ou ineficiente do condutor,Céu Claro,2025-03-14,16
2025-03-14,14:00:00,101,764,ITABELA,BA,Colisão transversal,Acessar a via sem observar a presença dos outros veículos,Céu Claro,2025-03-14,14
2025-03-14,15:02:00,304,"45,5",MOSSORO,RN,Tombamento,Ausência de reação do condutor,Nublado,2025-03-14,15
2025-03-14,16:40:00,50,"62,8",UBERLANDIA,MG,Saída de leito carroçável,Velocidade Incompatível,Chuva,2025-03-14,16
2025-03-14,11:30:00,230,"555,8",CAROLINA,MA,Atropelamento de Pedestre,Suicídio (presumido),Céu Claro,2025-03-14,11
2025-02-26,12:15:00,0,0,SAO JOSE,SC,Colisão com objeto,Demais falhas mecânicas ou elétricas,Céu Claro,2025-02-26,12
2025-03-14,17:15:00,116,244,SAO LEOPOLDO,RS,Colisão traseira,Retorno proibido,Céu Claro,2025-03-14,17
2025-03-14,17:10:00,369,"428,4",UBIRATA,PR,Colisão traseira,Ingestão de álcool pelo condutor,Nublado,2025-03-14,17