data_inversa,horario,br,km,municipio,uf,tipo_acidente,causa_acidente,condicao_metereologica,data,hora
2025-03-14,17:35:00,369,"149,6",LONDRINA,PR,Tombamento,Trafegar com motocicleta (ou similar) entre as faixas,Nublado,2025-03-14,17
2025-03-14,13:40:00,101,"57,5",RECIFE,PE,Queda de ocupante de veículo,Acesso irregular,Chuva,2025-03-14,13
2025-03-14,15:40:00,153,535,HIDROLANDIA,GO,Saída de leito carroçável,Mal súbito do condutor,Céu Claro,2025-03-14,15
2025-03-14,16:03:00,316,111,SANTA MARIA DO PARA,PA,Colisão transversal,Conversão proibida,Céu Claro,2025-03-14,16
2025-03-14,16:25:00,116,"624,4",ARROIO GRANDE,RS,Saída de leito carroçável,Ausência de reação do condutor,Céu Claro,2025-03-14,16
2025-03-14,18:00:00,40,"426,3",PARAOPEBA,MG,Atropelamento de Pedestre,Entrada inopinada do pedestre,Céu Claro,2025-03-14,18
2025-03-14,17:10:00,277,607,SANTA TEREZA DO OESTE,PR,Colisão traseira,Condutor deixou de manter distância do veículo da frente,Céu Claro,2025-03-14,17
2025-03-14,17:30:00,365,168,BURITIZEIRO,MG,Colisão transversal,Acessar a via sem observar a presença dos outros veículos,Sol,2025-03-14,17
2025-03-14,18:15:00,470,57,BLUMENAU,SC,Colisão transversal,Acessar a via sem observar a presença dos outros veículos,Nublado,2025-03-14,18
2025-03-14,18:10:00,101,357,SANGAO,SC,Capotamento,Manobra de mudança de faixa,Céu Claro,2025-03-14,18
2025-03-14,17:30:00,40,"697,8",BARBACENA,MG,Colisão lateral mesmo sentido,Manobra de mudança de faixa,Chuva,2025-03-14,17
2025-03-14,18:00:00,116,18,CURITIBA,PR,Colisão transversal,Acessar a via sem observar a presença dos outros veículos,Nublado,2025-03-14,18
2025-03-14,17:30:00,101,"102,8",BALNEARIO PICARRAS,SC,Colisão lateral mesmo sentido,Manobra de mudança de faixa,Nublado,2025-03-14,17
2025-03-14,16:20:00,235,"18,3",LARANJEIRAS,SE,Colisão com objeto,Avarias e/ou desgaste excessivo no pneu,Céu Claro,2025-03-14,16
2025-03-14,18:10:00,158,304,ITAARA,RS,Tombamento,Ausência de reação do condutor,Céu Claro,2025-03-14,18
2025-03-14,17:30:00,242,411,SEABRA,BA,Colisão transversal,Acessar a via sem observar a presença dos outros veículos,Céu Claro,2025-03-14,17
2025-03-14,19:00:00,153,"71,8",SAO JOSE DO RIO PRETO,SP,Colisão transversal,Ingestão de álcool pelo condutor,Nublado,2025-03-14,19
2025-03-14,16:20:00,287,340,SAO VICENTE DO SUL,RS,Saída de leito carroçável,Ausência de reação do condutor,Céu Claro,2025-03-14,16
2025-03-14,18:30:00,163,"826,5",SINOP,MT,Colisão lateral sentido oposto,Retorno proibido,Céu Claro,2025-03-14,18
2025-03-14,16:50:00,316,101,BARRO DURO,PI,Colisão frontal,Transitar na contramão,Céu Claro,2025-03-14,16
2025-03-14,19:34:00,101,269,SERRA,ES,Colisão transversal,Acessar a via sem observar a presença dos outros veículos,Nublado,2025-03-14,19
2025-03-14,18:40:00,316,"6,2",TERESINA,PI,Atropelamento de Pedestre,Entrada inopinada do pedestre,Céu Claro,2025-03-14,18
2025-03-14,18:11:00,381,636,SANTO ANTONIO DO AMPARO,MG,Capotamento,Reação tardia ou ineficiente do condutor,Chuva,2025-03-14,18
2025-03-14,18:40:00,101,"2,8",ARARANGUA,SC,Colisão transversal,Desrespeitar a preferência no cruzamento,Nublado,2025-03-14,18
2025-03-14,20:10:00,116,"168,1",JACAREI,SP,Atropelamento de Animal,Animais na Pista,Céu Claro,2025-03-14,20
2025-03-14,19:05:00,470,"231,1",SAO CRISTOVAO DO SUL,SC,Saída de leito carroçável,Velocidade Incompatível,Céu Claro,2025-03-14,19
2025-03-14,20:10:00,386,"348,9",LAJEADO,RS,Colisão traseira,Ausência de reação do condutor,Ignorado,2025-03-14,20
2025-03-14,20:57:00,101,262,SERRA,ES,Tombamento,Reação tardia ou ineficiente do condutor,Céu Claro,2025-03-14,20
2025-03-14,20:40:00,262,"880,1",CAMPO FLORIDO,MG,Colisão traseira,Reação tardia ou ineficiente do condutor,Céu Claro,2025-03-14,20
2025-03-14,19:10:00,364,425,JARU,RO,Colisão traseira,Acessar a via sem observar a presença dos outros veículos,Nublado,2025-03-14,19
2025-03-14,18:15:00,101,48,JOINVILLE,SC,Queda de ocupante de veículo,Avarias e/ou desgaste excessivo no pneu,Céu Claro,2025-03-14,18
2025-03-14,16:00:00,101,"3,7",ARARANGUA,SC,Colisão transversal,Acessar a via sem observar a presença dos outros veículos,Céu Claro,2025-03-14,16
2025-03-14,19:20:00,116,78,TERESOPOLIS,RJ,Colisão frontal,Transitar na contramão,Céu Claro,2025-03-14,19
2025-03-14,19:30:00,364,"138,3",PIMENTA BUENO,RO,Saída de leito carroçável,Falta de elemento de contenção que evite a saída do leito carroçável,Céu Claro,2025-03-14,19
2025-03-14,20:40:00,116,125,FAZENDA RIO GRANDE,PR,Colisão traseira,Trafegar com motocicleta (ou similar) entre as faixas,Nublado,2025-03-14,20
2025-03-14,17:25:00,40,85,PETROPOLIS,RJ,Tombamento,Reação tardia ou ineficiente do condutor,Céu Claro,2025-03-14,17
2025-03-14,21:45:00,116,500,BARRA DO TURVO,SP,Capotamento,Reação tardia ou ineficiente do condutor,Chuva,2025-03-14,21
2025-03-14,20:30:00,116,"525,9",CARATINGA,MG,Colisão transversal,Acessar a via sem observar a presença dos outros veículos,Nublado,2025-03-14,20
2025-03-14,17:50:00,493,"18,8",MAGE,RJ,Colisão frontal,Conversão proibida,Céu Claro,2025-03-14,17
2025-03-14,22:05:00,101,108,PARNAMIRIM,RN,Colisão transversal,Conversão proibida,Céu Claro,2025-03-14,22
2025-03-14,19:00:00,104,65,CARUARU,PE,Colisão traseira,Ausência de reação do condutor,Céu Claro,2025-03-14,19
2025-03-14,22:05:00,116,189,SANTA ISABEL,SP,Queda de ocupante de veículo,Reação tardia ou ineficiente do condutor,Céu Claro,2025-03-14,22
2025-03-14,22:00:00,116,"585,3",MANHUACU,MG,Atropelamento de Pedestre,Transitar no Acostamento,Céu Claro,2025-03-14,22
2025-03-14,21:55:00,101,"206,2",SAO JOSE,SC,Colisão traseira,Condutor deixou de manter distância do veículo da frente,Nublado,2025-03-14,21
2025-03-14,22:45:00,381,"37,5",ATIBAIA,SP,Capotamento,Ausência de reação do condutor,Céu Claro,2025-03-14,22
2025-03-14,22:50:00,101,329,TUBARAO,SC,Colisão com objeto,Ausência de reação do condutor,Céu Claro,2025-03-14,22
2025-03-14,20:30:00,163,"117,9",DIONISIO CERQUEIRA,SC,Saída de leito carroçável,Reação tardia ou ineficiente do condutor,Nublado,2025-03-14,20
2025-03-14,21:30:00,20,"83,2",TAUA,CE,Colisão frontal,Ingestão de álcool pelo condutor,Céu Claro,2025-03-14,21
2025-03-14,23:00:00,101,300,SAO GONCALO,RJ,Colisão traseira,Reação tardia ou ineficiente do condutor,Céu Claro,2025-03-14,23
2025-03-14,21:28:00,232,57,POMBOS,PE,Atropelamento de Pedestre,Pedestre cruzava a pista fora da faixa,Nublado,2025-03-14,21
2025-03-14,23:00:00,316,312,PICOS,PI,Colisão frontal,Transitar na contramão,Céu Claro,2025-03-14,23
2025-03-14,22:22:00,101,"29,1",JOINVILLE,SC,Colisão traseira,Reação tardia ou ineficiente do condutor,Nublado,2025-03-14,22
2025-03-14,23:40:00,230,184,BOA VISTA,PB,Saída de leito carroçável,Ausência de reação do condutor,Chuva,2025-03-14,23
2025-03-14,23:39:00,116,"151,7",CAXIAS DO SUL,RS,Colisão com objeto,Reação tardia ou ineficiente do condutor,Céu Claro,2025-03-14,23
2025-03-14,22:30:00,116,1,MAFRA,SC,Queda de ocupante de veículo,Pista Escorregadia,Ignorado,2025-03-14,22
2025-03-15,00:03:00,230,10,CABEDELO,PB,Saída de leito carroçável,Desvio temporário,Céu Claro,2025-03-15,0
2025-03-15,00:00:00,364,241,CACOAL,RO,Saída de leito carroçável,Ingestão de álcool pelo condutor,Céu Claro,2025-03-15,0
2025-03-14,22:45:00,116,"450,5",ANTONIO CARDOSO,BA,Tombamento,Transitar na contramão,Céu Claro,2025-03-14,22
2025-03-15,00:40:00,158,"527,4",PATO BRANCO,PR,Colisão frontal,Transitar na contramão,Céu Claro,2025-03-15,0
2025-03-15,00:40:00,116,250,SAO LEOPOLDO,RS,Colisão com objeto,Ingestão de álcool pelo condutor,Céu Claro,2025-03-15,0
2025-03-15,00:30:00,343,"348,8",TERESINA,PI,Colisão frontal,Manobra de mudança de faixa,Céu Claro,2025-03-15,0
2025-03-15,01:00:00,116,107,SAO JOSE DOS PINHAIS,PR,Capotamento,Reação tardia ou ineficiente do condutor,Nublado,2025-03-15,1
2025-03-14,23:30:00,163,1063,GUARANTA DO NORTE,MT,Colisão frontal,Conversão proibida,Céu Claro,2025-03-14,23
2025-03-15,02:40:00,470,"44,5",GASPAR,SC,Saída de leito carroçável,Ingestão de álcool pelo condutor,Céu Claro,2025-03-15,2
2025-03-15,02:30:00,376,3,SAO JOSE DOS PINHAIS,PR,Colisão traseira,Velocidade Incompatível,Garoa/Chuvisco,2025-03-15,2
2025-03-15,01:40:00,290,"72,9",GRAVATAI,RS,Queda de ocupante de veículo,Ausência de reação do condutor,Céu Claro,2025-03-15,1
2025-03-15,02:40:00,116,"307,4",RESENDE,RJ,Saída de leito carroçável,Ausência de reação do condutor,Céu Claro,2025-03-15,2
2025-03-15,04:21:00,116,4,GUARULHOS,SP,Colisão com objeto,Reação tardia ou ineficiente do condutor,Nublado,2025-03-15,4
2025-03-15,01:00:00,393,249,BARRA DO PIRAI,RJ,Colisão com objeto,Velocidade Incompatível,Céu Claro,2025-03-15,1
2025-03-15,04:35:00,20,22,BRASILIA,DF,Saída de leito carroçável,Velocidade Incompatível,Chuva,2025-03-15,4
2025-03-15,03:35:00,116,760,LEOPOLDINA,MG,Saída de leito carroçável,Reação tardia ou ineficiente do condutor,Chuva,2025-03-15,3
2025-03-15,05:10:00,282,572,PINHALZINHO,SC,Saída de leito carroçável,Velocidade Incompatível,Céu Claro,2025-03-15,5
2025-03-15,04:30:00,116,"60,1",GUARATINGUETA,SP,Colisão traseira,Ausência de reação do condutor,Nublado,2025-03-15,4
2025-03-15,05:40:00,277,"671,5",MEDIANEIRA,PR,Colisão lateral mesmo sentido,Acessar a via sem observar a presença dos outros veículos,Céu Claro,2025-03-15,5
2025-03-15,05:55:00,277,632,CEU AZUL,PR,Colisão com objeto,Reação tardia ou ineficiente do condutor,Nublado,2025-03-15,5
2025-03-15,02:30:00,356,270,MURIAE,MG,Tombamento,Ingestão de álcool pelo condutor,Nublado,2025-03-15,2
2025-03-15,07:00:00,101,"350,6",JAGUARUNA,SC,Saída de leito carroçável,Ausência de reação do condutor,Céu Claro,2025-03-15,7
2025-03-15,06:50:00,476,149,ARAUCARIA,PR,Colisão traseira,Reação tardia ou ineficiente do condutor,Céu Claro,2025-03-15,6
2025-03-15,05:40:00,116,546,BARRA DO TURVO,SP,Capotamento,Chuva,Garoa/Chuvisco,2025-03-15,5
2025-03-15,02:50:00,70,"514,3",VARZEA GRANDE,MT,Colisão transversal,Ausência de reação do condutor,Nublado,2025-03-15,2
2025-03-15,00:17:00,116,"502,3",INHAPIM,MG,Colisão com objeto,Velocidade Incompatível,Céu Claro,2025-03-15,0
2025-03-15,05:20:00,316,"260,9",SANTA INES,MA,Colisão frontal,Ingestão de álcool pelo condutor,Nublado,2025-03-15,5
2025-03-15,06:30:00,116,"58,7",GUARATINGUETA,SP,Colisão lateral mesmo sentido,Acessar a via sem observar a presença dos outros veículos,Nublado,2025-03-15,6
2025-03-15,05:30:00,116,"569,1",MANHUACU,MG,Saída de leito carroçável,Ausência de reação do condutor,Céu Claro,2025-03-15,5
2025-03-15,07:25:00,135,13,SAO LUIS,MA,Colisão transversal,Acessar a via sem observar a presença dos outros veículos,Céu Claro,2025-03-15,7
2025-03-15,07:50:00,101,220,PALHOCA,SC,Tombamento,Avarias e/ou desgaste excessivo no pneu,Céu Claro,2025-03-15,7
2025-03-15,08:05:00,381,"444,9",SANTA LUZIA,MG,Colisão lateral sentido oposto,Transitar na contramão,Céu Claro,2025-03-15,8
2025-03-11,20:10:00,373,185,PONTA GROSSA,PR,Saída de leito carroçável,Ausência de reação do condutor,Chuva,2025-03-11,20
2025-03-15,08:30:00,101,"422,1",MANGARATIBA,RJ,Atropelamento de Pedestre,Velocidade Incompatível,Nublado,2025-03-15,8
2025-02-27,22:06:00,101,"46,1",JOINVILLE,SC,Tombamento,Ausência de reação do condutor,Nublado,2025-02-27,22
2025-03-15,08:45:00,153,"439,9",ANAPOLIS,GO,Colisão com objeto,Objeto estático sobre o leito carroçável,Céu Claro,2025-03-15,8
2025-03-15,09:15:00,386,342,LAJEADO,RS,Tombamento,Reação tardia ou ineficiente do condutor,Nublado,2025-03-15,9
2025-03-15,09:07:00,282,"17,5",PALHOCA,SC,Colisão frontal,Conversão proibida,Nublado,2025-03-15,9
2025-03-15,09:00:00,101,157,GAMELEIRA,PE,Colisão traseira,Ausência de reação do condutor,Garoa/Chuvisco,2025-03-15,9
2025-03-15,09:00:00,282,"38,5",AGUAS MORNAS,SC,Colisão traseira,Conversão proibida,Nublado,2025-03-15,9
2025-03-15,09:45:00,280,50,GUARAMIRIM,SC,Colisão transversal,Conversão proibida,Céu Claro,2025-03-15,9
2025-03-15,09:00:00,277,34,MORRETES,PR,Colisão lateral mesmo sentido,Manobra de mudança de faixa,Nublado,2025-03-15,9
2025-03-15,09:00:00,407,6,JUAZEIRO,BA,Colisão transversal,Ultrapassagem Indevida,Céu Claro,2025-03-15,9
2025-03-15,09:20:00,290,"24,5",SANTO ANTONIO DA PATRULHA,RS,Colisão lateral mesmo sentido,Manobra de mudança de faixa,Céu Claro,2025-03-15,9
2025-03-15,10:30:00,101,"218,9",IBIRACU,ES,Atropelamento de Pedestre,Pedestre cruzava a pista fora da faixa,Céu Claro,2025-03-15,10
2025-03-15,07:20:00,146,"443,2",CABO VERDE,MG,Saída de leito carroçável,Velocidade Incompatível,Céu Claro,2025-03-15,7
2025-03-15,07:05:00,290,720,URUGUAIANA,RS,Tombamento,Ingestão de álcool pelo condutor,Céu Claro,2025-03-15,7
2025-03-15,11:00:00,101,426,ATILIO VIVACQUA,ES,Saída de leito carroçável,Velocidade Incompatível,Céu Claro,2025-03-15,11
2025-03-15,09:45:00,262,"801,6",UBERABA,MG,Tombamento,Reação tardia ou ineficiente do condutor,Céu Claro,2025-03-15,9
2025-03-15,10:00:00,0,0,PAICANDU,PR,Colisão transversal,Desrespeitar a preferência no cruzamento,Céu Claro,2025-03-15,10
2025-03-15,11:30:00,153,69,SAO JOSE DO RIO PRETO,SP,Colisão lateral mesmo sentido,Manobra de mudança de faixa,Céu Claro,2025-03-15,11
2025-03-15,11:00:00,230,"81,6",CALDAS BRANDAO,PB,Saída de leito carroçável,Ingestão de álcool pelo condutor,Nublado,2025-03-15,11
2025-03-15,12:20:00,116,292,ELDORADO DO SUL,RS,Tombamento,Reação tardia ou ineficiente do condutor,Sol,2025-03-15,12
2025-03-15,12:00:00,104,111,LAGOA SECA,PB,Colisão traseira,Ingestão de álcool pelo condutor,Céu Claro,2025-03-15,12
2025-03-15,12:40:00,40,3,VALPARAISO DE GOIAS,GO,Colisão traseira,Reação tardia ou ineficiente do condutor,Céu Claro,2025-03-15,12
2025-03-15,09:10:00,262,"486,4",BOM DESPACHO,MG,Colisão transversal,Transitar na contramão,Céu Claro,2025-03-15,9
2025-03-15,11:40:00,282,"52,8",PALHOCA,SC,Colisão frontal,Ultrapassagem Indevida,Nublado,2025-03-15,11
2025-02-25,17:40:00,153,"46,2",ERECHIM,RS,Colisão transversal,Conversão proibida,Céu Claro,2025-02-25,17
2025-03-15,11:30:00,10,257,IMPERATRIZ,MA,Colisão transversal,Acessar a via sem observar a presença dos outros veículos,Céu Claro,2025-03-15,11
2025-03-15,13:30:00,277,"454,9",LARANJEIRAS DO SUL,PR,Colisão lateral mesmo sentido,Ultrapassagem Indevida,Nublado,2025-03-15,13
2025-03-15,14:10:00,153,"62,9",SAO JOSE DO RIO PRETO,SP,Colisão lateral mesmo sentido,Reação tardia ou ineficiente do condutor,Céu Claro,2025-03-15,14
2025-03-15,05:00:00,60,71,PARAISO DAS AGUAS,MS,Saída de leito carroçável,Reação tardia ou ineficiente do condutor,Ignorado,2025-03-15,5
2025-03-15,13:35:00,116,421,FEIRA DE SANTANA,BA,Atropelamento de Pedestre,Entrada inopinada do pedestre,Céu Claro,2025-03-15,13
2025-03-15,14:35:00,101,46,IGARASSU,PE,Colisão traseira,Ausência de reação do condutor,Nublado,2025-03-15,14
2025-03-15,12:20:00,163,832,SONORA,MS,Colisão frontal,Transitar na contramão,Céu Claro,2025-03-15,12
2025-03-15,15:30:00,376,617,SAO JOSE DOS PINHAIS,PR,Queda de ocupante de veículo,Ausência de reação do condutor,Nublado,2025-03-15,15
2025-02-19,12:55:00,40,110,DUQUE DE CAXIAS,RJ,Colisão com objeto,Demais falhas mecânicas ou elétricas,Céu Claro,2025-02-19,12
2025-03-15,15:45:00,427,"27,4",ACARI,RN,Colisão traseira,Reação tardia ou ineficiente do condutor,Céu Claro,2025-03-15,15
2025-03-15,15:40:00,116,279,EMBU DAS ARTES,SP,Colisão lateral mesmo sentido,Manobra de mudança de faixa,Céu Claro,2025-03-15,15
2025-03-15,16:15:00,116,224,GUARULHOS,SP,Colisão traseira,Ausência de reação do condutor,Céu Claro,2025-03-15,16
2025-03-15,16:00:00,40,"567,2",NOVA LIMA,MG,Saída de leito carroçável,Velocidade Incompatível,Nublado,2025-03-15,16
2025-03-15,16:00:00,381,"896,6",CAMBUI,MG,Colisão com objeto,Velocidade Incompatível,Chuva,2025-03-15,16
2025-03-15,11:45:00,116,225,DOIS IRMAOS,RS,Colisão transversal,Acessar a via sem observar a presença dos outros veículos,Nublado,2025-03-15,11
2025-03-15,14:15:00,290,395,SANTA MARGARIDA DO SUL,RS,Colisão traseira,Reação tardia ou ineficiente do condutor,Sol,2025-03-15,14
2025-03-15,15:15:00,470,"98,4",APIUNA,SC,Colisão traseira,Reação tardia ou ineficiente do condutor,Nublado,2025-03-15,15
2025-03-15,14:55:00,316,"2,8",TERESINA,PI,Colisão frontal,Transitar na contramão,Sol,2025-03-15,14
2025-03-15,14:30:00,242,442,SEABRA,BA,Colisão transversal,Acessar a via sem observar a presença dos outros veículos,Sol,2025-03-15,14
2025-03-15,16:30:00,70,5,BRASILIA,DF,Colisão traseira,Acessar a via sem observar a presença dos outros veículos,Céu Claro,2025-03-15,16
2025-03-15,14:30:00,386,"307,3",POUSO NOVO,RS,Colisão frontal,Transitar na contramão,Sol,2025-03-15,14
2025-03-15,15:20:00,135,188,BARREIRAS,BA,Colisão frontal,Ultrapassagem Indevida,Céu Claro,2025-03-15,15
2025-03-15,17:20:00,116,222,SAO PAULO,SP,Colisão traseira,Manobra de mudança de faixa,Céu Claro,2025-03-15,17
2025-03-15,16:37:00,60,9,SANTO ANTONIO DO DESCOBERTO,GO,Capotamento,Ausência de reação do condutor,Céu Claro,2025-03-15,16
2025-03-15,12:30:00,262,166,IBATIBA,ES,Colisão transversal,Acessar a via sem observar a presença dos outros veículos,Céu Claro,2025-03-15,12
2025-03-15,17:10:00,376,2,SAO JOSE DOS PINHAIS,PR,Colisão traseira,Ausência de reação do condutor,Céu Claro,2025-03-15,17
2025-03-15,18:00:00,365,755,ITUIUTABA,MG,Colisão lateral mesmo sentido,Acessar a via sem observar a presença dos outros veículos,Céu Claro,2025-03-15,18
2025-03-15,17:00:00,316,273,BELA VISTA DO MARANHAO,MA,Colisão traseira,Demais falhas mecânicas ou elétricas,Nublado,2025-03-15,17
2025-03-15,15:40:00,50,"188,7",UBERABA,MG,Tombamento,Ingestão de álcool pelo condutor,Céu Claro,2025-03-15,15
2025-03-15,16:00:00,282,"604,3",MARAVILHA,SC,Colisão lateral mesmo sentido,Ausência de reação do condutor,Céu Claro,2025-03-15,16
2025-03-15,17:00:00,163,265,DOURADOS,MS,Engavetamento,Ausência de reação do condutor,Céu Claro,2025-03-15,17
2025-03-15,18:20:00,376,"3,6",JANDAIA DO SUL,PR,Colisão lateral mesmo sentido,Reação tardia ou ineficiente do condutor,Céu Claro,2025-03-15,18
2025-03-15,17:40:00,116,297,PORTO REAL,RJ,Colisão com objeto,Acumulo de água sobre o pavimento,Chuva,2025-03-15,17
2025-03-15,18:30:00,101,476,ANGRA DOS REIS,RJ,Atropelamento de Pedestre,Reação tardia ou ineficiente do condutor,Céu Claro,2025-03-15,18
2025-03-15,18:40:00,222,666,ACAILANDIA,MA,Colisão lateral mesmo sentido,Ausência de sinalização,Céu Claro,2025-03-15,18
2025-03-15,10:30:00,101,332,PRESIDENTE TANCREDO NEVES,BA,Saída de leito carroçável,Velocidade Incompatível,Céu Claro,2025-03-15,10
2025-03-15,18:40:00,392,659,CERRO LARGO,RS,Colisão traseira,Acessar a via sem observar a presença dos outros veículos,Céu Claro,2025-03-15,18
2025-03-15,17:00:00,70,1,BARRA DO GARCAS,MT,Colisão lateral mesmo sentido,Reação tardia ou ineficiente do condutor,Céu Claro,2025-03-15,17
2025-03-15,19:00:00,101,"66,4",SAO MATEUS,ES,Colisão traseira,Condutor deixou de manter distância do veículo da frente,Céu Claro,2025-03-15,19
2025-03-15,19:20:00,116,276,TEOFILO OTONI,MG,Colisão lateral mesmo sentido,Trafegar com motocicleta (ou similar) entre as faixas,Céu Claro,2025-03-15,19
2025-03-15,17:25:00,40,120,DUQUE DE CAXIAS,RJ,Colisão traseira,Manobra de mudança de faixa,Céu Claro,2025-03-15,17
2025-03-15,19:30:00,262,"116,4",CONCEICAO DO CASTELO,ES,Colisão lateral sentido oposto,Transitar na contramão,Chuva,2025-03-15,19
2025-03-15,19:20:00,116,"145,9",CAXIAS DO SUL,RS,Colisão traseira,Reação tardia ou ineficiente do condutor,Céu Claro,2025-03-15,19
2025-03-15,18:45:00,50,180,UBERABA,MG,Colisão com objeto,Ingestão de álcool pelo condutor,Céu Claro,2025-03-15,18
2025-03-15,19:15:00,469,14,FOZ DO IGUACU,PR,Saída de leito carroçável,Ingestão de álcool pelo condutor,Céu Claro,2025-03-15,19
2025-03-15,18:10:00,116,7,FORTALEZA,CE,Colisão traseira,Ausência de reação do condutor,Céu Claro,2025-03-15,18
2025-03-15,18:30:00,230,"51,9",LAVRAS DA MANGABEIRA,CE,Colisão traseira,Transitar no Acostamento,Nublado,2025-03-15,18
2025-03-15,19:20:00,470,"175,7",POUSO REDONDO,SC,Colisão transversal,Ingestão de álcool pelo condutor,Nublado,2025-03-15,19
2025-03-15,19:18:00,376,"185,9",SARANDI,PR,Colisão traseira,Condutor deixou de manter distância do veículo da frente,Céu Claro,2025-03-15,19
2025-03-15,19:40:00,116,"209,1",PONTE ALTA,SC,Colisão traseira,Ingestão de álcool pelo condutor,Céu Claro,2025-03-15,19
2025-03-15,19:00:00,222,673,ACAILANDIA,MA,Engavetamento,Ingestão de álcool pelo condutor,Céu Claro,2025-03-15,19
2025-03-15,19:40:00,290,721,URUGUAIANA,RS,Colisão com objeto,Desrespeitar a preferência no cruzamento,Céu Claro,2025-03-15,19
2025-03-15,19:40:00,393,257,BARRA DO PIRAI,RJ,Saída de leito carroçável,Ingestão de álcool pelo condutor,Nublado,2025-03-15,19
2025-03-15,16:30:00,153,"233,3",FRONTEIRA,MG,Saída de leito carroçável,Demais falhas mecânicas ou elétricas,Céu Claro,2025-03-15,16
2025-03-15,18:55:00,174,14,VILHENA,RO,Colisão transversal,Desrespeitar a preferência no cruzamento,Céu Claro,2025-03-15,18
2025-03-15,20:20:00,242,"453,2",FORMOSO DO ARAGUAIA,TO,Colisão frontal,Transitar na contramão,Céu Claro,2025-03-15,20
2025-03-15,19:40:00,116,118,TAUBATE,SP,Colisão com objeto,Avarias e/ou desgaste excessivo no pneu,Chuva,2025-03-15,19
2025-03-15,19:01:00,476,98,BOCAIUVA DO SUL,PR,Colisão lateral sentido oposto,Ingestão de álcool pelo condutor,Garoa/Chuvisco,2025-03-15,19
2025-03-15,19:00:00,226,305,BARRA DO CORDA,MA,Colisão traseira,Ausência de reação do condutor,Céu Claro,2025-03-15,19
2025-03-15,21:00:00,226,"175,3",CURRAIS NOVOS,RN,Queda de ocupante de veículo,Ingestão de álcool pelo condutor,Céu Claro,2025-03-15,21
2025-03-15,20:00:00,470,224,BENTO GONCALVES,RS,Colisão com objeto,Ausência de reação do condutor,Céu Claro,2025-03-15,20
2025-03-15,21:00:00,116,"491,8",PELOTAS,RS,Saída de leito carroçável,Ingestão de álcool pelo condutor,Nublado,2025-03-15,21
2025-03-15,19:35:00,116,"683,2",MURIAE,MG,Colisão frontal,Ausência de reação do condutor,Céu Claro,2025-03-15,19
2025-03-15,20:30:00,290,574,ALEGRETE,RS,Capotamento,Reação tardia ou ineficiente do condutor,Céu Claro,2025-03-15,20
2025-03-15,19:30:00,116,82,TERESOPOLIS,RJ,Atropelamento de Pedestre,Manobra de mudança de faixa,Chuva,2025-03-15,19
2025-03-15,19:50:00,369,48,BANDEIRANTES,PR,Colisão transversal,Velocidade Incompatível,Nublado,2025-03-15,19
2025-03-15,20:30:00,282,75,RANCHO QUEIMADO,SC,Capotamento,Afundamento ou ondulação no pavimento,Céu Claro,2025-03-15,20
2025-03-15,20:50:00,381,"673,2",PERDOES,MG,Saída de leito carroçável,Ausência de reação do condutor,Nublado,2025-03-15,20
2025-03-15,19:00:00,470,34,GASPAR,SC,Colisão traseira,Ingestão de álcool pelo condutor,Céu Claro,2025-03-15,19
2025-03-15,20:00:00,116,546,BARRA DO TURVO,SP,Colisão com objeto,Reação tardia ou ineficiente do condutor,Chuva,2025-03-15,20
2025-03-15,21:45:00,262,"103,4",ABRE CAMPO,MG,Atropelamento de Animal,Animais na Pista,Céu Claro,2025-03-15,21
2025-03-15,21:25:00,101,"146,6",LINHARES,ES,Colisão transversal,Conversão proibida,Céu Claro,2025-03-15,21
2025-03-15,21:16:00,262,810,UBERABA,MG,Colisão traseira,Demais falhas mecânicas ou elétricas,Céu Claro,2025-03-15,21
2025-03-15,18:30:00,20,374,MONSENHOR HIPOLITO,PI,Colisão traseira,Ausência de reação do condutor,Céu Claro,2025-03-15,18
2025-03-15,21:50:00,343,336,TERESINA,PI,Colisão traseira,Reação tardia ou ineficiente do condutor,Chuva,2025-03-15,21
2025-03-15,21:47:00,230,123,MARABA,PA,Colisão transversal,Desrespeitar a preferência no cruzamento,Céu Claro,2025-03-15,21
2025-03-15,20:00:00,282,"578,1",PINHALZINHO,SC,Colisão transversal,Desrespeitar a preferência no cruzamento,Céu Claro,2025-03-15,20
2025-03-15,20:50:00,386,"356,4",ESTRELA,RS,Saída de leito carroçável,Reação tardia ou ineficiente do condutor,Nublado,2025-03-15,20
2025-03-15,22:30:00,40,522,CONTAGEM,MG,Incêndio,Demais falhas mecânicas ou elétricas,Céu Claro,2025-03-15,22
2025-03-15,22:05:00,316,40,LAGOA DO PIAUI,PI,Atropelamento de Animal,Animais na Pista,Chuva,2025-03-15,22
2025-03-15,21:30:00,40,"113,5",CRISTALINA,GO,Saída de leito carroçável,Condutor Dormindo,Céu Claro,2025-03-15,21
2025-03-15,20:00:00,226,70,WANDERLANDIA,TO,Colisão transversal,Desrespeitar a preferência no cruzamento,Garoa/Chuvisco,2025-03-15,20
2025-03-15,23:08:00,101,104,PARNAMIRIM,RN,Colisão traseira,Ingestão de álcool pelo condutor,Céu Claro,2025-03-15,23
2025-03-16,00:01:00,101,312,SAO GONCALO,RJ,Colisão lateral mesmo sentido,Ingestão de álcool pelo condutor,Garoa/Chuvisco,2025-03-16,0
2025-03-15,23:30:00,101,83,BAYEUX,PB,Colisão traseira,Reação tardia ou ineficiente do condutor,Céu Claro,2025-03-15,23