data_inversa,horario,br,km,municipio,uf,tipo_acidente,causa_acidente,condicao_metereologica,data,hora
2025-03-18,18:30:00,153,504,APARECIDA DE GOIANIA,GO,Colisão transversal,Acessar a via sem observar a presença dos outros veículos,Céu Claro,2025-03-18,18
2025-03-02,10:00:00,40,"634,3",CONSELHEIRO LAFAIETE,MG,Colisão transversal,Acessar a via sem observar a presença dos outros veículos,Sol,2025-03-02,10
2025-03-18,18:00:00,476,"180,8",CONTENDA,PR,Saída de leito carroçável,Velocidade Incompatível,Chuva,2025-03-18,18
2025-03-18,17:40:00,101,180,BIGUACU,SC,Colisão traseira,Condutor deixou de manter distância do veículo da frente,Chuva,2025-03-18,17
2025-03-18,17:32:00,364,204,RONDONOPOLIS,MT,Tombamento,Acumulo de óleo sobre o pavimento,Nublado,2025-03-18,17
2025-03-18,18:45:00,476,148,ARAUCARIA,PR,Colisão lateral mesmo sentido,Manobra de mudança de faixa,Garoa/Chuvisco,2025-03-18,18
2025-03-18,09:50:00,235,"5,7",NOSSA SENHORA DO SOCORRO,SE,Colisão traseira,Condutor deixou de manter distância do veículo da frente,Céu Claro,2025-03-18,9
2025-03-18,18:10:00,135,352,BOM JESUS,PI,Colisão traseira,Reação tardia ou ineficiente do condutor,Céu Claro,2025-03-18,18
2025-03-18,18:15:00,381,"479,5",BETIM,MG,Tombamento,Ausência de reação do condutor,Chuva,2025-03-18,18
2025-03-18,19:20:00,101,148,ITAPEMA,SC,Tombamento,Chuva,Nublado,2025-03-18,19
2025-03-18,18:48:00,40,"544,6",NOVA LIMA,MG,Colisão traseira,Condutor deixou de manter distância do veículo da frente,Chuva,2025-03-18,18
2025-03-18,19:40:00,60,38,GOIANIA,GO,Queda de ocupante de veículo,Ausência de reação do condutor,Céu Claro,2025-03-18,19
2025-03-18,18:30:00,471,157,SANTA CRUZ DO SUL,RS,Incêndio,Demais falhas mecânicas ou elétricas,Céu Claro,2025-03-18,18
2025-03-18,19:30:00,116,"2,6",FORTALEZA,CE,Colisão lateral mesmo sentido,Manobra de mudança de faixa,Céu Claro,2025-03-18,19
2025-03-18,19:10:00,463,"0,3",DOURADOS,MS,Colisão transversal,Acessar a via sem observar a presença dos outros veículos,Céu Claro,2025-03-18,19
2025-03-18,18:30:00,116,150,CAXIAS DO SUL,RS,Colisão transversal,Condutor desrespeitou a iluminação vermelha do semáforo,Céu Claro,2025-03-18,18
2025-03-18,18:20:00,381,154,GOVERNADOR VALADARES,MG,Colisão frontal,Acessar a via sem observar a presença dos outros veículos,Céu Claro,2025-03-18,18
2025-03-18,19:30:00,493,0,ITABORAI,RJ,Colisão lateral sentido oposto,Reação tardia ou ineficiente do condutor,Céu Claro,2025-03-18,19
2025-03-18,18:00:00,40,274,TRES MARIAS,MG,Colisão traseira,Reação tardia ou ineficiente do condutor,Céu Claro,2025-03-18,18
2025-03-18,19:05:00,290,59,GRAVATAI,RS,Colisão traseira,Ausência de reação do condutor,Céu Claro,2025-03-18,19
2025-03-18,19:10:00,364,"244,4",CACOAL,RO,Colisão traseira,Reação tardia ou ineficiente do condutor,Nublado,2025-03-18,19
2025-03-18,18:50:00,316,259,SANTA INES,MA,Colisão transversal,Ausência de reação do condutor,Céu Claro,2025-03-18,18
2025-03-04,17:30:00,101,81,NATAL,RN,Colisão lateral mesmo sentido,Ingestão de álcool pelo condutor,Céu Claro,2025-03-04,17
2025-03-18,19:25:00,424,96,MARECHAL DEODORO,AL,Incêndio,Demais falhas mecânicas ou elétricas,Céu Claro,2025-03-18,19
2025-03-18,20:00:00,232,125,CARUARU,PE,Atropelamento de Pedestre,Entrada inopinada do pedestre,Céu Claro,2025-03-18,20
2025-03-18,18:55:00,343,"297,6",ALTOS,PI,Atropelamento de Animal,Animais na Pista,Chuva,2025-03-18,18
2025-03-18,20:00:00,153,498,GOIANIA,GO,Colisão traseira,Ausência de reação do condutor,Nublado,2025-03-18,20
2025-03-18,18:10:00,158,"63,3",PARANAIBA,MS,Tombamento,Avarias e/ou desgaste excessivo no pneu,Céu Claro,2025-03-18,18
2025-03-18,21:05:00,386,391,TRIUNFO,RS,Atropelamento de Pedestre,Pedestre andava na pista,Céu Claro,2025-03-18,21
2025-03-18,21:30:00,116,"35,7",AQUIRAZ,CE,Colisão traseira,Acessar a via sem observar a presença dos outros veículos,Céu Claro,2025-03-18,21
2025-03-18,20:00:00,40,115,DUQUE DE CAXIAS,RJ,Colisão lateral mesmo sentido,Reação tardia ou ineficiente do condutor,Céu Claro,2025-03-18,20
2025-03-18,20:25:00,465,13,SEROPEDICA,RJ,Colisão transversal,Reação tardia ou ineficiente do condutor,Garoa/Chuvisco,2025-03-18,20
2025-03-18,20:00:00,116,53,LORENA,SP,Colisão transversal,Ausência de reação do condutor,Chuva,2025-03-18,20
2025-03-18,15:45:00,393,234,VASSOURAS,RJ,Colisão com objeto,Reação tardia ou ineficiente do condutor,Céu Claro,2025-03-18,15
2025-03-18,18:30:00,421,"57,4",MONTE NEGRO,RO,Colisão frontal,Transitar na contramão,Garoa/Chuvisco,2025-03-18,18
2025-03-18,21:20:00,376,"137,3",NOVA ESPERANCA,PR,Colisão frontal,Desvio temporário,Céu Claro,2025-03-18,21
2025-03-18,20:58:00,280,"22,8",ARAQUARI,SC,Atropelamento de Pedestre,Acessar a via sem observar a presença dos outros veículos,Nublado,2025-03-18,20
2025-03-18,20:20:00,376,432,TIBAGI,PR,Queda de ocupante de veículo,Chuva,Chuva,2025-03-18,20
2025-03-18,23:50:00,116,53,LORENA,SP,Colisão frontal,Ausência de reação do condutor,Chuva,2025-03-18,23
2025-03-18,21:00:00,343,647,JERUMENHA,PI,Atropelamento de Animal,Animais na Pista,Céu Claro,2025-03-18,21
2025-03-19,01:30:00,70,17,BRASILIA,DF,Colisão traseira,Ingestão de álcool pelo condutor,Céu Claro,2025-03-19,1
2025-03-19,02:58:00,116,248,SAO LEOPOLDO,RS,Saída de leito carroçável,Velocidade Incompatível,Céu Claro,2025-03-19,2
2025-03-19,00:40:00,40,24,TRES RIOS,RJ,Queda de ocupante de veículo,Pista Escorregadia,Chuva,2025-03-19,0
2025-03-19,05:32:00,381,65,MAIRIPORA,SP,Colisão traseira,Condutor deixou de manter distância do veículo da frente,Céu Claro,2025-03-19,5
2025-03-19,06:19:00,282,"215,5",LAGES,SC,Colisão transversal,Acessar a via sem observar a presença dos outros veículos,Céu Claro,2025-03-19,6
2025-03-19,05:50:00,414,"432,9",ANAPOLIS,GO,Colisão traseira,Deficiência do Sistema de Iluminação/Sinalização,Céu Claro,2025-03-19,5
2025-03-18,18:20:00,40,"43,1",PARACATU,MG,Colisão transversal,Conversão proibida,Nublado,2025-03-18,18
2025-03-19,04:00:00,153,"65,3",SAO JOSE DO RIO PRETO,SP,Saída de leito carroçável,Ausência de reação do condutor,Nublado,2025-03-19,4
2025-03-19,07:00:00,101,134,BALNEARIO CAMBORIU,SC,Colisão transversal,Acessar a via sem observar a presença dos outros veículos,Céu Claro,2025-03-19,7
2025-03-19,07:10:00,101,"132,6",BALNEARIO CAMBORIU,SC,Colisão lateral mesmo sentido,Condutor deixou de manter distância do veículo da frente,Sol,2025-03-19,7
2025-03-19,06:40:00,116,184,NOVA IGUACU,RJ,Colisão traseira,Manobra de mudança de faixa,Céu Claro,2025-03-19,6
2025-03-19,01:00:00,277,230,TEIXEIRA SOARES,PR,Capotamento,Ausência de reação do condutor,Nublado,2025-03-19,1
2025-03-19,06:49:00,230,20,JOAO PESSOA,PB,Colisão traseira,Condutor deixou de manter distância do veículo da frente,Nublado,2025-03-19,6
2025-03-19,00:20:00,277,"216,8",TEIXEIRA SOARES,PR,Colisão lateral mesmo sentido,Manobra de mudança de faixa,Céu Claro,2025-03-19,0
2025-03-19,07:20:00,376,"182,2",SARANDI,PR,Colisão lateral mesmo sentido,Trafegar com motocicleta (ou similar) entre as faixas,Céu Claro,2025-03-19,7
2025-03-19,07:40:00,116,174,SAO JOAO DE MERITI,RJ,Colisão lateral mesmo sentido,Trafegar com motocicleta (ou similar) entre as faixas,Céu Claro,2025-03-19,7
2025-03-19,05:30:00,70,281,PRIMAVERA DO LESTE,MT,Colisão transversal,Acessar a via sem observar a presença dos outros veículos,Céu Claro,2025-03-19,5
2025-02-12,19:20:00,20,"24,6",BRASILIA,DF,Saída de leito carroçável,Manobra de mudança de faixa,Céu Claro,2025-02-12,19
2025-03-19,08:10:00,116,262,CANOAS,RS,Colisão traseira,Condutor deixou de manter distância do veículo da frente,Céu Claro,2025-03-19,8
2025-03-19,07:35:00,343,"311,4",TERESINA,PI,Atropelamento de Pedestre,Transitar no Acostamento,Céu Claro,2025-03-19,7
2025-03-19,07:37:00,280,26,ARAQUARI,SC,Colisão transversal,Acessar a via sem observar a presença dos outros veículos,Céu Claro,2025-03-19,7
2025-03-19,07:30:00,392,67,PELOTAS,RS,Colisão transversal,Desrespeitar a preferência no cruzamento,Céu Claro,2025-03-19,7
2025-03-19,08:00:00,153,496,GOIANIA,GO,Colisão traseira,Condutor deixou de manter distância do veículo da frente,Céu Claro,2025-03-19,8
2025-03-19,07:10:00,116,136,DUQUE DE CAXIAS,RJ,Colisão lateral mesmo sentido,Ultrapassagem Indevida,Céu Claro,2025-03-19,7
2025-03-19,07:40:00,101,65,RECIFE,PE,Colisão traseira,Condutor deixou de manter distância do veículo da frente,Céu Claro,2025-03-19,7
2025-03-19,07:10:00,163,"475,7",CAMPO GRANDE,MS,Colisão transversal,Acessar a via sem observar a presença dos outros veículos,Céu Claro,2025-03-19,7
2025-03-19,08:40:00,101,472,ANGRA DOS REIS,RJ,Colisão traseira,Ausência de reação do condutor,Céu Claro,2025-03-19,8
2025-03-19,09:00:00,407,127,PETROLINA,PE,Colisão frontal,Acessar a via sem observar a presença dos outros veículos,Céu Claro,2025-03-19,9
2025-03-14,18:22:00,101,112,SAO JOSE DE MIPIBU,RN,Tombamento,Avarias e/ou desgaste excessivo no pneu,Céu Claro,2025-03-14,18
2025-03-19,07:00:00,230,474,SOUSA,PB,Saída de leito carroçável,Condutor Dormindo,Nublado,2025-03-19,7
2025-03-19,09:10:00,277,"25,1",MORRETES,PR,Colisão com objeto,Demais falhas mecânicas ou elétricas,Sol,2025-03-19,9
2025-03-19,06:30:00,40,7,COMENDADOR LEVY GASPARIAN,RJ,Queda de ocupante de veículo,Ausência de reação do condutor,Garoa/Chuvisco,2025-03-19,6
2025-03-19,08:54:00,40,2,VALPARAISO DE GOIAS,GO,Engavetamento,Frear bruscamente,Céu Claro,2025-03-19,8
2025-03-19,06:40:00,393,"257,9",BARRA DO PIRAI,RJ,Colisão lateral sentido oposto,Velocidade Incompatível,Nublado,2025-03-19,6
2025-03-19,06:45:00,40,"695,3",ALFREDO VASCONCELOS,MG,Colisão com objeto,Acumulo de óleo sobre o pavimento,Chuva,2025-03-19,6
2025-03-18,04:30:00,282,236,SAO JOSE DO CERRITO,SC,Saída de leito carroçável,Condutor Dormindo,Ignorado,2025-03-18,4
2025-03-19,08:00:00,135,12,SAO LUIS,MA,Queda de ocupante de veículo,Avarias e/ou desgaste excessivo no pneu,Céu Claro,2025-03-19,8
2025-03-19,08:21:00,163,829,SINOP,MT,Colisão transversal,Retorno proibido,Céu Claro,2025-03-19,8
2025-03-19,08:00:00,373,178,PONTA GROSSA,PR,Saída de leito carroçável,Reação tardia ou ineficiente do condutor,Céu Claro,2025-03-19,8
2025-03-19,07:00:00,40,"695,3",ALFREDO VASCONCELOS,MG,Saída de leito carroçável,Acumulo de óleo sobre o pavimento,Chuva,2025-03-19,7
2025-03-19,10:35:00,290,4,OSORIO,RS,Colisão lateral mesmo sentido,Reação tardia ou ineficiente do condutor,Céu Claro,2025-03-19,10
2025-03-19,10:25:00,153,61,SAO JOSE DO RIO PRETO,SP,Colisão com objeto,Ingestão de álcool pelo condutor,Céu Claro,2025-03-19,10
2025-03-19,07:45:00,116,256,ESTEIO,RS,Colisão lateral mesmo sentido,Reação tardia ou ineficiente do condutor,Céu Claro,2025-03-19,7
2025-03-19,07:50:00,163,483,CAMPO GRANDE,MS,Colisão lateral mesmo sentido,Acessar a via sem observar a presença dos outros veículos,Céu Claro,2025-03-19,7
2025-03-19,09:30:00,116,"389,1",SANTA BARBARA,BA,Colisão lateral mesmo sentido,Ausência de reação do condutor,Sol,2025-03-19,9
2025-03-19,10:35:00,101,741,ITABELA,BA,Colisão traseira,Reação tardia ou ineficiente do condutor,Céu Claro,2025-03-19,10
2025-03-19,10:40:00,116,"488,7",CAJATI,SP,Colisão transversal,Acessar a via sem observar a presença dos outros veículos,Céu Claro,2025-03-19,10
2025-03-19,10:30:00,277,711,SANTA TEREZINHA DE ITAIPU,PR,Colisão traseira,Reação tardia ou ineficiente do condutor,Céu Claro,2025-03-19,10
2025-03-19,06:50:00,393,281,VOLTA REDONDA,RJ,Colisão lateral sentido oposto,Acesso irregular,Nublado,2025-03-19,6
2025-03-19,11:15:00,101,"328,9",TUBARAO,SC,Colisão lateral mesmo sentido,Manobra de mudança de faixa,Céu Claro,2025-03-19,11
2025-03-19,10:30:00,116,311,RESENDE,RJ,Tombamento,Avarias e/ou desgaste excessivo no pneu,Nublado,2025-03-19,10
2025-03-19,10:26:00,364,435,VARZEA GRANDE,MT,Colisão traseira,Ausência de reação do condutor,Sol,2025-03-19,10
2025-03-19,12:00:00,277,"724,9",FOZ DO IGUACU,PR,Atropelamento de Pedestre,Entrada inopinada do pedestre,Sol,2025-03-19,12
2025-03-19,12:20:00,101,"352,7",ANCHIETA,ES,Tombamento,Chuva,Chuva,2025-03-19,12
2025-03-19,12:50:00,101,211,PALHOCA,SC,Colisão traseira,Reação tardia ou ineficiente do condutor,Céu Claro,2025-03-19,12
2025-03-19,13:05:00,116,223,GUARULHOS,SP,Colisão lateral mesmo sentido,Condutor deixou de manter distância do veículo da frente,Céu Claro,2025-03-19,13
2025-03-19,12:31:00,101,"558,7",PARATY,RJ,Colisão transversal,Animais na Pista,Nublado,2025-03-19,12
2025-03-19,13:14:00,277,10,PARANAGUA,PR,Colisão com objeto,Objeto estático sobre o leito carroçável,Céu Claro,2025-03-19,13
2025-03-19,12:30:00,343,"332,4",TERESINA,PI,Queda de ocupante de veículo,Avarias e/ou desgaste excessivo no pneu,Céu Claro,2025-03-19,12
2025-03-07,08:15:00,116,"14,1",COLOMBO,PR,Colisão traseira,Condutor deixou de manter distância do veículo da frente,Nublado,2025-03-07,8
2025-03-03,18:10:00,262,34,VIANA,ES,Saída de leito carroçável,Pista Escorregadia,Chuva,2025-03-03,18
2025-03-15,19:40:00,116,"82,9",TERESOPOLIS,RJ,Colisão lateral sentido oposto,Velocidade Incompatível,Chuva,2025-03-15,19
2025-03-19,09:35:00,116,258,ESTEIO,RS,Tombamento,Acumulo de areia ou detritos sobre o pavimento,Céu Claro,2025-03-19,9
2025-03-19,13:55:00,116,"169,9",JACAREI,SP,Colisão com objeto,Ausência de reação do condutor,Nublado,2025-03-19,13
2025-03-19,13:15:00,101,"330,4",TUBARAO,SC,Colisão traseira,Condutor deixou de manter distância do veículo da frente,Céu Claro,2025-03-19,13
2025-02-24,08:30:00,324,516,FEIRA DE SANTANA,BA,Colisão frontal,Acessar a via sem observar a presença dos outros veículos,Céu Claro,2025-02-24,8
2025-03-19,13:15:00,116,60,GUARATINGUETA,SP,Queda de ocupante de veículo,Avarias e/ou desgaste excessivo no pneu,Nublado,2025-03-19,13
2025-03-19,15:52:00,153,"508,4",APARECIDA DE GOIANIA,GO,Tombamento,Demais falhas mecânicas ou elétricas,Céu Claro,2025-03-19,15
2025-03-19,15:25:00,104,89,REMIGIO,PB,Colisão transversal,Conversão proibida,Céu Claro,2025-03-19,15
2025-02-23,10:00:00,381,"520,6",IGARAPE,MG,Tombamento,Velocidade Incompatível,Céu Claro,2025-02-23,10
2025-03-19,13:30:00,476,118,COLOMBO,PR,Atropelamento de Pedestre,Acessar a via sem observar a presença dos outros veículos,Céu Claro,2025-03-19,13
2025-03-19,13:30:00,222,211,SOBRAL,CE,Saída de leito carroçável,Manobra de mudança de faixa,Céu Claro,2025-03-19,13
2025-03-19,14:50:00,343,334,TERESINA,PI,Saída de leito carroçável,Avarias e/ou desgaste excessivo no pneu,Nublado,2025-03-19,14
2025-03-19,15:45:00,381,"812,2",CAREACU,MG,Saída de leito carroçável,Velocidade Incompatível,Nublado,2025-03-19,15
2025-03-19,15:48:00,101,131,NISIA FLORESTA,RN,Queda de ocupante de veículo,Demais falhas mecânicas ou elétricas,Céu Claro,2025-03-19,15
2025-03-19,15:50:00,153,580,PROFESSOR JAMIL,GO,Saída de leito carroçável,Velocidade Incompatível,Chuva,2025-03-19,15
2025-01-14,15:00:00,226,53,LAJEADO NOVO,MA,Queda de ocupante de veículo,Pista esburacada,Chuva,2025-01-14,15
2025-03-19,16:15:00,101,169,MACAE,RJ,Colisão transversal,Pista Escorregadia,Chuva,2025-03-19,16
2025-03-19,15:47:00,163,833,SINOP,MT,Colisão traseira,Ausência de reação do condutor,Céu Claro,2025-03-19,15
2025-03-19,14:45:00,101,"393,2",RIO NOVO DO SUL,ES,Saída de leito carroçável,Acumulo de água sobre o pavimento,Chuva,2025-03-19,14
2025-03-19,14:00:00,116,84,MONTE CASTELO,SC,Colisão frontal,Ausência de reação do condutor,Sol,2025-03-19,14
2025-03-19,15:15:00,40,106,DUQUE DE CAXIAS,RJ,Colisão lateral mesmo sentido,Condutor deixou de manter distância do veículo da frente,Chuva,2025-03-19,15
2025-03-19,16:52:00,381,"454,2",SABARA,MG,Colisão traseira,Ausência de reação do condutor,Nublado,2025-03-19,16
2025-03-19,16:45:00,405,"3,1",MOSSORO,RN,Colisão transversal,Acesso irregular,Céu Claro,2025-03-19,16
2025-03-19,17:00:00,116,183,NOVA IGUACU,RJ,Colisão traseira,Trafegar com motocicleta (ou similar) entre as faixas,Nublado,2025-03-19,17
2025-03-19,15:24:00,163,"126,9",NAVIRAI,MS,Colisão com objeto,Ausência de reação do condutor,Céu Claro,2025-03-19,15
2025-03-19,15:10:00,280,10,SAO FRANCISCO DO SUL,SC,Colisão transversal,Acessar a via sem observar a presença dos outros veículos,Sol,2025-03-19,15
2025-03-19,15:15:00,60,"87,5",ANAPOLIS,GO,Saída de leito carroçável,Reação tardia ou ineficiente do condutor,Céu Claro,2025-03-19,15
2025-03-19,17:07:00,392,57,RIO GRANDE,RS,Colisão com objeto,Manobra de mudança de faixa,Céu Claro,2025-03-19,17
2025-03-19,17:20:00,376,435,TIBAGI,PR,Colisão frontal,Retorno proibido,Céu Claro,2025-03-19,17
2025-03-19,18:00:00,376,601,CURITIBA,PR,Colisão lateral mesmo sentido,Manobra de mudança de faixa,Nublado,2025-03-19,18
2025-03-19,18:40:00,116,119,CURITIBA,PR,Colisão traseira,Reação tardia ou ineficiente do condutor,Céu Claro,2025-03-19,18
2025-03-19,19:00:00,316,"546,8",CAXIAS,MA,Colisão traseira,Acessar a via sem observar a presença dos outros veículos,Céu Claro,2025-03-19,19
2025-03-19,19:00:00,40,"798,6",JUIZ DE FORA,MG,Colisão com objeto,Ausência de reação do condutor,Chuva,2025-03-19,19
2025-03-19,19:20:00,304,"29,3",MOSSORO,RN,Colisão traseira,Objeto estático sobre o leito carroçável,Céu Claro,2025-03-19,19
2025-03-19,19:45:00,158,326,SANTA MARIA,RS,Colisão transversal,Iluminação deficiente,Céu Claro,2025-03-19,19
2025-03-19,20:00:00,101,274,TANGUA,RJ,Colisão frontal,Reação tardia ou ineficiente do condutor,Chuva,2025-03-19,20
2025-03-19,20:00:00,369,"505,7",CASCAVEL,PR,Colisão frontal,Ausência de reação do condutor,Céu Claro,2025-03-19,20
2025-03-19,20:45:00,153,410,MIRANORTE,TO,Tombamento,Reação tardia ou ineficiente do condutor,Céu Claro,2025-03-19,20
2025-03-19,19:30:00,40,43,PARACATU,MG,Colisão frontal,Acesso irregular,Céu Claro,2025-03-19,19
2025-03-19,20:40:00,135,23,SAO LUIS,MA,Colisão transversal,Acessar a via sem observar a presença dos outros veículos,Céu Claro,2025-03-19,20
2025-03-19,20:45:00,70,"3,2",BRASILIA,DF,Colisão traseira,Reação tardia ou ineficiente do condutor,Nublado,2025-03-19,20
2025-03-19,20:40:00,116,183,NOVA IGUACU,RJ,Incêndio,Demais falhas mecânicas ou elétricas,Chuva,2025-03-19,20
2025-03-19,18:40:00,230,"263,1",NAZARE DO PIAUI,PI,Atropelamento de Pedestre,Ausência de reação do condutor,Céu Claro,2025-03-19,18
2025-03-19,20:40:00,290,99,PORTO ALEGRE,RS,Colisão com objeto,Ausência de reação do condutor,Céu Claro,2025-03-19,20
2025-03-19,22:00:00,116,222,GUARULHOS,SP,Queda de ocupante de veículo,Avarias e/ou desgaste excessivo no pneu,Nublado,2025-03-19,22
2025-03-19,19:00:00,465,18,NOVA IGUACU,RJ,Colisão lateral sentido oposto,Ausência de reação do condutor,Chuva,2025-03-19,19
2025-03-19,22:15:00,116,"0,6",QUATRO BARRAS,PR,Colisão com objeto,Reação tardia ou ineficiente do condutor,Nublado,2025-03-19,22
2025-03-19,20:00:00,465,5,SEROPEDICA,RJ,Colisão transversal,Ausência de reação do condutor,Céu Claro,2025-03-19,20
2025-03-19,23:00:00,101,312,SAO GONCALO,RJ,Tombamento,Ausência de reação do condutor,Chuva,2025-03-19,23
2025-03-19,23:25:00,40,"792,9",JUIZ DE FORA,MG,Colisão com objeto,Reação tardia ou ineficiente do condutor,Garoa/Chuvisco,2025-03-19,23
2025-03-19,21:50:00,101,"190,4",JUNQUEIRO,AL,Colisão lateral mesmo sentido,Reação tardia ou ineficiente do condutor,Céu Claro,2025-03-19,21
2025-03-19,23:10:00,376,598,CURITIBA,PR,Colisão lateral mesmo sentido,Ausência de reação do condutor,Céu Claro,2025-03-19,23
2025-03-20,00:50:00,116,170,DUQUE DE CAXIAS,RJ,Capotamento,Ausência de reação do condutor,Chuva,2025-03-20,0
2025-03-19,23:10:00,50,"180,8",UBERABA,MG,Colisão transversal,Acesso irregular,Céu Claro,2025-03-19,23
2025-03-19,20:45:00,324,587,CANDEIAS,BA,Colisão com objeto,Reação tardia ou ineficiente do condutor,Céu Claro,2025-03-19,20
2025-03-19,22:50:00,70,497,CUIABA,MT,Queda de ocupante de veículo,Reação tardia ou ineficiente do condutor,Nublado,2025-03-19,22
2025-03-20,01:16:00,232,"464,6",MIRANDIBA,PE,Atropelamento de Animal,Animais na Pista,Céu Claro,2025-03-20,1
2025-03-20,01:35:00,364,"0,8",PLANURA,MG,Colisão frontal,Ingestão de álcool pelo condutor,Céu Claro,2025-03-20,1
2025-03-20,03:00:00,116,183,NOVA IGUACU,RJ,Atropelamento de Pedestre,Pedestre andava na pista,Chuva,2025-03-20,3
2025-03-20,01:30:00,365,"577,7",INDIANOPOLIS,MG,Atropelamento de Pedestre,Entrada inopinada do pedestre,Céu Claro,2025-03-20,1
2025-03-20,03:40:00,116,246,SAO LEOPOLDO,RS,Colisão traseira,Acessar a via sem observar a presença dos outros veículos,Céu Claro,2025-03-20,3
2025-03-20,04:00:00,447,14,CARIACICA,ES,Capotamento,Velocidade Incompatível,Garoa/Chuvisco,2025-03-20,4
2025-03-20,05:09:00,365,750,ITUIUTABA,MG,Queda de ocupante de veículo,Afundamento ou ondulação no pavimento,Céu Claro,2025-03-20,5
2025-03-20,05:50:00,60,"99,5",ANAPOLIS,GO,Colisão transversal,Manobra de mudança de faixa,Céu Claro,2025-03-20,5
2025-03-20,05:20:00,230,12,CABEDELO,PB,Colisão traseira,Condutor deixou de manter distância do veículo da frente,Céu Claro,2025-03-20,5
2025-03-20,06:15:00,40,3,BRASILIA,DF,Colisão lateral mesmo sentido,Condutor deixou de manter distância do veículo da frente,Céu Claro,2025-03-20,6
2025-03-20,06:30:00,153,57,SAO JOSE DO RIO PRETO,SP,Colisão lateral mesmo sentido,Acessar a via sem observar a presença dos outros veículos,Céu Claro,2025-03-20,6
2025-03-20,06:45:00,101,470,ANGRA DOS REIS,RJ,Saída de leito carroçável,Ausência de sinalização,Chuva,2025-03-20,6
2025-03-20,06:20:00,60,"99,3",ANAPOLIS,GO,Colisão traseira,Reação tardia ou ineficiente do condutor,Céu Claro,2025-03-20,6
2025-03-20,06:40:00,232,"4,3",RECIFE,PE,Colisão traseira,Condutor deixou de manter distância do veículo da frente,Céu Claro,2025-03-20,6
2025-01-27,02:00:00,30,"725,6",BOA NOVA,BA,Capotamento,Velocidade Incompatível,Ignorado,2025-01-27,2
2025-03-20,07:00:00,324,622,SALVADOR,BA,Queda de ocupante de veículo,Ausência de reação do condutor,Céu Claro,2025-03-20,7
2025-03-20,07:10:00,101,110,SAO JOSE DE MIPIBU,RN,Tombamento,Demais falhas mecânicas ou elétricas,Céu Claro,2025-03-20,7
2025-03-20,04:06:00,163,759,SORRISO,MT,Saída de leito carroçável,Ingestão de álcool pelo condutor,Céu Claro,2025-03-20,4
2025-03-20,07:15:00,101,"97,8",NATAL,RN,Colisão traseira,Reação tardia ou ineficiente do condutor,Céu Claro,2025-03-20,7
2025-03-20,07:10:00,153,"521,5",HIDROLANDIA,GO,Atropelamento de Pedestre,Entrada inopinada do pedestre,Céu Claro,2025-03-20,7
2025-03-20,06:55:00,230,"22,8",JOAO PESSOA,PB,Colisão traseira,Condutor deixou de manter distância do veículo da frente,Céu Claro,2025-03-20,6
2025-03-20,07:30:00,116,251,SAPUCAIA DO SUL,RS,Queda de ocupante de veículo,Trafegar com motocicleta (ou similar) entre as faixas,Céu Claro,2025-03-20,7
2025-03-20,07:40:00,101,117,ITAJAI,SC,Colisão traseira,Acessar a via sem observar a presença dos outros veículos,Céu Claro,2025-03-20,7
2025-03-18,07:20:00,116,"11,9",VITORIA DA CONQUISTA,BA,Colisão traseira,Ausência de reação do condutor,Sol,2025-03-18,7
2025-03-20,08:00:00,116,"147,8",SAO JOSE DOS CAMPOS,SP,Colisão traseira,Trafegar com motocicleta (ou similar) entre as faixas,Nublado,2025-03-20,8
2025-03-20,05:35:00,267,"384,5",MARACAJU,MS,Saída de leito carroçável,Animais na Pista,Céu Claro,2025-03-20,5
2025-03-20,08:40:00,101,206,SAO JOSE,SC,Colisão lateral mesmo sentido,Trafegar com motocicleta (ou similar) entre as faixas,Céu Claro,2025-03-20,8
2025-03-20,07:00:00,101,"328,6",CAPIVARI DE BAIXO,SC,Colisão com objeto,Ausência de reação do condutor,Sol,2025-03-20,7
2025-03-20,08:35:00,386,"435,3",NOVA SANTA RITA,RS,Colisão transversal,Acessar a via sem observar a presença dos outros veículos,Céu Claro,2025-03-20,8
2025-03-20,08:50:00,101,"170,1",AGUA PRETA,PE,Queda de ocupante de veículo,Demais falhas mecânicas ou elétricas,Céu Claro,2025-03-20,8
2025-03-19,22:30:00,110,139,CICERO DANTAS,BA,Saída de leito carroçável,Reação tardia ou ineficiente do condutor,Céu Claro,2025-03-19,22
2025-03-20,08:00:00,40,773,JUIZ DE FORA,MG,Tombamento,Reação tardia ou ineficiente do condutor,Céu Claro,2025-03-20,8
2025-03-20,08:45:00,40,"527,8",CONTAGEM,MG,Colisão lateral mesmo sentido,Manobra de mudança de faixa,Céu Claro,2025-03-20,8
2025-03-20,08:50:00,324,624,SALVADOR,BA,Colisão traseira,Manobra de mudança de faixa,Nublado,2025-03-20,8
2025-03-20,08:00:00,101,299,VIANA,ES,Capotamento,Reação tardia ou ineficiente do condutor,Nublado,2025-03-20,8
2025-03-20,08:01:00,277,"472,9",NOVA LARANJEIRAS,PR,Colisão transversal,Acessar a via sem observar a presença dos outros veículos,Sol,2025-03-20,8
2025-03-20,10:00:00,116,"210,8",RIO NEGRO,PR,Colisão transversal,Desrespeitar a preferência no cruzamento,Céu Claro,2025-03-20,10