data_inversa,horario,br,km,municipio,uf,tipo_acidente,causa_acidente,condicao_metereologica,data,hora
2025-03-21,19:40:00,101,486,ANGRA DOS REIS,RJ,Atropelamento de Pedestre,Entrada inopinada do pedestre,Céu Claro,2025-03-21,19
2025-03-21,19:40:00,116,275,TEOFILO OTONI,MG,Atropelamento de Pedestre,Velocidade Incompatível,Céu Claro,2025-03-21,19
2025-03-21,19:05:00,470,"123,4",IBIRAMA,SC,Colisão transversal,Retorno proibido,Céu Claro,2025-03-21,19
2025-03-21,19:50:00,381,646,SANTO ANTONIO DO AMPARO,MG,Saída de leito carroçável,Velocidade Incompatível,Céu Claro,2025-03-21,19
2025-03-19,07:50:00,153,496,GOIANIA,GO,Colisão transversal,Manobra de mudança de faixa,Céu Claro,2025-03-19,7
2025-03-21,21:00:00,116,277,TEOFILO OTONI,MG,Colisão transversal,Acessar a via sem observar a presença dos outros veículos,Nublado,2025-03-21,21
2025-03-21,19:30:00,116,109,ITAOBIM,MG,Saída de leito carroçável,Reação tardia ou ineficiente do condutor,Céu Claro,2025-03-21,19
2025-03-21,21:40:00,116,229,SAO PAULO,SP,Colisão traseira,Reação tardia ou ineficiente do condutor,Céu Claro,2025-03-21,21
2025-03-21,20:30:00,163,831,SINOP,MT,Colisão transversal,Reação tardia ou ineficiente do condutor,Céu Claro,2025-03-21,20
2025-03-21,17:30:00,163,429,CAMPO GRANDE,MS,Saída de leito carroçável,Condutor Dormindo,Céu Claro,2025-03-21,17
2025-03-21,18:00:00,50,"146,2",UBERABA,MG,Saída de leito carroçável,Velocidade Incompatível,Chuva,2025-03-21,18
2025-03-21,22:10:00,116,831,VITORIA DA CONQUISTA,BA,Atropelamento de Pedestre,Transitar no Acostamento,Céu Claro,2025-03-21,22
2025-03-21,22:00:00,101,425,SOMBRIO,SC,Colisão transversal,Acessar a via sem observar a presença dos outros veículos,Ignorado,2025-03-21,22
2025-03-21,22:12:00,116,"145,4",SAO JOSE DOS CAMPOS,SP,Tombamento,Avarias e/ou desgaste excessivo no pneu,Céu Claro,2025-03-21,22
2025-03-21,21:40:00,40,"396,2",CURVELO,MG,Colisão transversal,Conversão proibida,Céu Claro,2025-03-21,21
2025-03-21,18:30:00,262,"744,5",PERDIZES,MG,Saída de leito carroçável,Chuva,Chuva,2025-03-21,18
2025-03-21,19:45:00,116,541,SANTA BARBARA DO LESTE,MG,Colisão lateral mesmo sentido,Acessar a via sem observar a presença dos outros veículos,Céu Claro,2025-03-21,19
2025-03-21,23:00:00,70,7,AGUAS LINDAS DE GOIAS,GO,Colisão traseira,Ingestão de álcool pelo condutor,Céu Claro,2025-03-21,23
2025-03-21,20:30:00,493,55,DUQUE DE CAXIAS,RJ,Incêndio,Demais falhas mecânicas ou elétricas,Céu Claro,2025-03-21,20
2025-03-21,23:10:00,50,"69,7",UBERLANDIA,MG,Colisão com objeto,Ingestão de álcool pelo condutor,Nublado,2025-03-21,23
2025-03-21,12:22:00,364,544,ALTO PARAISO,RO,Colisão lateral mesmo sentido,Acessar a via sem observar a presença dos outros veículos,Céu Claro,2025-03-21,12
2025-03-21,22:00:00,101,"383,5",ICARA,SC,Tombamento,Acumulo de areia ou detritos sobre o pavimento,Céu Claro,2025-03-21,22
2025-03-21,21:00:00,40,7,COMENDADOR LEVY GASPARIAN,RJ,Saída de leito carroçável,Ausência de reação do condutor,Ignorado,2025-03-21,21
2025-03-21,22:01:00,116,"25,9",SALGUEIRO,PE,Colisão traseira,Condutor deixou de manter distância do veículo da frente,Nublado,2025-03-21,22
2025-03-21,18:50:00,316,308,FLORESTA,PE,Eventos atípicos,Reação tardia ou ineficiente do condutor,Nublado,2025-03-21,18
2025-03-21,22:20:00,116,118,MAGE,RJ,Queda de ocupante de veículo,Reação tardia ou ineficiente do condutor,Céu Claro,2025-03-21,22
2025-03-21,22:35:00,230,"7,5",ALTAMIRA,PA,Colisão transversal,Condutor desrespeitou a iluminação vermelha do semáforo,Nublado,2025-03-21,22
2025-03-21,17:40:00,277,724,FOZ DO IGUACU,PR,Colisão traseira,Condutor deixou de manter distância do veículo da frente,Céu Claro,2025-03-21,17
2025-03-21,20:15:00,116,174,SAO JOAO DE MERITI,RJ,Queda de ocupante de veículo,Ausência de reação do condutor,Céu Claro,2025-03-21,20
2025-03-21,23:40:00,60,83,ANAPOLIS,GO,Saída de leito carroçável,Chuva,Chuva,2025-03-21,23
2025-03-22,01:10:00,101,"262,3",SERRA,ES,Colisão com objeto,Ausência de reação do condutor,Céu Claro,2025-03-22,1
2025-03-22,01:00:00,423,86,GARANHUNS,PE,Saída de leito carroçável,Ausência de reação do condutor,Céu Claro,2025-03-22,1
2025-03-22,02:20:00,392,113,CANGUCU,RS,Colisão com objeto,Demais falhas mecânicas ou elétricas,Céu Claro,2025-03-22,2
2025-03-22,02:15:00,365,627,UBERLANDIA,MG,Colisão frontal,Transitar na contramão,Céu Claro,2025-03-22,2
2025-03-22,01:00:00,163,704,SORRISO,MT,Atropelamento de Animal,Animais na Pista,Céu Claro,2025-03-22,1
2025-03-22,01:35:00,407,"87,7",JAGUARARI,BA,Saída de leito carroçável,Condutor Dormindo,Céu Claro,2025-03-22,1
2025-02-21,06:40:00,262,"169,7",IBATIBA,ES,Colisão transversal,Desrespeitar a preferência no cruzamento,Nublado,2025-02-21,6
2025-03-22,01:50:00,153,"115,7",ESTRELA DO NORTE,GO,Saída de leito carroçável,Ingestão de álcool pelo condutor,Nublado,2025-03-22,1
2025-03-22,03:00:00,163,472,CAMPO GRANDE,MS,Atropelamento de Animal,Animais na Pista,Céu Claro,2025-03-22,3
2025-03-22,00:30:00,282,"633,9",DESCANSO,SC,Colisão lateral sentido oposto,Ingestão de álcool pelo condutor,Céu Claro,2025-03-22,0
2025-03-21,18:30:00,386,375,SAO MARCOS,RS,Colisão traseira,Reação tardia ou ineficiente do condutor,Céu Claro,2025-03-21,18
2025-03-22,04:40:00,50,51,ARAGUARI,MG,Capotamento,Ingestão de álcool pelo condutor,Céu Claro,2025-03-22,4
2025-03-22,04:00:00,101,270,RIO BONITO,RJ,Colisão com objeto,Ausência de reação do condutor,Céu Claro,2025-03-22,4
2025-03-22,04:30:00,259,"78,8",COLATINA,ES,Saída de leito carroçável,Ausência de reação do condutor,Céu Claro,2025-03-22,4
2025-03-22,04:45:00,101,494,ANGRA DOS REIS,RJ,Colisão frontal,Reação tardia ou ineficiente do condutor,Céu Claro,2025-03-22,4
2025-03-22,05:15:00,116,11,COLOMBO,PR,Atropelamento de Pedestre,Entrada inopinada do pedestre,Nublado,2025-03-22,5
2025-03-22,05:20:00,40,"627,5",CONSELHEIRO LAFAIETE,MG,Atropelamento de Pedestre,Ausência de reação do condutor,Nublado,2025-03-22,5
2025-03-21,22:30:00,262,"433,5",NOVA SERRANA,MG,Capotamento,Velocidade Incompatível,Chuva,2025-03-21,22
2025-03-22,06:00:00,101,"245,6",SERRA,ES,Tombamento,Manobra de mudança de faixa,Céu Claro,2025-03-22,6
2025-03-22,05:48:00,104,67,CARUARU,PE,Atropelamento de Animal,Animais na Pista,Céu Claro,2025-03-22,5
2025-03-22,06:30:00,40,"471,4",SETE LAGOAS,MG,Tombamento,Pista Escorregadia,Céu Claro,2025-03-22,6
2025-03-22,05:54:00,153,146,ARAGUAINA,TO,Colisão traseira,Ausência de reação do condutor,Céu Claro,2025-03-22,5
2025-03-22,06:15:00,230,"157,4",CAMPINA GRANDE,PB,Colisão transversal,Acessar a via sem observar a presença dos outros veículos,Nevoeiro/Neblina,2025-03-22,6
2025-03-22,05:40:00,324,621,SIMOES FILHO,BA,Atropelamento de Pedestre,Acessar a via sem observar a presença dos outros veículos,Nublado,2025-03-22,5
2025-03-22,06:20:00,282,"501,4",XANXERE,SC,Colisão transversal,Acessar a via sem observar a presença dos outros veículos,Céu Claro,2025-03-22,6
2025-03-22,06:49:00,153,144,ARAGUAINA,TO,Colisão traseira,Ingestão de álcool pelo condutor,Céu Claro,2025-03-22,6
2025-03-22,03:30:00,280,216,TRES BARRAS,SC,Colisão traseira,Ausência de reação do condutor,Nublado,2025-03-22,3
2025-03-22,06:30:00,116,286,TEOFILO OTONI,MG,Colisão lateral mesmo sentido,Manobra de mudança de faixa,Céu Claro,2025-03-22,6
2025-03-22,07:00:00,356,265,PATROCINIO DO MURIAE,MG,Colisão lateral sentido oposto,Transitar na contramão,Céu Claro,2025-03-22,7
2025-03-22,08:05:00,101,108,CAMPOS DOS GOYTACAZES,RJ,Tombamento,Demais falhas mecânicas ou elétricas,Nublado,2025-03-22,8
2025-03-22,04:30:00,407,"40,1",JUAZEIRO,BA,Atropelamento de Pedestre,Entrada inopinada do pedestre,Céu Claro,2025-03-22,4
2025-03-22,07:55:00,40,2,VALPARAISO DE GOIAS,GO,Engavetamento,Condutor deixou de manter distância do veículo da frente,Nublado,2025-03-22,7
2025-03-22,07:20:00,116,109,GUAPIMIRIM,RJ,Atropelamento de Pedestre,Pedestre cruzava a pista fora da faixa,Céu Claro,2025-03-22,7
2025-03-22,07:50:00,116,140,CAXIAS DO SUL,RS,Colisão lateral mesmo sentido,Ausência de reação do condutor,Céu Claro,2025-03-22,7
2025-03-22,06:40:00,282,625,IRACEMINHA,SC,Colisão frontal,Ingestão de álcool pelo condutor,Céu Claro,2025-03-22,6
2025-03-22,08:11:00,324,354,CAPIM GROSSO,BA,Queda de ocupante de veículo,Pista Escorregadia,Nublado,2025-03-22,8
2025-03-22,08:30:00,470,247,BARAO,RS,Saída de leito carroçável,Reação tardia ou ineficiente do condutor,Céu Claro,2025-03-22,8
2025-03-22,08:50:00,101,"226,6",PALHOCA,SC,Saída de leito carroçável,Velocidade Incompatível,Sol,2025-03-22,8
2025-03-22,08:09:00,101,"146,5",RIBEIRAO,PE,Colisão traseira,Reação tardia ou ineficiente do condutor,Céu Claro,2025-03-22,8
2025-03-22,09:37:00,101,96,CONDE,PB,Atropelamento de Pedestre,Ausência de reação do condutor,Céu Claro,2025-03-22,9
2025-03-22,09:30:00,386,435,MONTENEGRO,RS,Colisão transversal,Acessar a via sem observar a presença dos outros veículos,Céu Claro,2025-03-22,9
2025-03-22,09:00:00,153,349,REBOUCAS,PR,Saída de leito carroçável,Falta de elemento de contenção que evite a saída do leito carroçável,Céu Claro,2025-03-22,9
2025-03-22,09:15:00,316,53,MONSENHOR GIL,PI,Capotamento,Ausência de reação do condutor,Sol,2025-03-22,9
2025-03-22,09:15:00,101,44,UBATUBA,SP,Colisão transversal,Retorno proibido,Céu Claro,2025-03-22,9
2025-03-22,10:35:00,101,139,SAO MIGUEL DOS CAMPOS,AL,Colisão transversal,Reação tardia ou ineficiente do condutor,Céu Claro,2025-03-22,10
2025-03-02,20:56:00,343,343,TERESINA,PI,Colisão traseira,Acessar a via sem observar a presença dos outros veículos,Céu Claro,2025-03-02,20
2025-03-22,10:45:00,153,335,IRATI,PR,Colisão lateral mesmo sentido,Conversão proibida,Sol,2025-03-22,10
2025-03-22,11:30:00,101,308,SAO GONCALO,RJ,Tombamento,Demais falhas mecânicas ou elétricas,Céu Claro,2025-03-22,11
2025-03-22,08:50:00,116,82,TERESOPOLIS,RJ,Colisão transversal,Acessar a via sem observar a presença dos outros veículos,Céu Claro,2025-03-22,8
2025-03-22,11:30:00,60,"19,2",BRASILIA,DF,Tombamento,Reação tardia ou ineficiente do condutor,Céu Claro,2025-03-22,11
2025-03-22,11:30:00,343,52,BURITI DOS LOPES,PI,Colisão transversal,Acessar a via sem observar a presença dos outros veículos,Sol,2025-03-22,11
2025-03-22,12:05:00,343,"2,7",TERESINA,PI,Colisão traseira,Condutor deixou de manter distância do veículo da frente,Céu Claro,2025-03-22,12
2025-03-22,12:10:00,290,75,GRAVATAI,RS,Colisão com objeto,Animais na Pista,Céu Claro,2025-03-22,12
2025-03-22,07:50:00,287,"337,7",SAO VICENTE DO SUL,RS,Saída de leito carroçável,Reação tardia ou ineficiente do condutor,Nublado,2025-03-22,7
2025-03-22,12:40:00,116,268,CANOAS,RS,Queda de ocupante de veículo,Acessar a via sem observar a presença dos outros veículos,Céu Claro,2025-03-22,12
2025-03-22,12:30:00,80,140,BARRO ALTO,GO,Saída de leito carroçável,Velocidade Incompatível,Chuva,2025-03-22,12
2025-03-22,10:50:00,40,123,DUQUE DE CAXIAS,RJ,Colisão lateral mesmo sentido,Reação tardia ou ineficiente do condutor,Céu Claro,2025-03-22,10
2025-03-22,12:25:00,277,"610,9",SANTA TEREZA DO OESTE,PR,Colisão transversal,Desrespeitar a preferência no cruzamento,Céu Claro,2025-03-22,12
2025-03-22,11:50:00,493,18,GUAPIMIRIM,RJ,Colisão transversal,Acessar a via sem observar a presença dos outros veículos,Céu Claro,2025-03-22,11
2025-03-22,12:05:00,101,146,ITAPEMA,SC,Colisão transversal,Reação tardia ou ineficiente do condutor,Céu Claro,2025-03-22,12
2025-03-22,07:50:00,153,18,PORANGATU,GO,Saída de leito carroçável,Demais falhas mecânicas ou elétricas,Céu Claro,2025-03-22,7
2025-03-22,12:00:00,70,"0,7",BRASILIA,DF,Colisão traseira,Ausência de reação do condutor,Nublado,2025-03-22,12
2025-03-22,13:10:00,376,201,MARIALVA,PR,Colisão com objeto,Demais falhas mecânicas ou elétricas,Céu Claro,2025-03-22,13
2025-03-22,11:40:00,373,400,CANDOI,PR,Colisão transversal,Desrespeitar a preferência no cruzamento,Céu Claro,2025-03-22,11
2025-03-22,13:50:00,153,651,GOIATUBA,GO,Saída de leito carroçável,Velocidade Incompatível,Nublado,2025-03-22,13
2025-03-13,05:10:00,101,267,SANTO ANTONIO DE JESUS,BA,Atropelamento de Animal,Animais na Pista,Céu Claro,2025-03-13,5
2025-03-22,14:06:00,101,72,RECIFE,PE,Atropelamento de Animal,Animais na Pista,Céu Claro,2025-03-22,14
2025-03-22,14:10:00,304,"304,1",PARNAMIRIM,RN,Colisão com objeto,Ingestão de álcool pelo condutor,Sol,2025-03-22,14
2025-03-22,14:15:00,392,347,SANTA MARIA,RS,Colisão transversal,Ausência de reação do condutor,Céu Claro,2025-03-22,14
2025-03-22,10:30:00,116,"695,5",MURIAE,MG,Capotamento,Reação tardia ou ineficiente do condutor,Céu Claro,2025-03-22,10
2025-03-22,12:45:00,60,385,RIO VERDE,GO,Colisão traseira,Ingestão de álcool pelo condutor,Céu Claro,2025-03-22,12
2025-03-22,14:40:00,470,80,RODEIO,SC,Saída de leito carroçável,Reação tardia ou ineficiente do condutor,Céu Claro,2025-03-22,14
2025-03-22,15:20:00,101,104,PARNAMIRIM,RN,Colisão traseira,Ingestão de álcool pelo condutor,Céu Claro,2025-03-22,15
2025-03-22,14:15:00,373,426,FOZ DO JORDAO,PR,Colisão lateral mesmo sentido,Manobra de mudança de faixa,Céu Claro,2025-03-22,14
2025-03-22,15:10:00,282,"0,6",FLORIANOPOLIS,SC,Engavetamento,Condutor deixou de manter distância do veículo da frente,Céu Claro,2025-03-22,15
2025-03-22,15:20:00,116,118,TAUBATE,SP,Tombamento,Reação tardia ou ineficiente do condutor,Sol,2025-03-22,15
2025-03-22,14:45:00,476,147,CURITIBA,PR,Tombamento,Demais falhas mecânicas ou elétricas,Sol,2025-03-22,14
2025-03-22,15:05:00,40,519,RIBEIRAO DAS NEVES,MG,Colisão traseira,Ausência de reação do condutor,Nublado,2025-03-22,15
2025-03-22,15:00:00,101,138,BALNEARIO CAMBORIU,SC,Tombamento,Reação tardia ou ineficiente do condutor,Céu Claro,2025-03-22,15
2025-03-22,12:39:00,40,62,PETROPOLIS,RJ,Colisão transversal,Acessar a via sem observar a presença dos outros veículos,Céu Claro,2025-03-22,12
2025-03-22,15:25:00,101,"2,3",FLORIANOPOLIS,SC,Colisão traseira,Condutor deixou de manter distância do veículo da frente,Céu Claro,2025-03-22,15
2025-03-22,15:00:00,70,4,BRASILIA,DF,Capotamento,Manobra de mudança de faixa,Céu Claro,2025-03-22,15
2025-03-22,15:41:00,470,159,NOVA PRATA,RS,Colisão frontal,Ingestão de álcool pelo condutor,Céu Claro,2025-03-22,15
2025-03-22,16:20:00,101,"67,2",RECIFE,PE,Colisão lateral mesmo sentido,Acessar a via sem observar a presença dos outros veículos,Céu Claro,2025-03-22,16
2025-03-22,16:10:00,381,"601,2",CARMOPOLIS DE MINAS,MG,Saída de leito carroçável,Reação tardia ou ineficiente do condutor,Sol,2025-03-22,16
2025-03-22,16:30:00,101,"75,6",SAO GONCALO DO AMARANTE,RN,Colisão traseira,Condutor deixou de manter distância do veículo da frente,Céu Claro,2025-03-22,16
2025-03-22,16:30:00,50,21,UBERLANDIA,MG,Colisão com objeto,Problema na suspensão,Céu Claro,2025-03-22,16
2025-03-22,15:00:00,282,"0,2",FLORIANOPOLIS,SC,Colisão com objeto,Velocidade Incompatível,Céu Claro,2025-03-22,15
2025-03-22,17:40:00,101,204,SAO JOSE,SC,Colisão lateral mesmo sentido,Trafegar com motocicleta (ou similar) entre as faixas,Céu Claro,2025-03-22,17
2025-03-22,15:30:00,324,543,AMELIA RODRIGUES,BA,Atropelamento de Pedestre,Pedestre cruzava a pista fora da faixa,Nublado,2025-03-22,15
2025-03-22,16:30:00,262,"456,9",NOVA SERRANA,MG,Saída de leito carroçável,Reação tardia ou ineficiente do condutor,Chuva,2025-03-22,16
2025-03-22,16:40:00,174,947,MANAUS,AM,Saída de leito carroçável,Mal súbito do condutor,Céu Claro,2025-03-22,16
2025-03-01,22:22:00,60,"44,4",ALEXANIA,GO,Atropelamento de Pedestre,Entrada inopinada do pedestre,Céu Claro,2025-03-01,22
2025-03-22,18:10:00,104,"141,9",QUEIMADAS,PB,Tombamento,Reação tardia ou ineficiente do condutor,Ignorado,2025-03-22,18
2025-03-22,18:45:00,116,1,PORTO ALEGRE,RS,Colisão traseira,Manobra de mudança de faixa,Céu Claro,2025-03-22,18
2025-03-22,11:20:00,40,99,DUQUE DE CAXIAS,RJ,Colisão lateral mesmo sentido,Trafegar com motocicleta (ou similar) entre as faixas,Céu Claro,2025-03-22,11
2025-03-22,16:00:00,407,"101,5",PETROLINA,PE,Colisão traseira,Condutor deixou de manter distância do veículo da frente,Céu Claro,2025-03-22,16
2025-03-22,19:10:00,101,200,SAO JOSE,SC,Colisão traseira,Condutor deixou de manter distância do veículo da frente,Céu Claro,2025-03-22,19
2025-03-22,19:10:00,101,82,NATAL,RN,Atropelamento de Pedestre,Ausência de reação do condutor,Céu Claro,2025-03-22,19
2025-03-22,18:40:00,262,486,ANASTACIO,MS,Tombamento,Velocidade Incompatível,Céu Claro,2025-03-22,18
2025-03-22,03:40:00,101,576,PARATY,RJ,Saída de leito carroçável,Ingestão de álcool pelo condutor,Nublado,2025-03-22,3
2025-03-22,19:30:00,392,117,CANGUCU,RS,Colisão lateral mesmo sentido,Manobra de mudança de faixa,Céu Claro,2025-03-22,19
2025-03-22,19:20:00,277,121,CAMPO LARGO,PR,Colisão transversal,Acessar a via sem observar a presença dos outros veículos,Céu Claro,2025-03-22,19
2025-03-22,18:30:00,153,"61,3",SAO JOSE DO RIO PRETO,SP,Colisão traseira,Ingestão de álcool pelo condutor,Céu Claro,2025-03-22,18
2025-03-22,19:20:00,104,93,AGRESTINA,PE,Saída de leito carroçável,Velocidade Incompatível,Céu Claro,2025-03-22,19
2025-03-22,17:00:00,163,42,ELDORADO,MS,Saída de leito carroçável,Ingestão de álcool pelo condutor,Céu Claro,2025-03-22,17
2025-03-22,19:30:00,50,"240,6",CATALAO,GO,Saída de leito carroçável,Ausência de reação do condutor,Céu Claro,2025-03-22,19
2025-03-22,17:20:00,381,665,PERDOES,MG,Colisão traseira,Condutor deixou de manter distância do veículo da frente,Nublado,2025-03-22,17
2025-03-22,17:15:00,365,"611,9",UBERLANDIA,MG,Colisão lateral mesmo sentido,Ultrapassagem Indevida,Sol,2025-03-22,17
2025-03-22,20:20:00,116,225,GUARULHOS,SP,Tombamento,Reação tardia ou ineficiente do condutor,Céu Claro,2025-03-22,20
2025-03-22,20:15:00,116,177,MESQUITA,RJ,Colisão traseira,Acessar a via sem observar a presença dos outros veículos,Céu Claro,2025-03-22,20
2025-03-22,18:30:00,420,341,JAGUAQUARA,BA,Colisão transversal,Ingestão de álcool pelo condutor,Céu Claro,2025-03-22,18
2025-03-22,20:05:00,226,"2,8",MACAIBA,RN,Colisão traseira,Deficiência do Sistema de Iluminação/Sinalização,Céu Claro,2025-03-22,20
2025-03-22,19:00:00,101,"331,7",TUBARAO,SC,Colisão traseira,Ausência de reação do condutor,Céu Claro,2025-03-22,19
2025-03-22,17:45:00,386,"115,9",SARANDI,RS,Colisão frontal,Transitar na contramão,Céu Claro,2025-03-22,17
2025-03-22,20:00:00,381,"570,5",ITAGUARA,MG,Saída de leito carroçável,Demais falhas mecânicas ou elétricas,Chuva,2025-03-22,20
2025-03-22,20:00:00,110,172,RIBEIRA DO POMBAL,BA,Colisão transversal,Transitar no Acostamento,Céu Claro,2025-03-22,20
2025-03-22,20:15:00,376,"591,4",CURITIBA,PR,Saída de leito carroçável,Velocidade Incompatível,Céu Claro,2025-03-22,20
2025-03-22,19:50:00,369,"188,3",ARAPONGAS,PR,Saída de leito carroçável,Ingestão de álcool pelo condutor,Chuva,2025-03-22,19
2025-03-22,20:10:00,116,444,REGISTRO,SP,Tombamento,Demais falhas na via,Nublado,2025-03-22,20
2025-03-22,20:30:00,381,"821,4",CAREACU,MG,Saída de leito carroçável,Velocidade Incompatível,Céu Claro,2025-03-22,20
2025-03-22,20:00:00,316,42,SANTA IZABEL DO PARA,PA,Colisão transversal,Transitar no Acostamento,Céu Claro,2025-03-22,20
2025-03-22,20:45:00,101,333,TUBARAO,SC,Colisão com objeto,Ingestão de álcool pelo condutor,Céu Claro,2025-03-22,20
2025-03-22,20:50:00,101,"872,5",TEIXEIRA DE FREITAS,BA,Colisão transversal,Ingestão de álcool pelo condutor,Céu Claro,2025-03-22,20
2025-03-22,20:33:00,163,1037,MATUPA,MT,Colisão traseira,Reação tardia ou ineficiente do condutor,Ignorado,2025-03-22,20
2025-03-22,21:00:00,0,0,BRASILIA,DF,Colisão transversal,Transtornos Mentais (exceto suicidio),Céu Claro,2025-03-22,21
2025-03-22,19:15:00,316,"95,2",BARRO DURO,PI,Colisão transversal,Acessar a via sem observar a presença dos outros veículos,Céu Claro,2025-03-22,19
2025-03-22,22:00:00,116,132,FAZENDA RIO GRANDE,PR,Colisão lateral mesmo sentido,Ausência de reação do condutor,Garoa/Chuvisco,2025-03-22,22
2025-03-22,19:45:00,40,351,FELIXLANDIA,MG,Colisão frontal,Chuva,Chuva,2025-03-22,19
2025-03-22,18:40:00,40,136,JOAO PINHEIRO,MG,Colisão transversal,Acessar a via sem observar a presença dos outros veículos,Céu Claro,2025-03-22,18
2025-03-22,19:30:00,163,827,SINOP,MT,Queda de ocupante de veículo,Demais falhas na via,Céu Claro,2025-03-22,19
2025-03-22,17:15:00,146,440,CABO VERDE,MG,Atropelamento de Pedestre,Pedestre cruzava a pista fora da faixa,Céu Claro,2025-03-22,17
2025-03-22,21:30:00,376,"4,7",MANDAGUARI,PR,Colisão traseira,Velocidade Incompatível,Céu Claro,2025-03-22,21
2025-03-22,21:30:00,364,558,NOBRES,MT,Colisão com objeto,Iluminação deficiente,Céu Claro,2025-03-22,21
2025-03-22,21:05:00,425,80,NOVA MAMORE,RO,Colisão transversal,Acessar a via sem observar a presença dos outros veículos,Céu Claro,2025-03-22,21
2025-03-22,23:08:00,116,227,SAO PAULO,SP,Colisão com objeto,Ausência de reação do condutor,Céu Claro,2025-03-22,23
2025-03-22,23:00:00,0,0,CAMPOS DOS GOYTACAZES,RJ,Colisão traseira,Ausência de reação do condutor,Céu Claro,2025-03-22,23
2025-03-22,22:40:00,376,"200,1",MANDAGUARI,PR,Queda de ocupante de veículo,Pista esburacada,Céu Claro,2025-03-22,22
2025-03-22,21:30:00,272,388,FAROL,PR,Colisão lateral sentido oposto,Condutor Dormindo,Céu Claro,2025-03-22,21
2025-03-23,00:15:00,70,"8,6",AGUAS LINDAS DE GOIAS,GO,Colisão traseira,Reação tardia ou ineficiente do condutor,Nublado,2025-03-23,0
2025-03-22,23:51:00,290,10,OSORIO,RS,Colisão com objeto,Condutor Dormindo,Céu Claro,2025-03-22,23
2025-03-23,00:30:00,116,219,GUARULHOS,SP,Tombamento,Sinalização mal posicionada,Nublado,2025-03-23,0
2025-03-22,21:40:00,316,"101,2",DOIS RIACHOS,AL,Colisão frontal,Transitar na contramão,Céu Claro,2025-03-22,21
2025-03-23,00:00:00,230,"642,2",ALTAMIRA,PA,Colisão transversal,Ausência de reação do condutor,Chuva,2025-03-23,0
2025-03-23,00:15:00,116,279,TEOFILO OTONI,MG,Saída de leito carroçável,Reação tardia ou ineficiente do condutor,Céu Claro,2025-03-23,0
2025-03-23,00:55:00,101,70,MESSIAS,AL,Colisão com objeto,Ausência de reação do condutor,Céu Claro,2025-03-23,0
2025-03-23,00:20:00,163,688,LUCAS DO RIO VERDE,MT,Queda de ocupante de veículo,Reação tardia ou ineficiente do condutor,Céu Claro,2025-03-23,0
2025-03-23,01:40:00,235,"36,8",AREIA BRANCA,SE,Queda de ocupante de veículo,Ausência de reação do condutor,Chuva,2025-03-23,1
2025-03-22,22:50:00,101,"415,7",ARARANGUA,SC,Colisão transversal,Acessar a via sem observar a presença dos outros veículos,Céu Claro,2025-03-22,22
2025-03-22,23:40:00,101,433,SOMBRIO,SC,Colisão lateral sentido oposto,Velocidade Incompatível,Céu Claro,2025-03-22,23
2025-03-23,01:35:00,222,30,CAUCAIA,CE,Queda de ocupante de veículo,Ausência de reação do condutor,Céu Claro,2025-03-23,1
2025-03-23,01:10:00,376,"24,1",FATIMA DO SUL,MS,Colisão com objeto,Condutor Dormindo,Céu Claro,2025-03-23,1
2025-03-23,02:20:00,414,387,CORUMBA DE GOIAS,GO,Colisão frontal,Ingestão de álcool pelo condutor,Céu Claro,2025-03-23,2
2025-03-23,01:30:00,101,"174,9",TEOTONIO VILELA,AL,Colisão frontal,Transitar na contramão,Céu Claro,2025-03-23,1
2025-03-23,01:00:00,156,799,OIAPOQUE,AP,Colisão frontal,Ultrapassagem Indevida,Nublado,2025-03-23,1
2025-03-23,00:45:00,101,"356,5",WENCESLAU GUIMARAES,BA,Colisão frontal,Velocidade Incompatível,Nublado,2025-03-23,0
2025-03-22,20:35:00,135,"9,8",SAO LUIS,MA,Saída de leito carroçável,Reação tardia ou ineficiente do condutor,Céu Claro,2025-03-22,20
2025-03-23,02:00:00,101,304,SAO GONCALO,RJ,Colisão traseira,Deficiência do Sistema de Iluminação/Sinalização,Céu Claro,2025-03-23,2
2025-03-23,02:00:00,493,6,ITABORAI,RJ,Colisão frontal,Transitar na contramão,Céu Claro,2025-03-23,2
2025-03-23,01:30:00,376,"126,5",ALTO PARANA,PR,Capotamento,Ingestão de álcool pelo condutor,Céu Claro,2025-03-23,1
2025-03-23,02:50:00,290,76,GRAVATAI,RS,Saída de leito carroçável,Condutor Dormindo,Céu Claro,2025-03-23,2
2025-03-22,23:00:00,153,521,HIDROLANDIA,GO,Colisão frontal,Acesso irregular,Céu Claro,2025-03-22,23
2025-03-23,02:02:00,376,182,MARINGA,PR,Saída de leito carroçável,Velocidade Incompatível,Céu Claro,2025-03-23,2
2025-03-23,01:30:00,50,"8,8",ARAGUARI,MG,Saída de leito carroçável,Ingestão de álcool pelo condutor,Céu Claro,2025-03-23,1
2025-03-22,14:00:00,153,278,NOVA GLORIA,GO,Capotamento,Chuva,Chuva,2025-03-22,14
2025-03-23,04:00:00,116,279,EMBU DAS ARTES,SP,Colisão traseira,Reação tardia ou ineficiente do condutor,Céu Claro,2025-03-23,4
2025-03-22,20:30:00,324,556,AMELIA RODRIGUES,BA,Colisão traseira,Velocidade Incompatível,Nublado,2025-03-22,20