data_inversa,horario,br,km,municipio,uf,tipo_acidente,causa_acidente,condicao_metereologica,data,hora
2025-03-23,04:00:00,251,58,BRASILIA,DF,Saída de leito carroçável,Reação tardia ou ineficiente do condutor,Céu Claro,2025-03-23,4
2025-03-23,03:50:00,116,"11,4",VITORIA DA CONQUISTA,BA,Tombamento,Ingestão de álcool pelo condutor,Céu Claro,2025-03-23,3
2025-03-23,04:10:00,381,"523,2",BRUMADINHO,MG,Queda de ocupante de veículo,Pista Escorregadia,Garoa/Chuvisco,2025-03-23,4
2025-03-23,03:30:00,470,317,CAMPOS NOVOS,SC,Capotamento,Participar de racha,Nublado,2025-03-23,3
2025-03-23,05:15:00,101,78,SAO GONCALO DO AMARANTE,RN,Colisão com objeto,Ingestão de álcool pelo condutor,Céu Claro,2025-03-23,5
2025-03-22,23:00:00,407,425,PICOS,PI,Colisão traseira,Ausência de reação do condutor,Céu Claro,2025-03-22,23
2025-03-23,05:50:00,153,560,PROFESSOR JAMIL,GO,Colisão traseira,Condutor deixou de manter distância do veículo da frente,Céu Claro,2025-03-23,5
2025-03-23,06:15:00,277,715,SANTA TEREZINHA DE ITAIPU,PR,Saída de leito carroçável,Ingestão de álcool pelo condutor,Céu Claro,2025-03-23,6
2025-03-23,05:30:00,116,47,CAMPINA GRANDE DO SUL,PR,Queda de ocupante de veículo,Reação tardia ou ineficiente do condutor,Céu Claro,2025-03-23,5
2025-03-23,05:35:00,364,708,PORTO VELHO,RO,Colisão transversal,Acessar a via sem observar a presença dos outros veículos,Ignorado,2025-03-23,5
2025-03-22,20:30:00,381,418,CAETE,MG,Capotamento,Condutor Dormindo,Nublado,2025-03-22,20
2025-03-23,06:20:00,101,"49,9",UBATUBA,SP,Colisão transversal,Conversão proibida,Céu Claro,2025-03-23,6
2025-03-23,06:20:00,116,"105,9",SAO JOSE DOS PINHAIS,PR,Colisão traseira,Reação tardia ou ineficiente do condutor,Nublado,2025-03-23,6
2025-01-30,11:20:00,316,309,PICOS,PI,Colisão transversal,Acessar a via sem observar a presença dos outros veículos,Nublado,2025-01-30,11
2025-03-23,06:50:00,153,343,IRATI,PR,Saída de leito carroçável,Falta de elemento de contenção que evite a saída do leito carroçável,Nevoeiro/Neblina,2025-03-23,6
2025-03-23,04:00:00,280,131,RIO NEGRINHO,SC,Saída de leito carroçável,Condutor Dormindo,Céu Claro,2025-03-23,4
2025-03-23,07:20:00,101,139,LINHARES,ES,Colisão transversal,Ausência de reação do condutor,Céu Claro,2025-03-23,7
2025-03-23,02:30:00,262,409,IGARATINGA,MG,Tombamento,Reação tardia ou ineficiente do condutor,Céu Claro,2025-03-23,2
2025-03-23,03:00:00,470,51,BLUMENAU,SC,Colisão com objeto,Ingestão de álcool pelo condutor,Céu Claro,2025-03-23,3
2025-03-23,06:30:00,316,82,SAO FRANCISCO DO PARA,PA,Colisão lateral sentido oposto,Manobra de mudança de faixa,Nevoeiro/Neblina,2025-03-23,6
2025-03-23,06:00:00,365,"627,5",UBERLANDIA,MG,Incêndio,Reação tardia ou ineficiente do condutor,Céu Claro,2025-03-23,6
2025-03-23,05:30:00,324,377,SAO JOSE DO JACUIPE,BA,Colisão traseira,Ingestão de álcool pelo condutor,Céu Claro,2025-03-23,5
2025-03-22,15:40:00,435,107,COLORADO DO OESTE,RO,Saída de leito carroçável,Demais falhas na via,Nublado,2025-03-22,15
2025-03-23,07:20:00,101,"29,7",CONCEICAO DA BARRA,ES,Colisão frontal,Ultrapassagem Indevida,Nublado,2025-03-23,7
2025-03-23,05:00:00,262,"465,8",ANASTACIO,MS,Capotamento,Ausência de reação do condutor,Chuva,2025-03-23,5
2025-03-23,07:45:00,40,"545,8",NOVA LIMA,MG,Colisão traseira,Ausência de reação do condutor,Nublado,2025-03-23,7
2025-03-23,07:00:00,116,290,ITAPECERICA DA SERRA,SP,Incêndio,Demais falhas mecânicas ou elétricas,Céu Claro,2025-03-23,7
2025-03-23,08:00:00,101,"143,4",ITAPEMA,SC,Tombamento,Demais falhas mecânicas ou elétricas,Sol,2025-03-23,8
2025-03-23,00:10:00,40,121,DUQUE DE CAXIAS,RJ,Capotamento,Reação tardia ou ineficiente do condutor,Chuva,2025-03-23,0
2025-03-23,08:20:00,369,"501,1",CASCAVEL,PR,Saída de leito carroçável,Condutor Dormindo,Nublado,2025-03-23,8
2025-03-23,08:10:00,230,84,CALDAS BRANDAO,PB,Tombamento,Desrespeitar a preferência no cruzamento,Sol,2025-03-23,8
2025-03-22,23:00:00,230,230,JUAZEIRINHO,PB,Saída de leito carroçável,Reação tardia ou ineficiente do condutor,Céu Claro,2025-03-22,23
2025-03-23,08:30:00,101,909,IBIRAPUA,BA,Queda de ocupante de veículo,Acessar a via sem observar a presença dos outros veículos,Céu Claro,2025-03-23,8
2025-03-23,06:50:00,153,"195,3",GETULINA,SP,Saída de leito carroçável,Velocidade Incompatível,Céu Claro,2025-03-23,6
2025-03-23,03:11:00,101,302,LAGUNA,SC,Saída de leito carroçável,Ausência de reação do condutor,Ignorado,2025-03-23,3
2025-03-23,09:00:00,423,"116,5",PARANATAMA,PE,Colisão transversal,Acessar a via sem observar a presença dos outros veículos,Céu Claro,2025-03-23,9
2025-03-23,09:30:00,101,"74,5",SAO MATEUS,ES,Saída de leito carroçável,Avarias e/ou desgaste excessivo no pneu,Céu Claro,2025-03-23,9
2025-03-23,09:30:00,153,"493,5",PORTO VITORIA,PR,Colisão lateral mesmo sentido,Manobra de mudança de faixa,Sol,2025-03-23,9
2025-03-23,10:15:00,104,67,CARUARU,PE,Saída de leito carroçável,Reação tardia ou ineficiente do condutor,Céu Claro,2025-03-23,10
2025-03-23,10:30:00,153,"676,9",GURUPI,TO,Colisão transversal,Conversão proibida,Nublado,2025-03-23,10
2025-03-23,10:30:00,116,"206,4",PICADA CAFE,RS,Colisão traseira,Reação tardia ou ineficiente do condutor,Céu Claro,2025-03-23,10
2025-03-23,10:30:00,277,333,GUARAPUAVA,PR,Tombamento,Demais falhas mecânicas ou elétricas,Céu Claro,2025-03-23,10
2025-03-23,10:45:00,262,"380,1",JUATUBA,MG,Colisão com objeto,Velocidade Incompatível,Céu Claro,2025-03-23,10
2025-03-23,11:10:00,381,37,ATIBAIA,SP,Saída de leito carroçável,Mal súbito do condutor,Céu Claro,2025-03-23,11
2025-03-23,10:45:00,285,"194,9",LAGOA VERMELHA,RS,Eventos atípicos,Demais falhas mecânicas ou elétricas,Céu Claro,2025-03-23,10
2025-03-23,10:30:00,324,534,SANTO AMARO,BA,Saída de leito carroçável,Ausência de reação do condutor,Chuva,2025-03-23,10
2025-03-23,11:35:00,406,168,SAO GONCALO DO AMARANTE,RN,Colisão transversal,Desrespeitar a preferência no cruzamento,Céu Claro,2025-03-23,11
2025-03-23,11:30:00,40,"449,8",CAETANOPOLIS,MG,Queda de ocupante de veículo,Demais falhas na via,Céu Claro,2025-03-23,11
2025-03-23,11:30:00,116,"108,3",TAUBATE,SP,Colisão traseira,Ausência de reação do condutor,Céu Claro,2025-03-23,11
2025-02-09,19:00:00,414,"437,3",ANAPOLIS,GO,Colisão transversal,Acessar a via sem observar a presença dos outros veículos,Céu Claro,2025-02-09,19
2025-03-23,09:00:00,20,49,FORMOSA,GO,Saída de leito carroçável,Reação tardia ou ineficiente do condutor,Céu Claro,2025-03-23,9
2025-03-23,05:30:00,60,28,CHAPADAO DO SUL,MS,Colisão com objeto,Ausência de reação do condutor,Céu Claro,2025-03-23,5
2025-03-23,10:25:00,116,"62,5",QUATRO BARRAS,PR,Colisão traseira,Acessar a via sem observar a presença dos outros veículos,Nublado,2025-03-23,10
2025-03-23,11:50:00,262,382,MATEUS LEME,MG,Saída de leito carroçável,Ausência de reação do condutor,Nublado,2025-03-23,11
2025-02-09,11:00:00,153,433,ANAPOLIS,GO,Colisão com objeto,Reação tardia ou ineficiente do condutor,Céu Claro,2025-02-09,11
2025-03-23,13:15:00,50,155,UBERABA,MG,Saída de leito carroçável,Reação tardia ou ineficiente do condutor,Chuva,2025-03-23,13
2025-03-23,12:00:00,376,"359,1",ORTIGUEIRA,PR,Colisão frontal,Transitar na contramão,Céu Claro,2025-03-23,12
2025-03-23,13:30:00,262,"380,7",JUATUBA,MG,Tombamento,Velocidade Incompatível,Nublado,2025-03-23,13
2025-03-23,11:57:00,135,20,SAO LUIS,MA,Colisão transversal,Conversão proibida,Céu Claro,2025-03-23,11
2025-03-23,12:30:00,101,"747,7",ITABELA,BA,Tombamento,Chuva,Chuva,2025-03-23,12
2025-03-23,12:10:00,116,94,SAO JOSE DOS PINHAIS,PR,Tombamento,Avarias e/ou desgaste excessivo no pneu,Céu Claro,2025-03-23,12
2025-03-23,11:00:00,343,304,ALTOS,PI,Colisão transversal,Acessar a via sem observar a presença dos outros veículos,Céu Claro,2025-03-23,11
2025-03-23,07:00:00,364,706,PORTO VELHO,RO,Colisão com objeto,Ausência de reação do condutor,Céu Claro,2025-03-23,7
2025-03-23,11:40:00,232,"61,8",POMBOS,PE,Queda de ocupante de veículo,Reação tardia ou ineficiente do condutor,Céu Claro,2025-03-23,11
2025-03-23,12:35:00,101,41,UBATUBA,SP,Colisão com objeto,Reação tardia ou ineficiente do condutor,Céu Claro,2025-03-23,12
2025-03-23,14:20:00,316,"548,5",CAXIAS,MA,Colisão transversal,Acessar a via sem observar a presença dos outros veículos,Céu Claro,2025-03-23,14
2025-03-23,12:24:00,290,117,ELDORADO DO SUL,RS,Colisão traseira,Reação tardia ou ineficiente do condutor,Céu Claro,2025-03-23,12
2025-03-23,13:10:00,116,582,NOVA ITARANA,BA,Saída de leito carroçável,Falta de elemento de contenção que evite a saída do leito carroçável,Céu Claro,2025-03-23,13
2025-03-23,14:20:00,381,285,JAGUARACU,MG,Queda de ocupante de veículo,Demais falhas mecânicas ou elétricas,Céu Claro,2025-03-23,14
2025-03-23,14:20:00,146,"474,2",BANDEIRA DO SUL,MG,Colisão transversal,Acessar a via sem observar a presença dos outros veículos,Nublado,2025-03-23,14
2025-03-23,14:40:00,40,82,PETROPOLIS,RJ,Colisão lateral mesmo sentido,Acessar a via sem observar a presença dos outros veículos,Céu Claro,2025-03-23,14
2025-03-23,14:54:00,232,78,GRAVATA,PE,Saída de leito carroçável,Condutor Dormindo,Céu Claro,2025-03-23,14
2025-03-23,12:30:00,116,140,MAGE,RJ,Colisão traseira,Frear bruscamente,Céu Claro,2025-03-23,12
2025-02-25,08:20:00,230,120,MARABA,PA,Colisão traseira,Manobra de mudança de faixa,Nublado,2025-02-25,8
2025-03-23,14:00:00,101,"155,7",LINHARES,ES,Tombamento,Ausência de reação do condutor,Céu Claro,2025-03-23,14
2025-03-23,15:00:00,116,"451,8",ENGENHEIRO CALDAS,MG,Saída de leito carroçável,Ausência de reação do condutor,Céu Claro,2025-03-23,15
2025-03-23,11:15:00,101,163,TIJUCAS,SC,Saída de leito carroçável,Velocidade Incompatível,Céu Claro,2025-03-23,11
2025-03-23,15:00:00,153,534,HIDROLANDIA,GO,Colisão traseira,Ingestão de álcool pelo condutor,Céu Claro,2025-03-23,15
2025-03-23,14:50:00,116,172,JACAREI,SP,Atropelamento de Pedestre,Entrada inopinada do pedestre,Sol,2025-03-23,14
2025-03-23,09:20:00,153,30,SANTO ANTONIO DA PLATINA,PR,Saída de leito carroçável,Ingestão de álcool pelo condutor,Céu Claro,2025-03-23,9
2025-03-23,15:15:00,282,"5,4",SAO JOSE,SC,Atropelamento de Pedestre,Entrada inopinada do pedestre,Céu Claro,2025-03-23,15
2025-03-23,16:20:00,280,12,SAO FRANCISCO DO SUL,SC,Colisão frontal,Acessar a via sem observar a presença dos outros veículos,Nublado,2025-03-23,16
2025-03-23,15:30:00,232,76,GRAVATA,PE,Colisão traseira,Ausência de reação do condutor,Céu Claro,2025-03-23,15
2025-03-23,10:35:00,316,366,PETROLANDIA,PE,Colisão frontal,Transitar na contramão,Céu Claro,2025-03-23,10
2025-03-23,15:15:00,40,123,DUQUE DE CAXIAS,RJ,Tombamento,Acumulo de óleo sobre o pavimento,Céu Claro,2025-03-23,15
2025-03-23,16:10:00,70,3,AGUAS LINDAS DE GOIAS,GO,Colisão lateral mesmo sentido,Ingestão de álcool pelo condutor,Chuva,2025-03-23,16
2025-03-23,16:00:00,116,"97,3",PINDAMONHANGABA,SP,Colisão traseira,Ausência de reação do condutor,Chuva,2025-03-23,16
2025-03-23,12:27:00,364,"289,7",JACIARA,MT,Saída de leito carroçável,Ausência de reação do condutor,Chuva,2025-03-23,12
2025-03-23,16:20:00,381,69,MAIRIPORA,SP,Atropelamento de Pedestre,Mal súbito do condutor,Chuva,2025-03-23,16
2025-03-17,17:30:00,101,176,BIGUACU,SC,Colisão traseira,Condutor deixou de manter distância do veículo da frente,Céu Claro,2025-03-17,17
2025-03-23,16:35:00,101,"255,9",PAULO LOPES,SC,Colisão com objeto,Ausência de reação do condutor,Chuva,2025-03-23,16
2025-03-23,17:50:00,116,146,SAO JOSE DOS CAMPOS,SP,Colisão lateral mesmo sentido,Ausência de reação do condutor,Chuva,2025-03-23,17
2025-03-23,17:40:00,163,"226,7",CASCAVEL,PR,Colisão traseira,Ingestão de álcool pelo condutor,Garoa/Chuvisco,2025-03-23,17
2025-03-23,17:20:00,163,838,SINOP,MT,Colisão lateral mesmo sentido,Reação tardia ou ineficiente do condutor,Nublado,2025-03-23,17
2025-03-23,18:30:00,343,"21,2",PARNAIBA,PI,Colisão lateral sentido oposto,Ingestão de álcool pelo condutor,Céu Claro,2025-03-23,18
2025-03-23,18:55:00,101,150,ITAPEMA,SC,Colisão traseira,Trafegar com motocicleta (ou similar) entre as faixas,Céu Claro,2025-03-23,18
2025-03-23,18:06:00,408,83,PAUDALHO,PE,Colisão transversal,Acesso irregular,Céu Claro,2025-03-23,18
2025-03-23,18:05:00,470,246,BARAO,RS,Tombamento,Reação tardia ou ineficiente do condutor,Céu Claro,2025-03-23,18
2025-03-23,17:35:00,101,495,ANGRA DOS REIS,RJ,Tombamento,Demais falhas mecânicas ou elétricas,Nublado,2025-03-23,17
2025-03-23,16:34:00,222,0,FORTALEZA,CE,Tombamento,Ultrapassagem Indevida,Sol,2025-03-23,16
2025-03-23,16:00:00,470,64,INDAIAL,SC,Colisão lateral mesmo sentido,Acessar a via sem observar a presença dos outros veículos,Céu Claro,2025-03-23,16
2025-03-23,18:00:00,101,57,RECIFE,PE,Colisão lateral mesmo sentido,Ausência de reação do condutor,Céu Claro,2025-03-23,18
2025-03-23,19:00:00,101,329,RIO DE JANEIRO,RJ,Colisão traseira,Reação tardia ou ineficiente do condutor,Nublado,2025-03-23,19
2025-03-23,20:00:00,101,"257,6",SERRA,ES,Colisão transversal,Reação tardia ou ineficiente do condutor,Céu Claro,2025-03-23,20
2025-03-23,18:50:00,282,603,MARAVILHA,SC,Colisão lateral mesmo sentido,Ingestão de álcool pelo condutor,Céu Claro,2025-03-23,18
2025-03-23,19:30:00,116,11,FORTALEZA,CE,Atropelamento de Pedestre,Acessar a via sem observar a presença dos outros veículos,Céu Claro,2025-03-23,19
2025-03-23,20:10:00,116,"579,4",NOVA ITARANA,BA,Colisão traseira,Ingestão de álcool pelo condutor,Ignorado,2025-03-23,20
2025-03-23,20:30:00,101,148,ITAPEMA,SC,Colisão lateral mesmo sentido,Trafegar com motocicleta (ou similar) entre as faixas,Céu Claro,2025-03-23,20
2025-03-23,16:30:00,381,792,SAO GONCALO DO SAPUCAI,MG,Saída de leito carroçável,Reação tardia ou ineficiente do condutor,Chuva,2025-03-23,16
2025-03-23,19:00:00,423,"62,8",LAJEDO,PE,Atropelamento de Pedestre,Pedestre andava na pista,Céu Claro,2025-03-23,19
2025-03-23,19:00:00,153,"381,3",SAO FRANCISCO DE GOIAS,GO,Saída de leito carroçável,Ingestão de álcool pelo condutor,Chuva,2025-03-23,19
2025-03-23,20:10:00,210,2,MACAPA,AP,Colisão transversal,Acessar a via sem observar a presença dos outros veículos,Céu Claro,2025-03-23,20
2025-03-23,19:10:00,364,185,PEDRA PRETA,MT,Atropelamento de Pedestre,Pedestre cruzava a pista fora da faixa,Nublado,2025-03-23,19
2025-03-23,20:15:00,222,2,FORTALEZA,CE,Colisão lateral mesmo sentido,Ausência de reação do condutor,Céu Claro,2025-03-23,20
2025-03-23,20:55:00,116,"159,9",JACAREI,SP,Colisão lateral mesmo sentido,Manobra de mudança de faixa,Chuva,2025-03-23,20
2025-03-23,18:50:00,277,"213,3",PALMEIRA,PR,Colisão com objeto,Ingestão de álcool pelo condutor,Céu Claro,2025-03-23,18
2025-03-23,20:45:00,376,"601,9",CURITIBA,PR,Atropelamento de Pedestre,Pedestre cruzava a pista fora da faixa,Céu Claro,2025-03-23,20
2025-03-23,20:50:00,290,100,PORTO ALEGRE,RS,Colisão com objeto,Ausência de reação do condutor,Céu Claro,2025-03-23,20
2025-03-23,21:00:00,40,99,CRISTALINA,GO,Atropelamento de Animal,Animais na Pista,Nublado,2025-03-23,21
2025-03-23,20:48:00,101,"426,5",SOMBRIO,SC,Colisão transversal,Transitar na contramão,Nublado,2025-03-23,20
2025-03-23,16:30:00,410,8,TUCANO,BA,Saída de leito carroçável,Reação tardia ou ineficiente do condutor,Céu Claro,2025-03-23,16
2025-03-23,10:45:00,493,112,ITAGUAI,RJ,Colisão com objeto,Condutor Dormindo,Céu Claro,2025-03-23,10
2025-03-23,21:15:00,116,182,BELFORD ROXO,RJ,Colisão traseira,Reação tardia ou ineficiente do condutor,Nublado,2025-03-23,21
2025-03-23,17:30:00,364,"422,9",JARU,RO,Colisão lateral mesmo sentido,Conversão proibida,Céu Claro,2025-03-23,17
2025-03-23,17:40:00,153,2,IMBITUVA,PR,Colisão frontal,Ultrapassagem Indevida,Céu Claro,2025-03-23,17
2025-03-23,21:30:00,101,257,SERRA,ES,Saída de leito carroçável,Ingestão de álcool pelo condutor,Céu Claro,2025-03-23,21
2025-03-23,20:13:00,316,263,SANTA INES,MA,Colisão frontal,Ingestão de álcool pelo condutor,Nublado,2025-03-23,20
2025-03-23,18:40:00,381,944,EXTREMA,MG,Saída de leito carroçável,Velocidade Incompatível,Nublado,2025-03-23,18
2025-03-23,19:15:00,386,"109,8",SARANDI,RS,Colisão traseira,Condutor deixou de manter distância do veículo da frente,Céu Claro,2025-03-23,19
2025-03-23,21:30:00,116,213,SEROPEDICA,RJ,Colisão lateral mesmo sentido,Chuva,Céu Claro,2025-03-23,21
2025-03-23,22:00:00,232,86,GRAVATA,PE,Atropelamento de Pedestre,Pedestre - Ingestão de álcool/ substâncias psicoativas,Céu Claro,2025-03-23,22
2025-03-23,21:30:00,116,324,ITATIAIA,RJ,Colisão traseira,Ingestão de álcool pelo condutor,Chuva,2025-03-23,21
2025-03-23,21:00:00,116,205,QUEIMADOS,RJ,Tombamento,Demais falhas mecânicas ou elétricas,Chuva,2025-03-23,21
2025-03-23,18:00:00,116,"201,6",PICADA CAFE,RS,Saída de leito carroçável,Velocidade Incompatível,Céu Claro,2025-03-23,18
2025-03-23,22:50:00,267,"20,5",ARGIRITA,MG,Saída de leito carroçável,Ausência de reação do condutor,Nublado,2025-03-23,22
2025-03-23,21:10:00,101,"23,8",TRES CACHOEIRAS,RS,Saída de leito carroçável,Reação tardia ou ineficiente do condutor,Céu Claro,2025-03-23,21
2025-03-23,21:30:00,285,"110,9",VACARIA,RS,Saída de leito carroçável,Velocidade Incompatível,Céu Claro,2025-03-23,21
2025-03-23,22:50:00,376,600,CURITIBA,PR,Colisão traseira,Ausência de reação do condutor,Nublado,2025-03-23,22
2025-03-23,21:30:00,381,652,PERDOES,MG,Capotamento,Velocidade Incompatível,Nublado,2025-03-23,21
2025-03-23,23:34:00,232,5,RECIFE,PE,Queda de ocupante de veículo,Pista esburacada,Céu Claro,2025-03-23,23
2025-03-23,17:41:00,364,"343,1",JI-PARANA,RO,Colisão lateral mesmo sentido,Ausência de reação do condutor,Céu Claro,2025-03-23,17
2025-03-23,23:00:00,101,307,SAO GONCALO,RJ,Capotamento,Ingestão de álcool pelo condutor,Garoa/Chuvisco,2025-03-23,23
2025-03-23,20:45:00,163,674,ITAITUBA,PA,Atropelamento de Pedestre,Pedestre andava na pista,Céu Claro,2025-03-23,20
2025-03-23,23:45:00,20,9,BRASILIA,DF,Saída de leito carroçável,Velocidade Incompatível,Nublado,2025-03-23,23
2025-03-23,21:00:00,343,476,ANGICAL DO PIAUI,PI,Colisão transversal,Acessar a via sem observar a presença dos outros veículos,Céu Claro,2025-03-23,21
2025-03-23,23:30:00,230,"218,5",SOLEDADE,PB,Colisão frontal,Acessar a via sem observar a presença dos outros veículos,Céu Claro,2025-03-23,23
2025-03-23,23:52:00,364,640,CANDEIAS DO JAMARI,RO,Capotamento,Ausência de reação do condutor,Céu Claro,2025-03-23,23
2025-03-24,00:10:00,10,"239,8",IMPERATRIZ,MA,Colisão traseira,Reação tardia ou ineficiente do condutor,Céu Claro,2025-03-24,0
2025-03-24,02:30:00,101,505,ANGRA DOS REIS,RJ,Atropelamento de Animal,Animais na Pista,Céu Claro,2025-03-24,2
2025-03-24,03:10:00,40,2,VALPARAISO DE GOIAS,GO,Colisão traseira,Condutor Dormindo,Céu Claro,2025-03-24,3
2025-03-24,03:30:00,101,329,RIO DE JANEIRO,RJ,Colisão traseira,Demais falhas mecânicas ou elétricas,Nublado,2025-03-24,3
2025-03-24,02:00:00,101,"65,5",MAQUINE,RS,Atropelamento de Pedestre,Pedestre andava na pista,Céu Claro,2025-03-24,2
2025-03-24,05:25:00,101,"158,9",CANGUARETAMA,RN,Atropelamento de Animal,Animais na Pista,Céu Claro,2025-03-24,5
2025-03-23,17:30:00,135,357,PRESIDENTE DUTRA,MA,Colisão frontal,Transitar na contramão,Céu Claro,2025-03-23,17
2025-03-24,06:52:00,230,27,JOAO PESSOA,PB,Colisão traseira,Reação tardia ou ineficiente do condutor,Céu Claro,2025-03-24,6
2025-03-24,06:11:00,423,38,SAO CAITANO,PE,Colisão traseira,Ausência de reação do condutor,Sol,2025-03-24,6
2025-03-24,04:30:00,364,562,NOBRES,MT,Atropelamento de Animal,Animais na Pista,Nublado,2025-03-24,4
2025-03-23,22:15:00,282,"441,4",IRANI,SC,Saída de leito carroçável,Velocidade Incompatível,Céu Claro,2025-03-23,22
2025-03-24,06:57:00,116,"17,5",EUSEBIO,CE,Engavetamento,Condutor deixou de manter distância do veículo da frente,Céu Claro,2025-03-24,6
2025-03-23,22:00:00,470,54,BLUMENAU,SC,Colisão frontal,Condutor usando celular,Céu Claro,2025-03-23,22
2025-03-24,06:25:00,101,268,IMBITUBA,SC,Tombamento,Reação tardia ou ineficiente do condutor,Céu Claro,2025-03-24,6
2025-03-23,21:00:00,316,176,SANTA LUZIA DO PARA,PA,Incêndio,Demais falhas mecânicas ou elétricas,Céu Claro,2025-03-23,21
2025-03-24,06:40:00,381,785,SAO GONCALO DO SAPUCAI,MG,Colisão com objeto,Reação tardia ou ineficiente do condutor,Céu Claro,2025-03-24,6
2025-03-24,06:00:00,381,646,SANTO ANTONIO DO AMPARO,MG,Colisão com objeto,Reação tardia ou ineficiente do condutor,Nublado,2025-03-24,6
2025-03-24,07:02:00,101,66,RECIFE,PE,Colisão lateral mesmo sentido,Manobra de mudança de faixa,Sol,2025-03-24,7
2025-03-24,07:15:00,230,57,CRUZ DO ESPIRITO SANTO,PB,Saída de leito carroçável,Ausência de reação do condutor,Céu Claro,2025-03-24,7
2025-03-24,07:15:00,40,"3,9",VALPARAISO DE GOIAS,GO,Colisão traseira,Trafegar com motocicleta (ou similar) entre as faixas,Céu Claro,2025-03-24,7
2025-03-24,08:00:00,101,"260,9",SERRA,ES,Colisão traseira,Condutor deixou de manter distância do veículo da frente,Céu Claro,2025-03-24,8
2025-03-24,07:20:00,428,186,PETROLINA,PE,Colisão transversal,Acessar a via sem observar a presença dos outros veículos,Céu Claro,2025-03-24,7
2025-03-24,07:30:00,277,"334,3",GUARAPUAVA,PR,Colisão com objeto,Reação tardia ou ineficiente do condutor,Nevoeiro/Neblina,2025-03-24,7
2025-03-24,07:50:00,282,"19,3",PALHOCA,SC,Colisão traseira,Trafegar com motocicleta (ou similar) entre as faixas,Céu Claro,2025-03-24,7
2025-03-24,07:40:00,116,276,EMBU DAS ARTES,SP,Colisão lateral mesmo sentido,Manobra de mudança de faixa,Céu Claro,2025-03-24,7
2025-03-20,08:45:00,277,"4,8",CURITIBA,PR,Colisão traseira,Ausência de reação do condutor,Céu Claro,2025-03-20,8
2025-03-24,07:10:00,381,89,GUARULHOS,SP,Colisão traseira,Condutor deixou de manter distância do veículo da frente,Céu Claro,2025-03-24,7
2025-03-24,08:30:00,116,173,SAO JOAO DE MERITI,RJ,Colisão lateral mesmo sentido,Transitar no Acostamento,Céu Claro,2025-03-24,8
2025-03-24,08:00:00,116,244,SAO LEOPOLDO,RS,Colisão lateral mesmo sentido,Ausência de reação do condutor,Céu Claro,2025-03-24,8
2025-03-24,08:29:00,101,"70,1",RECIFE,PE,Colisão lateral sentido oposto,Transitar na contramão,Céu Claro,2025-03-24,8
2025-03-24,05:37:00,40,97,DUQUE DE CAXIAS,RJ,Capotamento,Chuva,Chuva,2025-03-24,5
2025-03-22,19:10:00,408,"98,3",SAO LOURENCO DA MATA,PE,Engavetamento,Reação tardia ou ineficiente do condutor,Céu Claro,2025-03-22,19
2025-03-24,08:11:00,376,"4,7",APUCARANA,PR,Colisão lateral mesmo sentido,Reação tardia ou ineficiente do condutor,Céu Claro,2025-03-24,8
2025-03-24,07:50:00,40,637,CONSELHEIRO LAFAIETE,MG,Saída de leito carroçável,Velocidade Incompatível,Garoa/Chuvisco,2025-03-24,7
2025-03-24,08:32:00,116,4,FORTALEZA,CE,Colisão traseira,Ausência de reação do condutor,Céu Claro,2025-03-24,8
2025-03-24,08:15:00,101,"149,8",ITAPEMA,SC,Colisão lateral mesmo sentido,Acessar a via sem observar a presença dos outros veículos,Céu Claro,2025-03-24,8
2025-03-24,08:40:00,277,"71,9",SAO JOSE DOS PINHAIS,PR,Colisão traseira,Condutor deixou de manter distância do veículo da frente,Céu Claro,2025-03-24,8
2025-03-24,06:45:00,304,"306,2",PARNAMIRIM,RN,Atropelamento de Pedestre,Pedestre cruzava a pista fora da faixa,Céu Claro,2025-03-24,6
2025-03-24,07:00:00,476,148,ARAUCARIA,PR,Colisão traseira,Condutor deixou de manter distância do veículo da frente,Céu Claro,2025-03-24,7
2025-03-24,08:30:00,153,308,RIALMA,GO,Colisão lateral mesmo sentido,Acessar a via sem observar a presença dos outros veículos,Nublado,2025-03-24,8
2025-03-24,09:15:00,60,32,ALEXANIA,GO,Colisão transversal,Transitar na contramão,Céu Claro,2025-03-24,9
2025-03-24,07:20:00,158,110,CUNHA PORA,SC,Colisão transversal,Velocidade Incompatível,Céu Claro,2025-03-24,7
2025-03-17,09:30:00,163,230,CASCAVEL,PR,Saída de leito carroçável,Avarias e/ou desgaste excessivo no pneu,Céu Claro,2025-03-17,9
2025-03-24,08:22:00,135,364,BOM JESUS,PI,Saída de leito carroçável,Ausência de reação do condutor,Céu Claro,2025-03-24,8
2025-03-24,09:20:00,40,735,SANTOS DUMONT,MG,Colisão lateral sentido oposto,Chuva,Chuva,2025-03-24,9
2025-03-24,10:25:00,116,524,CARATINGA,MG,Colisão transversal,Acessar a via sem observar a presença dos outros veículos,Sol,2025-03-24,10
2025-03-16,07:38:00,267,"342,7",RIO BRILHANTE,MS,Colisão transversal,Acessar a via sem observar a presença dos outros veículos,Sol,2025-03-16,7
2025-03-24,10:50:00,408,"96,7",JABOATAO DOS GUARARAPES,PE,Colisão com objeto,Condutor usando celular,Sol,2025-03-24,10
2025-03-23,11:00:00,10,255,IMPERATRIZ,MA,Colisão transversal,Acessar a via sem observar a presença dos outros veículos,Céu Claro,2025-03-23,11