data_inversa,horario,br,km,municipio,uf,tipo_acidente,causa_acidente,condicao_metereologica,data,hora
2025-03-24,10:40:00,101,360,SANGAO,SC,Atropelamento de Animal,Animais na Pista,Céu Claro,2025-03-24,10
2025-03-24,08:00:00,40,"654,6",CRISTIANO OTONI,MG,Saída de leito carroçável,Acumulo de água sobre o pavimento,Chuva,2025-03-24,8
2025-03-24,10:45:00,277,729,FOZ DO IGUACU,PR,Colisão transversal,Acesso irregular,Céu Claro,2025-03-24,10
2025-03-24,10:30:00,381,430,SABARA,MG,Saída de leito carroçável,Velocidade Incompatível,Chuva,2025-03-24,10
2025-03-08,15:05:00,230,7,CABEDELO,PB,Colisão traseira,Ausência de reação do condutor,Céu Claro,2025-03-08,15
2025-03-24,09:46:00,364,"336,5",SANTO ANTONIO DO LEVERGER,MT,Incêndio,Demais falhas mecânicas ou elétricas,Nublado,2025-03-24,9
2025-03-24,10:40:00,277,729,FOZ DO IGUACU,PR,Colisão com objeto,Ingestão de álcool pelo condutor,Sol,2025-03-24,10
2025-03-24,11:45:00,116,"242,8",SAO LEOPOLDO,RS,Colisão lateral mesmo sentido,Manobra de mudança de faixa,Céu Claro,2025-03-24,11
2025-03-24,11:00:00,101,586,CAMACAN,BA,Colisão transversal,Acesso irregular,Garoa/Chuvisco,2025-03-24,11
2025-03-21,01:00:00,356,57,ITAPERUNA,RJ,Atropelamento de Animal,Animais na Pista,Nublado,2025-03-21,1
2025-03-24,12:04:00,376,"49,1",JATEI,MS,Saída de leito carroçável,Ingestão de álcool pelo condutor,Céu Claro,2025-03-24,12
2025-03-16,15:25:00,101,283,LAJE,BA,Saída de leito carroçável,Ausência de reação do condutor,Céu Claro,2025-03-16,15
2025-03-24,11:00:00,20,184,LUIS EDUARDO MAGALHAES,BA,Colisão frontal,Mal súbito do condutor,Nublado,2025-03-24,11
2025-03-24,13:20:00,230,16,JOAO PESSOA,PB,Colisão traseira,Reação tardia ou ineficiente do condutor,Sol,2025-03-24,13
2025-03-24,13:00:00,488,"3,5",APARECIDA,SP,Colisão traseira,Mal súbito do condutor,Céu Claro,2025-03-24,13
2025-03-24,13:30:00,282,"16,1",PALHOCA,SC,Colisão traseira,Ausência de reação do condutor,Céu Claro,2025-03-24,13
2025-03-24,12:15:00,40,"52,2",PETROPOLIS,RJ,Colisão com objeto,Velocidade Incompatível,Céu Claro,2025-03-24,12
2025-03-07,09:30:00,116,95,MEDINA,MG,Queda de ocupante de veículo,Ausência de reação do condutor,Céu Claro,2025-03-07,9
2025-03-24,13:00:00,381,"495,2",BETIM,MG,Colisão com objeto,Ingestão de substâncias psicoativas pelo condutor,Chuva,2025-03-24,13
2025-03-24,12:30:00,163,645,LUCAS DO RIO VERDE,MT,Saída de leito carroçável,Reação tardia ou ineficiente do condutor,Céu Claro,2025-03-24,12
2025-03-24,10:00:00,101,384,RIO DE JANEIRO,RJ,Colisão traseira,Condutor deixou de manter distância do veículo da frente,Nublado,2025-03-24,10
2025-03-24,12:20:00,163,"212,4",CASCAVEL,PR,Tombamento,Velocidade Incompatível,Céu Claro,2025-03-24,12
2025-03-24,08:30:00,101,17,GARUVA,SC,Tombamento,Demais falhas mecânicas ou elétricas,Sol,2025-03-24,8
2025-03-24,14:20:00,285,303,PASSO FUNDO,RS,Colisão traseira,Condutor deixou de manter distância do veículo da frente,Nublado,2025-03-24,14
2025-03-24,12:40:00,101,281,CARIACICA,ES,Colisão frontal,Acessar a via sem observar a presença dos outros veículos,Céu Claro,2025-03-24,12
2025-03-24,13:00:00,393,171,PARAIBA DO SUL,RJ,Colisão frontal,Transitar na contramão,Céu Claro,2025-03-24,13
2025-03-24,14:30:00,381,36,ATIBAIA,SP,Queda de ocupante de veículo,Avarias e/ou desgaste excessivo no pneu,Céu Claro,2025-03-24,14
2025-03-24,10:45:00,262,440,NOVA SERRANA,MG,Colisão traseira,Chuva,Chuva,2025-03-24,10
2025-03-24,14:33:00,406,167,MACAU,RN,Tombamento,Ausência de reação do condutor,Céu Claro,2025-03-24,14
2025-03-24,12:30:00,40,"697,4",BARBACENA,MG,Colisão frontal,Acumulo de água sobre o pavimento,Chuva,2025-03-24,12
2025-03-24,12:50:00,210,42,MACAPA,AP,Saída de leito carroçável,Pista Escorregadia,Ignorado,2025-03-24,12
2025-03-24,15:10:00,153,140,ARAGUAINA,TO,Colisão transversal,Acessar a via sem observar a presença dos outros veículos,Céu Claro,2025-03-24,15
2025-03-24,13:21:00,70,"2,3",BARRA DO GARCAS,MT,Colisão lateral mesmo sentido,Ultrapassagem Indevida,Nublado,2025-03-24,13
2025-03-24,13:15:00,316,"269,8",MACEIO,AL,Colisão frontal,Acessar a via sem observar a presença dos outros veículos,Céu Claro,2025-03-24,13
2025-03-24,15:30:00,153,765,ALVORADA,TO,Saída de leito carroçável,Ausência de reação do condutor,Céu Claro,2025-03-24,15
2025-03-24,10:45:00,174,13,VILHENA,RO,Colisão transversal,Condutor desrespeitou a iluminação vermelha do semáforo,Nublado,2025-03-24,10
2025-03-24,12:58:00,381,"568,4",ITAGUARA,MG,Saída de leito carroçável,Velocidade Incompatível,Nublado,2025-03-24,12
2025-03-24,13:40:00,364,11,VILHENA,RO,Colisão lateral sentido oposto,Desrespeitar a preferência no cruzamento,Nublado,2025-03-24,13
2025-03-24,14:30:00,280,28,ARAQUARI,SC,Colisão transversal,Transitar no Acostamento,Céu Claro,2025-03-24,14
2025-03-02,17:45:00,277,"517,9",GUARANIACU,PR,Colisão transversal,Acessar a via sem observar a presença dos outros veículos,Céu Claro,2025-03-02,17
2025-03-24,16:20:00,116,10,FORTALEZA,CE,Colisão lateral mesmo sentido,Manobra de mudança de faixa,Céu Claro,2025-03-24,16
2025-03-24,15:10:00,316,"6,8",TERESINA,PI,Colisão traseira,Reação tardia ou ineficiente do condutor,Sol,2025-03-24,15
2025-03-24,16:20:00,381,429,SABARA,MG,Saída de leito carroçável,Reação tardia ou ineficiente do condutor,Garoa/Chuvisco,2025-03-24,16
2025-03-24,16:50:00,381,32,ATIBAIA,SP,Colisão com objeto,Objeto estático sobre o leito carroçável,Céu Claro,2025-03-24,16
2025-03-24,11:30:00,163,834,SINOP,MT,Queda de ocupante de veículo,Ausência de reação do condutor,Céu Claro,2025-03-24,11
2025-03-24,14:00:00,282,"228,5",LAGES,SC,Colisão frontal,Acessar a via sem observar a presença dos outros veículos,Céu Claro,2025-03-24,14
2025-03-24,17:20:00,290,92,PORTO ALEGRE,RS,Colisão traseira,Reação tardia ou ineficiente do condutor,Céu Claro,2025-03-24,17
2025-03-24,07:45:00,282,"472,5",VARGEAO,SC,Colisão transversal,Acessar a via sem observar a presença dos outros veículos,Céu Claro,2025-03-24,7
2025-03-24,16:20:00,277,"14,1",PARANAGUA,PR,Saída de leito carroçável,Reação tardia ou ineficiente do condutor,Céu Claro,2025-03-24,16
2025-03-24,17:50:00,101,73,EXTREMOZ,RN,Queda de ocupante de veículo,Velocidade Incompatível,Céu Claro,2025-03-24,17
2025-03-24,17:00:00,287,528,SAO BORJA,RS,Colisão traseira,Ausência de reação do condutor,Céu Claro,2025-03-24,17
2025-03-24,17:00:00,235,350,JUAZEIRO,BA,Colisão traseira,Reação tardia ou ineficiente do condutor,Céu Claro,2025-03-24,17
2025-03-24,14:50:00,465,21,NOVA IGUACU,RJ,Colisão transversal,Trafegar com motocicleta (ou similar) entre as faixas,Céu Claro,2025-03-24,14
2025-03-24,16:32:00,116,"360,5",MIRACATU,SP,Saída de leito carroçável,Ausência de reação do condutor,Nublado,2025-03-24,16
2025-03-24,17:40:00,470,138,RIO DO SUL,SC,Colisão transversal,Trafegar com motocicleta (ou similar) entre as faixas,Céu Claro,2025-03-24,17
2025-03-24,17:30:00,493,"19,7",MAGE,RJ,Colisão transversal,Ausência de reação do condutor,Nublado,2025-03-24,17
2025-03-24,16:30:00,476,192,LAPA,PR,Incêndio,Demais falhas mecânicas ou elétricas,Céu Claro,2025-03-24,16
2025-03-24,17:20:00,282,3,FLORIANOPOLIS,SC,Tombamento,Trafegar com motocicleta (ou similar) entre as faixas,Nublado,2025-03-24,17
2025-03-24,07:20:00,280,31,ARAQUARI,SC,Queda de ocupante de veículo,Ausência de reação do condutor,Céu Claro,2025-03-24,7
2025-03-24,17:30:00,101,141,LINHARES,ES,Colisão traseira,Ausência de reação do condutor,Céu Claro,2025-03-24,17
2025-03-24,17:58:00,101,70,RECIFE,PE,Tombamento,Reação tardia ou ineficiente do condutor,Céu Claro,2025-03-24,17
2025-03-24,15:00:00,70,673,CACERES,MT,Saída de leito carroçável,Velocidade Incompatível,Ignorado,2025-03-24,15
2025-03-24,17:55:00,40,1,BRASILIA,DF,Tombamento,Acumulo de água sobre o pavimento,Chuva,2025-03-24,17
2025-03-24,17:50:00,101,"61,8",RECIFE,PE,Queda de ocupante de veículo,Avarias e/ou desgaste excessivo no pneu,Céu Claro,2025-03-24,17
2025-03-24,18:13:00,116,16,FORTALEZA,CE,Atropelamento de Pedestre,Pedestre cruzava a pista fora da faixa,Nublado,2025-03-24,18
2025-03-24,17:50:00,277,"596,5",CASCAVEL,PR,Colisão traseira,Condutor deixou de manter distância do veículo da frente,Céu Claro,2025-03-24,17
2025-03-24,17:57:00,101,"101,1",PARNAMIRIM,RN,Colisão traseira,Manobra de mudança de faixa,Céu Claro,2025-03-24,17
2025-03-24,17:00:00,40,84,PETROPOLIS,RJ,Capotamento,Pista Escorregadia,Chuva,2025-03-24,17
2025-03-24,18:20:00,101,289,CARIACICA,ES,Colisão lateral mesmo sentido,Condutor deixou de manter distância do veículo da frente,Céu Claro,2025-03-24,18
2025-03-24,18:42:00,101,92,NOSSA SENHORA DO SOCORRO,SE,Colisão traseira,Condutor deixou de manter distância do veículo da frente,Céu Claro,2025-03-24,18
2025-03-24,19:00:00,101,"218,8",PALHOCA,SC,Queda de ocupante de veículo,Manobra de mudança de faixa,Céu Claro,2025-03-24,19
2025-03-24,18:30:00,0,0,RIO DE JANEIRO,RJ,Colisão frontal,Acumulo de areia ou detritos sobre o pavimento,Chuva,2025-03-24,18
2025-03-24,17:14:00,163,"26,7",SANTO ANTONIO DO SUDOESTE,PR,Colisão transversal,Desrespeitar a preferência no cruzamento,Céu Claro,2025-03-24,17
2025-03-24,17:15:00,116,632,JAGUAQUARA,BA,Colisão transversal,Acessar a via sem observar a presença dos outros veículos,Céu Claro,2025-03-24,17
2025-03-24,18:48:00,70,18,BRASILIA,DF,Colisão traseira,Acessar a via sem observar a presença dos outros veículos,Nublado,2025-03-24,18
2025-03-24,18:50:00,235,12,NOSSA SENHORA DO SOCORRO,SE,Colisão lateral mesmo sentido,Reação tardia ou ineficiente do condutor,Ignorado,2025-03-24,18
2025-03-06,08:40:00,459,"48,6",SANTA RITA DE CALDAS,MG,Saída de leito carroçável,Mal súbito do condutor,Céu Claro,2025-03-06,8
2025-03-24,19:55:00,101,117,ITAJAI,SC,Colisão lateral mesmo sentido,Ausência de reação do condutor,Céu Claro,2025-03-24,19
2025-03-24,11:00:00,282,6,SAO JOSE,SC,Queda de ocupante de veículo,Demais falhas mecânicas ou elétricas,Céu Claro,2025-03-24,11
2025-03-24,20:10:00,304,"283,7",MACAIBA,RN,Atropelamento de Pedestre,Entrada inopinada do pedestre,Céu Claro,2025-03-24,20
2025-03-24,18:40:00,364,710,PORTO VELHO,RO,Colisão traseira,Condutor deixou de manter distância do veículo da frente,Céu Claro,2025-03-24,18
2025-03-24,17:00:00,376,"659,6",TIJUCAS DO SUL,PR,Incêndio,Demais falhas mecânicas ou elétricas,Céu Claro,2025-03-24,17
2025-03-24,18:30:00,153,"103,7",IBAITI,PR,Colisão traseira,Reação tardia ou ineficiente do condutor,Céu Claro,2025-03-24,18
2025-03-24,20:30:00,101,65,CAMPOS DOS GOYTACAZES,RJ,Colisão transversal,Acessar a via sem observar a presença dos outros veículos,Chuva,2025-03-24,20
2025-03-24,20:38:00,101,314,VILA VELHA,ES,Queda de ocupante de veículo,Reação tardia ou ineficiente do condutor,Ignorado,2025-03-24,20
2025-03-24,16:00:00,354,"730,7",POUSO ALTO,MG,Colisão transversal,Transitar na contramão,Nublado,2025-03-24,16
2025-03-24,19:10:00,493,53,DUQUE DE CAXIAS,RJ,Capotamento,Reação tardia ou ineficiente do condutor,Chuva,2025-03-24,19
2025-03-24,20:15:00,116,329,BARRA DO RIBEIRO,RS,Saída de leito carroçável,Ingestão de álcool pelo condutor,Céu Claro,2025-03-24,20
2025-03-24,17:55:00,101,296,IMBITUBA,SC,Colisão com objeto,Reação tardia ou ineficiente do condutor,Céu Claro,2025-03-24,17
2025-03-24,19:15:00,364,"425,4",JARU,RO,Colisão transversal,Acessar a via sem observar a presença dos outros veículos,Chuva,2025-03-24,19
2025-03-24,19:50:00,70,295,PRIMAVERA DO LESTE,MT,Tombamento,Demais falhas mecânicas ou elétricas,Nublado,2025-03-24,19
2025-03-24,18:00:00,153,237,FRONTEIRA,MG,Saída de leito carroçável,Ausência de reação do condutor,Céu Claro,2025-03-24,18
2025-03-20,16:50:00,116,131,MAGE,RJ,Queda de ocupante de veículo,Acumulo de areia ou detritos sobre o pavimento,Céu Claro,2025-03-20,16
2025-03-24,18:40:00,163,1066,GUARANTA DO NORTE,MT,Colisão frontal,Acessar a via sem observar a presença dos outros veículos,Nublado,2025-03-24,18
2025-03-24,20:20:00,262,"802,8",UBERABA,MG,Colisão com objeto,Velocidade Incompatível,Céu Claro,2025-03-24,20
2025-03-24,12:45:00,425,78,NOVA MAMORE,RO,Saída de leito carroçável,Acumulo de água sobre o pavimento,Chuva,2025-03-24,12
2025-03-24,22:20:00,101,"88,2",BARRA VELHA,SC,Atropelamento de Pedestre,Pedestre cruzava a pista fora da faixa,Nublado,2025-03-24,22
2025-03-25,00:01:00,392,"257,1",CACAPAVA DO SUL,RS,Tombamento,Avarias e/ou desgaste excessivo no pneu,Céu Claro,2025-03-25,0
2025-03-25,00:25:00,116,130,FAZENDA RIO GRANDE,PR,Tombamento,Demais falhas mecânicas ou elétricas,Céu Claro,2025-03-25,0
2025-03-24,22:45:00,376,3,SAO JOSE DOS PINHAIS,PR,Colisão traseira,Condutor deixou de manter distância do veículo da frente,Ignorado,2025-03-24,22
2025-03-25,00:45:00,116,319,ITATIAIA,RJ,Saída de leito carroçável,Ingestão de álcool pelo condutor,Céu Claro,2025-03-25,0
2025-03-25,02:10:00,324,525,FEIRA DE SANTANA,BA,Colisão traseira,Condutor deixou de manter distância do veículo da frente,Céu Claro,2025-03-25,2
2025-03-25,02:00:00,116,420,JUQUIA,SP,Saída de leito carroçável,Ausência de reação do condutor,Céu Claro,2025-03-25,2
2025-03-25,01:40:00,210,90,PORTO GRANDE,AP,Colisão frontal,Transitar na contramão,Céu Claro,2025-03-25,1
2025-03-25,04:00:00,280,58,GUARAMIRIM,SC,Colisão com objeto,Demais falhas mecânicas ou elétricas,Garoa/Chuvisco,2025-03-25,4
2025-03-25,04:25:00,280,57,GUARAMIRIM,SC,Queda de ocupante de veículo,Reação tardia ou ineficiente do condutor,Garoa/Chuvisco,2025-03-25,4
2025-03-25,05:20:00,386,"400,5",TRIUNFO,RS,Saída de leito carroçável,Velocidade Incompatível,Céu Claro,2025-03-25,5
2025-03-25,05:45:00,40,"555,9",NOVA LIMA,MG,Colisão lateral mesmo sentido,Reação tardia ou ineficiente do condutor,Céu Claro,2025-03-25,5
2025-03-24,19:40:00,40,46,LUZIANIA,GO,Colisão traseira,Deficiência do Sistema de Iluminação/Sinalização,Garoa/Chuvisco,2025-03-24,19
2025-03-25,05:45:00,476,154,ARAUCARIA,PR,Colisão traseira,Reação tardia ou ineficiente do condutor,Garoa/Chuvisco,2025-03-25,5
2025-03-25,06:00:00,40,"521,6",CONTAGEM,MG,Colisão lateral mesmo sentido,Manobra de mudança de faixa,Nublado,2025-03-25,6
2025-03-25,07:00:00,101,473,ANGRA DOS REIS,RJ,Colisão lateral mesmo sentido,Animais na Pista,Céu Claro,2025-03-25,7
2025-03-25,07:00:00,407,"123,3",PETROLINA,PE,Colisão transversal,Conversão proibida,Céu Claro,2025-03-25,7
2025-03-25,07:05:00,280,"132,7",RIO NEGRINHO,SC,Tombamento,Pista Escorregadia,Céu Claro,2025-03-25,7
2025-03-25,05:30:00,267,"80,1",BATAGUASSU,MS,Saída de leito carroçável,Avarias e/ou desgaste excessivo no pneu,Céu Claro,2025-03-25,5
2025-03-25,07:35:00,116,223,GUARULHOS,SP,Colisão traseira,Reação tardia ou ineficiente do condutor,Céu Claro,2025-03-25,7
2025-03-25,07:30:00,262,119,CONCEICAO DO CASTELO,ES,Colisão traseira,Reação tardia ou ineficiente do condutor,Nublado,2025-03-25,7
2025-03-25,07:40:00,116,125,FAZENDA RIO GRANDE,PR,Colisão lateral mesmo sentido,Trafegar com motocicleta (ou similar) entre as faixas,Céu Claro,2025-03-25,7
2025-03-25,07:45:00,50,174,UBERABA,MG,Tombamento,Reação tardia ou ineficiente do condutor,Céu Claro,2025-03-25,7
2025-03-25,06:50:00,101,107,PENHA,SC,Tombamento,Avarias e/ou desgaste excessivo no pneu,Nublado,2025-03-25,6
2025-03-25,07:30:00,101,296,ITABORAI,RJ,Colisão lateral mesmo sentido,Ausência de reação do condutor,Céu Claro,2025-03-25,7
2025-03-25,06:20:00,50,"108,9",UBERABA,MG,Saída de leito carroçável,Condutor Dormindo,Céu Claro,2025-03-25,6
2025-03-25,08:00:00,101,"269,6",SERRA,ES,Atropelamento de Pedestre,Acessar a via sem observar a presença dos outros veículos,Sol,2025-03-25,8
2025-03-25,08:00:00,282,"510,3",MARAVILHA,SC,Colisão com objeto,Condutor usando celular,Sol,2025-03-25,8
2025-03-25,06:30:00,163,823,SINOP,MT,Colisão lateral mesmo sentido,Manobra de mudança de faixa,Céu Claro,2025-03-25,6
2025-03-25,08:20:00,116,"223,9",SAO PAULO,SP,Colisão lateral mesmo sentido,Trafegar com motocicleta (ou similar) entre as faixas,Sol,2025-03-25,8
2025-03-25,08:10:00,470,49,BLUMENAU,SC,Colisão transversal,Ultrapassagem Indevida,Sol,2025-03-25,8
2025-03-25,07:10:00,135,7,SAO LUIS,MA,Colisão transversal,Desrespeitar a preferência no cruzamento,Céu Claro,2025-03-25,7
2025-03-25,08:20:00,153,138,ARAGUAINA,TO,Colisão frontal,Reação tardia ou ineficiente do condutor,Céu Claro,2025-03-25,8
2025-03-25,08:00:00,324,622,SALVADOR,BA,Colisão traseira,Trafegar com motocicleta (ou similar) entre as faixas,Sol,2025-03-25,8
2025-03-25,08:55:00,101,"133,8",BALNEARIO CAMBORIU,SC,Colisão transversal,Desrespeitar a preferência no cruzamento,Sol,2025-03-25,8
2025-03-25,07:35:00,50,67,UBERLANDIA,MG,Colisão traseira,Ausência de reação do condutor,Céu Claro,2025-03-25,7
2025-03-25,08:20:00,230,1,CABEDELO,PB,Colisão lateral mesmo sentido,Acessar a via sem observar a presença dos outros veículos,Céu Claro,2025-03-25,8
2025-03-24,20:40:00,116,187,NOVA IGUACU,RJ,Queda de ocupante de veículo,Demais falhas mecânicas ou elétricas,Céu Claro,2025-03-24,20
2025-03-25,07:50:00,277,"3,6",CURITIBA,PR,Colisão lateral mesmo sentido,Manobra de mudança de faixa,Céu Claro,2025-03-25,7
2025-03-22,04:38:00,376,158,MANDAGUACU,PR,Saída de leito carroçável,Reação tardia ou ineficiente do condutor,Céu Claro,2025-03-22,4
2025-03-25,08:15:00,101,"326,8",CAPIVARI DE BAIXO,SC,Colisão traseira,Condutor deixou de manter distância do veículo da frente,Nublado,2025-03-25,8
2025-03-25,08:30:00,376,"2,9",APUCARANA,PR,Colisão transversal,Acessar a via sem observar a presença dos outros veículos,Céu Claro,2025-03-25,8
2025-03-25,08:00:00,60,"190,7",GUAPO,GO,Tombamento,Avarias e/ou desgaste excessivo no pneu,Nublado,2025-03-25,8
2025-03-25,09:15:00,262,"43,8",MARECHAL FLORIANO,ES,Colisão transversal,Acessar a via sem observar a presença dos outros veículos,Sol,2025-03-25,9
2025-03-25,07:50:00,343,"14,5",PARNAIBA,PI,Colisão transversal,Condutor deixou de manter distância do veículo da frente,Sol,2025-03-25,7
2025-03-25,08:25:00,116,"16,8",COLOMBO,PR,Engavetamento,Reação tardia ou ineficiente do condutor,Sol,2025-03-25,8
2025-03-25,09:15:00,20,24,BRASILIA,DF,Saída de leito carroçável,Ausência de reação do condutor,Céu Claro,2025-03-25,9
2025-03-25,09:20:00,324,"617,9",SALVADOR,BA,Colisão traseira,Manobra de mudança de faixa,Céu Claro,2025-03-25,9
2025-03-25,09:14:00,230,27,JOAO PESSOA,PB,Colisão traseira,Condutor deixou de manter distância do veículo da frente,Céu Claro,2025-03-25,9
2025-03-25,08:10:00,480,"128,1",CHAPECO,SC,Colisão traseira,Condutor deixou de manter distância do veículo da frente,Céu Claro,2025-03-25,8
2025-03-05,06:00:00,101,327,NITEROI,RJ,Colisão traseira,Condutor deixou de manter distância do veículo da frente,Sol,2025-03-05,6
2025-03-25,05:30:00,476,162,CONTENDA,PR,Saída de leito carroçável,Ausência de reação do condutor,Chuva,2025-03-25,5
2025-03-25,09:00:00,235,"41,7",ITABAIANA,SE,Colisão transversal,Ausência de reação do condutor,Céu Claro,2025-03-25,9
2025-03-25,10:25:00,470,58,BLUMENAU,SC,Colisão transversal,Ultrapassagem Indevida,Céu Claro,2025-03-25,10
2025-03-25,09:46:00,364,712,PORTO VELHO,RO,Colisão lateral mesmo sentido,Manobra de mudança de faixa,Nublado,2025-03-25,9
2025-03-25,11:20:00,101,131,CAMBORIU,SC,Tombamento,Reação tardia ou ineficiente do condutor,Céu Claro,2025-03-25,11
2025-03-25,11:30:00,324,613,SALVADOR,BA,Queda de ocupante de veículo,Demais falhas mecânicas ou elétricas,Céu Claro,2025-03-25,11
2025-03-25,11:00:00,101,"206,2",SAO JOSE,SC,Colisão traseira,Ausência de reação do condutor,Céu Claro,2025-03-25,11
2025-03-25,04:00:00,110,390,SAO SEBASTIAO DO PASSE,BA,Atropelamento de Animal,Animais na Pista,Nevoeiro/Neblina,2025-03-25,4
2025-03-25,11:45:00,101,"131,3",CAMBORIU,SC,Tombamento,Trafegar com motocicleta (ou similar) entre as faixas,Sol,2025-03-25,11
2025-03-25,11:40:00,101,"126,8",ESCADA,PE,Colisão traseira,Condutor deixou de manter distância do veículo da frente,Céu Claro,2025-03-25,11
2025-03-25,11:50:00,40,529,BELO HORIZONTE,MG,Queda de ocupante de veículo,Ausência de reação do condutor,Céu Claro,2025-03-25,11
2025-02-09,19:00:00,101,"71,8",SAO MATEUS,ES,Colisão traseira,Ausência de reação do condutor,Nublado,2025-02-09,19
2025-03-25,12:40:00,386,392,TRIUNFO,RS,Colisão lateral mesmo sentido,Retorno proibido,Nublado,2025-03-25,12
2025-01-30,16:40:00,116,"606,2",SAO JOAO DO MANHUACU,MG,Tombamento,Ausência de reação do condutor,Céu Claro,2025-01-30,16
2025-03-25,11:20:00,343,347,TERESINA,PI,Colisão traseira,Condutor deixou de manter distância do veículo da frente,Sol,2025-03-25,11
2025-03-25,13:00:00,153,"482,9",PARAISO DO TOCANTINS,TO,Colisão com objeto,Manobra de mudança de faixa,Garoa/Chuvisco,2025-03-25,13
2025-03-25,12:20:00,280,"30,9",ARAQUARI,SC,Colisão transversal,Transitar no Acostamento,Sol,2025-03-25,12
2025-03-25,13:15:00,369,"147,8",LONDRINA,PR,Queda de ocupante de veículo,Ausência de reação do condutor,Céu Claro,2025-03-25,13
2025-03-25,08:00:00,101,"219,9",PALHOCA,SC,Queda de ocupante de veículo,Demais falhas mecânicas ou elétricas,Céu Claro,2025-03-25,8
2025-03-25,11:00:00,101,329,NITEROI,RJ,Colisão traseira,Condutor deixou de manter distância do veículo da frente,Céu Claro,2025-03-25,11
2025-03-25,13:25:00,101,"415,6",ARARANGUA,SC,Colisão traseira,Condutor deixou de manter distância do veículo da frente,Céu Claro,2025-03-25,13
2025-03-25,11:50:00,469,0,FOZ DO IGUACU,PR,Saída de leito carroçável,Demais falhas mecânicas ou elétricas,Nublado,2025-03-25,11
2025-03-25,14:47:00,354,"753,7",ITAMONTE,MG,Colisão transversal,Ultrapassagem Indevida,Sol,2025-03-25,14
2025-02-15,17:00:00,251,336,RUBELITA,MG,Tombamento,Reação tardia ou ineficiente do condutor,Céu Claro,2025-02-15,17
2025-03-25,14:15:00,70,4,BRASILIA,DF,Queda de ocupante de veículo,Ausência de reação do condutor,Nublado,2025-03-25,14
2025-03-25,12:55:00,153,647,GURUPI,TO,Saída de leito carroçável,Acumulo de água sobre o pavimento,Nublado,2025-03-25,12
2025-03-25,14:10:00,101,"157,7",PORTO BELO,SC,Colisão transversal,Manobra de mudança de faixa,Céu Claro,2025-03-25,14
2025-03-07,13:25:00,153,"548,2",HIDROLANDIA,GO,Saída de leito carroçável,Demais falhas mecânicas ou elétricas,Céu Claro,2025-03-07,13
2025-03-25,15:10:00,101,89,JOAO PESSOA,PB,Tombamento,Objeto estático sobre o leito carroçável,Céu Claro,2025-03-25,15
2025-03-25,15:00:00,116,"53,9",CAMPINA GRANDE DO SUL,PR,Queda de ocupante de veículo,Reação tardia ou ineficiente do condutor,Nublado,2025-03-25,15
2025-03-25,15:30:00,116,173,SAO JOAO DE MERITI,RJ,Colisão traseira,Ausência de reação do condutor,Céu Claro,2025-03-25,15
2025-03-21,20:35:00,101,"209,6",SAO JOSE,SC,Colisão lateral mesmo sentido,Manobra de mudança de faixa,Nublado,2025-03-21,20
2025-03-25,15:42:00,280,58,GUARAMIRIM,SC,Colisão transversal,Acessar a via sem observar a presença dos outros veículos,Céu Claro,2025-03-25,15
2025-02-09,03:00:00,101,540,PARATY,RJ,Saída de leito carroçável,Condutor Dormindo,Céu Claro,2025-02-09,3
2025-03-25,15:10:00,60,25,ALEXANIA,GO,Saída de leito carroçável,Condutor Dormindo,Nublado,2025-03-25,15
2025-03-25,18:00:00,101,"286,5",CARIACICA,ES,Tombamento,Reação tardia ou ineficiente do condutor,Céu Claro,2025-03-25,18
2025-03-25,17:21:00,101,808,ITAMARAJU,BA,Colisão transversal,Acessar a via sem observar a presença dos outros veículos,Céu Claro,2025-03-25,17
2025-03-25,13:30:00,381,"921,8",CAMANDUCAIA,MG,Queda de ocupante de veículo,Curva acentuada,Céu Claro,2025-03-25,13
2025-03-25,17:30:00,381,76,SAO PAULO,SP,Capotamento,Chuva,Chuva,2025-03-25,17
2025-03-25,16:10:00,163,94,GUARACIABA,SC,Saída de leito carroçável,Velocidade Incompatível,Chuva,2025-03-25,16
2025-03-25,16:40:00,116,196,QUEIMADOS,RJ,Colisão com objeto,Mal súbito do condutor,Céu Claro,2025-03-25,16
2025-03-25,17:30:00,101,"103,5",PARNAMIRIM,RN,Colisão traseira,Trafegar com motocicleta (ou similar) entre as faixas,Céu Claro,2025-03-25,17
2025-03-25,17:00:00,285,"118,4",VACARIA,RS,Saída de leito carroçável,Velocidade Incompatível,Céu Claro,2025-03-25,17
2025-03-25,17:35:00,101,576,PARATY,RJ,Colisão transversal,Acessar a via sem observar a presença dos outros veículos,Céu Claro,2025-03-25,17
2025-03-25,17:40:00,262,"803,6",UBERABA,MG,Colisão traseira,Condutor deixou de manter distância do veículo da frente,Céu Claro,2025-03-25,17
2025-03-25,17:30:00,101,316,SAO GONCALO,RJ,Colisão traseira,Ausência de reação do condutor,Céu Claro,2025-03-25,17
2025-03-25,17:50:00,116,153,SAO JOSE DOS CAMPOS,SP,Colisão traseira,Acesso irregular,Céu Claro,2025-03-25,17
2025-03-25,17:10:00,376,615,SAO JOSE DOS PINHAIS,PR,Tombamento,Condutor deixou de manter distância do veículo da frente,Céu Claro,2025-03-25,17