data_inversa,horario,br,km,municipio,uf,tipo_acidente,causa_acidente,condicao_metereologica,data,hora
2025-03-27,10:00:00,259,"53,2",COLATINA,ES,Incêndio,Demais falhas mecânicas ou elétricas,Céu Claro,2025-03-27,10
2025-03-27,03:00:00,365,345,VARJAO DE MINAS,MG,Saída de leito carroçável,Reação tardia ou ineficiente do condutor,Nublado,2025-03-27,3
2025-03-27,11:00:00,316,"268,3",SATUBA,AL,Colisão transversal,Acessar a via sem observar a presença dos outros veículos,Céu Claro,2025-03-27,11
2025-03-27,11:40:00,316,"268,3",SATUBA,AL,Colisão traseira,Condutor deixou de manter distância do veículo da frente,Céu Claro,2025-03-27,11
2025-03-27,11:30:00,381,"513,1",IGARAPE,MG,Colisão traseira,Velocidade Incompatível,Céu Claro,2025-03-27,11
2025-03-27,10:30:00,70,512,VARZEA GRANDE,MT,Colisão traseira,Conversão proibida,Céu Claro,2025-03-27,10
2025-03-27,11:40:00,153,"67,7",SAO JOSE DO RIO PRETO,SP,Tombamento,Demais falhas mecânicas ou elétricas,Céu Claro,2025-03-27,11
2025-03-27,11:05:00,414,440,ANAPOLIS,GO,Tombamento,Reação tardia ou ineficiente do condutor,Céu Claro,2025-03-27,11
2025-03-23,13:20:00,232,20,MORENO,PE,Queda de ocupante de veículo,Reação tardia ou ineficiente do condutor,Céu Claro,2025-03-23,13
2025-03-27,11:05:00,365,628,UBERLANDIA,MG,Saída de leito carroçável,Reação tardia ou ineficiente do condutor,Céu Claro,2025-03-27,11
2025-03-27,10:40:00,101,"443,9",SANTA ROSA DO SUL,SC,Tombamento,Ingestão de substâncias psicoativas pelo condutor,Céu Claro,2025-03-27,10
2025-03-27,12:00:00,373,199,IPIRANGA,PR,Colisão transversal,Acessar a via sem observar a presença dos outros veículos,Sol,2025-03-27,12
2025-02-15,22:00:00,174,1037,PRESIDENTE FIGUEIREDO,AM,Colisão traseira,Reação tardia ou ineficiente do condutor,Nevoeiro/Neblina,2025-02-15,22
2025-03-27,12:50:00,116,517,PELOTAS,RS,Colisão transversal,Desrespeitar a preferência no cruzamento,Nublado,2025-03-27,12
2025-03-27,11:30:00,116,544,SANTA BARBARA DO LESTE,MG,Saída de leito carroçável,Reação tardia ou ineficiente do condutor,Nublado,2025-03-27,11
2025-03-27,11:00:00,364,16,VILHENA,RO,Colisão lateral mesmo sentido,Ausência de reação do condutor,Céu Claro,2025-03-27,11
2025-03-27,13:20:00,324,525,FEIRA DE SANTANA,BA,Tombamento,Trafegar com motocicleta (ou similar) entre as faixas,Céu Claro,2025-03-27,13
2025-03-27,12:44:00,364,179,JATAI,GO,Saída de leito carroçável,Reação tardia ou ineficiente do condutor,Céu Claro,2025-03-27,12
2025-03-27,07:11:00,163,1055,GUARANTA DO NORTE,MT,Capotamento,Ultrapassagem Indevida,Chuva,2025-03-27,7
2025-03-27,12:30:00,381,"162,2",GOVERNADOR VALADARES,MG,Colisão frontal,Velocidade Incompatível,Nublado,2025-03-27,12
2025-03-27,12:30:00,493,48,DUQUE DE CAXIAS,RJ,Atropelamento de Pedestre,Mal súbito do condutor,Céu Claro,2025-03-27,12
2025-03-27,13:00:00,101,74,CAMPOS DOS GOYTACAZES,RJ,Colisão traseira,Transitar no Acostamento,Sol,2025-03-27,13
2025-03-27,06:50:00,316,7,BOA VISTA DO GURUPI,MA,Colisão traseira,Reação tardia ou ineficiente do condutor,Nevoeiro/Neblina,2025-03-27,6
2025-03-27,14:20:00,101,"69,1",RECIFE,PE,Colisão traseira,Ausência de reação do condutor,Céu Claro,2025-03-27,14
2025-03-27,14:50:00,470,"147,6",AGRONOMICA,SC,Colisão traseira,Reação tardia ou ineficiente do condutor,Sol,2025-03-27,14
2025-03-27,09:00:00,70,515,VARZEA GRANDE,MT,Colisão transversal,Acessar a via sem observar a presença dos outros veículos,Sol,2025-03-27,9
2025-03-27,15:10:00,101,95,NATAL,RN,Colisão transversal,Manobra de mudança de faixa,Céu Claro,2025-03-27,15
2025-03-27,15:00:00,101,18,TRES CACHOEIRAS,RS,Incêndio,Demais falhas mecânicas ou elétricas,Nublado,2025-03-27,15
2025-03-24,00:50:00,262,"436,5",NOVA SERRANA,MG,Saída de leito carroçável,Condutor Dormindo,Nublado,2025-03-24,0
2025-03-27,14:00:00,50,72,UBERLANDIA,MG,Eventos atípicos,Acesso irregular,Nublado,2025-03-27,14
2025-03-27,16:00:00,381,483,BETIM,MG,Saída de leito carroçável,Ausência de reação do condutor,Céu Claro,2025-03-27,16
2025-03-27,14:00:00,101,185,BIGUACU,SC,Atropelamento de Pedestre,Acessar a via sem observar a presença dos outros veículos,Céu Claro,2025-03-27,14
2025-03-27,17:00:00,381,"488,7",BETIM,MG,Colisão traseira,Reação tardia ou ineficiente do condutor,Céu Claro,2025-03-27,17
2025-03-27,16:40:00,101,81,SAO GONCALO DO AMARANTE,RN,Colisão lateral mesmo sentido,Conversão proibida,Céu Claro,2025-03-27,16
2025-03-27,16:50:00,101,"200,3",SAO JOSE,SC,Colisão traseira,Reação tardia ou ineficiente do condutor,Nublado,2025-03-27,16
2025-03-27,14:47:00,101,"395,1",MARACAJA,SC,Capotamento,Velocidade Incompatível,Céu Claro,2025-03-27,14
2025-03-27,15:50:00,262,"513,9",AQUIDAUANA,MS,Saída de leito carroçável,Ultrapassagem Indevida,Céu Claro,2025-03-27,15
2025-03-27,16:20:00,459,21,LORENA,SP,Colisão frontal,Retorno proibido,Céu Claro,2025-03-27,16
2025-03-27,16:30:00,101,118,ITAJAI,SC,Colisão lateral mesmo sentido,Manobra de mudança de faixa,Céu Claro,2025-03-27,16
2025-03-27,17:30:00,101,97,NATAL,RN,Queda de ocupante de veículo,Trafegar com motocicleta (ou similar) entre as faixas,Céu Claro,2025-03-27,17
2025-03-27,18:00:00,414,402,CORUMBA DE GOIAS,GO,Capotamento,Objeto estático sobre o leito carroçável,Céu Claro,2025-03-27,18
2025-03-27,17:15:00,101,"719,3",EUNAPOLIS,BA,Colisão traseira,Velocidade Incompatível,Céu Claro,2025-03-27,17
2025-03-27,18:00:00,116,216,GUARULHOS,SP,Colisão traseira,Ausência de reação do condutor,Nublado,2025-03-27,18
2025-03-27,17:00:00,153,"50,8",ERECHIM,RS,Colisão transversal,Acessar a via sem observar a presença dos outros veículos,Chuva,2025-03-27,17
2025-03-27,18:30:00,101,"217,8",PALHOCA,SC,Colisão transversal,Pedestre - Ingestão de álcool/ substâncias psicoativas,Céu Claro,2025-03-27,18
2025-03-27,17:40:00,116,15,FORTALEZA,CE,Colisão traseira,Ausência de reação do condutor,Céu Claro,2025-03-27,17
2025-03-27,18:35:00,230,23,JOAO PESSOA,PB,Atropelamento de Pedestre,Entrada inopinada do pedestre,Céu Claro,2025-03-27,18
2025-03-27,18:25:00,373,173,PONTA GROSSA,PR,Colisão traseira,Manobra de mudança de faixa,Ignorado,2025-03-27,18
2025-03-27,18:45:00,230,2,ALTAMIRA,PA,Colisão lateral mesmo sentido,Reação tardia ou ineficiente do condutor,Céu Claro,2025-03-27,18
2025-03-27,17:45:00,364,209,RONDONOPOLIS,MT,Colisão traseira,Condutor deixou de manter distância do veículo da frente,Céu Claro,2025-03-27,17
2025-03-27,19:00:00,343,"343,6",TERESINA,PI,Colisão traseira,Condutor deixou de manter distância do veículo da frente,Céu Claro,2025-03-27,19
2025-03-27,19:30:00,101,484,ANGRA DOS REIS,RJ,Colisão frontal,Acessar a via sem observar a presença dos outros veículos,Céu Claro,2025-03-27,19
2025-03-27,19:00:00,101,362,SANGAO,SC,Colisão traseira,Transitar na contramão,Céu Claro,2025-03-27,19
2025-03-27,18:50:00,101,487,ANGRA DOS REIS,RJ,Colisão traseira,Ausência de reação do condutor,Céu Claro,2025-03-27,18
2025-03-27,18:50:00,101,"143,9",LINHARES,ES,Colisão transversal,Reação tardia ou ineficiente do condutor,Céu Claro,2025-03-27,18
2025-03-27,18:40:00,163,1063,GUARANTA DO NORTE,MT,Colisão transversal,Conversão proibida,Céu Claro,2025-03-27,18
2025-03-27,19:40:00,101,119,ITAJAI,SC,Tombamento,Avarias e/ou desgaste excessivo no pneu,Céu Claro,2025-03-27,19
2025-03-27,19:15:00,116,"16,8",COLOMBO,PR,Saída de leito carroçável,Reação tardia ou ineficiente do condutor,Nublado,2025-03-27,19
2025-03-27,19:25:00,101,151,ITAPEMA,SC,Colisão traseira,Reação tardia ou ineficiente do condutor,Céu Claro,2025-03-27,19
2025-03-27,18:40:00,153,75,BADY BASSITT,SP,Colisão traseira,Condutor deixou de manter distância do veículo da frente,Céu Claro,2025-03-27,18
2025-03-27,18:27:00,104,"131,8",QUIPAPA,PE,Colisão lateral sentido oposto,Transitar na contramão,Céu Claro,2025-03-27,18
2025-03-27,18:05:00,153,580,PIRACANJUBA,GO,Saída de leito carroçável,Chuva,Chuva,2025-03-27,18
2025-03-27,19:10:00,376,2,SAO JOSE DOS PINHAIS,PR,Atropelamento de Pedestre,Pedestre cruzava a pista fora da faixa,Nublado,2025-03-27,19
2025-03-27,19:30:00,116,414,GOVERNADOR VALADARES,MG,Colisão transversal,Acessar a via sem observar a presença dos outros veículos,Nublado,2025-03-27,19
2025-03-27,18:00:00,116,"475,9",SAO LOURENCO DO SUL,RS,Saída de leito carroçável,Reação tardia ou ineficiente do condutor,Nublado,2025-03-27,18
2025-03-27,20:30:00,290,91,PORTO ALEGRE,RS,Tombamento,Chuva,Chuva,2025-03-27,20
2025-03-27,20:10:00,116,99,GUAPIMIRIM,RJ,Colisão frontal,Reação tardia ou ineficiente do condutor,Céu Claro,2025-03-27,20
2025-03-27,20:05:00,101,55,SANTA RITA,PB,Colisão com objeto,Velocidade Incompatível,Céu Claro,2025-03-27,20
2025-03-27,19:20:00,470,142,RIO DO SUL,SC,Colisão transversal,Acessar a via sem observar a presença dos outros veículos,Nublado,2025-03-27,19
2025-03-27,21:00:00,116,242,SAO LEOPOLDO,RS,Tombamento,Avarias e/ou desgaste excessivo no pneu,Nublado,2025-03-27,21
2025-03-27,21:00:00,104,"87,6",AGRESTINA,PE,Colisão lateral mesmo sentido,Ultrapassagem Indevida,Céu Claro,2025-03-27,21
2025-03-27,19:30:00,174,286,PONTES E LACERDA,MT,Colisão traseira,Iluminação deficiente,Chuva,2025-03-27,19
2025-03-27,20:20:00,101,"808,3",ITAMARAJU,BA,Atropelamento de Pedestre,Pedestre andava na pista,Céu Claro,2025-03-27,20
2025-03-27,22:10:00,104,"86,6",RIO LARGO,AL,Queda de ocupante de veículo,Afundamento ou ondulação no pavimento,Céu Claro,2025-03-27,22
2025-03-27,21:50:00,163,982,SANTAREM,PA,Atropelamento de Pedestre,Acessar a via sem observar a presença dos outros veículos,Garoa/Chuvisco,2025-03-27,21
2025-03-27,19:40:00,364,562,ALTO PARAISO,RO,Colisão com objeto,Afundamento ou ondulação no pavimento,Céu Claro,2025-03-27,19
2025-03-27,22:10:00,222,"218,5",SOBRAL,CE,Colisão transversal,Acesso irregular,Céu Claro,2025-03-27,22
2025-03-27,16:20:00,101,214,MURITIBA,BA,Colisão transversal,Acessar a via sem observar a presença dos outros veículos,Céu Claro,2025-03-27,16
2025-03-27,23:00:00,116,269,PORTO ALEGRE,RS,Colisão lateral mesmo sentido,Ausência de reação do condutor,Ignorado,2025-03-27,23
2025-03-27,23:07:00,80,15,BRASILIA,DF,Saída de leito carroçável,Reação tardia ou ineficiente do condutor,Céu Claro,2025-03-27,23
2025-03-27,22:40:00,101,"134,5",BALNEARIO CAMBORIU,SC,Colisão traseira,Reação tardia ou ineficiente do condutor,Céu Claro,2025-03-27,22
2025-03-27,20:30:00,101,137,BALNEARIO CAMBORIU,SC,Tombamento,Acessar a via sem observar a presença dos outros veículos,Céu Claro,2025-03-27,20
2025-03-23,06:30:00,163,277,DOURADOS,MS,Saída de leito carroçável,Ausência de reação do condutor,Céu Claro,2025-03-23,6
2025-03-27,19:22:00,153,"47,5",PORANGATU,GO,Tombamento,Afundamento ou ondulação no pavimento,Céu Claro,2025-03-27,19
2025-03-27,18:11:00,364,345,JI-PARANA,RO,Queda de ocupante de veículo,Manobra de mudança de faixa,Céu Claro,2025-03-27,18
2025-03-28,00:00:00,381,"482,9",BETIM,MG,Tombamento,Reação tardia ou ineficiente do condutor,Céu Claro,2025-03-28,0
2025-03-28,01:00:00,60,163,GOIANIA,GO,Colisão com objeto,Velocidade Incompatível,Céu Claro,2025-03-28,1
2025-03-28,00:10:00,101,"88,2",BARRA VELHA,SC,Saída de leito carroçável,Velocidade Incompatível,Céu Claro,2025-03-28,0
2025-03-28,01:30:00,116,190,NOVA IGUACU,RJ,Queda de ocupante de veículo,Ingestão de álcool pelo condutor,Céu Claro,2025-03-28,1
2025-03-28,02:30:00,40,"493,7",ESMERALDAS,MG,Saída de leito carroçável,Ausência de reação do condutor,Céu Claro,2025-03-28,2
2025-03-28,02:30:00,343,349,TERESINA,PI,Capotamento,Ausência de reação do condutor,Céu Claro,2025-03-28,2
2025-03-28,03:21:00,60,391,RIO VERDE,GO,Saída de leito carroçável,Ausência de reação do condutor,Céu Claro,2025-03-28,3
2025-03-27,16:35:00,101,434,MARAU,BA,Colisão traseira,Avarias e/ou desgaste excessivo no pneu,Céu Claro,2025-03-27,16
2025-03-28,04:40:00,101,122,ITAJAI,SC,Saída de leito carroçável,Ingestão de álcool pelo condutor,Nublado,2025-03-28,4
2025-03-28,04:40:00,324,530,FEIRA DE SANTANA,BA,Saída de leito carroçável,Condutor Dormindo,Céu Claro,2025-03-28,4
2025-03-28,08:00:00,116,218,GUARULHOS,SP,Capotamento,Ausência de reação do condutor,Céu Claro,2025-03-28,8
2025-03-28,04:00:00,101,497,ANGRA DOS REIS,RJ,Colisão com objeto,Ausência de reação do condutor,Céu Claro,2025-03-28,4
2025-03-28,07:05:00,101,46,UBATUBA,SP,Colisão traseira,Condutor deixou de manter distância do veículo da frente,Céu Claro,2025-03-28,7
2025-03-28,06:45:00,376,437,TIBAGI,PR,Colisão com objeto,Chuva,Garoa/Chuvisco,2025-03-28,6
2025-03-27,21:30:00,376,474,PONTA GROSSA,PR,Incêndio,Demais falhas mecânicas ou elétricas,Céu Claro,2025-03-27,21
2025-03-27,22:36:00,277,654,MATELANDIA,PR,Saída de leito carroçável,Chuva,Chuva,2025-03-27,22
2025-03-28,06:50:00,116,171,RIO DE JANEIRO,RJ,Colisão lateral mesmo sentido,Trafegar com motocicleta (ou similar) entre as faixas,Céu Claro,2025-03-28,6
2025-03-28,07:00:00,101,124,SAO JOSE DE MIPIBU,RN,Colisão traseira,Reação tardia ou ineficiente do condutor,Céu Claro,2025-03-28,7
2025-03-28,06:40:00,101,261,SANTO ANTONIO DE JESUS,BA,Colisão frontal,Transitar na contramão,Sol,2025-03-28,6
2025-03-27,19:00:00,364,751,PORTO VELHO,RO,Tombamento,Avarias e/ou desgaste excessivo no pneu,Nublado,2025-03-27,19
2025-03-28,07:00:00,116,120,CURITIBA,PR,Colisão traseira,Condutor deixou de manter distância do veículo da frente,Céu Claro,2025-03-28,7
2025-03-28,06:30:00,116,189,NOVA IGUACU,RJ,Incêndio,Demais falhas mecânicas ou elétricas,Céu Claro,2025-03-28,6
2025-03-28,06:55:00,116,"528,1",CARATINGA,MG,Queda de ocupante de veículo,Ingestão de álcool pelo condutor,Céu Claro,2025-03-28,6
2025-03-28,08:00:00,116,209,GUARULHOS,SP,Colisão traseira,Condutor deixou de manter distância do veículo da frente,Céu Claro,2025-03-28,8
2025-03-28,07:00:00,101,94,NATAL,RN,Colisão lateral mesmo sentido,Reação tardia ou ineficiente do condutor,Céu Claro,2025-03-28,7
2025-03-28,06:20:00,262,361,CAMPO GRANDE,MS,Saída de leito carroçável,Ausência de reação do condutor,Nublado,2025-03-28,6
2025-03-28,07:45:00,369,136,IBIPORA,PR,Colisão transversal,Acessar a via sem observar a presença dos outros veículos,Céu Claro,2025-03-28,7
2025-03-28,08:00:00,116,130,MAGE,RJ,Colisão lateral mesmo sentido,Objeto estático sobre o leito carroçável,Céu Claro,2025-03-28,8
2025-03-28,07:59:00,428,188,PETROLINA,PE,Colisão traseira,Condutor deixou de manter distância do veículo da frente,Céu Claro,2025-03-28,7
2025-03-28,08:10:00,153,137,ARAGUAINA,TO,Colisão traseira,Acesso irregular,Nublado,2025-03-28,8
2025-03-24,16:10:00,463,1,DOURADOS,MS,Colisão lateral mesmo sentido,Acessar a via sem observar a presença dos outros veículos,Sol,2025-03-24,16
2025-03-28,06:40:00,262,"0,8",CARIACICA,ES,Colisão traseira,Condutor deixou de manter distância do veículo da frente,Sol,2025-03-28,6
2025-03-28,08:50:00,101,"92,8",BARRA VELHA,SC,Colisão traseira,Reação tardia ou ineficiente do condutor,Céu Claro,2025-03-28,8
2025-03-28,07:00:00,40,102,DUQUE DE CAXIAS,RJ,Colisão traseira,Acessar a via sem observar a presença dos outros veículos,Céu Claro,2025-03-28,7
2025-03-28,08:05:00,116,136,MAGE,RJ,Capotamento,Ausência de reação do condutor,Céu Claro,2025-03-28,8
2025-03-27,21:30:00,40,117,DUQUE DE CAXIAS,RJ,Incêndio,Demais falhas mecânicas ou elétricas,Céu Claro,2025-03-27,21
2025-03-28,08:30:00,116,115,CURITIBA,PR,Colisão traseira,Reação tardia ou ineficiente do condutor,Céu Claro,2025-03-28,8
2025-03-28,08:40:00,376,171,MARINGA,PR,Colisão lateral mesmo sentido,Manobra de mudança de faixa,Céu Claro,2025-03-28,8
2025-03-28,08:40:00,101,300,VIANA,ES,Tombamento,Acumulo de areia ou detritos sobre o pavimento,Céu Claro,2025-03-28,8
2025-03-28,09:00:00,343,"33,4",PARNAIBA,PI,Colisão transversal,Acessar a via sem observar a presença dos outros veículos,Sol,2025-03-28,9
2025-03-28,05:03:00,369,151,LONDRINA,PR,Colisão com objeto,Mal súbito do condutor,Céu Claro,2025-03-28,5
2025-03-28,08:48:00,259,"12,5",JOAO NEIVA,ES,Colisão frontal,Ultrapassagem Indevida,Sol,2025-03-28,8
2025-03-28,09:30:00,101,"331,8",TUBARAO,SC,Colisão transversal,Acessar a via sem observar a presença dos outros veículos,Céu Claro,2025-03-28,9
2025-03-28,09:30:00,304,36,NATAL,RN,Tombamento,Avarias e/ou desgaste excessivo no pneu,Céu Claro,2025-03-28,9
2025-03-28,08:15:00,116,"108,5",TAUBATE,SP,Colisão traseira,Trafegar com motocicleta (ou similar) entre as faixas,Sol,2025-03-28,8
2025-03-28,07:30:00,153,"99,5",CONCORDIA,SC,Colisão traseira,Condutor deixou de manter distância do veículo da frente,Sol,2025-03-28,7
2025-03-28,10:41:00,226,110,SANTA CRUZ,RN,Colisão transversal,Conversão proibida,Céu Claro,2025-03-28,10
2025-03-28,09:20:00,101,"50,3",UBATUBA,SP,Colisão lateral mesmo sentido,Acessar a via sem observar a presença dos outros veículos,Céu Claro,2025-03-28,9
2025-03-28,08:30:00,470,68,INDAIAL,SC,Colisão lateral sentido oposto,Condutor usando celular,Céu Claro,2025-03-28,8
2025-03-28,11:10:00,290,107,ELDORADO DO SUL,RS,Saída de leito carroçável,Ausência de reação do condutor,Céu Claro,2025-03-28,11
2025-03-20,13:50:00,277,"603,2",SANTA TEREZA DO OESTE,PR,Colisão lateral sentido oposto,Manobra de mudança de faixa,Céu Claro,2025-03-20,13
2025-03-28,10:50:00,116,196,RIO DE JANEIRO,RJ,Colisão traseira,Ultrapassagem Indevida,Céu Claro,2025-03-28,10
2025-03-28,07:30:00,101,"43,8",JOINVILLE,SC,Colisão traseira,Ausência de reação do condutor,Nublado,2025-03-28,7
2025-03-28,08:55:00,280,34,AGUAS MORNAS,SC,Queda de ocupante de veículo,Condutor Dormindo,Céu Claro,2025-03-28,8
2025-03-28,11:07:00,381,58,MAIRIPORA,SP,Colisão traseira,Reação tardia ou ineficiente do condutor,Sol,2025-03-28,11
2025-03-28,11:15:00,153,"226,6",FRONTEIRA,MG,Tombamento,Reação tardia ou ineficiente do condutor,Céu Claro,2025-03-28,11
2025-03-28,11:45:00,101,207,SAO JOSE,SC,Colisão traseira,Condutor deixou de manter distância do veículo da frente,Céu Claro,2025-03-28,11
2025-03-28,10:30:00,364,12,VILHENA,RO,Colisão frontal,Acessar a via sem observar a presença dos outros veículos,Céu Claro,2025-03-28,10
2025-03-28,11:35:00,10,"245,8",IMPERATRIZ,MA,Colisão transversal,Retorno proibido,Céu Claro,2025-03-28,11
2025-03-28,11:10:00,232,190,SANHARO,PE,Saída de leito carroçável,Velocidade Incompatível,Céu Claro,2025-03-28,11
2025-03-28,09:20:00,116,"178,9",PADRE PARAISO,MG,Colisão lateral mesmo sentido,Reação tardia ou ineficiente do condutor,Nublado,2025-03-28,9
2025-03-28,12:25:00,493,0,SAO GONCALO,RJ,Colisão transversal,Conversão proibida,Sol,2025-03-28,12
2025-03-28,12:40:00,232,4,RECIFE,PE,Colisão traseira,Condutor deixou de manter distância do veículo da frente,Sol,2025-03-28,12
2025-03-28,12:00:00,343,"338,6",TERESINA,PI,Colisão lateral mesmo sentido,Ingestão de álcool pelo condutor,Céu Claro,2025-03-28,12
2025-03-28,11:40:00,369,182,ARAPONGAS,PR,Colisão transversal,Acesso irregular,Céu Claro,2025-03-28,11
2025-03-28,13:20:00,101,262,SANTO ANTONIO DE JESUS,BA,Colisão transversal,Ultrapassagem Indevida,Céu Claro,2025-03-28,13
2025-03-28,12:05:00,343,"592,2",FLORIANO,PI,Colisão transversal,Acessar a via sem observar a presença dos outros veículos,Chuva,2025-03-28,12
2025-02-14,14:25:00,267,"157,6",LIMA DUARTE,MG,Colisão lateral sentido oposto,Avarias e/ou desgaste excessivo no pneu,Sol,2025-02-14,14
2025-03-28,13:10:00,210,3,MACAPA,AP,Colisão frontal,Desrespeitar a preferência no cruzamento,Céu Claro,2025-03-28,13
2025-03-28,12:35:00,287,"342,1",SAO VICENTE DO SUL,RS,Queda de ocupante de veículo,Transtornos Mentais (exceto suicidio),Nublado,2025-03-28,12
2025-03-28,11:40:00,101,"295,6",CARIACICA,ES,Queda de ocupante de veículo,Reação tardia ou ineficiente do condutor,Céu Claro,2025-03-28,11
2025-03-28,07:12:00,235,61,ITABAIANA,SE,Colisão traseira,Ausência de reação do condutor,Céu Claro,2025-03-28,7
2025-03-27,21:00:00,70,185,NOVO SAO JOAQUIM,MT,Atropelamento de Animal,Animais na Pista,Nublado,2025-03-27,21
2025-03-28,12:30:00,101,"152,6",ESTANCIA,SE,Colisão transversal,Desrespeitar a preferência no cruzamento,Céu Claro,2025-03-28,12
2025-03-28,12:05:00,163,"37,8",SANTO ANTONIO DO SUDOESTE,PR,Saída de leito carroçável,Velocidade Incompatível,Céu Claro,2025-03-28,12
2025-03-28,13:15:00,393,"285,5",VOLTA REDONDA,RJ,Colisão traseira,Condutor deixou de manter distância do veículo da frente,Céu Claro,2025-03-28,13
2025-03-28,14:20:00,153,"63,8",SAO JOSE DO RIO PRETO,SP,Colisão lateral mesmo sentido,Manobra de mudança de faixa,Céu Claro,2025-03-28,14
2025-03-28,13:10:00,70,581,POCONE,MT,Saída de leito carroçável,Avarias e/ou desgaste excessivo no pneu,Céu Claro,2025-03-28,13
2025-02-26,23:16:00,153,9,JACAREZINHO,PR,Tombamento,Ausência de reação do condutor,Céu Claro,2025-02-26,23
2025-03-28,13:30:00,101,"292,8",CARIACICA,ES,Colisão lateral mesmo sentido,Acesso irregular,Sol,2025-03-28,13
2025-03-28,12:14:00,364,"200,3",RONDONOPOLIS,MT,Queda de ocupante de veículo,Ausência de reação do condutor,Sol,2025-03-28,12
2025-03-28,15:15:00,369,"60,4",BANDEIRANTES,PR,Queda de ocupante de veículo,Acostamento em desnível,Céu Claro,2025-03-28,15
2025-03-28,15:40:00,40,"632,1",CONSELHEIRO LAFAIETE,MG,Colisão transversal,Desrespeitar a preferência no cruzamento,Sol,2025-03-28,15
2025-03-28,15:50:00,101,68,CAMPOS DOS GOYTACAZES,RJ,Colisão transversal,Retorno proibido,Céu Claro,2025-03-28,15
2025-03-28,15:00:00,470,147,LAURENTINO,SC,Colisão transversal,Trafegar com motocicleta (ou similar) entre as faixas,Nublado,2025-03-28,15
2025-03-28,15:25:00,116,"528,7",CARATINGA,MG,Colisão transversal,Acessar a via sem observar a presença dos outros veículos,Céu Claro,2025-03-28,15
2025-03-28,16:00:00,381,37,BRAGANCA PAULISTA,SP,Colisão traseira,Ausência de reação do condutor,Céu Claro,2025-03-28,16
2025-03-28,16:30:00,230,12,CABEDELO,PB,Colisão traseira,Ausência de reação do condutor,Céu Claro,2025-03-28,16
2025-03-28,14:00:00,50,17,ARAGUARI,MG,Tombamento,Curva acentuada,Céu Claro,2025-03-28,14
2025-03-28,16:30:00,101,"102,7",SAO CRISTOVAO,SE,Colisão com objeto,Manobra de mudança de faixa,Céu Claro,2025-03-28,16
2025-03-28,14:50:00,277,230,TEIXEIRA SOARES,PR,Colisão traseira,Frear bruscamente,Céu Claro,2025-03-28,14
2025-03-28,10:45:00,153,645,MORRINHOS,GO,Saída de leito carroçável,Reação tardia ou ineficiente do condutor,Sol,2025-03-28,10
2025-03-28,17:20:00,40,551,NOVA LIMA,MG,Colisão lateral mesmo sentido,Velocidade Incompatível,Céu Claro,2025-03-28,17
2025-03-28,17:40:00,101,283,CARIACICA,ES,Tombamento,Reação tardia ou ineficiente do condutor,Céu Claro,2025-03-28,17
2025-03-28,17:15:00,470,"60,6",BLUMENAU,SC,Colisão lateral sentido oposto,Demais falhas mecânicas ou elétricas,Céu Claro,2025-03-28,17
2025-03-28,17:00:00,116,144,SAO JOSE DOS CAMPOS,SP,Colisão lateral mesmo sentido,Manobra de mudança de faixa,Nublado,2025-03-28,17
2025-03-28,15:00:00,262,"631,4",IBIA,MG,Colisão transversal,Acessar a via sem observar a presença dos outros veículos,Sol,2025-03-28,15
2025-03-28,17:35:00,381,510,IGARAPE,MG,Colisão lateral mesmo sentido,Ultrapassagem Indevida,Céu Claro,2025-03-28,17
2025-03-28,15:45:00,163,513,JARAGUARI,MS,Saída de leito carroçável,Reação tardia ou ineficiente do condutor,Céu Claro,2025-03-28,15
2025-03-28,17:30:00,101,269,RIO BONITO,RJ,Colisão traseira,Manobra de mudança de faixa,Céu Claro,2025-03-28,17
2025-03-28,16:30:00,465,21,NOVA IGUACU,RJ,Colisão transversal,Trafegar com motocicleta (ou similar) entre as faixas,Ignorado,2025-03-28,16
2025-03-28,17:10:00,116,180,NOVA IGUACU,RJ,Colisão lateral mesmo sentido,Ausência de reação do condutor,Céu Claro,2025-03-28,17
2025-03-28,17:22:00,222,"1,4",FORTALEZA,CE,Colisão traseira,Condutor deixou de manter distância do veículo da frente,Céu Claro,2025-03-28,17
2025-03-28,17:00:00,277,82,CURITIBA,PR,Colisão traseira,Velocidade Incompatível,Nublado,2025-03-28,17
2025-03-28,17:40:00,116,"286,9",ITAPECERICA DA SERRA,SP,Atropelamento de Pedestre,Transitar no Acostamento,Garoa/Chuvisco,2025-03-28,17
2025-03-28,18:00:00,282,"2,9",FLORIANOPOLIS,SC,Colisão traseira,Condutor deixou de manter distância do veículo da frente,Céu Claro,2025-03-28,18
2025-03-28,17:35:00,304,"66,1",MOSSORO,RN,Saída de leito carroçável,Ausência de reação do condutor,Chuva,2025-03-28,17
2025-03-28,17:10:00,70,521,VARZEA GRANDE,MT,Colisão lateral mesmo sentido,Acesso irregular,Sol,2025-03-28,17
2025-03-28,16:55:00,116,"11,2",VITORIA DA CONQUISTA,BA,Colisão transversal,Desrespeitar a preferência no cruzamento,Céu Claro,2025-03-28,16
2025-03-28,18:10:00,101,527,BUERAREMA,BA,Atropelamento de Pedestre,Ausência de reação do condutor,Céu Claro,2025-03-28,18