data_inversa,horario,br,km,municipio,uf,tipo_acidente,causa_acidente,condicao_metereologica,data,hora
2025-03-28,18:15:00,40,"524,5",CONTAGEM,MG,Colisão traseira,Condutor deixou de manter distância do veículo da frente,Céu Claro,2025-03-28,18
2025-03-28,19:05:00,101,82,NATAL,RN,Atropelamento de Pedestre,Pedestre cruzava a pista fora da faixa,Céu Claro,2025-03-28,19
2025-03-28,18:20:00,262,"104,7",VENDA NOVA DO IMIGRANTE,ES,Colisão traseira,Reação tardia ou ineficiente do condutor,Céu Claro,2025-03-28,18
2025-03-28,18:30:00,60,"1,7",BRASILIA,DF,Colisão lateral mesmo sentido,Manobra de mudança de faixa,Nublado,2025-03-28,18
2025-03-28,18:30:00,280,"29,5",ARAQUARI,SC,Colisão transversal,Ausência de reação do condutor,Céu Claro,2025-03-28,18
2025-03-28,19:35:00,116,5,GUARULHOS,SP,Atropelamento de Pedestre,Pedestre cruzava a pista fora da faixa,Nublado,2025-03-28,19
2025-03-28,19:47:00,116,219,GUARULHOS,SP,Colisão traseira,Reação tardia ou ineficiente do condutor,Céu Claro,2025-03-28,19
2025-03-28,18:46:00,235,"4,2",NOSSA SENHORA DO SOCORRO,SE,Colisão traseira,Ingestão de álcool pelo condutor,Céu Claro,2025-03-28,18
2025-03-28,18:20:00,116,5,MAFRA,SC,Colisão traseira,Reação tardia ou ineficiente do condutor,Nublado,2025-03-28,18
2025-03-28,19:05:00,222,70,SAO GONCALO DO AMARANTE,CE,Colisão frontal,Transitar na contramão,Céu Claro,2025-03-28,19
2025-03-28,20:00:00,262,"35,5",MANHUACU,MG,Colisão transversal,Acessar a via sem observar a presença dos outros veículos,Céu Claro,2025-03-28,20
2025-03-28,09:30:00,116,"513,9",PELOTAS,RS,Colisão lateral mesmo sentido,Manobra de mudança de faixa,Céu Claro,2025-03-28,9
2025-03-28,19:40:00,153,"61,5",SAO JOSE DO RIO PRETO,SP,Tombamento,Trafegar com motocicleta (ou similar) entre as faixas,Céu Claro,2025-03-28,19
2025-03-28,21:30:00,116,221,DOIS IRMAOS,RS,Colisão transversal,Acessar a via sem observar a presença dos outros veículos,Nublado,2025-03-28,21
2025-03-28,17:50:00,101,482,ANGRA DOS REIS,RJ,Colisão lateral mesmo sentido,Acessar a via sem observar a presença dos outros veículos,Céu Claro,2025-03-28,17
2025-03-28,19:45:00,493,15,GUAPIMIRIM,RJ,Colisão lateral sentido oposto,Ausência de reação do condutor,Céu Claro,2025-03-28,19
2025-03-28,20:27:00,232,507,SALGUEIRO,PE,Colisão frontal,Acessar a via sem observar a presença dos outros veículos,Céu Claro,2025-03-28,20
2025-03-28,20:30:00,343,340,TERESINA,PI,Colisão transversal,Acessar a via sem observar a presença dos outros veículos,Céu Claro,2025-03-28,20
2025-03-28,20:10:00,290,51,GLORINHA,RS,Colisão traseira,Reação tardia ou ineficiente do condutor,Nublado,2025-03-28,20
2025-03-28,20:00:00,376,204,MANDAGUARI,PR,Saída de leito carroçável,Reação tardia ou ineficiente do condutor,Céu Claro,2025-03-28,20
2025-03-28,20:50:00,324,543,AMELIA RODRIGUES,BA,Colisão lateral mesmo sentido,Acesso irregular,Céu Claro,2025-03-28,20
2025-03-28,21:20:00,101,241,SERRA,ES,Colisão frontal,Transitar na contramão,Céu Claro,2025-03-28,21
2025-03-28,21:05:00,116,178,SAO JOAO DE MERITI,RJ,Colisão lateral mesmo sentido,Reação tardia ou ineficiente do condutor,Céu Claro,2025-03-28,21
2025-03-28,20:20:00,316,3,TERESINA,PI,Colisão transversal,Retorno proibido,Céu Claro,2025-03-28,20
2025-03-28,17:20:00,116,210,MORRO REUTER,RS,Colisão transversal,Acesso irregular,Céu Claro,2025-03-28,17
2025-03-28,20:30:00,277,651,MATELANDIA,PR,Colisão traseira,Condutor deixou de manter distância do veículo da frente,Céu Claro,2025-03-28,20
2025-03-28,18:30:00,316,66,CASTANHAL,PA,Atropelamento de Pedestre,Entrada inopinada do pedestre,Céu Claro,2025-03-28,18
2025-03-28,19:10:00,174,286,PONTES E LACERDA,MT,Colisão traseira,Frear bruscamente,Céu Claro,2025-03-28,19
2025-03-28,20:50:00,493,13,GUAPIMIRIM,RJ,Queda de ocupante de veículo,Condutor Dormindo,Céu Claro,2025-03-28,20
2025-03-28,22:10:00,282,5,SAO JOSE,SC,Atropelamento de Pedestre,Pedestre cruzava a pista fora da faixa,Céu Claro,2025-03-28,22
2025-03-28,19:55:00,163,802,SONORA,MS,Saída de leito carroçável,Ultrapassagem Indevida,Nublado,2025-03-28,19
2025-03-28,22:10:00,153,"408,1",PIRENOPOLIS,GO,Tombamento,Avarias e/ou desgaste excessivo no pneu,Chuva,2025-03-28,22
2025-03-28,19:20:00,163,"119,6",NAVIRAI,MS,Saída de leito carroçável,Reação tardia ou ineficiente do condutor,Céu Claro,2025-03-28,19
2025-03-28,20:13:00,163,92,RONDONOPOLIS,MT,Capotamento,Animais na Pista,Céu Claro,2025-03-28,20
2025-03-28,20:30:00,101,175,MACAE,RJ,Colisão traseira,Transitar no Acostamento,Céu Claro,2025-03-28,20
2025-03-28,22:05:00,116,279,ITAPECERICA DA SERRA,SP,Queda de ocupante de veículo,Condutor Dormindo,Céu Claro,2025-03-28,22
2025-03-28,20:00:00,381,"159,9",GOVERNADOR VALADARES,MG,Colisão com objeto,Ausência de reação do condutor,Céu Claro,2025-03-28,20
2025-03-28,22:40:00,293,"13,1",CAPAO DO LEAO,RS,Colisão transversal,Ausência de reação do condutor,Céu Claro,2025-03-28,22
2025-03-28,22:15:00,101,93,CONDE,PB,Colisão com objeto,Ausência de reação do condutor,Céu Claro,2025-03-28,22
2025-03-28,21:55:00,381,16,BRAGANCA PAULISTA,SP,Colisão com objeto,Ingestão de álcool pelo condutor,Céu Claro,2025-03-28,21
2025-03-28,19:00:00,163,1041,MATUPA,MT,Colisão traseira,Ultrapassagem Indevida,Céu Claro,2025-03-28,19
2025-03-28,21:30:00,210,74,PORTO GRANDE,AP,Eventos atípicos,Avarias e/ou desgaste excessivo no pneu,Garoa/Chuvisco,2025-03-28,21
2025-03-28,22:15:00,470,"230,8",CARLOS BARBOSA,RS,Tombamento,Velocidade Incompatível,Céu Claro,2025-03-28,22
2025-03-28,22:50:00,116,177,RIO DE JANEIRO,RJ,Colisão traseira,Condutor deixou de manter distância do veículo da frente,Céu Claro,2025-03-28,22
2025-03-28,22:00:00,476,278,SAO MATEUS DO SUL,PR,Queda de ocupante de veículo,Condutor deixou de manter distância do veículo da frente,Garoa/Chuvisco,2025-03-28,22
2025-03-28,22:00:00,343,39,BURITI DOS LOPES,PI,Colisão lateral mesmo sentido,Reação tardia ou ineficiente do condutor,Chuva,2025-03-28,22
2025-03-28,22:30:00,158,650,NOVA XAVANTINA,MT,Queda de ocupante de veículo,Ausência de reação do condutor,Céu Claro,2025-03-28,22
2025-03-28,23:50:00,381,485,BETIM,MG,Colisão lateral mesmo sentido,Manobra de mudança de faixa,Céu Claro,2025-03-28,23
2025-03-28,23:25:00,365,"629,5",UBERLANDIA,MG,Colisão traseira,Velocidade Incompatível,Céu Claro,2025-03-28,23
2025-03-28,23:55:00,381,485,BETIM,MG,Tombamento,Avarias e/ou desgaste excessivo no pneu,Céu Claro,2025-03-28,23
2025-03-29,00:10:00,153,"333,8",IRATI,PR,Colisão frontal,Ausência de reação do condutor,Nublado,2025-03-29,0
2025-03-29,00:30:00,369,134,IBIPORA,PR,Colisão transversal,Conversão proibida,Céu Claro,2025-03-29,0
2025-03-29,00:50:00,230,"147,1",CAMPINA GRANDE,PB,Saída de leito carroçável,Ingestão de álcool pelo condutor,Nublado,2025-03-29,0
2025-03-28,23:11:00,493,49,DUQUE DE CAXIAS,RJ,Colisão traseira,Ausência de reação do condutor,Céu Claro,2025-03-28,23
2025-03-29,00:15:00,163,"462,9",CAMPO GRANDE,MS,Atropelamento de Pedestre,Entrada inopinada do pedestre,Céu Claro,2025-03-29,0
2025-03-29,00:45:00,425,128,GUAJARA-MIRIM,RO,Colisão transversal,Ingestão de álcool pelo condutor,Céu Claro,2025-03-29,0
2025-03-29,02:23:00,70,16,BRASILIA,DF,Saída de leito carroçável,Condutor Dormindo,Nublado,2025-03-29,2
2025-03-29,01:20:00,232,9,RECIFE,PE,Queda de ocupante de veículo,Velocidade Incompatível,Nublado,2025-03-29,1
2025-03-28,22:55:00,282,94,ALFREDO WAGNER,SC,Saída de leito carroçável,Velocidade Incompatível,Céu Claro,2025-03-28,22
2025-03-29,03:00:00,376,"631,3",SAO JOSE DOS PINHAIS,PR,Colisão com objeto,Ausência de reação do condutor,Nublado,2025-03-29,3
2025-03-29,02:00:00,364,"119,6",APARECIDA DO RIO DOCE,GO,Saída de leito carroçável,Ingestão de álcool pelo condutor,Céu Claro,2025-03-29,2
2025-03-29,02:30:00,376,405,TIBAGI,PR,Colisão com objeto,Reação tardia ou ineficiente do condutor,Céu Claro,2025-03-29,2
2025-03-29,02:50:00,116,336,BARRA DO RIBEIRO,RS,Saída de leito carroçável,Ausência de reação do condutor,Nublado,2025-03-29,2
2025-03-29,04:35:00,40,"517,6",RIBEIRAO DAS NEVES,MG,Colisão traseira,Ausência de reação do condutor,Céu Claro,2025-03-29,4
2025-03-29,04:15:00,116,82,TERESOPOLIS,RJ,Colisão frontal,Ausência de reação do condutor,Céu Claro,2025-03-29,4
2025-03-29,04:30:00,116,175,SAO JOAO DE MERITI,RJ,Atropelamento de Pedestre,Suicídio (presumido),Céu Claro,2025-03-29,4
2025-03-29,04:50:00,116,"26,3",ITAITINGA,CE,Colisão lateral mesmo sentido,Manobra de mudança de faixa,Chuva,2025-03-29,4
2025-03-29,05:00:00,376,"167,8",MARINGA,PR,Colisão com objeto,Reação tardia ou ineficiente do condutor,Céu Claro,2025-03-29,5
2025-03-28,18:20:00,158,326,SANTA MARIA,RS,Tombamento,Ausência de reação do condutor,Céu Claro,2025-03-28,18
2025-03-29,06:10:00,277,"6,5",PARANAGUA,PR,Colisão com objeto,Reação tardia ou ineficiente do condutor,Nublado,2025-03-29,6
2025-03-29,05:50:00,232,29,MORENO,PE,Colisão transversal,Acessar a via sem observar a presença dos outros veículos,Céu Claro,2025-03-29,5
2025-03-28,21:30:00,316,111,SANTA MARIA DO PARA,PA,Colisão transversal,Acessar a via sem observar a presença dos outros veículos,Garoa/Chuvisco,2025-03-28,21
2025-03-17,14:15:00,343,557,AMARANTE,PI,Saída de leito carroçável,Chuva,Chuva,2025-03-17,14
2025-03-29,07:00:00,101,200,SAO JOSE,SC,Queda de ocupante de veículo,Ausência de reação do condutor,Céu Claro,2025-03-29,7
2025-03-28,23:00:00,376,499,PONTA GROSSA,PR,Capotamento,Ausência de reação do condutor,Ignorado,2025-03-28,23
2025-03-29,06:00:00,20,"321,4",CARIDADE,CE,Saída de leito carroçável,Pista esburacada,Nublado,2025-03-29,6
2025-03-29,07:00:00,381,5,BETIM,MG,Colisão com objeto,Reação tardia ou ineficiente do condutor,Céu Claro,2025-03-29,7
2025-03-29,07:18:00,40,1,VALPARAISO DE GOIAS,GO,Colisão lateral mesmo sentido,Manobra de mudança de faixa,Céu Claro,2025-03-29,7
2025-03-29,06:30:00,40,1,VALPARAISO DE GOIAS,GO,Saída de leito carroçável,Reação tardia ou ineficiente do condutor,Céu Claro,2025-03-29,6
2025-03-18,04:40:00,158,299,TRES LAGOAS,MS,Saída de leito carroçável,Animais na Pista,Nublado,2025-03-18,4
2025-03-29,07:30:00,369,120,JATAIZINHO,PR,Colisão lateral mesmo sentido,Velocidade Incompatível,Céu Claro,2025-03-29,7
2025-03-29,07:25:00,381,536,ITATIAIUCU,MG,Saída de leito carroçável,Reação tardia ou ineficiente do condutor,Céu Claro,2025-03-29,7
2025-03-29,08:10:00,101,42,IGARASSU,PE,Colisão lateral mesmo sentido,Acesso irregular,Céu Claro,2025-03-29,8
2025-03-29,07:50:00,259,"60,9",COLATINA,ES,Tombamento,Condutor deixou de manter distância do veículo da frente,Céu Claro,2025-03-29,7
2025-03-29,07:58:00,163,"682,1",RIO VERDE DE MATO GROSSO,MS,Colisão transversal,Acessar a via sem observar a presença dos outros veículos,Sol,2025-03-29,7
2025-03-29,07:50:00,116,"826,6",VITORIA DA CONQUISTA,BA,Colisão lateral mesmo sentido,Manobra de mudança de faixa,Céu Claro,2025-03-29,7
2025-03-29,08:23:00,40,551,NOVA LIMA,MG,Colisão traseira,Frear bruscamente,Céu Claro,2025-03-29,8
2025-03-29,07:40:00,40,109,DUQUE DE CAXIAS,RJ,Colisão transversal,Transitar no Acostamento,Céu Claro,2025-03-29,7
2025-03-29,08:05:00,101,249,PAULO LOPES,SC,Saída de leito carroçável,Condutor Dormindo,Céu Claro,2025-03-29,8
2025-03-29,09:15:00,418,90,NOVA VICOSA,BA,Saída de leito carroçável,Ultrapassagem Indevida,Nublado,2025-03-29,9
2025-03-29,09:15:00,470,"210,2",BENTO GONCALVES,RS,Colisão traseira,Reação tardia ou ineficiente do condutor,Céu Claro,2025-03-29,9
2025-03-29,08:00:00,319,63,PORTO VELHO,RO,Colisão lateral mesmo sentido,Trafegar com motocicleta (ou similar) entre as faixas,Céu Claro,2025-03-29,8
2025-03-29,09:00:00,280,"54,9",GUARAMIRIM,SC,Saída de leito carroçável,Avarias e/ou desgaste excessivo no pneu,Céu Claro,2025-03-29,9
2025-03-29,09:30:00,277,594,CASCAVEL,PR,Colisão transversal,Acessar a via sem observar a presença dos outros veículos,Nublado,2025-03-29,9
2025-03-29,09:05:00,153,"8,2",ICEM,SP,Colisão lateral sentido oposto,Condutor usando celular,Céu Claro,2025-03-29,9
2025-03-29,04:45:00,116,248,SAO LEOPOLDO,RS,Colisão com objeto,Ingestão de álcool pelo condutor,Céu Claro,2025-03-29,4
2025-03-29,10:30:00,101,428,MANGARATIBA,RJ,Colisão frontal,Desrespeitar a preferência no cruzamento,Céu Claro,2025-03-29,10
2025-03-24,10:20:00,367,42,SANTA CRUZ CABRALIA,BA,Colisão traseira,Condutor deixou de manter distância do veículo da frente,Nublado,2025-03-24,10
2025-03-29,10:00:00,116,146,SAO JOSE DOS CAMPOS,SP,Colisão traseira,Estacionar ou parar em local proibido,Sol,2025-03-29,10
2025-03-28,21:15:00,0,0,HUMAITA,AM,Colisão com objeto,Ausência de reação do condutor,Garoa/Chuvisco,2025-03-28,21
2025-03-29,11:15:00,369,"153,8",LONDRINA,PR,Queda de ocupante de veículo,Manobra de mudança de faixa,Céu Claro,2025-03-29,11
2025-03-29,09:20:00,364,"207,9",RONDONOPOLIS,MT,Colisão transversal,Mal súbito do condutor,Céu Claro,2025-03-29,9
2025-03-29,10:00:00,70,"6,2",AGUAS LINDAS DE GOIAS,GO,Colisão traseira,Reação tardia ou ineficiente do condutor,Céu Claro,2025-03-29,10
2025-03-29,09:10:00,101,135,BALNEARIO CAMBORIU,SC,Colisão transversal,Acessar a via sem observar a presença dos outros veículos,Sol,2025-03-29,9
2025-03-29,10:50:00,163,"479,5",CAMPO GRANDE,MS,Tombamento,Avarias e/ou desgaste excessivo no pneu,Céu Claro,2025-03-29,10
2025-03-29,11:05:00,20,"17,5",BRASILIA,DF,Saída de leito carroçável,Ausência de reação do condutor,Céu Claro,2025-03-29,11
2025-03-29,11:00:00,361,5,PATOS,PB,Colisão traseira,Ausência de reação do condutor,Céu Claro,2025-03-29,11
2025-03-29,11:50:00,285,"448,1",IJUI,RS,Saída de leito carroçável,Reação tardia ou ineficiente do condutor,Sol,2025-03-29,11
2025-03-29,09:15:00,101,"134,8",BALNEARIO CAMBORIU,SC,Colisão com objeto,Velocidade Incompatível,Céu Claro,2025-03-29,9
2025-03-29,10:15:00,10,300,CIDELANDIA,MA,Saída de leito carroçável,Velocidade Incompatível,Céu Claro,2025-03-29,10
2025-03-29,12:25:00,153,"656,3",DUERE,TO,Colisão transversal,Ultrapassagem Indevida,Céu Claro,2025-03-29,12
2025-03-22,18:28:00,230,"91,9",SAO JOAO DOS PATOS,MA,Atropelamento de Pedestre,Pedestre andava na pista,Céu Claro,2025-03-22,18
2025-03-29,12:20:00,40,115,DUQUE DE CAXIAS,RJ,Queda de ocupante de veículo,Reação tardia ou ineficiente do condutor,Céu Claro,2025-03-29,12
2025-03-29,12:30:00,101,91,CABO DE SANTO AGOSTINHO,PE,Colisão com objeto,Acumulo de areia ou detritos sobre o pavimento,Céu Claro,2025-03-29,12
2025-03-29,13:00:00,406,"162,7",SAO GONCALO DO AMARANTE,RN,Colisão transversal,Acessar a via sem observar a presença dos outros veículos,Céu Claro,2025-03-29,13
2025-03-29,12:00:00,116,246,LAGES,SC,Colisão transversal,Acessar a via sem observar a presença dos outros veículos,Céu Claro,2025-03-29,12
2025-03-29,11:00:00,10,321,ACAILANDIA,MA,Colisão traseira,Condutor deixou de manter distância do veículo da frente,Céu Claro,2025-03-29,11
2025-03-29,13:20:00,259,"8,5",JOAO NEIVA,ES,Tombamento,Reação tardia ou ineficiente do condutor,Céu Claro,2025-03-29,13
2025-03-29,12:45:00,285,"454,6",IJUI,RS,Colisão transversal,Acessar a via sem observar a presença dos outros veículos,Sol,2025-03-29,12
2025-03-29,12:47:00,70,3,BRASILIA,DF,Colisão traseira,Ausência de reação do condutor,Céu Claro,2025-03-29,12
2025-03-29,12:25:00,369,247,BOM SUCESSO,PR,Colisão frontal,Acumulo de água sobre o pavimento,Chuva,2025-03-29,12
2025-03-29,12:30:00,232,"142,4",SAO CAITANO,PE,Saída de leito carroçável,Ingestão de álcool pelo condutor,Céu Claro,2025-03-29,12
2025-03-29,11:50:00,135,"16,2",SAO LUIS,MA,Atropelamento de Pedestre,Entrada inopinada do pedestre,Céu Claro,2025-03-29,11
2025-03-29,13:48:00,282,"0,1",FLORIANOPOLIS,SC,Colisão lateral mesmo sentido,Manobra de mudança de faixa,Nublado,2025-03-29,13
2025-03-06,07:00:00,420,233,LAJE,BA,Saída de leito carroçável,Demais falhas mecânicas ou elétricas,Céu Claro,2025-03-06,7
2025-03-29,14:00:00,50,176,UBERABA,MG,Colisão traseira,Ingestão de álcool pelo condutor,Chuva,2025-03-29,14
2025-03-29,14:30:00,116,10,FORTALEZA,CE,Colisão lateral mesmo sentido,Manobra de mudança de faixa,Nublado,2025-03-29,14
2025-03-29,14:30:00,493,24,MAGE,RJ,Queda de ocupante de veículo,Ausência de reação do condutor,Sol,2025-03-29,14
2025-03-29,12:20:00,369,"208,8",APUCARANA,PR,Saída de leito carroçável,Reação tardia ou ineficiente do condutor,Nublado,2025-03-29,12
2025-03-29,14:05:00,376,"179,8",MARINGA,PR,Colisão traseira,Reação tardia ou ineficiente do condutor,Chuva,2025-03-29,14
2025-03-29,15:05:00,290,58,GLORINHA,RS,Saída de leito carroçável,Ausência de reação do condutor,Nublado,2025-03-29,15
2025-03-29,12:13:00,277,61,SAO JOSE DOS PINHAIS,PR,Queda de ocupante de veículo,Velocidade Incompatível,Céu Claro,2025-03-29,12
2025-03-29,15:30:00,470,"57,4",BLUMENAU,SC,Colisão traseira,Ausência de reação do condutor,Céu Claro,2025-03-29,15
2025-03-29,15:20:00,70,"12,2",BRASILIA,DF,Colisão traseira,Condutor deixou de manter distância do veículo da frente,Céu Claro,2025-03-29,15
2025-03-29,15:43:00,101,"281,9",SERRA,ES,Tombamento,Demais falhas mecânicas ou elétricas,Sol,2025-03-29,15
2025-03-29,13:30:00,282,"79,2",GUARACIABA,SC,Colisão traseira,Conversão proibida,Céu Claro,2025-03-29,13
2025-03-29,10:20:00,408,98,CAMARAGIBE,PE,Incêndio,Demais falhas mecânicas ou elétricas,Céu Claro,2025-03-29,10
2025-03-29,15:15:00,60,"167,2",GOIANIA,GO,Colisão com objeto,Ultrapassagem Indevida,Céu Claro,2025-03-29,15
2025-03-29,15:56:00,101,84,BAYEUX,PB,Colisão com objeto,Acessar a via sem observar a presença dos outros veículos,Céu Claro,2025-03-29,15
2025-03-29,11:20:00,277,"601,9",CASCAVEL,PR,Capotamento,Manobra de mudança de faixa,Céu Claro,2025-03-29,11
2025-03-29,16:00:00,116,"829,8",VITORIA DA CONQUISTA,BA,Capotamento,Ingestão de álcool pelo condutor,Céu Claro,2025-03-29,16
2025-03-29,15:38:00,101,"129,1",ESCADA,PE,Colisão traseira,Manobra de mudança de faixa,Céu Claro,2025-03-29,15
2025-03-29,16:00:00,471,174,RIO PARDO,RS,Colisão transversal,Acessar a via sem observar a presença dos outros veículos,Céu Claro,2025-03-29,16
2025-03-29,16:10:00,116,242,SAPUCAIA DO SUL,RS,Atropelamento de Pedestre,Pedestre andava na pista,Céu Claro,2025-03-29,16
2025-03-29,16:39:00,343,"3,4",TERESINA,PI,Colisão transversal,Desrespeitar a preferência no cruzamento,Céu Claro,2025-03-29,16
2025-03-29,16:10:00,262,326,CAMPO GRANDE,MS,Tombamento,Ausência de reação do condutor,Céu Claro,2025-03-29,16
2025-03-29,15:50:00,285,"289,5",PASSO FUNDO,RS,Colisão lateral sentido oposto,Ultrapassagem Indevida,Nublado,2025-03-29,15
2025-03-29,17:00:00,381,36,ATIBAIA,SP,Colisão lateral mesmo sentido,Manobra de mudança de faixa,Céu Claro,2025-03-29,17
2025-03-29,16:40:00,101,"196,2",SAO SEBASTIAO,AL,Saída de leito carroçável,Ausência de reação do condutor,Céu Claro,2025-03-29,16
2025-03-29,13:30:00,153,321,RIANAPOLIS,GO,Colisão transversal,Acessar a via sem observar a presença dos outros veículos,Céu Claro,2025-03-29,13
2025-03-29,16:30:00,470,231,SAO CRISTOVAO DO SUL,SC,Saída de leito carroçável,Acumulo de água sobre o pavimento,Chuva,2025-03-29,16
2025-03-29,17:05:00,277,15,PARANAGUA,PR,Incêndio,Demais falhas mecânicas ou elétricas,Nublado,2025-03-29,17
2025-03-29,16:00:00,158,"98,1",PARANAIBA,MS,Tombamento,Ingestão de álcool pelo condutor,Céu Claro,2025-03-29,16
2025-03-29,17:10:00,465,8,SEROPEDICA,RJ,Queda de ocupante de veículo,Ausência de reação do condutor,Céu Claro,2025-03-29,17
2025-03-29,17:00:00,116,293,ITAPECERICA DA SERRA,SP,Colisão lateral mesmo sentido,Ausência de reação do condutor,Céu Claro,2025-03-29,17
2025-03-29,15:50:00,146,"474,5",BANDEIRA DO SUL,MG,Engavetamento,Condutor deixou de manter distância do veículo da frente,Nublado,2025-03-29,15
2025-03-29,18:40:00,101,46,UBATUBA,SP,Colisão lateral sentido oposto,Trafegar com motocicleta (ou similar) entre as faixas,Céu Claro,2025-03-29,18
2025-03-29,18:40:00,235,6,NOSSA SENHORA DO SOCORRO,SE,Colisão com objeto,Reação tardia ou ineficiente do condutor,Céu Claro,2025-03-29,18
2025-03-29,18:30:00,290,90,PORTO ALEGRE,RS,Colisão lateral mesmo sentido,Manobra de mudança de faixa,Nublado,2025-03-29,18
2025-03-29,19:05:00,101,876,TEIXEIRA DE FREITAS,BA,Queda de ocupante de veículo,Reação tardia ou ineficiente do condutor,Céu Claro,2025-03-29,19
2025-03-29,18:00:00,230,470,SOUSA,PB,Colisão frontal,Deixar de acionar o farol da motocicleta (ou similar),Céu Claro,2025-03-29,18
2025-03-29,18:55:00,381,452,SABARA,MG,Atropelamento de Pedestre,Pedestre cruzava a pista fora da faixa,Céu Claro,2025-03-29,18
2025-03-29,18:40:00,381,799,SAO GONCALO DO SAPUCAI,MG,Saída de leito carroçável,Ausência de reação do condutor,Céu Claro,2025-03-29,18
2025-03-29,18:45:00,376,"330,5",ORTIGUEIRA,PR,Colisão transversal,Acessar a via sem observar a presença dos outros veículos,Céu Claro,2025-03-29,18
2025-03-29,18:50:00,153,514,APARECIDA DE GOIANIA,GO,Colisão transversal,Desrespeitar a preferência no cruzamento,Céu Claro,2025-03-29,18
2025-03-29,19:35:00,101,"288,9",CARIACICA,ES,Colisão traseira,Reação tardia ou ineficiente do condutor,Céu Claro,2025-03-29,19
2025-03-29,19:40:00,116,523,JATI,CE,Colisão traseira,Pista esburacada,Céu Claro,2025-03-29,19
2025-03-29,19:30:00,101,"122,8",ITAJAI,SC,Colisão lateral mesmo sentido,Ingestão de álcool pelo condutor,Sol,2025-03-29,19
2025-03-29,17:50:00,153,146,ARAGUAINA,TO,Colisão traseira,Ausência de reação do condutor,Nublado,2025-03-29,17
2025-03-29,20:20:00,116,"28,7",AQUIRAZ,CE,Colisão traseira,Condutor deixou de manter distância do veículo da frente,Céu Claro,2025-03-29,20
2025-03-29,18:15:00,101,294,ITABORAI,RJ,Queda de ocupante de veículo,Ausência de reação do condutor,Céu Claro,2025-03-29,18
2025-03-29,19:45:00,101,80,JABOATAO DOS GUARARAPES,PE,Colisão lateral mesmo sentido,Acessar a via sem observar a presença dos outros veículos,Céu Claro,2025-03-29,19
2025-03-29,20:20:00,116,293,ITAPECERICA DA SERRA,SP,Saída de leito carroçável,Ausência de reação do condutor,Céu Claro,2025-03-29,20
2025-03-29,19:00:00,282,"342,9",CAMPOS NOVOS,SC,Colisão transversal,Reação tardia ou ineficiente do condutor,Chuva,2025-03-29,19
2025-03-29,18:23:00,232,"341,3",CUSTODIA,PE,Atropelamento de Pedestre,Transitar no Acostamento,Nublado,2025-03-29,18
2025-03-29,18:45:00,101,86,BARRA VELHA,SC,Colisão transversal,Ingestão de álcool pelo condutor,Céu Claro,2025-03-29,18
2025-03-29,19:45:00,467,"107,8",CASCAVEL,PR,Colisão traseira,Reação tardia ou ineficiente do condutor,Nublado,2025-03-29,19
2025-03-29,19:00:00,369,179,ROLANDIA,PR,Colisão traseira,Pista Escorregadia,Chuva,2025-03-29,19
2025-03-29,20:30:00,277,"30,5",MORRETES,PR,Colisão lateral mesmo sentido,Ingestão de álcool pelo condutor,Nublado,2025-03-29,20
2025-03-29,21:00:00,116,187,NOVA IGUACU,RJ,Colisão traseira,Ausência de reação do condutor,Céu Claro,2025-03-29,21
2025-03-29,21:20:00,101,93,NOSSA SENHORA DO SOCORRO,SE,Atropelamento de Pedestre,Acessar a via sem observar a presença dos outros veículos,Céu Claro,2025-03-29,21
2025-03-29,17:30:00,70,524,VARZEA GRANDE,MT,Colisão transversal,Desrespeitar a preferência no cruzamento,Céu Claro,2025-03-29,17
2025-03-29,19:21:00,280,244,BELA VISTA DO TOLDO,SC,Colisão transversal,Acessar a via sem observar a presença dos outros veículos,Céu Claro,2025-03-29,19
2025-03-29,18:00:00,369,"171,8",ROLANDIA,PR,Tombamento,Chuva,Garoa/Chuvisco,2025-03-29,18
2025-03-29,20:10:00,465,21,SEROPEDICA,RJ,Colisão transversal,Conversão proibida,Céu Claro,2025-03-29,20
2025-03-29,19:40:00,290,33,SANTO ANTONIO DA PATRULHA,RS,Colisão traseira,Ausência de reação do condutor,Nublado,2025-03-29,19
2025-03-29,20:40:00,230,"41,6",SANTA RITA,PB,Atropelamento de Pedestre,Pedestre andava na pista,Céu Claro,2025-03-29,20
2025-03-29,19:30:00,101,"62,1",CAMPOS DOS GOYTACAZES,RJ,Colisão com objeto,Ingestão de álcool pelo condutor,Céu Claro,2025-03-29,19
2025-03-29,20:40:00,174,474,BOA VISTA,RR,Colisão traseira,Ingestão de álcool pelo condutor,Céu Claro,2025-03-29,20
2025-03-29,21:40:00,101,51,PAULISTA,PE,Atropelamento de Pedestre,Entrada inopinada do pedestre,Céu Claro,2025-03-29,21
2025-03-29,21:40:00,101,"274,5",TANGUA,RJ,Colisão frontal,Ausência de reação do condutor,Céu Claro,2025-03-29,21
2025-03-29,22:20:00,116,208,GUARULHOS,SP,Colisão com objeto,Ausência de reação do condutor,Céu Claro,2025-03-29,22
2025-03-29,21:10:00,282,"6,2",SAO FRANCISCO DO SUL,SC,Colisão transversal,Ingestão de álcool pelo condutor,Ignorado,2025-03-29,21
2025-03-29,20:40:00,262,"73,6",DOMINGOS MARTINS,ES,Colisão lateral sentido oposto,Velocidade Incompatível,Nublado,2025-03-29,20