data_inversa,horario,br,km,municipio,uf,tipo_acidente,causa_acidente,condicao_metereologica,data,hora
2025-04-01,23:30:00,376,176,MARINGA,PR,Colisão traseira,Reação tardia ou ineficiente do condutor,Céu Claro,2025-04-01,23
2025-04-01,21:35:00,116,426,FEIRA DE SANTANA,BA,Atropelamento de Pedestre,Reação tardia ou ineficiente do condutor,Céu Claro,2025-04-01,21
2025-04-02,01:40:00,158,321,SANTA MARIA,RS,Colisão com objeto,Reação tardia ou ineficiente do condutor,Céu Claro,2025-04-02,1
2025-04-02,01:30:00,262,448,NOVA SERRANA,MG,Incêndio,Demais falhas mecânicas ou elétricas,Céu Claro,2025-04-02,1
2025-04-02,03:00:00,116,198,ARUJA,SP,Colisão com objeto,Condutor Dormindo,Nublado,2025-04-02,3
2025-04-02,06:30:00,280,57,GUARAMIRIM,SC,Capotamento,Reação tardia ou ineficiente do condutor,Sol,2025-04-02,6
2025-04-02,06:49:00,101,81,BAYEUX,PB,Colisão lateral mesmo sentido,Demais falhas na via,Sol,2025-04-02,6
2025-04-02,02:00:00,101,"124,1",ITAJAI,SC,Queda de ocupante de veículo,Demais falhas mecânicas ou elétricas,Ignorado,2025-04-02,2
2025-04-02,07:00:00,101,213,PALHOCA,SC,Colisão com objeto,Ausência de reação do condutor,Céu Claro,2025-04-02,7
2025-04-02,06:25:00,101,"141,9",LINHARES,ES,Atropelamento de Animal,Reação tardia ou ineficiente do condutor,Céu Claro,2025-04-02,6
2025-04-02,06:00:00,381,700,LAVRAS,MG,Tombamento,Acessar a via sem observar a presença dos outros veículos,Nublado,2025-04-02,6
2025-04-02,07:15:00,40,"7,7",VALPARAISO DE GOIAS,GO,Colisão lateral mesmo sentido,Condutor deixou de manter distância do veículo da frente,Céu Claro,2025-04-02,7
2025-04-02,07:00:00,116,122,CURITIBA,PR,Colisão lateral mesmo sentido,Trafegar com motocicleta (ou similar) entre as faixas,Nublado,2025-04-02,7
2025-04-02,04:30:00,116,22,ANTONINA,PR,Saída de leito carroçável,Reação tardia ou ineficiente do condutor,Garoa/Chuvisco,2025-04-02,4
2025-04-02,07:00:00,40,"617,1",CONGONHAS,MG,Colisão transversal,Acesso irregular,Nublado,2025-04-02,7
2025-04-02,07:55:00,230,168,PUXINANA,PB,Saída de leito carroçável,Acumulo de água sobre o pavimento,Chuva,2025-04-02,7
2025-04-02,07:20:00,101,312,SAO GONCALO,RJ,Colisão traseira,Reação tardia ou ineficiente do condutor,Céu Claro,2025-04-02,7
2025-04-02,07:50:00,116,217,GUARULHOS,SP,Colisão traseira,Trafegar com motocicleta (ou similar) entre as faixas,Nublado,2025-04-02,7
2025-04-02,07:57:00,116,189,QUEIMADOS,RJ,Colisão traseira,Reação tardia ou ineficiente do condutor,Céu Claro,2025-04-02,7
2025-04-02,08:15:00,392,352,SANTA MARIA,RS,Colisão transversal,Acessar a via sem observar a presença dos outros veículos,Nublado,2025-04-02,8
2025-04-02,07:58:00,153,145,ARAGUAINA,TO,Queda de ocupante de veículo,Reação tardia ou ineficiente do condutor,Chuva,2025-04-02,7
2025-04-02,07:45:00,101,108,PARNAMIRIM,RN,Atropelamento de Pedestre,Acessar a via sem observar a presença dos outros veículos,Céu Claro,2025-04-02,7
2025-04-02,08:00:00,101,203,SAO JOSE,SC,Colisão traseira,Ausência de reação do condutor,Céu Claro,2025-04-02,8
2025-04-02,07:15:00,60,12,SANTO ANTONIO DO DESCOBERTO,GO,Colisão lateral mesmo sentido,Reação tardia ou ineficiente do condutor,Céu Claro,2025-04-02,7
2025-04-02,07:55:00,232,"10,9",JABOATAO DOS GUARARAPES,PE,Saída de leito carroçável,Velocidade Incompatível,Céu Claro,2025-04-02,7
2025-04-02,08:20:00,232,"140,1",SAO CAITANO,PE,Colisão traseira,Condutor deixou de manter distância do veículo da frente,Chuva,2025-04-02,8
2025-04-02,08:00:00,277,"3,1",PARANAGUA,PR,Queda de ocupante de veículo,Reação tardia ou ineficiente do condutor,Chuva,2025-04-02,8
2025-04-02,08:45:00,40,112,DUQUE DE CAXIAS,RJ,Eventos atípicos,Demais falhas mecânicas ou elétricas,Céu Claro,2025-04-02,8
2025-04-02,09:25:00,101,67,RECIFE,PE,Colisão lateral mesmo sentido,Reação tardia ou ineficiente do condutor,Nublado,2025-04-02,9
2025-04-02,08:58:00,470,66,INDAIAL,SC,Colisão traseira,Acessar a via sem observar a presença dos outros veículos,Nublado,2025-04-02,8
2025-03-06,18:45:00,232,"17,1",JABOATAO DOS GUARARAPES,PE,Tombamento,Demais falhas mecânicas ou elétricas,Garoa/Chuvisco,2025-03-06,18
2025-03-02,22:00:00,70,1,BRASILIA,DF,Colisão traseira,Condutor deixou de manter distância do veículo da frente,Céu Claro,2025-03-02,22
2025-03-14,09:00:00,493,"97,8",SEROPEDICA,RJ,Colisão com objeto,Objeto estático sobre o leito carroçável,Céu Claro,2025-03-14,9
2025-04-02,10:11:00,230,12,CABEDELO,PB,Engavetamento,Ausência de reação do condutor,Céu Claro,2025-04-02,10
2025-04-02,10:30:00,381,32,ATIBAIA,SP,Colisão lateral mesmo sentido,Acessar a via sem observar a presença dos outros veículos,Céu Claro,2025-04-02,10
2025-03-07,14:20:00,381,483,BETIM,MG,Engavetamento,Ausência de reação do condutor,Céu Claro,2025-03-07,14
2025-04-02,10:50:00,101,270,SERRA,ES,Queda de ocupante de veículo,Acumulo de areia ou detritos sobre o pavimento,Céu Claro,2025-04-02,10
2025-04-02,08:46:00,427,"94,3",CAICO,RN,Colisão traseira,Condutor deixou de manter distância do veículo da frente,Céu Claro,2025-04-02,8
2025-04-02,09:00:00,101,476,ANGRA DOS REIS,RJ,Colisão transversal,Desrespeitar a preferência no cruzamento,Céu Claro,2025-04-02,9
2025-04-02,10:00:00,101,72,ARAQUARI,SC,Atropelamento de Pedestre,Entrada inopinada do pedestre,Céu Claro,2025-04-02,10
2025-04-02,11:30:00,116,"9,1",FORTALEZA,CE,Atropelamento de Pedestre,Entrada inopinada do pedestre,Chuva,2025-04-02,11
2025-04-02,09:00:00,110,344,ALAGOINHAS,BA,Incêndio,Demais falhas mecânicas ou elétricas,Céu Claro,2025-04-02,9
2025-04-02,11:00:00,381,"929,7",ITAPEVA,MG,Queda de ocupante de veículo,Velocidade Incompatível,Céu Claro,2025-04-02,11
2025-04-02,12:10:00,116,"98,9",PINDAMONHANGABA,SP,Tombamento,Acumulo de areia ou detritos sobre o pavimento,Céu Claro,2025-04-02,12
2025-04-02,12:50:00,101,254,SERRA,ES,Colisão com objeto,Ausência de reação do condutor,Céu Claro,2025-04-02,12
2025-04-02,12:52:00,101,95,NATAL,RN,Colisão traseira,Condutor deixou de manter distância do veículo da frente,Nublado,2025-04-02,12
2025-04-02,12:50:00,293,"4,6",PELOTAS,RS,Colisão transversal,Acessar a via sem observar a presença dos outros veículos,Chuva,2025-04-02,12
2025-04-02,13:11:00,101,"207,7",SAO JOSE,SC,Queda de ocupante de veículo,Ausência de reação do condutor,Céu Claro,2025-04-02,13
2025-04-02,12:40:00,414,301,VILA PROPICIO,GO,Saída de leito carroçável,Ausência de reação do condutor,Céu Claro,2025-04-02,12
2025-04-02,13:30:00,104,60,CARUARU,PE,Saída de leito carroçável,Chuva,Chuva,2025-04-02,13
2025-04-02,11:45:00,364,12,VILHENA,RO,Colisão traseira,Condutor deixou de manter distância do veículo da frente,Céu Claro,2025-04-02,11
2025-04-02,13:20:00,282,"505,3",XANXERE,SC,Colisão transversal,Acessar a via sem observar a presença dos outros veículos,Nublado,2025-04-02,13
2025-03-17,09:30:00,40,24,TRES RIOS,RJ,Saída de leito carroçável,Chuva,Chuva,2025-03-17,9
2025-04-02,09:20:00,116,102,GUAPIMIRIM,RJ,Saída de leito carroçável,Reação tardia ou ineficiente do condutor,Céu Claro,2025-04-02,9
2025-04-02,14:40:00,101,88,JOAO PESSOA,PB,Colisão lateral mesmo sentido,Acessar a via sem observar a presença dos outros veículos,Céu Claro,2025-04-02,14
2025-04-02,15:00:00,381,"880,8",ESTIVA,MG,Tombamento,Transitar no Acostamento,Sol,2025-04-02,15
2025-04-02,13:50:00,364,695,PORTO VELHO,RO,Tombamento,Ausência de reação do condutor,Nublado,2025-04-02,13
2025-04-02,15:20:00,101,"266,5",SERRA,ES,Colisão lateral sentido oposto,Ausência de reação do condutor,Sol,2025-04-02,15
2025-04-02,13:30:00,364,11,VILHENA,RO,Colisão transversal,Acessar a via sem observar a presença dos outros veículos,Sol,2025-04-02,13
2025-04-02,15:35:00,116,292,ELDORADO DO SUL,RS,Tombamento,Avarias e/ou desgaste excessivo no pneu,Garoa/Chuvisco,2025-04-02,15
2025-04-02,14:50:00,50,204,DELTA,MG,Saída de leito carroçável,Acumulo de água sobre o pavimento,Chuva,2025-04-02,14
2025-04-02,14:12:00,230,12,CABEDELO,PB,Queda de ocupante de veículo,Manobra de mudança de faixa,Sol,2025-04-02,14
2025-04-02,14:23:00,364,343,JI-PARANA,RO,Colisão lateral mesmo sentido,Reação tardia ou ineficiente do condutor,Céu Claro,2025-04-02,14
2025-04-02,16:00:00,116,228,SAO PAULO,SP,Colisão lateral mesmo sentido,Reação tardia ou ineficiente do condutor,Céu Claro,2025-04-02,16
2025-04-02,16:00:00,116,"149,8",CAXIAS DO SUL,RS,Atropelamento de Pedestre,Trafegar com motocicleta (ou similar) entre as faixas,Chuva,2025-04-02,16
2025-04-02,12:00:00,262,"159,2",IBATIBA,ES,Colisão transversal,Acessar a via sem observar a presença dos outros veículos,Céu Claro,2025-04-02,12
2025-04-02,16:00:00,101,49,UBATUBA,SP,Colisão transversal,Acessar a via sem observar a presença dos outros veículos,Céu Claro,2025-04-02,16
2025-04-02,13:26:00,425,127,GUAJARA-MIRIM,RO,Colisão traseira,Acessar a via sem observar a presença dos outros veículos,Nublado,2025-04-02,13
2025-04-02,14:44:00,116,"634,5",DIVINO,MG,Colisão frontal,Manobra de mudança de faixa,Céu Claro,2025-04-02,14
2025-02-06,23:00:00,0,0,SAO GONCALO,RJ,Colisão com objeto,Pista Escorregadia,Nublado,2025-02-06,23
2025-04-02,14:25:00,101,324,PRESIDENTE TANCREDO NEVES,BA,Colisão lateral mesmo sentido,Reação tardia ou ineficiente do condutor,Céu Claro,2025-04-02,14
2025-04-02,17:20:00,101,"63,8",SAO MATEUS,ES,Colisão transversal,Transitar no Acostamento,Céu Claro,2025-04-02,17
2025-04-02,16:30:00,381,"450,3",SABARA,MG,Colisão lateral mesmo sentido,Transitar no Acostamento,Céu Claro,2025-04-02,16
2025-04-02,16:30:00,277,703,SAO MIGUEL DO IGUACU,PR,Colisão traseira,Reação tardia ou ineficiente do condutor,Céu Claro,2025-04-02,16
2025-04-02,17:40:00,476,157,ARAUCARIA,PR,Colisão transversal,Reação tardia ou ineficiente do condutor,Nublado,2025-04-02,17
2025-04-02,15:30:00,267,304,RIO BRILHANTE,MS,Saída de leito carroçável,Reação tardia ou ineficiente do condutor,Nublado,2025-04-02,15
2025-04-02,14:30:00,364,"230,9",CACOAL,RO,Colisão lateral mesmo sentido,Demais falhas mecânicas ou elétricas,Céu Claro,2025-04-02,14
2025-04-02,18:29:00,101,82,BAYEUX,PB,Colisão transversal,Trafegar com motocicleta (ou similar) entre as faixas,Céu Claro,2025-04-02,18
2025-04-02,18:10:00,290,50,GLORINHA,RS,Saída de leito carroçável,Acumulo de água sobre o pavimento,Chuva,2025-04-02,18
2025-04-02,18:30:00,277,82,CURITIBA,PR,Colisão traseira,Manobra de mudança de faixa,Garoa/Chuvisco,2025-04-02,18
2025-04-02,17:20:00,158,287,JULIO DE CASTILHOS,RS,Saída de leito carroçável,Chuva,Chuva,2025-04-02,17
2025-04-02,18:57:00,101,82,BAYEUX,PB,Colisão traseira,Condutor deixou de manter distância do veículo da frente,Céu Claro,2025-04-02,18
2025-04-02,18:20:00,50,71,UBERLANDIA,MG,Engavetamento,Condutor deixou de manter distância do veículo da frente,Céu Claro,2025-04-02,18
2025-04-02,16:00:00,40,529,CONTAGEM,MG,Colisão traseira,Condutor deixou de manter distância do veículo da frente,Céu Claro,2025-04-02,16
2025-04-02,18:20:00,158,331,SANTA MARIA,RS,Queda de ocupante de veículo,Conversão proibida,Chuva,2025-04-02,18
2025-04-02,18:25:00,101,"295,1",CARIACICA,ES,Atropelamento de Pedestre,Entrada inopinada do pedestre,Céu Claro,2025-04-02,18
2025-04-02,19:00:00,116,"83,6",TERESOPOLIS,RJ,Atropelamento de Pedestre,Pedestre cruzava a pista fora da faixa,Nublado,2025-04-02,19
2025-04-02,18:21:00,70,8,BARRA DO GARCAS,MT,Atropelamento de Pedestre,Ausência de reação do condutor,Céu Claro,2025-04-02,18
2025-04-02,19:20:00,101,"266,6",SERRA,ES,Queda de ocupante de veículo,Pedestre andava na pista,Céu Claro,2025-04-02,19
2025-04-02,18:44:00,282,221,LAGES,SC,Colisão frontal,Acessar a via sem observar a presença dos outros veículos,Chuva,2025-04-02,18
2025-04-02,18:20:00,163,747,SORRISO,MT,Colisão lateral mesmo sentido,Manobra de mudança de faixa,Nublado,2025-04-02,18
2025-04-02,19:00:00,101,80,SAO GONCALO DO AMARANTE,RN,Colisão frontal,Transitar na contramão,Chuva,2025-04-02,19
2025-04-02,19:30:00,101,912,NOVA VICOSA,BA,Colisão frontal,Ultrapassagem Indevida,Céu Claro,2025-04-02,19
2025-04-02,18:50:00,116,"296,7",PORTO REAL,RJ,Queda de ocupante de veículo,Ausência de reação do condutor,Céu Claro,2025-04-02,18
2025-04-02,18:50:00,476,"119,3",COLOMBO,PR,Colisão transversal,Reação tardia ou ineficiente do condutor,Nublado,2025-04-02,18
2025-04-02,19:45:00,116,228,SAO PAULO,SP,Incêndio,Demais falhas mecânicas ou elétricas,Vento,2025-04-02,19
2025-04-02,12:30:00,40,124,DUQUE DE CAXIAS,RJ,Tombamento,Reação tardia ou ineficiente do condutor,Céu Claro,2025-04-02,12
2025-04-02,20:20:00,282,"15,5",PALHOCA,SC,Colisão transversal,Desrespeitar a preferência no cruzamento,Nublado,2025-04-02,20
2025-04-02,17:30:00,364,202,RONDONOPOLIS,MT,Tombamento,Demais falhas na via,Céu Claro,2025-04-02,17
2025-04-02,20:00:00,40,55,PETROPOLIS,RJ,Colisão traseira,Frear bruscamente,Nublado,2025-04-02,20
2025-04-02,18:30:00,163,821,SINOP,MT,Colisão transversal,Conversão proibida,Nublado,2025-04-02,18
2025-04-02,17:35:00,376,"180,5",MARINGA,PR,Queda de ocupante de veículo,Objeto estático sobre o leito carroçável,Chuva,2025-04-02,17
2025-04-02,16:45:00,101,194,SAO GONCALO DOS CAMPOS,BA,Incêndio,Demais falhas mecânicas ou elétricas,Céu Claro,2025-04-02,16
2025-04-02,20:30:00,101,"148,5",ITAPEMA,SC,Colisão lateral mesmo sentido,Reação tardia ou ineficiente do condutor,Céu Claro,2025-04-02,20
2025-04-02,19:30:00,324,550,AMELIA RODRIGUES,BA,Colisão traseira,Condutor deixou de manter distância do veículo da frente,Céu Claro,2025-04-02,19
2025-04-02,19:25:00,101,"269,5",IMBITUBA,SC,Atropelamento de Pedestre,Pedestre cruzava a pista fora da faixa,Nublado,2025-04-02,19
2025-04-02,13:40:00,386,296,POUSO NOVO,RS,Saída de leito carroçável,Reação tardia ou ineficiente do condutor,Chuva,2025-04-02,13
2025-04-02,20:18:00,101,320,NITEROI,RJ,Colisão traseira,Condutor deixou de manter distância do veículo da frente,Céu Claro,2025-04-02,20
2025-04-02,21:51:00,10,453,PALMAS,TO,Tombamento,Avarias e/ou desgaste excessivo no pneu,Céu Claro,2025-04-02,21
2025-04-02,19:45:00,153,"97,1",CONCORDIA,SC,Colisão transversal,Acessar a via sem observar a presença dos outros veículos,Chuva,2025-04-02,19
2025-04-02,21:40:00,101,146,ITAPEMA,SC,Tombamento,Velocidade Incompatível,Chuva,2025-04-02,21
2025-04-02,19:00:00,364,266,JACIARA,MT,Colisão traseira,Ausência de reação do condutor,Nublado,2025-04-02,19
2025-04-02,17:00:00,304,"31,5",MOSSORO,RN,Eventos atípicos,Condutor deixou de manter distância do veículo da frente,Céu Claro,2025-04-02,17
2025-04-02,21:40:00,414,402,CORUMBA DE GOIAS,GO,Saída de leito carroçável,Reação tardia ou ineficiente do condutor,Céu Claro,2025-04-02,21
2025-04-02,22:10:00,101,"267,9",SERRA,ES,Colisão lateral mesmo sentido,Acessar a via sem observar a presença dos outros veículos,Céu Claro,2025-04-02,22
2025-04-02,21:30:00,60,107,GOIANAPOLIS,GO,Atropelamento de Pedestre,Acesso irregular,Céu Claro,2025-04-02,21
2025-04-02,18:15:00,70,681,CACERES,MT,Colisão com objeto,Reação tardia ou ineficiente do condutor,Céu Claro,2025-04-02,18
2025-04-02,21:30:00,290,"327,9",CACAPAVA DO SUL,RS,Colisão com objeto,Ausência de reação do condutor,Garoa/Chuvisco,2025-04-02,21
2025-04-02,17:30:00,70,520,VARZEA GRANDE,MT,Colisão transversal,Ausência de reação do condutor,Céu Claro,2025-04-02,17
2025-04-02,21:30:00,101,"385,8",RIO NOVO DO SUL,ES,Saída de leito carroçável,Condutor Dormindo,Céu Claro,2025-04-02,21
2025-04-02,21:10:00,116,145,DUQUE DE CAXIAS,RJ,Colisão com objeto,Ausência de reação do condutor,Céu Claro,2025-04-02,21
2025-04-02,19:45:00,364,"423,6",JARU,RO,Colisão frontal,Acessar a via sem observar a presença dos outros veículos,Céu Claro,2025-04-02,19
2025-04-02,15:20:00,364,412,JARU,RO,Saída de leito carroçável,Chuva,Nublado,2025-04-02,15
2025-04-02,11:15:00,163,"614,3",SAO GABRIEL DO OESTE,MS,Colisão transversal,Desrespeitar a preferência no cruzamento,Céu Claro,2025-04-02,11
2025-04-02,19:30:00,163,144,NAVIRAI,MS,Colisão traseira,Ausência de reação do condutor,Garoa/Chuvisco,2025-04-02,19
2025-04-02,14:00:00,364,343,JI-PARANA,RO,Colisão transversal,Desrespeitar a preferência no cruzamento,Céu Claro,2025-04-02,14
2025-04-02,21:30:00,101,"588,5",PARATY,RJ,Colisão traseira,Condutor deixou de manter distância do veículo da frente,Nublado,2025-04-02,21
2025-04-02,23:40:00,163,266,DOURADOS,MS,Eventos atípicos,Reação tardia ou ineficiente do condutor,Chuva,2025-04-02,23
2025-04-03,00:15:00,232,"165,8",TACAIMBO,PE,Atropelamento de Animal,Animais na Pista,Céu Claro,2025-04-03,0
2025-04-03,01:30:00,381,68,MAIRIPORA,SP,Saída de leito carroçável,Velocidade Incompatível,Nublado,2025-04-03,1
2025-04-02,22:50:00,365,"51,2",CLARO DOS POCOES,MG,Tombamento,Afundamento ou ondulação no pavimento,Céu Claro,2025-04-02,22
2025-04-03,02:20:00,369,"184,1",ARAPONGAS,PR,Colisão traseira,Acessar a via sem observar a presença dos outros veículos,Nublado,2025-04-03,2
2025-04-02,19:35:00,277,612,SANTA TEREZA DO OESTE,PR,Colisão transversal,Acessar a via sem observar a presença dos outros veículos,Céu Claro,2025-04-02,19
2025-04-03,04:10:00,116,"808,5",VITORIA DA CONQUISTA,BA,Atropelamento de Pedestre,Entrada inopinada do pedestre,Nublado,2025-04-03,4
2025-04-03,03:10:00,116,158,JACAREI,SP,Colisão traseira,Ingestão de álcool pelo condutor,Nublado,2025-04-03,3
2025-04-03,05:00:00,101,"140,1",LINHARES,ES,Colisão traseira,Reação tardia ou ineficiente do condutor,Céu Claro,2025-04-03,5
2025-04-02,15:30:00,116,324,ELDORADO DO SUL,RS,Saída de leito carroçável,Ausência de reação do condutor,Nublado,2025-04-02,15
2025-04-03,05:35:00,104,"61,4",CARUARU,PE,Colisão transversal,Manobra de mudança de faixa,Céu Claro,2025-04-03,5
2025-04-03,05:50:00,116,"56,5",LORENA,SP,Tombamento,Ausência de reação do condutor,Nublado,2025-04-03,5
2025-04-03,06:40:00,116,227,GUARULHOS,SP,Colisão lateral sentido oposto,Trafegar com motocicleta (ou similar) entre as faixas,Garoa/Chuvisco,2025-04-03,6
2025-04-03,06:40:00,373,177,PONTA GROSSA,PR,Colisão lateral mesmo sentido,Ausência de reação do condutor,Céu Claro,2025-04-03,6
2025-04-03,07:00:00,70,0,AGUAS LINDAS DE GOIAS,GO,Queda de ocupante de veículo,Ausência de reação do condutor,Céu Claro,2025-04-03,7
2025-04-03,07:50:00,116,268,PORTO ALEGRE,RS,Colisão transversal,Condutor deixou de manter distância do veículo da frente,Céu Claro,2025-04-03,7
2025-04-03,06:30:00,20,"8,5",FORMOSA,GO,Saída de leito carroçável,Acostamento em desnível,Céu Claro,2025-04-03,6
2025-04-03,06:20:00,452,"1,8",RIO VERDE,GO,Colisão traseira,Ausência de reação do condutor,Céu Claro,2025-04-03,6
2025-04-03,07:42:00,116,46,PACAJUS,CE,Colisão traseira,Condutor deixou de manter distância do veículo da frente,Sol,2025-04-03,7
2025-04-03,08:00:00,287,"247,5",SANTA MARIA,RS,Colisão traseira,Reação tardia ou ineficiente do condutor,Nublado,2025-04-03,8
2025-04-03,02:00:00,116,180,NOVA IGUACU,RJ,Atropelamento de Pedestre,Pedestre andava na pista,Céu Claro,2025-04-03,2
2025-04-02,19:20:00,495,2,TERESOPOLIS,RJ,Colisão traseira,Condutor deixou de manter distância do veículo da frente,Nublado,2025-04-02,19
2025-04-03,07:30:00,101,"199,8",SAO JOSE,SC,Colisão traseira,Condutor usando celular,Chuva,2025-04-03,7
2025-04-03,07:30:00,376,604,CURITIBA,PR,Colisão traseira,Trafegar com motocicleta (ou similar) entre as faixas,Céu Claro,2025-04-03,7
2025-04-03,08:10:00,381,879,ESTIVA,MG,Saída de leito carroçável,Velocidade Incompatível,Garoa/Chuvisco,2025-04-03,8
2025-04-02,21:00:00,465,18,SEROPEDICA,RJ,Atropelamento de Pedestre,Acessar a via sem observar a presença dos outros veículos,Céu Claro,2025-04-02,21
2025-04-03,07:30:00,392,"41,7",RIO GRANDE,RS,Colisão transversal,Acessar a via sem observar a presença dos outros veículos,Nublado,2025-04-03,7
2025-04-03,08:47:00,230,"22,9",JOAO PESSOA,PB,Colisão lateral mesmo sentido,Manobra de mudança de faixa,Céu Claro,2025-04-03,8
2025-03-30,20:00:00,476,358,UNIAO DA VITORIA,PR,Colisão frontal,Velocidade Incompatível,Nublado,2025-03-30,20
2025-04-03,01:40:00,101,578,CAMACAN,BA,Incêndio,Demais falhas mecânicas ou elétricas,Nublado,2025-04-03,1
2025-04-03,06:50:00,116,806,VITORIA DA CONQUISTA,BA,Tombamento,Ausência de reação do condutor,Céu Claro,2025-04-03,6
2025-04-03,07:55:00,316,65,CASTANHAL,PA,Colisão transversal,Acessar a via sem observar a presença dos outros veículos,Sol,2025-04-03,7
2025-01-29,17:30:00,420,293,SANTA INES,BA,Queda de ocupante de veículo,Demais falhas na via,Ignorado,2025-01-29,17
2025-04-03,08:50:00,40,7,PETROPOLIS,RJ,Queda de ocupante de veículo,Reação tardia ou ineficiente do condutor,Céu Claro,2025-04-03,8
2025-04-03,08:20:00,364,125,RIO BRANCO,AC,Queda de ocupante de veículo,Ausência de reação do condutor,Céu Claro,2025-04-03,8
2025-04-03,08:30:00,158,331,BRASILANDIA,MS,Saída de leito carroçável,Reação tardia ou ineficiente do condutor,Céu Claro,2025-04-03,8
2025-03-10,15:30:00,101,"430,3",SOMBRIO,SC,Colisão lateral mesmo sentido,Manobra de mudança de faixa,Nublado,2025-03-10,15
2025-04-03,09:00:00,230,214,SOLEDADE,PB,Colisão traseira,Condutor deixou de manter distância do veículo da frente,Sol,2025-04-03,9
2025-03-02,19:10:00,116,169,RIO DE JANEIRO,RJ,Capotamento,Acessar a via sem observar a presença dos outros veículos,Céu Claro,2025-03-02,19
2025-04-03,11:00:00,235,5,NOSSA SENHORA DO SOCORRO,SE,Queda de ocupante de veículo,Demais falhas mecânicas ou elétricas,Céu Claro,2025-04-03,11
2025-02-22,18:00:00,365,623,UBERLANDIA,MG,Colisão com objeto,Objeto estático sobre o leito carroçável,Céu Claro,2025-02-22,18
2025-04-03,11:30:00,153,146,ARAGUAINA,TO,Queda de ocupante de veículo,Avarias e/ou desgaste excessivo no pneu,Céu Claro,2025-04-03,11
2025-04-03,06:20:00,316,"72,5",GOVERNADOR NUNES FREIRE,MA,Colisão frontal,Manobra de mudança de faixa,Céu Claro,2025-04-03,6
2025-04-03,11:15:00,116,269,CANOAS,RS,Colisão traseira,Reação tardia ou ineficiente do condutor,Nublado,2025-04-03,11
2025-04-03,11:49:00,101,"148,8",LINHARES,ES,Colisão lateral mesmo sentido,Manobra de mudança de faixa,Céu Claro,2025-04-03,11
2025-04-03,10:00:00,277,"563,4",CASCAVEL,PR,Colisão transversal,Acessar a via sem observar a presença dos outros veículos,Céu Claro,2025-04-03,10
2025-04-03,12:45:00,101,"151,6",ITAPEMA,SC,Colisão lateral mesmo sentido,Acesso irregular,Céu Claro,2025-04-03,12
2025-04-03,10:00:00,282,"5,1",SAO JOSE,SC,Colisão com objeto,Reação tardia ou ineficiente do condutor,Céu Claro,2025-04-03,10
2025-04-03,12:20:00,262,112,VENDA NOVA DO IMIGRANTE,ES,Colisão transversal,Conversão proibida,Céu Claro,2025-04-03,12
2025-03-10,05:30:00,101,266,RIO BONITO,RJ,Saída de leito carroçável,Condutor Dormindo,Céu Claro,2025-03-10,5
2025-04-03,13:30:00,101,"50,3",UBATUBA,SP,Colisão transversal,Conversão proibida,Céu Claro,2025-04-03,13
2025-03-26,07:00:00,40,"515,6",RIBEIRAO DAS NEVES,MG,Colisão lateral mesmo sentido,Acessar a via sem observar a presença dos outros veículos,Céu Claro,2025-03-26,7
2025-04-03,12:00:00,101,72,SAO MATEUS,ES,Tombamento,Ausência de reação do condutor,Céu Claro,2025-04-03,12
2025-04-03,08:15:00,435,87,COLORADO DO OESTE,RO,Colisão lateral sentido oposto,Ultrapassagem Indevida,Céu Claro,2025-04-03,8
2025-04-03,13:50:00,153,344,IRATI,PR,Colisão lateral sentido oposto,Conversão proibida,Nublado,2025-04-03,13
2025-04-03,10:15:00,230,"405,1",BALSAS,MA,Colisão transversal,Acessar a via sem observar a presença dos outros veículos,Céu Claro,2025-04-03,10
2025-04-03,14:40:00,10,255,IMPERATRIZ,MA,Colisão traseira,Ausência de reação do condutor,Chuva,2025-04-03,14
2025-04-03,14:25:00,280,58,GUARAMIRIM,SC,Colisão com objeto,Ingestão de álcool pelo condutor,Chuva,2025-04-03,14
2025-04-03,15:12:00,153,111,SANTA TEREZA DE GOIAS,GO,Colisão com objeto,Acumulo de água sobre o pavimento,Chuva,2025-04-03,15
2025-04-03,15:20:00,116,92,SAO JOSE DOS PINHAIS,PR,Tombamento,Demais falhas mecânicas ou elétricas,Céu Claro,2025-04-03,15
2025-04-03,15:00:00,101,"267,9",SERRA,ES,Colisão traseira,Ausência de reação do condutor,Céu Claro,2025-04-03,15
2025-04-03,10:59:00,364,"346,3",JI-PARANA,RO,Colisão transversal,Acessar a via sem observar a presença dos outros veículos,Nublado,2025-04-03,10
2025-03-14,02:45:00,232,"415,7",SERRA TALHADA,PE,Atropelamento de Animal,Animais na Pista,Céu Claro,2025-03-14,2
2025-04-03,16:00:00,381,"530,1",ITATIAIUCU,MG,Saída de leito carroçável,Ausência de reação do condutor,Chuva,2025-04-03,16
2025-04-03,15:50:00,116,154,SAO JOSE DOS CAMPOS,SP,Colisão traseira,Reação tardia ou ineficiente do condutor,Nublado,2025-04-03,15