data_inversa,horario,br,km,municipio,uf,tipo_acidente,causa_acidente,condicao_metereologica,data,hora
2025-04-03,11:00:00,364,340,JI-PARANA,RO,Colisão transversal,Acesso irregular,Céu Claro,2025-04-03,11
2025-04-03,16:40:00,101,"38,3",JOINVILLE,SC,Tombamento,Acessar a via sem observar a presença dos outros veículos,Chuva,2025-04-03,16
2025-04-03,15:20:00,324,614,ENTRE RIOS,BA,Colisão frontal,Transitar na contramão,Céu Claro,2025-04-03,15
2025-04-03,15:30:00,369,"482,1",CORBELIA,PR,Colisão traseira,Condutor deixou de manter distância do veículo da frente,Céu Claro,2025-04-03,15
2025-04-03,17:02:00,70,315,JUSSARA,GO,Colisão lateral mesmo sentido,Manobra de mudança de faixa,Céu Claro,2025-04-03,17
2025-04-03,15:30:00,101,"107,7",PILAR,AL,Colisão transversal,Acessar a via sem observar a presença dos outros veículos,Céu Claro,2025-04-03,15
2025-04-03,17:00:00,101,323,NITEROI,RJ,Colisão traseira,Condutor deixou de manter distância do veículo da frente,Nublado,2025-04-03,17
2025-04-03,17:10:00,376,240,APUCARANA,PR,Tombamento,Afundamento ou ondulação no pavimento,Nublado,2025-04-03,17
2025-04-03,11:15:00,116,"652,6",SAO FRANCISCO DO GLORIA,MG,Tombamento,Avarias e/ou desgaste excessivo no pneu,Céu Claro,2025-04-03,11
2025-04-03,18:20:00,110,"47,7",MOSSORO,RN,Colisão transversal,Acessar a via sem observar a presença dos outros veículos,Céu Claro,2025-04-03,18
2025-04-03,18:20:00,365,620,UBERLANDIA,MG,Colisão traseira,Ausência de reação do condutor,Nublado,2025-04-03,18
2025-04-03,14:15:00,262,743,PERDIZES,MG,Colisão transversal,Acessar a via sem observar a presença dos outros veículos,Céu Claro,2025-04-03,14
2025-04-03,16:40:00,153,197,URUACU,GO,Colisão transversal,Acesso irregular,Céu Claro,2025-04-03,16
2025-04-03,13:20:00,163,603,SAO GABRIEL DO OESTE,MS,Colisão traseira,Ausência de reação do condutor,Céu Claro,2025-04-03,13
2025-04-03,18:00:00,101,99,PARNAMIRIM,RN,Tombamento,Avarias e/ou desgaste excessivo no pneu,Céu Claro,2025-04-03,18
2025-04-03,18:30:00,40,568,NOVA LIMA,MG,Saída de leito carroçável,Chuva,Chuva,2025-04-03,18
2025-04-03,18:30:00,101,"170,8",LINHARES,ES,Colisão com objeto,Reação tardia ou ineficiente do condutor,Céu Claro,2025-04-03,18
2025-04-03,18:40:00,476,157,ARAUCARIA,PR,Colisão transversal,Acessar a via sem observar a presença dos outros veículos,Céu Claro,2025-04-03,18
2025-04-03,18:35:00,101,"259,5",SERRA,ES,Colisão traseira,Velocidade Incompatível,Ignorado,2025-04-03,18
2025-04-03,17:50:00,116,"36,9",VACARIA,RS,Colisão transversal,Desrespeitar a preferência no cruzamento,Garoa/Chuvisco,2025-04-03,17
2025-04-03,18:45:00,116,219,GUARULHOS,SP,Colisão traseira,Trafegar com motocicleta (ou similar) entre as faixas,Chuva,2025-04-03,18
2025-04-03,19:00:00,101,"224,3",PALHOCA,SC,Colisão traseira,Velocidade Incompatível,Céu Claro,2025-04-03,19
2025-04-03,18:50:00,116,442,REGISTRO,SP,Atropelamento de Pedestre,Acessar a via sem observar a presença dos outros veículos,Chuva,2025-04-03,18
2025-04-03,19:03:00,116,224,GUARULHOS,SP,Tombamento,Chuva,Chuva,2025-04-03,19
2025-04-03,18:05:00,163,"491,1",CAMPO GRANDE,MS,Colisão traseira,Reação tardia ou ineficiente do condutor,Nublado,2025-04-03,18
2025-04-03,19:35:00,116,223,GUARULHOS,SP,Queda de ocupante de veículo,Reação tardia ou ineficiente do condutor,Garoa/Chuvisco,2025-04-03,19
2025-04-03,16:45:00,116,246,PIRAI,RJ,Colisão com objeto,Acumulo de água sobre o pavimento,Chuva,2025-04-03,16
2025-04-03,19:10:00,40,615,CONGONHAS,MG,Colisão traseira,Reação tardia ou ineficiente do condutor,Garoa/Chuvisco,2025-04-03,19
2025-04-03,18:10:00,324,526,FEIRA DE SANTANA,BA,Colisão traseira,Condutor deixou de manter distância do veículo da frente,Céu Claro,2025-04-03,18
2025-04-03,19:00:00,381,"41,2",ATIBAIA,SP,Engavetamento,Chuva,Chuva,2025-04-03,19
2025-04-03,19:20:00,101,89,JOAO PESSOA,PB,Tombamento,Reação tardia ou ineficiente do condutor,Céu Claro,2025-04-03,19
2025-04-03,19:03:00,230,"10,8",CABEDELO,PB,Queda de ocupante de veículo,Demais falhas na via,Céu Claro,2025-04-03,19
2025-04-03,19:54:00,20,16,BRASILIA,DF,Saída de leito carroçável,Reação tardia ou ineficiente do condutor,Céu Claro,2025-04-03,19
2025-04-03,19:00:00,343,278,CAMPO MAIOR,PI,Tombamento,Ingestão de álcool pelo condutor,Nublado,2025-04-03,19
2025-04-03,20:00:00,277,83,CURITIBA,PR,Saída de leito carroçável,Ingestão de álcool pelo condutor,Céu Claro,2025-04-03,20
2025-04-03,18:45:00,280,"252,9",CANOINHAS,SC,Colisão frontal,Ultrapassagem Indevida,Nublado,2025-04-03,18
2025-04-03,18:30:00,282,"464,2",PONTE SERRADA,SC,Saída de leito carroçável,Reação tardia ou ineficiente do condutor,Nublado,2025-04-03,18
2025-04-03,19:20:00,101,"424,5",ARARANGUA,SC,Atropelamento de Pedestre,Pedestre andava na pista,Nublado,2025-04-03,19
2025-04-03,19:00:00,116,361,ICO,CE,Colisão com objeto,Iluminação deficiente,Céu Claro,2025-04-03,19
2025-04-03,19:05:00,476,"115,8",COLOMBO,PR,Atropelamento de Pedestre,Pedestre cruzava a pista fora da faixa,Garoa/Chuvisco,2025-04-03,19
2025-04-03,19:34:00,163,151,JUTI,MS,Saída de leito carroçável,Chuva,Chuva,2025-04-03,19
2025-04-03,19:41:00,230,612,HUMAITA,AM,Atropelamento de Pedestre,Reação tardia ou ineficiente do condutor,Nublado,2025-04-03,19
2025-04-03,13:32:00,116,124,SANTA CECILIA,SC,Tombamento,Ausência de reação do condutor,Céu Claro,2025-04-03,13
2025-04-03,18:30:00,324,527,FEIRA DE SANTANA,BA,Incêndio,Demais falhas mecânicas ou elétricas,Céu Claro,2025-04-03,18
2025-04-03,21:20:00,153,"443,9",ANAPOLIS,GO,Colisão traseira,Condutor deixou de manter distância do veículo da frente,Céu Claro,2025-04-03,21
2025-04-03,19:00:00,465,"2,4",SEROPEDICA,RJ,Atropelamento de Pedestre,Iluminação deficiente,Nublado,2025-04-03,19
2025-04-03,20:28:00,163,309,RIO BRILHANTE,MS,Saída de leito carroçável,Demais falhas mecânicas ou elétricas,Céu Claro,2025-04-03,20
2025-04-03,20:45:00,364,690,CANDEIAS DO JAMARI,RO,Saída de leito carroçável,Ausência de reação do condutor,Céu Claro,2025-04-03,20
2025-04-03,22:00:00,376,2,APUCARANA,PR,Colisão lateral mesmo sentido,Acessar a via sem observar a presença dos outros veículos,Nublado,2025-04-03,22
2025-04-03,21:10:00,101,"256,5",PAULO LOPES,SC,Queda de ocupante de veículo,Ingestão de álcool pelo condutor,Garoa/Chuvisco,2025-04-03,21
2025-04-03,21:40:00,60,209,GUAPO,GO,Atropelamento de Pedestre,Ausência de reação do condutor,Céu Claro,2025-04-03,21
2025-04-03,22:50:00,393,285,VOLTA REDONDA,RJ,Atropelamento de Pedestre,Pedestre - Ingestão de álcool/ substâncias psicoativas,Nublado,2025-04-03,22
2025-04-03,23:45:00,408,69,PAUDALHO,PE,Atropelamento de Animal,Animais na Pista,Chuva,2025-04-03,23
2025-04-03,21:25:00,10,"162,5",PARAGOMINAS,PA,Colisão traseira,Reação tardia ou ineficiente do condutor,Nublado,2025-04-03,21
2025-04-04,00:50:00,381,"922,7",CAMANDUCAIA,MG,Saída de leito carroçável,Reação tardia ou ineficiente do condutor,Nublado,2025-04-04,0
2025-04-04,00:30:00,60,416,RIO VERDE,GO,Incêndio,Demais falhas mecânicas ou elétricas,Céu Claro,2025-04-04,0
2025-04-03,23:30:00,493,55,DUQUE DE CAXIAS,RJ,Saída de leito carroçável,Reação tardia ou ineficiente do condutor,Céu Claro,2025-04-03,23
2025-04-04,03:25:00,101,324,NITEROI,RJ,Colisão traseira,Condutor Dormindo,Céu Claro,2025-04-04,3
2025-04-04,04:10:00,101,"148,4",ITAPEMA,SC,Colisão traseira,Ausência de reação do condutor,Céu Claro,2025-04-04,4
2025-04-04,03:30:00,60,379,RIO VERDE,GO,Incêndio,Demais falhas mecânicas ou elétricas,Nublado,2025-04-04,3
2025-04-04,02:00:00,277,383,CANDOI,PR,Colisão frontal,Ausência de reação do condutor,Céu Claro,2025-04-04,2
2025-04-04,04:30:00,101,157,MACAE,RJ,Capotamento,Ausência de reação do condutor,Chuva,2025-04-04,4
2025-04-04,05:58:00,40,2,VALPARAISO DE GOIAS,GO,Colisão traseira,Condutor deixou de manter distância do veículo da frente,Céu Claro,2025-04-04,5
2025-04-04,06:00:00,290,325,CACAPAVA DO SUL,RS,Colisão frontal,Transitar na contramão,Céu Claro,2025-04-04,6
2025-04-04,05:15:00,282,85,ALFREDO WAGNER,SC,Saída de leito carroçável,Demais falhas mecânicas ou elétricas,Garoa/Chuvisco,2025-04-04,5
2025-04-04,06:30:00,459,"27,1",CALDAS,MG,Tombamento,Velocidade Incompatível,Nublado,2025-04-04,6
2025-04-04,06:21:00,408,94,RECIFE,PE,Capotamento,Chuva,Garoa/Chuvisco,2025-04-04,6
2025-04-04,07:10:00,381,85,SAO PAULO,SP,Engavetamento,Reação tardia ou ineficiente do condutor,Chuva,2025-04-04,7
2025-04-03,18:30:00,381,"740,8",TRES CORACOES,MG,Saída de leito carroçável,Demais falhas mecânicas ou elétricas,Céu Claro,2025-04-03,18
2025-04-04,03:00:00,373,249,GUAMIRANGA,PR,Saída de leito carroçável,Ausência de reação do condutor,Céu Claro,2025-04-04,3
2025-04-04,06:50:00,158,"145,7",PANAMBI,RS,Colisão lateral mesmo sentido,Manobra de mudança de faixa,Céu Claro,2025-04-04,6
2025-04-04,07:15:00,116,256,ESTEIO,RS,Colisão com objeto,Acumulo de areia ou detritos sobre o pavimento,Céu Claro,2025-04-04,7
2025-04-04,07:30:00,251,"60,9",BRASILIA,DF,Tombamento,Ausência de reação do condutor,Céu Claro,2025-04-04,7
2025-04-04,06:50:00,40,117,DUQUE DE CAXIAS,RJ,Queda de ocupante de veículo,Demais falhas mecânicas ou elétricas,Céu Claro,2025-04-04,6
2025-04-04,07:30:00,153,"506,9",APARECIDA DE GOIANIA,GO,Colisão traseira,Ausência de reação do condutor,Céu Claro,2025-04-04,7
2025-04-04,07:20:00,163,532,JARAGUARI,MS,Colisão lateral mesmo sentido,Manobra de mudança de faixa,Céu Claro,2025-04-04,7
2025-04-04,07:15:00,101,"198,2",CACHOEIRA,BA,Atropelamento de Pedestre,Acessar a via sem observar a presença dos outros veículos,Céu Claro,2025-04-04,7
2025-04-04,08:00:00,235,"163,2",PEDRO AFONSO,TO,Colisão traseira,Reação tardia ou ineficiente do condutor,Céu Claro,2025-04-04,8
2025-04-04,08:00:00,376,240,APUCARANA,PR,Saída de leito carroçável,Velocidade Incompatível,Céu Claro,2025-04-04,8
2025-04-04,06:35:00,386,"220,4",TIO HUGO,RS,Colisão transversal,Acessar a via sem observar a presença dos outros veículos,Nublado,2025-04-04,6
2025-04-04,07:20:00,104,"89,5",RIO LARGO,AL,Tombamento,Demais falhas mecânicas ou elétricas,Céu Claro,2025-04-04,7
2025-04-04,07:40:00,101,196,BIGUACU,SC,Tombamento,Acessar a via sem observar a presença dos outros veículos,Céu Claro,2025-04-04,7
2025-04-04,07:25:00,262,376,JUATUBA,MG,Colisão transversal,Acessar a via sem observar a presença dos outros veículos,Céu Claro,2025-04-04,7
2025-04-04,08:10:00,104,89,RIO LARGO,AL,Colisão transversal,Velocidade Incompatível,Céu Claro,2025-04-04,8
2025-04-04,08:10:00,116,186,NOVA IGUACU,RJ,Colisão traseira,Acessar a via sem observar a presença dos outros veículos,Chuva,2025-04-04,8
2025-04-04,06:40:00,356,"269,2",MURIAE,MG,Colisão transversal,Desrespeitar a preferência no cruzamento,Céu Claro,2025-04-04,6
2025-03-15,19:45:00,104,37,UNIAO DOS PALMARES,AL,Atropelamento de Animal,Animais na Pista,Céu Claro,2025-03-15,19
2025-04-04,08:30:00,101,92,CABO DE SANTO AGOSTINHO,PE,Colisão traseira,Trafegar com motocicleta (ou similar) entre as faixas,Céu Claro,2025-04-04,8
2025-04-04,09:00:00,277,82,CURITIBA,PR,Colisão lateral mesmo sentido,Ultrapassagem Indevida,Céu Claro,2025-04-04,9
2025-04-04,08:30:00,408,93,JABOATAO DOS GUARARAPES,PE,Colisão traseira,Condutor deixou de manter distância do veículo da frente,Céu Claro,2025-04-04,8
2025-04-04,09:00:00,116,68,APARECIDA,SP,Colisão traseira,Ausência de reação do condutor,Nublado,2025-04-04,9
2025-04-04,09:00:00,101,92,CABO DE SANTO AGOSTINHO,PE,Colisão lateral mesmo sentido,Ausência de reação do condutor,Nublado,2025-04-04,9
2025-04-04,09:10:00,316,60,CASTANHAL,PA,Incêndio,Demais falhas mecânicas ou elétricas,Céu Claro,2025-04-04,9
2025-02-16,04:12:00,235,53,ITABAIANA,SE,Colisão frontal,Transitar no Acostamento,Céu Claro,2025-02-16,4
2025-04-04,08:07:00,364,12,VILHENA,RO,Colisão lateral sentido oposto,Ultrapassagem Indevida,Nublado,2025-04-04,8
2025-04-04,07:45:00,153,"336,6",IRATI,PR,Colisão transversal,Acessar a via sem observar a presença dos outros veículos,Céu Claro,2025-04-04,7
2025-04-04,10:15:00,282,"0,6",FLORIANOPOLIS,SC,Colisão traseira,Ausência de reação do condutor,Nublado,2025-04-04,10
2025-04-04,09:27:00,381,88,ATIBAIA,SP,Engavetamento,Reação tardia ou ineficiente do condutor,Céu Claro,2025-04-04,9
2025-04-04,08:00:00,116,"265,2",TEOFILO OTONI,MG,Colisão lateral mesmo sentido,Condutor deixou de manter distância do veículo da frente,Céu Claro,2025-04-04,8
2025-04-04,09:15:00,163,"164,7",JUTI,MS,Saída de leito carroçável,Suicídio (presumido),Céu Claro,2025-04-04,9
2025-03-30,19:45:00,101,324,CAPIVARI DE BAIXO,SC,Colisão transversal,Acessar a via sem observar a presença dos outros veículos,Céu Claro,2025-03-30,19
2025-04-04,06:50:00,135,21,SAO LUIS,MA,Colisão transversal,Acessar a via sem observar a presença dos outros veículos,Céu Claro,2025-04-04,6
2025-04-04,10:54:00,101,"53,4",PAULISTA,PE,Colisão lateral mesmo sentido,Manobra de mudança de faixa,Céu Claro,2025-04-04,10
2025-03-31,06:20:00,415,25,ITABUNA,BA,Capotamento,Velocidade Incompatível,Garoa/Chuvisco,2025-03-31,6
2025-04-04,12:00:00,116,220,GUARULHOS,SP,Colisão traseira,Velocidade Incompatível,Céu Claro,2025-04-04,12
2025-04-04,11:25:00,293,16,CAPAO DO LEAO,RS,Colisão traseira,Ausência de reação do condutor,Céu Claro,2025-04-04,11
2025-04-04,12:10:00,116,185,NOVA IGUACU,RJ,Colisão lateral mesmo sentido,Manobra de mudança de faixa,Céu Claro,2025-04-04,12
2025-04-04,12:00:00,101,155,PORTO BELO,SC,Colisão traseira,Reação tardia ou ineficiente do condutor,Céu Claro,2025-04-04,12
2025-04-04,11:00:00,319,62,PORTO VELHO,RO,Colisão transversal,Condutor desrespeitou a iluminação vermelha do semáforo,Nublado,2025-04-04,11
2025-04-04,11:40:00,101,"97,5",NATAL,RN,Colisão traseira,Ausência de sinalização,Céu Claro,2025-04-04,11
2025-04-04,08:47:00,393,237,VASSOURAS,RJ,Colisão traseira,Condutor deixou de manter distância do veículo da frente,Nublado,2025-04-04,8
2025-03-19,07:29:00,101,205,SAO JOSE,SC,Tombamento,Ausência de reação do condutor,Céu Claro,2025-03-19,7
2025-04-04,12:00:00,20,"217,3",POSSE,GO,Colisão transversal,Reação tardia ou ineficiente do condutor,Céu Claro,2025-04-04,12
2025-04-04,12:50:00,381,509,SAO JOAQUIM DE BICAS,MG,Colisão lateral mesmo sentido,Manobra de mudança de faixa,Céu Claro,2025-04-04,12
2025-04-04,07:00:00,262,810,UBERABA,MG,Tombamento,Pedestre cruzava a pista fora da faixa,Céu Claro,2025-04-04,7
2025-04-04,11:15:00,101,4,ARARANGUA,SC,Colisão frontal,Acessar a via sem observar a presença dos outros veículos,Céu Claro,2025-04-04,11
2025-04-04,13:05:00,381,486,BETIM,MG,Colisão com objeto,Ausência de reação do condutor,Nublado,2025-04-04,13
2025-04-04,13:00:00,40,34,AREAL,RJ,Saída de leito carroçável,Velocidade Incompatível,Céu Claro,2025-04-04,13
2025-04-04,10:32:00,364,"498,8",JANGADA,MT,Incêndio,Deficiência do Sistema de Iluminação/Sinalização,Céu Claro,2025-04-04,10
2025-04-04,13:20:00,277,12,PARANAGUA,PR,Colisão transversal,Trafegar com motocicleta (ou similar) entre as faixas,Nublado,2025-04-04,13
2025-04-04,13:40:00,262,"424,8",IGARATINGA,MG,Capotamento,Ausência de reação do condutor,Sol,2025-04-04,13
2025-04-04,13:29:00,405,3,MOSSORO,RN,Colisão transversal,Acesso irregular,Céu Claro,2025-04-04,13
2025-04-04,13:20:00,304,305,PARNAMIRIM,RN,Colisão traseira,Acessar a via sem observar a presença dos outros veículos,Céu Claro,2025-04-04,13
2025-04-04,13:45:00,101,"267,1",SERRA,ES,Colisão traseira,Ausência de reação do condutor,Céu Claro,2025-04-04,13
2025-04-04,06:35:00,365,752,ITUIUTABA,MG,Atropelamento de Animal,Animais na Pista,Nublado,2025-04-04,6
2025-03-22,01:29:00,230,479,MARIZOPOLIS,PB,Atropelamento de Animal,Animais na Pista,Céu Claro,2025-03-22,1
2025-04-04,13:00:00,381,84,SAO PAULO,SP,Colisão traseira,Reação tardia ou ineficiente do condutor,Garoa/Chuvisco,2025-04-04,13
2025-04-04,08:00:00,435,128,CEREJEIRAS,RO,Colisão lateral mesmo sentido,Acessar a via sem observar a presença dos outros veículos,Nublado,2025-04-04,8
2025-04-04,14:00:00,316,56,CASTANHAL,PA,Colisão com objeto,Sistema de drenagem ineficiente,Chuva,2025-04-04,14
2025-03-31,13:30:00,364,268,MINEIROS,GO,Colisão frontal,Transitar na contramão,Garoa/Chuvisco,2025-03-31,13
2025-04-04,11:05:00,343,185,PIRIPIRI,PI,Tombamento,Demais falhas na via,Céu Claro,2025-04-04,11
2025-03-08,03:30:00,293,42,CERRITO,RS,Colisão frontal,Ingestão de álcool pelo condutor,Céu Claro,2025-03-08,3
2025-04-04,14:55:00,116,362,MIRACATU,SP,Saída de leito carroçável,Chuva,Chuva,2025-04-04,14
2025-04-04,15:00:00,470,"64,1",INDAIAL,SC,Tombamento,Objeto estático sobre o leito carroçável,Céu Claro,2025-04-04,15
2025-04-04,16:00:00,101,"221,4",IBIRACU,ES,Engavetamento,Reação tardia ou ineficiente do condutor,Céu Claro,2025-04-04,16
2025-04-04,15:50:00,116,80,TERESOPOLIS,RJ,Colisão transversal,Conversão proibida,Chuva,2025-04-04,15
2025-04-04,16:00:00,101,"268,5",SERRA,ES,Atropelamento de Pedestre,Pedestre cruzava a pista fora da faixa,Sol,2025-04-04,16
2025-04-04,15:20:00,40,"771,9",JUIZ DE FORA,MG,Colisão lateral sentido oposto,Transitar na contramão,Nublado,2025-04-04,15
2025-04-04,15:25:00,153,"45,5",SAO JOSE DO RIO PRETO,SP,Colisão traseira,Sinalização mal posicionada,Chuva,2025-04-04,15
2025-04-04,16:00:00,101,"195,9",BIGUACU,SC,Tombamento,Avarias e/ou desgaste excessivo no pneu,Céu Claro,2025-04-04,16
2025-04-04,13:40:00,174,1,PONTES E LACERDA,MT,Colisão frontal,Desrespeitar a preferência no cruzamento,Chuva,2025-04-04,13
2025-04-04,15:10:00,116,9,VITORIA DA CONQUISTA,BA,Incêndio,Demais falhas mecânicas ou elétricas,Céu Claro,2025-04-04,15
2025-04-04,15:30:00,101,"86,7",BARRA VELHA,SC,Colisão transversal,Desrespeitar a preferência no cruzamento,Nublado,2025-04-04,15
2025-04-04,15:23:00,316,351,PETROLANDIA,PE,Saída de leito carroçável,Ausência de reação do condutor,Céu Claro,2025-04-04,15
2025-04-04,16:25:00,262,"363,5",JUATUBA,MG,Atropelamento de Pedestre,Ausência de reação do condutor,Céu Claro,2025-04-04,16
2025-04-04,15:30:00,50,156,UBERABA,MG,Colisão transversal,Acessar a via sem observar a presença dos outros veículos,Céu Claro,2025-04-04,15
2025-04-04,16:50:00,262,445,NOVA SERRANA,MG,Colisão traseira,Ausência de reação do condutor,Céu Claro,2025-04-04,16
2025-04-04,16:20:00,101,"214,7",PALHOCA,SC,Colisão lateral mesmo sentido,Reação tardia ou ineficiente do condutor,Nublado,2025-04-04,16
2025-04-04,17:15:00,101,334,TUBARAO,SC,Colisão traseira,Condutor deixou de manter distância do veículo da frente,Céu Claro,2025-04-04,17
2025-04-04,16:45:00,262,356,CAMPO GRANDE,MS,Tombamento,Reação tardia ou ineficiente do condutor,Nublado,2025-04-04,16
2025-04-04,17:30:00,40,530,CONTAGEM,MG,Colisão lateral mesmo sentido,Manobra de mudança de faixa,Céu Claro,2025-04-04,17
2025-04-04,17:10:00,101,570,PARATY,RJ,Colisão frontal,Pista Escorregadia,Chuva,2025-04-04,17
2025-04-04,17:30:00,116,"145,2",SAO JOSE DOS CAMPOS,SP,Colisão traseira,Condutor deixou de manter distância do veículo da frente,Nublado,2025-04-04,17
2025-04-04,17:50:00,414,436,ANAPOLIS,GO,Colisão lateral mesmo sentido,Conversão proibida,Céu Claro,2025-04-04,17
2025-04-04,12:30:00,493,1,ITABORAI,RJ,Colisão transversal,Acessar a via sem observar a presença dos outros veículos,Céu Claro,2025-04-04,12
2025-04-04,17:30:00,381,873,ESTIVA,MG,Saída de leito carroçável,Velocidade Incompatível,Chuva,2025-04-04,17
2025-04-04,18:00:00,101,"718,4",EUNAPOLIS,BA,Colisão transversal,Ultrapassagem Indevida,Céu Claro,2025-04-04,18
2025-04-04,17:00:00,153,"52,7",ERECHIM,RS,Colisão traseira,Ultrapassagem Indevida,Céu Claro,2025-04-04,17
2025-04-04,17:10:00,364,201,RONDONOPOLIS,MT,Atropelamento de Animal,Animais na Pista,Nublado,2025-04-04,17
2025-04-04,17:30:00,40,627,CONSELHEIRO LAFAIETE,MG,Colisão traseira,Condutor deixou de manter distância do veículo da frente,Chuva,2025-04-04,17
2025-04-04,17:30:00,101,"429,4",MANGARATIBA,RJ,Incêndio,Demais falhas mecânicas ou elétricas,Chuva,2025-04-04,17
2025-04-04,18:00:00,369,"198,7",APUCARANA,PR,Saída de leito carroçável,Velocidade Incompatível,Céu Claro,2025-04-04,18
2025-04-04,18:45:00,40,447,CAETANOPOLIS,MG,Colisão lateral mesmo sentido,Manobra de mudança de faixa,Céu Claro,2025-04-04,18
2025-04-04,18:30:00,101,205,SAO JOSE,SC,Colisão lateral mesmo sentido,Reação tardia ou ineficiente do condutor,Vento,2025-04-04,18
2025-04-04,18:45:00,153,"75,2",BADY BASSITT,SP,Engavetamento,Ausência de reação do condutor,Céu Claro,2025-04-04,18
2025-04-04,14:00:00,101,221,CASIMIRO DE ABREU,RJ,Tombamento,Reação tardia ou ineficiente do condutor,Nublado,2025-04-04,14
2025-04-04,18:55:00,101,502,ITABUNA,BA,Colisão traseira,Reação tardia ou ineficiente do condutor,Céu Claro,2025-04-04,18
2025-04-04,17:45:00,101,"713,8",EUNAPOLIS,BA,Colisão transversal,Acessar a via sem observar a presença dos outros veículos,Céu Claro,2025-04-04,17
2025-04-04,18:00:00,101,89,CAMPOS DOS GOYTACAZES,RJ,Saída de leito carroçável,Ausência de reação do condutor,Chuva,2025-04-04,18
2025-04-04,19:15:00,146,"439,4",CABO VERDE,MG,Colisão transversal,Acessar a via sem observar a presença dos outros veículos,Nublado,2025-04-04,19
2025-04-04,18:49:00,304,299,MACAIBA,RN,Colisão traseira,Manobra de mudança de faixa,Céu Claro,2025-04-04,18
2025-04-04,14:50:00,285,568,SAO LUIZ GONZAGA,RS,Colisão transversal,Desrespeitar a preferência no cruzamento,Céu Claro,2025-04-04,14
2025-04-04,14:48:00,101,321,NITEROI,RJ,Queda de ocupante de veículo,Demais falhas mecânicas ou elétricas,Nublado,2025-04-04,14
2025-04-04,18:30:00,470,"91,6",ASCURRA,SC,Colisão lateral mesmo sentido,Ausência de reação do condutor,Céu Claro,2025-04-04,18
2025-04-04,19:30:00,316,13,TERESINA,PI,Tombamento,Reação tardia ou ineficiente do condutor,Céu Claro,2025-04-04,19
2025-04-04,17:30:00,163,832,SINOP,MT,Colisão lateral mesmo sentido,Manobra de mudança de faixa,Céu Claro,2025-04-04,17
2025-04-04,18:30:00,116,420,FEIRA DE SANTANA,BA,Queda de ocupante de veículo,Acumulo de óleo sobre o pavimento,Céu Claro,2025-04-04,18
2025-04-04,19:00:00,101,137,ITAPEMA,SC,Colisão lateral mesmo sentido,Trafegar com motocicleta (ou similar) entre as faixas,Céu Claro,2025-04-04,19
2025-04-04,18:00:00,316,"611,7",TIMON,MA,Colisão traseira,Estacionar ou parar em local proibido,Nublado,2025-04-04,18
2025-04-04,19:10:00,101,415,MANGARATIBA,RJ,Colisão frontal,Chuva,Chuva,2025-04-04,19
2025-04-04,17:30:00,116,310,RESENDE,RJ,Colisão transversal,Ultrapassagem Indevida,Nublado,2025-04-04,17
2025-04-04,19:45:00,116,169,RIO DE JANEIRO,RJ,Colisão com objeto,Ausência de sinalização,Chuva,2025-04-04,19
2025-04-04,12:40:00,101,"596,3",CAMACAN,BA,Capotamento,Velocidade Incompatível,Garoa/Chuvisco,2025-04-04,12
2025-04-04,18:55:00,116,"413,1",GOVERNADOR VALADARES,MG,Colisão lateral sentido oposto,Ausência de reação do condutor,Ignorado,2025-04-04,18
2025-04-04,18:34:00,364,14,VILHENA,RO,Colisão lateral mesmo sentido,Reação tardia ou ineficiente do condutor,Nublado,2025-04-04,18
2025-04-04,18:50:00,476,"167,7",CONTENDA,PR,Saída de leito carroçável,Ausência de reação do condutor,Nublado,2025-04-04,18
2025-04-04,18:00:00,101,319,SAO GONCALO,RJ,Colisão traseira,Ausência de reação do condutor,Chuva,2025-04-04,18
2025-04-04,19:10:00,381,"588,7",CARMOPOLIS DE MINAS,MG,Colisão traseira,Condutor deixou de manter distância do veículo da frente,Nublado,2025-04-04,19
2025-04-04,15:10:00,364,342,JI-PARANA,RO,Colisão traseira,Reação tardia ou ineficiente do condutor,Nublado,2025-04-04,15
2025-04-04,20:00:00,101,148,ITAPEMA,SC,Colisão traseira,Velocidade Incompatível,Céu Claro,2025-04-04,20
2025-04-04,19:30:00,101,1,GARUVA,SC,Tombamento,Chuva,Chuva,2025-04-04,19
2025-04-04,20:15:00,282,"17,4",PALHOCA,SC,Colisão traseira,Trafegar com motocicleta (ou similar) entre as faixas,Nublado,2025-04-04,20
2025-04-04,18:10:00,40,"697,2",BARBACENA,MG,Colisão com objeto,Chuva,Garoa/Chuvisco,2025-04-04,18
2025-04-04,19:00:00,40,"695,3",ALFREDO VASCONCELOS,MG,Tombamento,Pista Escorregadia,Nublado,2025-04-04,19
2025-04-04,19:45:00,153,509,APARECIDA DE GOIANIA,GO,Engavetamento,Condutor deixou de manter distância do veículo da frente,Chuva,2025-04-04,19
2025-04-04,19:00:00,365,140,MONTES CLAROS,MG,Colisão com objeto,Velocidade Incompatível,Céu Claro,2025-04-04,19
2025-04-04,18:03:00,116,110,SAO MARCOS,RS,Colisão transversal,Acessar a via sem observar a presença dos outros veículos,Nublado,2025-04-04,18
2025-04-04,20:25:00,324,543,AMELIA RODRIGUES,BA,Atropelamento de Pedestre,Pedestre cruzava a pista fora da faixa,Céu Claro,2025-04-04,20
2025-04-04,20:30:00,267,"482,9",JARDIM,MS,Colisão transversal,Acessar a via sem observar a presença dos outros veículos,Nublado,2025-04-04,20