data_inversa,horario,br,km,municipio,uf,tipo_acidente,causa_acidente,condicao_metereologica,data,hora
2025-04-04,21:15:00,116,523,PELOTAS,RS,Tombamento,Reação tardia ou ineficiente do condutor,Céu Claro,2025-04-04,21
2025-04-04,21:15:00,277,79,CURITIBA,PR,Colisão traseira,Velocidade Incompatível,Céu Claro,2025-04-04,21
2025-04-04,21:10:00,101,331,RIO DE JANEIRO,RJ,Incêndio,Demais falhas mecânicas ou elétricas,Chuva,2025-04-04,21
2025-04-04,20:00:00,163,404,NOVA ALVORADA DO SUL,MS,Tombamento,Animais na Pista,Céu Claro,2025-04-04,20
2025-04-04,21:15:00,226,8,NATAL,RN,Colisão frontal,Transitar na contramão,Céu Claro,2025-04-04,21
2025-04-04,19:20:00,116,564,BARRA DO TURVO,SP,Tombamento,Reação tardia ou ineficiente do condutor,Garoa/Chuvisco,2025-04-04,19
2025-04-04,20:53:00,393,280,BARRA DO PIRAI,RJ,Colisão traseira,Ingestão de álcool pelo condutor,Chuva,2025-04-04,20
2025-04-04,21:00:00,262,201,RIBAS DO RIO PARDO,MS,Colisão lateral sentido oposto,Condutor Dormindo,Céu Claro,2025-04-04,21
2025-04-04,20:30:00,376,"489,7",PONTA GROSSA,PR,Queda de ocupante de veículo,Reação tardia ou ineficiente do condutor,Nublado,2025-04-04,20
2025-04-04,22:03:00,386,"438,1",NOVA SANTA RITA,RS,Colisão traseira,Deficiência do Sistema de Iluminação/Sinalização,Céu Claro,2025-04-04,22
2025-04-04,22:30:00,101,"132,5",LINHARES,ES,Colisão lateral sentido oposto,Transitar na contramão,Céu Claro,2025-04-04,22
2025-04-04,20:30:00,10,253,IMPERATRIZ,MA,Colisão frontal,Acesso irregular,Céu Claro,2025-04-04,20
2025-04-04,18:36:00,364,"425,8",JARU,RO,Colisão lateral mesmo sentido,Conversão proibida,Nublado,2025-04-04,18
2025-04-04,22:30:00,230,403,BALSAS,MA,Colisão transversal,Conversão proibida,Céu Claro,2025-04-04,22
2025-04-04,20:00:00,364,"427,2",JARU,RO,Colisão transversal,Acessar a via sem observar a presença dos outros veículos,Nublado,2025-04-04,20
2025-04-04,21:40:00,116,307,RESENDE,RJ,Atropelamento de Pedestre,Pedestre cruzava a pista fora da faixa,Chuva,2025-04-04,21
2025-04-04,22:45:00,493,52,DUQUE DE CAXIAS,RJ,Tombamento,Ausência de reação do condutor,Chuva,2025-04-04,22
2025-04-04,22:20:00,428,192,PETROLINA,PE,Colisão traseira,Ingestão de álcool pelo condutor,Céu Claro,2025-04-04,22
2025-04-04,19:53:00,364,669,ITAPUA DO OESTE,RO,Colisão frontal,Transitar na contramão,Céu Claro,2025-04-04,19
2025-04-04,20:30:00,280,"231,8",CANOINHAS,SC,Colisão frontal,Desrespeitar a preferência no cruzamento,Céu Claro,2025-04-04,20
2025-04-04,23:15:00,101,319,NITEROI,RJ,Tombamento,Acumulo de água sobre o pavimento,Chuva,2025-04-04,23
2025-04-04,23:45:00,116,204,ARUJA,SP,Colisão lateral mesmo sentido,Condutor deixou de manter distância do veículo da frente,Nublado,2025-04-04,23
2025-04-04,19:45:00,10,140,PORTO FRANCO,MA,Atropelamento de Pedestre,Ausência de reação do condutor,Céu Claro,2025-04-04,19
2025-04-05,00:05:00,153,"64,4",SAO JOSE DO RIO PRETO,SP,Tombamento,Demais falhas mecânicas ou elétricas,Céu Claro,2025-04-05,0
2025-04-04,23:40:00,282,"75,1",RANCHO QUEIMADO,SC,Saída de leito carroçável,Velocidade Incompatível,Nublado,2025-04-04,23
2025-04-04,22:45:00,116,2,SAPUCAIA,RJ,Colisão frontal,Transitar na contramão,Chuva,2025-04-04,22
2025-04-05,00:20:00,407,119,PETROLINA,PE,Colisão frontal,Acesso irregular,Céu Claro,2025-04-05,0
2025-04-04,15:30:00,317,56,SENADOR GUIOMARD,AC,Saída de leito carroçável,Velocidade Incompatível,Chuva,2025-04-04,15
2025-04-05,01:20:00,104,90,RIO LARGO,AL,Colisão traseira,Condutor deixou de manter distância do veículo da frente,Céu Claro,2025-04-05,1
2025-04-05,01:00:00,381,450,SABARA,MG,Saída de leito carroçável,Velocidade Incompatível,Chuva,2025-04-05,1
2025-04-05,02:10:00,116,249,SAO LEOPOLDO,RS,Colisão transversal,Ingestão de álcool pelo condutor,Nublado,2025-04-05,2
2025-04-05,02:35:00,40,"716,4",BARBACENA,MG,Saída de leito carroçável,Ausência de reação do condutor,Nublado,2025-04-05,2
2025-04-05,02:00:00,373,266,PRUDENTOPOLIS,PR,Saída de leito carroçável,Ausência de reação do condutor,Nublado,2025-04-05,2
2025-04-05,03:05:00,101,"320,1",PESCARIA BRAVA,SC,Tombamento,Chuva,Garoa/Chuvisco,2025-04-05,3
2025-04-05,01:50:00,116,309,RESENDE,RJ,Colisão traseira,Condutor deixou de manter distância do veículo da frente,Chuva,2025-04-05,1
2025-04-05,03:00:00,50,283,CATALAO,GO,Queda de ocupante de veículo,Acumulo de areia ou detritos sobre o pavimento,Céu Claro,2025-04-05,3
2025-04-05,03:00:00,277,83,CURITIBA,PR,Colisão com objeto,Avarias e/ou desgaste excessivo no pneu,Nublado,2025-04-05,3
2025-04-05,04:00:00,153,79,MIRASSOL,SP,Saída de leito carroçável,Ingestão de álcool pelo condutor,Céu Claro,2025-04-05,4
2025-04-05,03:30:00,116,34,CACHOEIRA PAULISTA,SP,Colisão com objeto,Pista Escorregadia,Chuva,2025-04-05,3
2025-04-05,04:35:00,101,"201,1",SAO JOSE,SC,Saída de leito carroçável,Reação tardia ou ineficiente do condutor,Nublado,2025-04-05,4
2025-04-05,04:00:00,262,"384,8",MATEUS LEME,MG,Saída de leito carroçável,Ingestão de álcool pelo condutor,Nublado,2025-04-05,4
2025-04-05,03:25:00,364,204,RONDONOPOLIS,MT,Colisão com objeto,Ingestão de álcool pelo condutor,Nublado,2025-04-05,3
2025-04-05,04:50:00,470,"226,6",GARIBALDI,RS,Colisão com objeto,Ingestão de álcool pelo condutor,Céu Claro,2025-04-05,4
2025-04-05,05:20:00,153,514,APARECIDA DE GOIANIA,GO,Queda de ocupante de veículo,Ausência de reação do condutor,Nublado,2025-04-05,5
2025-04-05,05:30:00,116,265,PORTO ALEGRE,RS,Colisão lateral mesmo sentido,Ausência de reação do condutor,Ignorado,2025-04-05,5
2025-04-05,04:20:00,153,263,NOVA GLORIA,GO,Queda de ocupante de veículo,Reação tardia ou ineficiente do condutor,Céu Claro,2025-04-05,4
2025-04-05,05:08:00,222,89,UMIRIM,CE,Colisão lateral mesmo sentido,Acesso irregular,Nublado,2025-04-05,5
2025-04-05,03:30:00,364,205,RONDONOPOLIS,MT,Saída de leito carroçável,Ausência de reação do condutor,Céu Claro,2025-04-05,3
2025-04-05,02:15:00,163,"0,5",DIONISIO CERQUEIRA,SC,Colisão com objeto,Ingestão de álcool pelo condutor,Céu Claro,2025-04-05,2
2025-04-04,20:00:00,282,"441,2",IRANI,SC,Saída de leito carroçável,Ultrapassagem Indevida,Céu Claro,2025-04-04,20
2025-04-05,06:10:00,414,"373,7",COCALZINHO DE GOIAS,GO,Colisão com objeto,Reação tardia ou ineficiente do condutor,Nublado,2025-04-05,6
2025-04-05,00:15:00,101,"292,5",IMBITUBA,SC,Saída de leito carroçável,Ausência de reação do condutor,Céu Claro,2025-04-05,0
2025-04-05,06:20:00,376,160,MANDAGUACU,PR,Saída de leito carroçável,Velocidade Incompatível,Céu Claro,2025-04-05,6
2025-04-05,06:00:00,101,"89,3",BARRA VELHA,SC,Colisão lateral mesmo sentido,Velocidade Incompatível,Céu Claro,2025-04-05,6
2025-04-05,05:40:00,116,176,RIO DE JANEIRO,RJ,Colisão com objeto,Acessar a via sem observar a presença dos outros veículos,Chuva,2025-04-05,5
2025-04-04,21:30:00,230,285,NOVO REPARTIMENTO,PA,Saída de leito carroçável,Ausência de reação do condutor,Garoa/Chuvisco,2025-04-04,21
2025-04-05,06:30:00,60,"6,8",SANTO ANTONIO DO DESCOBERTO,GO,Saída de leito carroçável,Ausência de reação do condutor,Chuva,2025-04-05,6
2025-04-04,23:30:00,101,25,UBATUBA,SP,Tombamento,Objeto estático sobre o leito carroçável,Chuva,2025-04-04,23
2025-04-05,07:15:00,406,"86,5",JOAO CAMARA,RN,Saída de leito carroçável,Condutor Dormindo,Nublado,2025-04-05,7
2025-04-05,07:35:00,101,"270,7",SERRA,ES,Colisão traseira,Condutor deixou de manter distância do veículo da frente,Nublado,2025-04-05,7
2025-04-05,03:30:00,101,356,WENCESLAU GUIMARAES,BA,Atropelamento de Pedestre,Acessar a via sem observar a presença dos outros veículos,Ignorado,2025-04-05,3
2025-04-05,02:05:00,262,581,CAMPOS ALTOS,MG,Queda de ocupante de veículo,Velocidade Incompatível,Nevoeiro/Neblina,2025-04-05,2
2025-04-05,07:50:00,381,497,BETIM,MG,Tombamento,Ausência de reação do condutor,Chuva,2025-04-05,7
2025-04-05,06:15:00,232,113,BEZERROS,PE,Colisão com objeto,Condutor Dormindo,Céu Claro,2025-04-05,6
2025-04-05,07:55:00,101,149,ITAPEMA,SC,Colisão traseira,Manobra de mudança de faixa,Céu Claro,2025-04-05,7
2025-03-08,20:00:00,392,59,RIO GRANDE,RS,Atropelamento de Animal,Velocidade Incompatível,Chuva,2025-03-08,20
2025-04-04,18:30:00,465,5,SEROPEDICA,RJ,Colisão transversal,Ausência de reação do condutor,Chuva,2025-04-04,18
2025-04-05,08:55:00,230,18,JOAO PESSOA,PB,Colisão lateral mesmo sentido,Velocidade Incompatível,Céu Claro,2025-04-05,8
2025-04-05,08:05:00,495,27,PETROPOLIS,RJ,Colisão lateral sentido oposto,Ausência de sinalização,Céu Claro,2025-04-05,8
2025-04-05,06:30:00,153,"164,8",COMENDADOR GOMES,MG,Saída de leito carroçável,Velocidade Incompatível,Céu Claro,2025-04-05,6
2025-04-05,08:00:00,116,209,MAFRA,SC,Colisão com objeto,Ingestão de álcool pelo condutor,Céu Claro,2025-04-05,8
2025-04-05,08:15:00,60,3,BRASILIA,DF,Colisão traseira,Acessar a via sem observar a presença dos outros veículos,Céu Claro,2025-04-05,8
2025-04-05,09:20:00,116,"13,8",FORTALEZA,CE,Colisão com objeto,Reação tardia ou ineficiente do condutor,Céu Claro,2025-04-05,9
2025-04-05,09:20:00,40,"770,4",JUIZ DE FORA,MG,Capotamento,Ausência de reação do condutor,Garoa/Chuvisco,2025-04-05,9
2025-04-05,09:30:00,101,41,IGARASSU,PE,Saída de leito carroçável,Manobra de mudança de faixa,Céu Claro,2025-04-05,9
2025-04-05,10:13:00,101,297,CARIACICA,ES,Colisão lateral mesmo sentido,Acesso irregular,Céu Claro,2025-04-05,10
2025-04-05,09:45:00,116,252,SAPUCAIA DO SUL,RS,Colisão traseira,Manobra de mudança de faixa,Céu Claro,2025-04-05,9
2025-04-05,07:55:00,364,123,RIO BRANCO,AC,Engavetamento,Ausência de reação do condutor,Nublado,2025-04-05,7
2025-04-05,10:30:00,376,"296,9",MAUA DA SERRA,PR,Saída de leito carroçável,Demais falhas mecânicas ou elétricas,Nublado,2025-04-05,10
2025-04-05,10:24:00,101,121,ITAJAI,SC,Colisão traseira,Reação tardia ou ineficiente do condutor,Céu Claro,2025-04-05,10
2025-04-05,10:40:00,101,"151,2",GOIANINHA,RN,Tombamento,Reação tardia ou ineficiente do condutor,Nublado,2025-04-05,10
2025-04-05,09:30:00,381,"567,4",ITAGUARA,MG,Saída de leito carroçável,Chuva,Nublado,2025-04-05,9
2025-04-05,08:55:00,459,18,CALDAS,MG,Tombamento,Velocidade Incompatível,Céu Claro,2025-04-05,8
2025-04-05,09:40:00,40,"741,4",SANTOS DUMONT,MG,Tombamento,Reação tardia ou ineficiente do condutor,Garoa/Chuvisco,2025-04-05,9
2025-04-05,07:45:00,40,"95,3",CRISTALINA,GO,Colisão lateral mesmo sentido,Retorno proibido,Nublado,2025-04-05,7
2025-04-05,00:15:00,376,591,CURITIBA,PR,Saída de leito carroçável,Ausência de reação do condutor,Nublado,2025-04-05,0
2025-04-05,11:20:00,282,3,FLORIANOPOLIS,SC,Engavetamento,Reação tardia ou ineficiente do condutor,Céu Claro,2025-04-05,11
2025-04-05,11:40:00,472,574,URUGUAIANA,RS,Colisão transversal,Acessar a via sem observar a presença dos outros veículos,Céu Claro,2025-04-05,11
2025-04-05,11:00:00,230,170,CAMPINA GRANDE,PB,Colisão traseira,Condutor deixou de manter distância do veículo da frente,Sol,2025-04-05,11
2025-04-05,12:17:00,101,399,ITAGUAI,RJ,Colisão com objeto,Chuva,Chuva,2025-04-05,12
2025-04-05,12:30:00,381,"922,9",CAMANDUCAIA,MG,Colisão transversal,Acessar a via sem observar a presença dos outros veículos,Nublado,2025-04-05,12
2025-04-05,11:30:00,116,"247,9",LAGES,SC,Colisão transversal,Acessar a via sem observar a presença dos outros veículos,Céu Claro,2025-04-05,11
2025-04-05,12:45:00,116,223,GUARULHOS,SP,Colisão lateral mesmo sentido,Trafegar com motocicleta (ou similar) entre as faixas,Garoa/Chuvisco,2025-04-05,12
2025-04-05,12:15:00,285,"516,2",VITORIA DAS MISSOES,RS,Colisão lateral mesmo sentido,Ultrapassagem Indevida,Céu Claro,2025-04-05,12
2025-04-05,12:00:00,40,31,AREAL,RJ,Saída de leito carroçável,Acumulo de água sobre o pavimento,Chuva,2025-04-05,12
2025-04-05,10:00:00,470,243,BARAO,RS,Colisão lateral mesmo sentido,Manobra de mudança de faixa,Céu Claro,2025-04-05,10
2025-04-05,11:20:00,101,205,SAO JOSE,SC,Engavetamento,Reação tardia ou ineficiente do condutor,Nublado,2025-04-05,11
2025-04-05,13:00:00,364,710,PORTO VELHO,RO,Colisão transversal,Manobra de mudança de faixa,Céu Claro,2025-04-05,13
2025-04-05,12:15:00,280,"82,3",CORUPA,SC,Queda de ocupante de veículo,Reação tardia ou ineficiente do condutor,Céu Claro,2025-04-05,12
2025-04-05,10:50:00,316,"324,1",OLHO DAGUA DAS CUNHAS,MA,Saída de leito carroçável,Transitar na contramão,Céu Claro,2025-04-05,10
2025-04-05,14:10:00,381,487,BETIM,MG,Colisão traseira,Condutor deixou de manter distância do veículo da frente,Chuva,2025-04-05,14
2025-04-05,15:00:00,277,59,SAO JOSE DOS PINHAIS,PR,Colisão traseira,Ingestão de álcool pelo condutor,Nublado,2025-04-05,15
2025-04-05,13:40:00,381,"531,1",ITATIAIUCU,MG,Saída de leito carroçável,Chuva,Nublado,2025-04-05,13
2025-04-05,10:10:00,381,"550,2",ITATIAIUCU,MG,Saída de leito carroçável,Acumulo de água sobre o pavimento,Chuva,2025-04-05,10
2025-04-05,15:00:00,369,"149,1",LONDRINA,PR,Colisão lateral mesmo sentido,Manobra de mudança de faixa,Céu Claro,2025-04-05,15
2025-04-05,13:20:00,367,58,PORTO SEGURO,BA,Engavetamento,Ingestão de álcool pelo condutor,Nublado,2025-04-05,13
2025-04-05,15:00:00,101,198,CASIMIRO DE ABREU,RJ,Capotamento,Problema na suspensão,Chuva,2025-04-05,15
2025-04-05,15:50:00,230,109,MARABA,PA,Colisão com objeto,Manobra de mudança de faixa,Céu Claro,2025-04-05,15
2025-04-05,15:00:00,376,"438,7",TIBAGI,PR,Saída de leito carroçável,Avarias e/ou desgaste excessivo no pneu,Chuva,2025-04-05,15
2025-04-05,16:00:00,316,"256,2",PILAR,AL,Colisão transversal,Acessar a via sem observar a presença dos outros veículos,Céu Claro,2025-04-05,16
2025-04-05,11:15:00,230,"15,6",FRONTEIRAS,PI,Colisão com objeto,Ausência de reação do condutor,Sol,2025-04-05,11
2025-04-05,12:24:00,70,523,VARZEA GRANDE,MT,Queda de ocupante de veículo,Reação tardia ou ineficiente do condutor,Nublado,2025-04-05,12
2025-04-05,16:00:00,153,"503,8",APARECIDA DE GOIANIA,GO,Queda de ocupante de veículo,Ausência de reação do condutor,Vento,2025-04-05,16
2025-04-05,16:30:00,40,"618,2",CONGONHAS,MG,Colisão traseira,Condutor deixou de manter distância do veículo da frente,Chuva,2025-04-05,16
2025-04-05,16:30:00,101,"208,1",SAO JOSE,SC,Colisão traseira,Acessar a via sem observar a presença dos outros veículos,Céu Claro,2025-04-05,16
2025-04-05,15:48:00,163,"558,3",BANDEIRANTES,MS,Colisão transversal,Acessar a via sem observar a presença dos outros veículos,Nublado,2025-04-05,15
2025-04-05,16:35:00,101,216,PALHOCA,SC,Colisão traseira,Ausência de reação do condutor,Céu Claro,2025-04-05,16
2025-04-05,13:30:00,285,"160,4",MUITOS CAPOES,RS,Saída de leito carroçável,Velocidade Incompatível,Céu Claro,2025-04-05,13
2025-04-05,14:15:00,277,"722,8",FOZ DO IGUACU,PR,Colisão traseira,Acessar a via sem observar a presença dos outros veículos,Céu Claro,2025-04-05,14
2025-04-05,15:00:00,230,611,HUMAITA,AM,Colisão transversal,Acessar a via sem observar a presença dos outros veículos,Céu Claro,2025-04-05,15
2025-04-05,17:00:00,101,"86,9",NOSSA SENHORA DO SOCORRO,SE,Saída de leito carroçável,Ingestão de álcool pelo condutor,Céu Claro,2025-04-05,17
2025-04-05,17:00:00,324,570,SAO SEBASTIAO DO PASSE,BA,Incêndio,Demais falhas mecânicas ou elétricas,Céu Claro,2025-04-05,17
2025-04-05,17:04:00,232,32,MORENO,PE,Colisão com objeto,Acumulo de água sobre o pavimento,Chuva,2025-04-05,17
2025-04-05,17:10:00,101,"102,2",BALNEARIO PICARRAS,SC,Saída de leito carroçável,Avarias e/ou desgaste excessivo no pneu,Céu Claro,2025-04-05,17
2025-04-05,16:18:00,116,"527,3",CARATINGA,MG,Colisão traseira,Ultrapassagem Indevida,Nublado,2025-04-05,16
2025-04-05,16:40:00,230,307,FLORIANO,PI,Atropelamento de Pedestre,Transitar no Acostamento,Céu Claro,2025-04-05,16
2025-04-05,15:30:00,381,"652,5",SANTO ANTONIO DO AMPARO,MG,Saída de leito carroçável,Reação tardia ou ineficiente do condutor,Nublado,2025-04-05,15
2025-04-05,16:10:00,101,"333,7",TUBARAO,SC,Colisão transversal,Desrespeitar a preferência no cruzamento,Céu Claro,2025-04-05,16
2025-04-05,17:00:00,277,3,CURITIBA,PR,Colisão traseira,Reação tardia ou ineficiente do condutor,Nublado,2025-04-05,17
2025-04-05,17:50:00,101,88,CAMPOS DOS GOYTACAZES,RJ,Saída de leito carroçável,Chuva,Chuva,2025-04-05,17
2025-04-05,15:18:00,110,182,MONTEIRO,PB,Atropelamento de Animal,Animais na Pista,Céu Claro,2025-04-05,15
2025-04-05,18:15:00,101,285,CARIACICA,ES,Atropelamento de Pedestre,Pedestre cruzava a pista fora da faixa,Nublado,2025-04-05,18
2025-04-05,17:00:00,116,"700,8",MURIAE,MG,Colisão lateral sentido oposto,Conversão proibida,Nublado,2025-04-05,17
2025-04-05,16:45:00,282,"657,2",SAO MIGUEL DO OESTE,SC,Colisão lateral mesmo sentido,Conversão proibida,Céu Claro,2025-04-05,16
2025-04-05,18:40:00,116,269,PORTO ALEGRE,RS,Colisão traseira,Demais falhas mecânicas ou elétricas,Céu Claro,2025-04-05,18
2025-04-05,17:20:00,40,"723,3",BARBACENA,MG,Saída de leito carroçável,Velocidade Incompatível,Ignorado,2025-04-05,17
2025-04-05,19:00:00,116,232,NOVO HAMBURGO,RS,Colisão traseira,Ingestão de álcool pelo condutor,Céu Claro,2025-04-05,19
2025-04-05,19:15:00,259,"61,6",COLATINA,ES,Colisão transversal,Ingestão de álcool pelo condutor,Nublado,2025-04-05,19
2025-04-05,19:15:00,376,347,ORTIGUEIRA,PR,Colisão transversal,Acesso irregular,Céu Claro,2025-04-05,19
2025-04-05,17:40:00,116,409,GOVERNADOR VALADARES,MG,Queda de ocupante de veículo,Acumulo de areia ou detritos sobre o pavimento,Ignorado,2025-04-05,17
2025-04-05,19:00:00,116,323,ITATIAIA,RJ,Colisão frontal,Transitar na contramão,Garoa/Chuvisco,2025-04-05,19
2025-04-05,19:50:00,153,334,GUARAI,TO,Colisão frontal,Transitar na contramão,Céu Claro,2025-04-05,19
2025-04-05,19:40:00,40,32,PARACATU,MG,Saída de leito carroçável,Ausência de reação do condutor,Céu Claro,2025-04-05,19
2025-04-05,05:48:00,101,138,BALNEARIO CAMBORIU,SC,Tombamento,Reação tardia ou ineficiente do condutor,Céu Claro,2025-04-05,5
2025-04-05,19:10:00,101,"331,8",TUBARAO,SC,Colisão transversal,Acessar a via sem observar a presença dos outros veículos,Céu Claro,2025-04-05,19
2025-04-05,16:10:00,101,135,BALNEARIO CAMBORIU,SC,Engavetamento,Reação tardia ou ineficiente do condutor,Céu Claro,2025-04-05,16
2025-04-05,20:35:00,101,"100,1",NATAL,RN,Colisão com objeto,Velocidade Incompatível,Céu Claro,2025-04-05,20
2025-04-05,20:45:00,381,357,JOAO MONLEVADE,MG,Atropelamento de Pedestre,Pedestre - Ingestão de álcool/ substâncias psicoativas,Chuva,2025-04-05,20
2025-04-05,19:00:00,364,236,CACOAL,RO,Colisão transversal,Desrespeitar a preferência no cruzamento,Nublado,2025-04-05,19
2025-04-05,15:40:00,101,"316,5",SAO GONCALO,RJ,Queda de ocupante de veículo,Acumulo de óleo sobre o pavimento,Chuva,2025-04-05,15
2025-04-05,20:44:00,101,115,ITAJAI,SC,Colisão traseira,Condutor deixou de manter distância do veículo da frente,Céu Claro,2025-04-05,20
2025-04-05,20:50:00,101,171,FEIRA DE SANTANA,BA,Colisão traseira,Ingestão de álcool pelo condutor,Céu Claro,2025-04-05,20
2025-04-05,21:00:00,235,"47,2",ITABAIANA,SE,Colisão com objeto,Ingestão de álcool pelo condutor,Céu Claro,2025-04-05,21
2025-04-05,23:10:00,60,100,ANAPOLIS,GO,Saída de leito carroçável,Ingestão de álcool pelo condutor,Ignorado,2025-04-05,23
2025-04-05,14:50:00,116,8,CAMPINA GRANDE DO SUL,PR,Saída de leito carroçável,Chuva,Chuva,2025-04-05,14
2025-04-05,16:05:00,163,"31,8",SANTO ANTONIO DO SUDOESTE,PR,Colisão frontal,Ultrapassagem Indevida,Nublado,2025-04-05,16
2025-04-05,21:00:00,259,55,COLATINA,ES,Colisão lateral sentido oposto,Conversão proibida,Nublado,2025-04-05,21
2025-04-05,21:30:00,116,172,SAO JOAO DE MERITI,RJ,Colisão com objeto,Pedestre - Ingestão de álcool/ substâncias psicoativas,Céu Claro,2025-04-05,21
2025-04-05,20:00:00,277,122,CAMPO LARGO,PR,Colisão traseira,Acessar a via sem observar a presença dos outros veículos,Garoa/Chuvisco,2025-04-05,20
2025-04-05,21:10:00,381,75,SAO PAULO,SP,Saída de leito carroçável,Chuva,Garoa/Chuvisco,2025-04-05,21
2025-04-05,20:30:00,416,48,IBATEGUARA,AL,Saída de leito carroçável,Falta de elemento de contenção que evite a saída do leito carroçável,Céu Claro,2025-04-05,20
2025-04-05,19:00:00,364,"202,2",RONDONOPOLIS,MT,Colisão frontal,Mal súbito do condutor,Garoa/Chuvisco,2025-04-05,19
2025-04-05,21:40:00,116,"156,2",SAO JOSE DOS CAMPOS,SP,Tombamento,Reação tardia ou ineficiente do condutor,Chuva,2025-04-05,21
2025-04-05,21:58:00,104,33,CARUARU,PE,Colisão frontal,Transitar na contramão,Nublado,2025-04-05,21
2025-04-05,21:15:00,285,"127,1",VACARIA,RS,Colisão transversal,Acessar a via sem observar a presença dos outros veículos,Céu Claro,2025-04-05,21
2025-04-05,21:55:00,423,"101,6",GARANHUNS,PE,Colisão transversal,Acessar a via sem observar a presença dos outros veículos,Céu Claro,2025-04-05,21
2025-04-05,21:00:00,226,4,NATAL,RN,Colisão transversal,Acessar a via sem observar a presença dos outros veículos,Céu Claro,2025-04-05,21
2025-04-05,20:50:00,364,126,RIO BRANCO,AC,Queda de ocupante de veículo,Ausência de reação do condutor,Nublado,2025-04-05,20
2025-04-05,22:20:00,116,170,JACAREI,SP,Colisão com objeto,Reação tardia ou ineficiente do condutor,Chuva,2025-04-05,22
2025-04-05,18:50:00,80,128,BARRO ALTO,GO,Colisão traseira,Velocidade Incompatível,Céu Claro,2025-04-05,18
2025-04-05,20:00:00,116,"10,5",VITORIA DA CONQUISTA,BA,Colisão transversal,Acessar a via sem observar a presença dos outros veículos,Céu Claro,2025-04-05,20
2025-04-05,21:30:00,116,14,VITORIA DA CONQUISTA,BA,Colisão frontal,Faróis desregulados,Céu Claro,2025-04-05,21
2025-04-05,21:50:00,381,54,ATIBAIA,SP,Queda de ocupante de veículo,Reação tardia ou ineficiente do condutor,Nublado,2025-04-05,21
2025-04-05,23:15:00,470,"67,5",INDAIAL,SC,Saída de leito carroçável,Condutor Dormindo,Céu Claro,2025-04-05,23
2025-04-05,11:00:00,282,110,ALFREDO WAGNER,SC,Colisão traseira,Ausência de reação do condutor,Céu Claro,2025-04-05,11
2025-04-05,23:00:00,222,672,ACAILANDIA,MA,Colisão transversal,Transitar na contramão,Céu Claro,2025-04-05,23
2025-04-05,22:40:00,101,316,SAO GONCALO,RJ,Saída de leito carroçável,Ausência de sinalização,Garoa/Chuvisco,2025-04-05,22
2025-04-05,22:40:00,40,514,RIBEIRAO DAS NEVES,MG,Saída de leito carroçável,Ausência de reação do condutor,Garoa/Chuvisco,2025-04-05,22
2025-04-05,23:50:00,101,61,CAMPOS DOS GOYTACAZES,RJ,Colisão transversal,Acessar a via sem observar a presença dos outros veículos,Chuva,2025-04-05,23
2025-04-05,22:30:00,50,"276,9",CATALAO,GO,Tombamento,Ingestão de álcool pelo condutor,Céu Claro,2025-04-05,22
2025-04-06,00:28:00,262,162,IBATIBA,ES,Colisão lateral mesmo sentido,Ultrapassagem Indevida,Céu Claro,2025-04-06,0
2025-04-05,21:20:00,174,366,CARACARAI,RR,Colisão traseira,Iluminação deficiente,Nublado,2025-04-05,21
2025-04-05,22:15:00,262,42,MANHUACU,MG,Saída de leito carroçável,Reação tardia ou ineficiente do condutor,Nublado,2025-04-05,22
2025-04-05,23:40:00,163,835,SINOP,MT,Saída de leito carroçável,Reação tardia ou ineficiente do condutor,Céu Claro,2025-04-05,23
2025-04-06,00:30:00,304,105,ACU,RN,Colisão traseira,Condutor deixou de manter distância do veículo da frente,Céu Claro,2025-04-06,0
2025-04-06,01:12:00,101,112,NAVEGANTES,SC,Tombamento,Reação tardia ou ineficiente do condutor,Céu Claro,2025-04-06,1
2025-04-06,02:30:00,116,114,CURITIBA,PR,Saída de leito carroçável,Ingestão de álcool pelo condutor,Céu Claro,2025-04-06,2
2025-04-06,00:20:00,230,"155,4",CAMPINA GRANDE,PB,Colisão transversal,Desrespeitar a preferência no cruzamento,Céu Claro,2025-04-06,0
2025-04-06,01:00:00,282,226,LAGES,SC,Saída de leito carroçável,Reação tardia ou ineficiente do condutor,Céu Claro,2025-04-06,1
2025-04-06,00:10:00,101,"372,7",ICARA,SC,Colisão com objeto,Condutor Dormindo,Céu Claro,2025-04-06,0
2025-04-06,01:10:00,101,"84,6",BARRA VELHA,SC,Atropelamento de Pedestre,Pedestre cruzava a pista fora da faixa,Nublado,2025-04-06,1
2025-04-06,02:30:00,277,"82,5",CURITIBA,PR,Colisão traseira,Condutor deixou de manter distância do veículo da frente,Nublado,2025-04-06,2
2025-04-06,02:10:00,376,"168,6",NOVA ANDRADINA,MS,Saída de leito carroçável,Reação tardia ou ineficiente do condutor,Céu Claro,2025-04-06,2
2025-04-06,03:40:00,116,753,LEOPOLDINA,MG,Incêndio,Demais falhas mecânicas ou elétricas,Céu Claro,2025-04-06,3
2025-04-06,01:40:00,364,114,APARECIDA DO RIO DOCE,GO,Saída de leito carroçável,Ingestão de álcool pelo condutor,Céu Claro,2025-04-06,1
2025-04-06,04:20:00,153,435,ANAPOLIS,GO,Colisão lateral mesmo sentido,Ingestão de álcool pelo condutor,Ignorado,2025-04-06,4
2025-04-06,00:03:00,277,708,SANTA TEREZINHA DE ITAIPU,PR,Colisão lateral sentido oposto,Ingestão de substâncias psicoativas pelo condutor,Céu Claro,2025-04-06,0