data_inversa,horario,br,km,municipio,uf,tipo_acidente,causa_acidente,condicao_metereologica,data,hora
2025-04-06,04:45:00,381,491,BETIM,MG,Colisão com objeto,Reação tardia ou ineficiente do condutor,Nublado,2025-04-06,4
2025-04-06,04:35:00,116,"150,8",CAXIAS DO SUL,RS,Colisão com objeto,Ingestão de álcool pelo condutor,Céu Claro,2025-04-06,4
2025-04-06,04:20:00,104,"82,3",AGRESTINA,PE,Colisão lateral sentido oposto,Ingestão de álcool pelo condutor,Chuva,2025-04-06,4
2025-04-06,04:15:00,101,9,GARUVA,SC,Tombamento,Ingestão de álcool pelo condutor,Garoa/Chuvisco,2025-04-06,4
2025-04-06,04:30:00,101,951,MUCURI,BA,Saída de leito carroçável,Ausência de reação do condutor,Céu Claro,2025-04-06,4
2025-04-06,05:15:00,230,"513,5",CAJAZEIRAS,PB,Tombamento,Ingestão de álcool pelo condutor,Céu Claro,2025-04-06,5
2025-04-06,04:00:00,393,227,VASSOURAS,RJ,Colisão traseira,Ausência de reação do condutor,Nublado,2025-04-06,4
2025-04-06,04:47:00,153,34,PORANGATU,GO,Colisão com objeto,Ausência de reação do condutor,Céu Claro,2025-04-06,4
2025-04-06,05:50:00,428,187,PETROLINA,PE,Colisão traseira,Ingestão de álcool pelo condutor,Céu Claro,2025-04-06,5
2025-04-06,05:20:00,40,"718,3",BARBACENA,MG,Colisão frontal,Transitar na contramão,Nublado,2025-04-06,5
2025-04-06,04:40:00,101,134,BALNEARIO CAMBORIU,SC,Colisão com objeto,Ausência de reação do condutor,Nublado,2025-04-06,4
2025-04-06,03:30:00,232,"56,4",POMBOS,PE,Saída de leito carroçável,Pedestre andava na pista,Chuva,2025-04-06,3
2025-04-06,06:33:00,116,184,NOVA IGUACU,RJ,Colisão traseira,Ausência de reação do condutor,Nublado,2025-04-06,6
2025-04-06,06:04:00,324,536,CONCEICAO DO JACUIPE,BA,Saída de leito carroçável,Velocidade Incompatível,Céu Claro,2025-04-06,6
2025-04-06,05:55:00,116,119,CACAPAVA,SP,Colisão traseira,Ausência de reação do condutor,Nublado,2025-04-06,5
2025-04-06,06:50:00,381,"523,1",BRUMADINHO,MG,Queda de ocupante de veículo,Ausência de reação do condutor,Nublado,2025-04-06,6
2025-04-06,02:16:00,364,426,JARU,RO,Tombamento,Ausência de reação do condutor,Nublado,2025-04-06,2
2025-04-06,05:50:00,232,"25,1",MORENO,PE,Saída de leito carroçável,Reação tardia ou ineficiente do condutor,Chuva,2025-04-06,5
2025-04-06,02:30:00,70,515,VARZEA GRANDE,MT,Colisão frontal,Reação tardia ou ineficiente do condutor,Chuva,2025-04-06,2
2025-04-06,03:30:00,364,399,CUIABA,MT,Eventos atípicos,Ausência de reação do condutor,Chuva,2025-04-06,3
2025-04-06,07:00:00,101,267,SERRA,ES,Colisão traseira,Ausência de reação do condutor,Garoa/Chuvisco,2025-04-06,7
2025-04-06,05:46:00,210,66,FERREIRA GOMES,AP,Capotamento,Ausência de reação do condutor,Nublado,2025-04-06,5
2025-04-06,06:50:00,316,"44,8",SANTA IZABEL DO PARA,PA,Saída de leito carroçável,Ausência de reação do condutor,Nublado,2025-04-06,6
2025-04-05,20:30:00,116,515,CAJATI,SP,Incêndio,Demais falhas mecânicas ou elétricas,Chuva,2025-04-05,20
2025-04-05,21:00:00,163,244,TOLEDO,PR,Colisão com objeto,Ingestão de álcool pelo condutor,Céu Claro,2025-04-05,21
2025-04-06,05:50:00,153,"313,9",IMBITUVA,PR,Saída de leito carroçável,Reação tardia ou ineficiente do condutor,Garoa/Chuvisco,2025-04-06,5
2025-04-06,07:55:00,158,323,SANTA MARIA,RS,Colisão com objeto,Reação tardia ou ineficiente do condutor,Céu Claro,2025-04-06,7
2025-04-06,06:30:00,174,457,BOA VISTA,RR,Saída de leito carroçável,Condutor Dormindo,Nublado,2025-04-06,6
2025-04-06,05:40:00,174,384,CONQUISTA DOESTE,MT,Atropelamento de Animal,Animais na Pista,Céu Claro,2025-04-06,5
2025-04-06,07:09:00,343,345,TERESINA,PI,Colisão transversal,Desrespeitar a preferência no cruzamento,Nublado,2025-04-06,7
2025-04-06,08:00:00,116,54,LORENA,SP,Tombamento,Demais falhas mecânicas ou elétricas,Nublado,2025-04-06,8
2025-04-06,08:20:00,226,299,BARRA DO CORDA,MA,Colisão transversal,Conversão proibida,Sol,2025-04-06,8
2025-04-06,09:00:00,104,115,LAGOA SECA,PB,Colisão traseira,Ingestão de álcool pelo condutor,Céu Claro,2025-04-06,9
2025-04-06,08:13:00,104,"13,6",TAQUARITINGA DO NORTE,PE,Colisão frontal,Ultrapassagem Indevida,Céu Claro,2025-04-06,8
2025-04-06,09:45:00,290,92,PORTO ALEGRE,RS,Colisão lateral mesmo sentido,Reação tardia ou ineficiente do condutor,Céu Claro,2025-04-06,9
2025-04-06,10:15:00,116,231,IVOTI,RS,Colisão transversal,Acessar a via sem observar a presença dos outros veículos,Sol,2025-04-06,10
2025-03-01,21:40:00,280,125,RIO NEGRINHO,SC,Colisão transversal,Acessar a via sem observar a presença dos outros veículos,Céu Claro,2025-03-01,21
2025-04-06,09:00:00,381,"588,8",CARMOPOLIS DE MINAS,MG,Colisão traseira,Ausência de reação do condutor,Nublado,2025-04-06,9
2025-04-06,09:48:00,101,"85,5",JABOATAO DOS GUARARAPES,PE,Colisão traseira,Manobra de mudança de faixa,Sol,2025-04-06,9
2025-04-06,10:00:00,20,"26,7",BRASILIA,DF,Saída de leito carroçável,Demais falhas mecânicas ou elétricas,Céu Claro,2025-04-06,10
2025-04-06,10:26:00,262,41,DOMINGOS MARTINS,ES,Saída de leito carroçável,Velocidade Incompatível,Chuva,2025-04-06,10
2025-04-06,10:00:00,101,"150,6",LINHARES,ES,Colisão traseira,Condutor deixou de manter distância do veículo da frente,Céu Claro,2025-04-06,10
2025-04-06,10:10:00,277,32,MORRETES,PR,Queda de ocupante de veículo,Velocidade Incompatível,Nublado,2025-04-06,10
2025-04-06,07:30:00,407,430,GEMINIANO,PI,Colisão traseira,Reação tardia ou ineficiente do condutor,Sol,2025-04-06,7
2025-04-06,10:40:00,343,2,TERESINA,PI,Colisão transversal,Trafegar com motocicleta (ou similar) entre as faixas,Céu Claro,2025-04-06,10
2025-04-06,10:50:00,70,"9,4",BRASILIA,DF,Colisão traseira,Condutor deixou de manter distância do veículo da frente,Céu Claro,2025-04-06,10
2025-04-06,02:30:00,163,1049,MATUPA,MT,Eventos atípicos,Estacionar ou parar em local proibido,Céu Claro,2025-04-06,2
2025-04-06,11:10:00,153,"51,6",SAO JOSE DO RIO PRETO,SP,Colisão traseira,Ultrapassagem Indevida,Céu Claro,2025-04-06,11
2025-04-06,11:20:00,163,989,SANTAREM,PA,Saída de leito carroçável,Frear bruscamente,Céu Claro,2025-04-06,11
2025-04-06,12:30:00,101,66,CAMPOS DOS GOYTACAZES,RJ,Colisão traseira,Ausência de reação do condutor,Chuva,2025-04-06,12
2025-04-06,13:00:00,290,80,GRAVATAI,RS,Saída de leito carroçável,Ausência de reação do condutor,Céu Claro,2025-04-06,13
2025-04-06,12:00:00,104,"7,4",CUITE,PB,Saída de leito carroçável,Ingestão de álcool pelo condutor,Céu Claro,2025-04-06,12
2025-04-06,13:30:00,101,"268,2",SERRA,ES,Colisão traseira,Condutor deixou de manter distância do veículo da frente,Céu Claro,2025-04-06,13
2025-04-06,12:54:00,153,234,COLINAS DO TOCANTINS,TO,Colisão frontal,Transitar na contramão,Céu Claro,2025-04-06,12
2025-04-06,11:30:00,10,345,ACAILANDIA,MA,Colisão transversal,Transitar na contramão,Céu Claro,2025-04-06,11
2025-04-02,05:50:00,480,"129,1",CHAPECO,SC,Colisão frontal,Acessar a via sem observar a presença dos outros veículos,Céu Claro,2025-04-02,5
2025-04-06,14:20:00,101,194,BIGUACU,SC,Colisão traseira,Reação tardia ou ineficiente do condutor,Céu Claro,2025-04-06,14
2025-04-06,13:06:00,116,189,NOVA IGUACU,RJ,Colisão traseira,Reação tardia ou ineficiente do condutor,Garoa/Chuvisco,2025-04-06,13
2025-04-06,13:10:00,235,349,JUAZEIRO,BA,Colisão frontal,Transitar na contramão,Céu Claro,2025-04-06,13
2025-04-06,15:10:00,101,"68,9",RECIFE,PE,Colisão lateral mesmo sentido,Manobra de mudança de faixa,Chuva,2025-04-06,15
2025-04-06,09:10:00,381,"446,5",SANTANA DO PARAISO,MG,Colisão frontal,Transitar na contramão,Céu Claro,2025-04-06,9
2025-04-06,15:15:00,40,516,RIBEIRAO DAS NEVES,MG,Tombamento,Demais falhas mecânicas ou elétricas,Céu Claro,2025-04-06,15
2025-04-06,15:00:00,470,"66,3",INDAIAL,SC,Colisão traseira,Condutor deixou de manter distância do veículo da frente,Céu Claro,2025-04-06,15
2025-04-06,15:15:00,381,"921,1",BAEPENDI,MG,Queda de ocupante de veículo,Ausência de reação do condutor,Nublado,2025-04-06,15
2025-04-06,15:27:00,230,"7,1",CABEDELO,PB,Colisão traseira,Ausência de reação do condutor,Céu Claro,2025-04-06,15
2025-04-06,15:15:00,101,129,CAMBORIU,SC,Colisão lateral mesmo sentido,Trafegar com motocicleta (ou similar) entre as faixas,Céu Claro,2025-04-06,15
2025-04-06,14:40:00,282,"523,7",XAXIM,SC,Colisão lateral mesmo sentido,Reação tardia ou ineficiente do condutor,Nublado,2025-04-06,14
2025-04-06,14:35:00,392,19,RIO GRANDE,RS,Colisão lateral mesmo sentido,Acessar a via sem observar a presença dos outros veículos,Céu Claro,2025-04-06,14
2025-04-06,15:00:00,104,22,CUITE,PB,Colisão traseira,Ingestão de álcool pelo condutor,Céu Claro,2025-04-06,15
2025-04-06,15:20:00,60,"170,5",GOIANIA,GO,Colisão traseira,Acessar a via sem observar a presença dos outros veículos,Céu Claro,2025-04-06,15
2025-04-06,15:15:00,116,"64,8",CHOROZINHO,CE,Colisão transversal,Acessar a via sem observar a presença dos outros veículos,Céu Claro,2025-04-06,15
2025-04-06,14:40:00,277,347,GUARAPUAVA,PR,Colisão com objeto,Demais falhas na via,Céu Claro,2025-04-06,14
2025-04-06,14:30:00,262,87,DOMINGOS MARTINS,ES,Tombamento,Chuva,Chuva,2025-04-06,14
2025-04-06,16:26:00,230,6,CABEDELO,PB,Colisão lateral mesmo sentido,Manobra de mudança de faixa,Céu Claro,2025-04-06,16
2025-04-06,15:50:00,104,66,MURICI,AL,Tombamento,Ausência de reação do condutor,Céu Claro,2025-04-06,15
2025-04-06,16:50:00,40,"606,3",CONGONHAS,MG,Colisão transversal,Conversão proibida,Nublado,2025-04-06,16
2025-04-06,17:13:00,101,"144,1",LINHARES,ES,Queda de ocupante de veículo,Manobra de mudança de faixa,Nublado,2025-04-06,17
2025-04-06,16:30:00,459,"68,3",SENADOR JOSE BENTO,MG,Saída de leito carroçável,Curva acentuada,Céu Claro,2025-04-06,16
2025-04-06,15:05:00,153,561,PROFESSOR JAMIL,GO,Saída de leito carroçável,Falta de elemento de contenção que evite a saída do leito carroçável,Nublado,2025-04-06,15
2025-04-06,17:10:00,101,88,JOAO PESSOA,PB,Queda de ocupante de veículo,Manobra de mudança de faixa,Céu Claro,2025-04-06,17
2025-04-06,17:40:00,101,546,PARATY,RJ,Colisão com objeto,Velocidade Incompatível,Chuva,2025-04-06,17
2025-04-06,17:20:00,365,627,UBERLANDIA,MG,Saída de leito carroçável,Velocidade Incompatível,Chuva,2025-04-06,17
2025-04-06,07:09:00,163,"14,7",BARRACAO,PR,Saída de leito carroçável,Ingestão de álcool pelo condutor,Nublado,2025-04-06,7
2025-04-06,17:21:00,153,33,MONTE ALEGRE DE MINAS,MG,Colisão com objeto,Velocidade Incompatível,Céu Claro,2025-04-06,17
2025-04-06,17:55:00,153,"60,8",SAO JOSE DO RIO PRETO,SP,Tombamento,Frear bruscamente,Nublado,2025-04-06,17
2025-04-06,17:00:00,40,"70,3",PETROPOLIS,RJ,Saída de leito carroçável,Chuva,Chuva,2025-04-06,17
2025-04-06,18:30:00,101,"209,1",IBIRACU,ES,Colisão traseira,Condutor deixou de manter distância do veículo da frente,Chuva,2025-04-06,18
2025-03-29,17:55:00,116,126,FAZENDA RIO GRANDE,PR,Colisão traseira,Condutor deixou de manter distância do veículo da frente,Nublado,2025-03-29,17
2025-04-06,18:25:00,343,"328,9",TERESINA,PI,Colisão lateral sentido oposto,Reação tardia ou ineficiente do condutor,Céu Claro,2025-04-06,18
2025-04-06,16:30:00,364,721,PORTO VELHO,RO,Colisão traseira,Manobra de mudança de faixa,Céu Claro,2025-04-06,16
2025-04-06,18:15:00,381,"547,1",ITATIAIUCU,MG,Atropelamento de Pedestre,Pedestre andava na pista,Céu Claro,2025-04-06,18
2025-04-06,18:30:00,277,"721,2",FOZ DO IGUACU,PR,Colisão transversal,Acessar a via sem observar a presença dos outros veículos,Céu Claro,2025-04-06,18
2025-04-06,18:45:00,101,126,ITAJAI,SC,Saída de leito carroçável,Reação tardia ou ineficiente do condutor,Céu Claro,2025-04-06,18
2025-04-06,17:00:00,153,"401,8",MIRANORTE,TO,Saída de leito carroçável,Velocidade Incompatível,Garoa/Chuvisco,2025-04-06,17
2025-04-06,18:40:00,101,"127,8",CAMBORIU,SC,Engavetamento,Ingestão de álcool pelo condutor,Nublado,2025-04-06,18
2025-04-06,19:00:00,316,549,CAXIAS,MA,Colisão frontal,Manobra de mudança de faixa,Céu Claro,2025-04-06,19
2025-04-06,19:36:00,101,18,SAO MATEUS,ES,Eventos atípicos,Ausência de reação do condutor,Céu Claro,2025-04-06,19
2025-04-06,19:30:00,40,2,VALPARAISO DE GOIAS,GO,Colisão traseira,Manobra de mudança de faixa,Nublado,2025-04-06,19
2025-04-06,19:30:00,153,"58,7",SAO JOSE DO RIO PRETO,SP,Saída de leito carroçável,Ingestão de álcool pelo condutor,Céu Claro,2025-04-06,19
2025-04-06,17:10:00,40,84,DUQUE DE CAXIAS,RJ,Colisão lateral mesmo sentido,Velocidade Incompatível,Chuva,2025-04-06,17
2025-04-06,19:50:00,290,109,ELDORADO DO SUL,RS,Queda de ocupante de veículo,Avarias e/ou desgaste excessivo no pneu,Céu Claro,2025-04-06,19
2025-04-06,14:30:00,70,273,PRIMAVERA DO LESTE,MT,Saída de leito carroçável,Ingestão de álcool pelo condutor,Céu Claro,2025-04-06,14
2025-04-06,16:00:00,282,126,BOM RETIRO,SC,Colisão com objeto,Ausência de reação do condutor,Sol,2025-04-06,16
2025-04-06,18:27:00,101,"489,1",ANGRA DOS REIS,RJ,Incêndio,Demais falhas mecânicas ou elétricas,Chuva,2025-04-06,18
2025-04-06,18:40:00,319,62,PORTO VELHO,RO,Colisão transversal,Desrespeitar a preferência no cruzamento,Céu Claro,2025-04-06,18
2025-04-06,20:15:00,101,46,JOINVILLE,SC,Queda de ocupante de veículo,Reação tardia ou ineficiente do condutor,Nublado,2025-04-06,20
2025-04-06,20:03:00,101,149,ITAPEMA,SC,Colisão traseira,Condutor usando celular,Nublado,2025-04-06,20
2025-04-06,18:00:00,364,"7,4",PLANURA,MG,Colisão lateral sentido oposto,Ingestão de álcool pelo condutor,Céu Claro,2025-04-06,18
2025-04-06,19:50:00,104,45,CARUARU,PE,Queda de ocupante de veículo,Avarias e/ou desgaste excessivo no pneu,Nublado,2025-04-06,19
2025-04-06,18:50:00,419,"236,5",AQUIDAUANA,MS,Colisão traseira,Reação tardia ou ineficiente do condutor,Céu Claro,2025-04-06,18
2025-04-06,18:40:00,407,8,JUAZEIRO,BA,Colisão frontal,Acessar a via sem observar a presença dos outros veículos,Céu Claro,2025-04-06,18
2025-04-06,20:00:00,101,"116,1",ITAJAI,SC,Colisão traseira,Ausência de reação do condutor,Nublado,2025-04-06,20
2025-04-06,17:15:00,0,0,LONDRINA,PR,Colisão traseira,Reação tardia ou ineficiente do condutor,Céu Claro,2025-04-06,17
2025-04-06,20:22:00,60,20,ALEXANIA,GO,Colisão traseira,Reação tardia ou ineficiente do condutor,Céu Claro,2025-04-06,20
2025-04-06,19:10:00,452,170,ITUMBIARA,GO,Colisão lateral mesmo sentido,Deficiência do Sistema de Iluminação/Sinalização,Céu Claro,2025-04-06,19
2025-04-06,20:20:00,277,345,GUARAPUAVA,PR,Colisão lateral mesmo sentido,Demais falhas na via,Céu Claro,2025-04-06,20
2025-04-06,20:00:00,101,199,SAO JOSE,SC,Queda de ocupante de veículo,Acessar a via sem observar a presença dos outros veículos,Céu Claro,2025-04-06,20
2025-04-06,18:45:00,174,125,MIRASSOL DOESTE,MT,Colisão transversal,Acessar a via sem observar a presença dos outros veículos,Ignorado,2025-04-06,18
2025-04-06,21:30:00,470,217,BENTO GONCALVES,RS,Colisão transversal,Acessar a via sem observar a presença dos outros veículos,Céu Claro,2025-04-06,21
2025-04-06,20:15:00,101,"705,2",EUNAPOLIS,BA,Colisão frontal,Transitar na contramão,Céu Claro,2025-04-06,20
2025-04-06,19:15:00,277,"236,5",FERNANDES PINHEIRO,PR,Saída de leito carroçável,Ausência de reação do condutor,Céu Claro,2025-04-06,19
2025-04-06,20:40:00,101,91,JAGUARE,ES,Atropelamento de Pedestre,Pedestre andava na pista,Nublado,2025-04-06,20
2025-04-06,18:45:00,101,"187,3",CONCEICAO DA FEIRA,BA,Colisão traseira,Ausência de reação do condutor,Céu Claro,2025-04-06,18
2025-04-06,21:40:00,232,73,GRAVATA,PE,Colisão com objeto,Ingestão de álcool pelo condutor,Céu Claro,2025-04-06,21
2025-04-06,19:28:00,428,42,OROCO,PE,Atropelamento de Animal,Animais na Pista,Céu Claro,2025-04-06,19
2025-04-06,20:50:00,285,"346,2",CARAZINHO,RS,Saída de leito carroçável,Ausência de reação do condutor,Céu Claro,2025-04-06,20
2025-04-06,20:14:00,163,1037,MATUPA,MT,Colisão traseira,Condutor deixou de manter distância do veículo da frente,Céu Claro,2025-04-06,20
2025-04-06,09:10:00,262,"34,5",MANHUACU,MG,Colisão transversal,Acessar a via sem observar a presença dos outros veículos,Céu Claro,2025-04-06,9
2025-04-06,21:25:00,381,"479,3",CONTAGEM,MG,Atropelamento de Pedestre,Pedestre andava na pista,Céu Claro,2025-04-06,21
2025-04-06,22:20:00,104,81,RIO LARGO,AL,Saída de leito carroçável,Condutor Dormindo,Céu Claro,2025-04-06,22
2025-04-06,17:20:00,101,170,FEIRA DE SANTANA,BA,Colisão transversal,Acessar a via sem observar a presença dos outros veículos,Céu Claro,2025-04-06,17
2025-04-06,19:00:00,470,8,NAVEGANTES,SC,Saída de leito carroçável,Ausência de reação do condutor,Nublado,2025-04-06,19
2025-04-06,19:00:00,287,357,JAGUARI,RS,Tombamento,Afundamento ou ondulação no pavimento,Céu Claro,2025-04-06,19
2025-04-06,21:20:00,163,969,BELTERRA,PA,Colisão transversal,Acessar a via sem observar a presença dos outros veículos,Céu Claro,2025-04-06,21
2025-04-06,23:30:00,230,"149,2",CAMPINA GRANDE,PB,Saída de leito carroçável,Ingestão de álcool pelo condutor,Céu Claro,2025-04-06,23
2025-04-06,19:50:00,230,7,ALTAMIRA,PA,Colisão com objeto,Condutor Dormindo,Ignorado,2025-04-06,19
2025-04-06,23:00:00,163,593,NOVA MUTUM,MT,Saída de leito carroçável,Reação tardia ou ineficiente do condutor,Nevoeiro/Neblina,2025-04-06,23
2025-04-06,22:20:00,156,796,OIAPOQUE,AP,Colisão transversal,Conversão proibida,Garoa/Chuvisco,2025-04-06,22
2025-04-06,23:15:00,381,553,ITATIAIUCU,MG,Atropelamento de Animal,Animais na Pista,Céu Claro,2025-04-06,23
2025-04-07,00:00:00,116,182,NOVA IGUACU,RJ,Colisão lateral mesmo sentido,Ausência de reação do condutor,Garoa/Chuvisco,2025-04-07,0
2025-04-07,01:00:00,40,510,NOVA LIMA,MG,Saída de leito carroçável,Velocidade Incompatível,Céu Claro,2025-04-07,1
2025-04-07,00:40:00,163,839,SINOP,MT,Queda de ocupante de veículo,Acessar a via sem observar a presença dos outros veículos,Céu Claro,2025-04-07,0
2025-04-06,00:40:00,40,"430,2",PARAOPEBA,MG,Saída de leito carroçável,Ausência de reação do condutor,Céu Claro,2025-04-06,0
2025-04-07,01:00:00,101,"436,6",MARAU,BA,Saída de leito carroçável,Condutor Dormindo,Céu Claro,2025-04-07,1
2025-04-07,01:40:00,277,124,CAMPO LARGO,PR,Saída de leito carroçável,Reação tardia ou ineficiente do condutor,Chuva,2025-04-07,1
2025-04-07,03:45:00,116,237,NOVO HAMBURGO,RS,Colisão traseira,Ausência de reação do condutor,Céu Claro,2025-04-07,3
2025-04-07,04:20:00,476,118,COLOMBO,PR,Colisão traseira,Reação tardia ou ineficiente do condutor,Céu Claro,2025-04-07,4
2025-04-07,03:40:00,101,"257,4",PAULO LOPES,SC,Saída de leito carroçável,Ingestão de álcool pelo condutor,Chuva,2025-04-07,3
2025-04-07,03:30:00,376,618,SAO JOSE DOS PINHAIS,PR,Saída de leito carroçável,Avarias e/ou desgaste excessivo no pneu,Garoa/Chuvisco,2025-04-07,3
2025-04-07,03:00:00,435,30,VILHENA,RO,Queda de ocupante de veículo,Ausência de reação do condutor,Nublado,2025-04-07,3
2025-04-07,01:40:00,163,"680,4",RIO VERDE DE MATO GROSSO,MS,Tombamento,Ausência de reação do condutor,Nublado,2025-04-07,1
2025-04-07,02:40:00,101,413,ITAGUAI,RJ,Colisão traseira,Ausência de reação do condutor,Nublado,2025-04-07,2
2025-04-07,05:45:00,20,10,BRASILIA,DF,Colisão lateral mesmo sentido,Manobra de mudança de faixa,Céu Claro,2025-04-07,5
2025-04-07,06:00:00,242,823,BARREIRAS,BA,Colisão traseira,Velocidade Incompatível,Céu Claro,2025-04-07,6
2025-04-07,05:40:00,493,21,MAGE,RJ,Colisão frontal,Ausência de reação do condutor,Céu Claro,2025-04-07,5
2025-04-07,06:25:00,290,22,SANTO ANTONIO DA PATRULHA,RS,Tombamento,Demais falhas mecânicas ou elétricas,Céu Claro,2025-04-07,6
2025-04-07,04:15:00,280,"69,8",JARAGUA DO SUL,SC,Colisão frontal,Conversão proibida,Céu Claro,2025-04-07,4
2025-04-07,00:15:00,116,"219,4",GUARULHOS,SP,Colisão com objeto,Reação tardia ou ineficiente do condutor,Céu Claro,2025-04-07,0
2025-04-07,06:50:00,230,"22,2",JOAO PESSOA,PB,Colisão traseira,Reação tardia ou ineficiente do condutor,Chuva,2025-04-07,6
2025-04-07,06:45:00,277,4,PARANAGUA,PR,Colisão traseira,Ausência de reação do condutor,Céu Claro,2025-04-07,6
2025-04-07,06:45:00,101,336,GUARAPARI,ES,Saída de leito carroçável,Chuva,Chuva,2025-04-07,6
2025-04-07,05:00:00,262,443,NOVA SERRANA,MG,Tombamento,Objeto estático sobre o leito carroçável,Céu Claro,2025-04-07,5
2025-04-06,17:50:00,407,129,PETROLINA,PE,Colisão lateral mesmo sentido,Trafegar com motocicleta (ou similar) entre as faixas,Céu Claro,2025-04-06,17
2025-04-07,06:40:00,101,18,ILHEUS,BA,Colisão transversal,Acesso irregular,Céu Claro,2025-04-07,6
2025-04-07,06:40:00,324,619,SALVADOR,BA,Queda de ocupante de veículo,Ausência de reação do condutor,Céu Claro,2025-04-07,6
2025-04-07,06:40:00,277,"7,9",PARANAGUA,PR,Atropelamento de Pedestre,Velocidade Incompatível,Nublado,2025-04-07,6
2025-04-07,07:00:00,376,161,MARINGA,PR,Queda de ocupante de veículo,Reação tardia ou ineficiente do condutor,Céu Claro,2025-04-07,7
2025-04-07,06:50:00,153,78,PORANGATU,GO,Colisão lateral mesmo sentido,Reação tardia ou ineficiente do condutor,Céu Claro,2025-04-07,6
2025-04-07,07:00:00,163,478,CAMPO GRANDE,MS,Colisão transversal,Ausência de reação do condutor,Sol,2025-04-07,7
2025-04-07,07:10:00,101,"31,6",RIO TINTO,PB,Colisão traseira,Condutor deixou de manter distância do veículo da frente,Chuva,2025-04-07,7
2025-04-07,07:30:00,369,159,LONDRINA,PR,Colisão traseira,Ausência de reação do condutor,Céu Claro,2025-04-07,7
2025-04-07,07:48:00,242,825,BARREIRAS,BA,Queda de ocupante de veículo,Reação tardia ou ineficiente do condutor,Céu Claro,2025-04-07,7
2025-04-07,07:20:00,116,"6,5",CAMPINA GRANDE DO SUL,PR,Saída de leito carroçável,Velocidade Incompatível,Garoa/Chuvisco,2025-04-07,7
2025-04-07,07:50:00,101,851,ALCOBACA,BA,Saída de leito carroçável,Ultrapassagem Indevida,Nublado,2025-04-07,7
2025-04-07,08:00:00,381,0,BETIM,MG,Colisão lateral mesmo sentido,Trafegar com motocicleta (ou similar) entre as faixas,Nublado,2025-04-07,8
2025-03-24,19:20:00,40,"749,5",SANTOS DUMONT,MG,Colisão lateral sentido oposto,Chuva,Chuva,2025-03-24,19
2025-04-07,08:32:00,116,224,GUARULHOS,SP,Colisão lateral mesmo sentido,Acessar a via sem observar a presença dos outros veículos,Sol,2025-04-07,8
2025-04-07,08:07:00,101,326,NITEROI,RJ,Colisão traseira,Ausência de reação do condutor,Céu Claro,2025-04-07,8
2025-04-07,07:50:00,369,159,CAMBE,PR,Engavetamento,Condutor deixou de manter distância do veículo da frente,Nublado,2025-04-07,7
2025-04-07,07:00:00,116,231,SAO PAULO,SP,Colisão traseira,Ausência de reação do condutor,Céu Claro,2025-04-07,7
2025-04-07,08:30:00,277,216,TEIXEIRA SOARES,PR,Saída de leito carroçável,Ausência de reação do condutor,Céu Claro,2025-04-07,8
2025-04-07,08:55:00,60,"70,8",ABADIANIA,GO,Saída de leito carroçável,Condutor Dormindo,Céu Claro,2025-04-07,8
2025-04-07,08:40:00,101,"749,6",ITABELA,BA,Saída de leito carroçável,Ausência de reação do condutor,Céu Claro,2025-04-07,8
2025-04-07,09:00:00,101,98,NATAL,RN,Tombamento,Ausência de reação do condutor,Céu Claro,2025-04-07,9
2025-04-07,08:20:00,101,"267,6",SERRA,ES,Colisão lateral mesmo sentido,Manobra de mudança de faixa,Chuva,2025-04-07,8
2025-04-07,08:10:00,153,28,SANTO ANTONIO DA PLATINA,PR,Saída de leito carroçável,Ultrapassagem Indevida,Céu Claro,2025-04-07,8
2025-04-07,09:38:00,153,"639,3",ALIANCA DO TOCANTINS,TO,Queda de ocupante de veículo,Reação tardia ou ineficiente do condutor,Céu Claro,2025-04-07,9
2025-04-07,07:44:00,364,"342,9",JI-PARANA,RO,Colisão traseira,Reação tardia ou ineficiente do condutor,Céu Claro,2025-04-07,7
2025-04-07,08:50:00,101,"335,4",GUARAPARI,ES,Saída de leito carroçável,Chuva,Chuva,2025-04-07,8
2025-04-07,09:20:00,101,"433,9",SOMBRIO,SC,Colisão lateral mesmo sentido,Conversão proibida,Nublado,2025-04-07,9
2025-04-07,09:30:00,40,115,DUQUE DE CAXIAS,RJ,Tombamento,Demais falhas mecânicas ou elétricas,Sol,2025-04-07,9
2025-04-07,09:00:00,116,15,CAMPINA GRANDE DO SUL,PR,Capotamento,Velocidade Incompatível,Chuva,2025-04-07,9
2025-04-07,10:50:00,470,224,GARIBALDI,RS,Colisão transversal,Acesso irregular,Nublado,2025-04-07,10
2025-04-07,09:20:00,232,"361,7",FLORES,PE,Atropelamento de Pedestre,Pedestre andava na pista,Céu Claro,2025-04-07,9
2025-04-07,07:10:00,101,274,PAULO LOPES,SC,Colisão traseira,Condutor deixou de manter distância do veículo da frente,Chuva,2025-04-07,7
2025-03-30,17:15:00,210,3,MACAPA,AP,Colisão frontal,Transitar na contramão,Céu Claro,2025-03-30,17
2025-04-07,11:20:00,116,186,NOVA IGUACU,RJ,Colisão lateral sentido oposto,Manobra de mudança de faixa,Céu Claro,2025-04-07,11
2025-04-07,11:00:00,101,147,RIBEIRAO,PE,Saída de leito carroçável,Demais falhas mecânicas ou elétricas,Céu Claro,2025-04-07,11
2025-04-07,11:50:00,116,227,SAO PAULO,SP,Colisão traseira,Manobra de mudança de faixa,Nublado,2025-04-07,11