data_inversa,horario,br,km,municipio,uf,tipo_acidente,causa_acidente,condicao_metereologica,data,hora
2025-04-07,10:30:00,369,"11,5",CAMBARA,PR,Tombamento,Ausência de reação do condutor,Céu Claro,2025-04-07,10
2025-04-07,12:00:00,116,318,JUQUITIBA,SP,Incêndio,Demais falhas mecânicas ou elétricas,Nublado,2025-04-07,12
2025-01-15,19:30:00,369,185,ARAPONGAS,PR,Colisão transversal,Manobra de mudança de faixa,Céu Claro,2025-01-15,19
2025-04-07,11:45:00,367,62,PORTO SEGURO,BA,Atropelamento de Pedestre,Pedestre andava na pista,Chuva,2025-04-07,11
2025-04-07,13:15:00,282,"67,5",RANCHO QUEIMADO,SC,Saída de leito carroçável,Velocidade Incompatível,Chuva,2025-04-07,13
2025-03-30,12:03:00,116,"150,3",SAO JOSE DOS CAMPOS,SP,Engavetamento,Condutor deixou de manter distância do veículo da frente,Céu Claro,2025-03-30,12
2025-03-14,18:10:00,393,281,VOLTA REDONDA,RJ,Colisão transversal,Acessar a via sem observar a presença dos outros veículos,Chuva,2025-03-14,18
2025-04-07,12:25:00,230,1,CABEDELO,PB,Colisão traseira,Conversão proibida,Nublado,2025-04-07,12
2025-04-07,13:30:00,116,129,FAZENDA RIO GRANDE,PR,Colisão lateral mesmo sentido,Reação tardia ou ineficiente do condutor,Nublado,2025-04-07,13
2025-04-07,11:25:00,163,680,RIO VERDE DE MATO GROSSO,MS,Colisão transversal,Acessar a via sem observar a presença dos outros veículos,Céu Claro,2025-04-07,11
2025-04-07,13:00:00,459,"88,6",CONGONHAL,MG,Colisão transversal,Conversão proibida,Céu Claro,2025-04-07,13
2025-04-07,11:25:00,381,481,CONTAGEM,MG,Colisão lateral mesmo sentido,Ausência de reação do condutor,Céu Claro,2025-04-07,11
2025-04-07,13:30:00,116,"219,9",GUARULHOS,SP,Colisão traseira,Reação tardia ou ineficiente do condutor,Nublado,2025-04-07,13
2025-04-07,11:10:00,116,112,MAGE,RJ,Colisão lateral mesmo sentido,Reação tardia ou ineficiente do condutor,Sol,2025-04-07,11
2025-04-07,13:30:00,381,450,SABARA,MG,Colisão com objeto,Mal súbito do condutor,Sol,2025-04-07,13
2025-03-21,18:00:00,40,110,DUQUE DE CAXIAS,RJ,Colisão lateral mesmo sentido,Manobra de mudança de faixa,Nublado,2025-03-21,18
2025-01-17,13:45:00,316,"476,3",CODO,MA,Colisão lateral sentido oposto,Transitar na contramão,Ignorado,2025-01-17,13
2025-04-07,14:14:00,101,55,PAULISTA,PE,Colisão traseira,Demais falhas mecânicas ou elétricas,Céu Claro,2025-04-07,14
2025-04-07,14:20:00,277,"0,9",PARANAGUA,PR,Colisão traseira,Condutor deixou de manter distância do veículo da frente,Nublado,2025-04-07,14
2025-04-07,12:56:00,163,688,LUCAS DO RIO VERDE,MT,Colisão transversal,Desrespeitar a preferência no cruzamento,Céu Claro,2025-04-07,12
2025-04-07,13:35:00,116,"143,2",CAXIAS DO SUL,RS,Colisão frontal,Reação tardia ou ineficiente do condutor,Chuva,2025-04-07,13
2025-03-12,09:30:00,423,"64,1",CALCADO,PE,Tombamento,Acessar a via sem observar a presença dos outros veículos,Ignorado,2025-03-12,9
2025-04-07,15:15:00,116,25,AQUIRAZ,CE,Colisão traseira,Condutor deixou de manter distância do veículo da frente,Céu Claro,2025-04-07,15
2025-04-07,14:20:00,470,"217,3",BENTO GONCALVES,RS,Queda de ocupante de veículo,Chuva,Chuva,2025-04-07,14
2025-04-07,14:45:00,470,218,BENTO GONCALVES,RS,Colisão frontal,Velocidade Incompatível,Chuva,2025-04-07,14
2025-04-07,16:15:00,40,4,VALPARAISO DE GOIAS,GO,Colisão traseira,Reação tardia ou ineficiente do condutor,Céu Claro,2025-04-07,16
2025-04-07,16:20:00,343,"0,9",TERESINA,PI,Colisão transversal,Acessar a via sem observar a presença dos outros veículos,Céu Claro,2025-04-07,16
2025-04-07,16:45:00,324,0,FEIRA DE SANTANA,BA,Colisão lateral mesmo sentido,Trafegar com motocicleta (ou similar) entre as faixas,Sol,2025-04-07,16
2025-04-07,16:10:00,101,"10,2",DOM PEDRO DE ALCANTARA,RS,Colisão traseira,Manobra de mudança de faixa,Garoa/Chuvisco,2025-04-07,16
2025-04-07,12:45:00,423,177,AGUAS BELAS,PE,Colisão traseira,Ingestão de álcool pelo condutor,Céu Claro,2025-04-07,12
2025-04-07,17:00:00,280,4,SAO FRANCISCO DO SUL,SC,Colisão traseira,Retorno proibido,Nublado,2025-04-07,17
2025-04-07,16:40:00,316,"312,1",PICOS,PI,Colisão traseira,Manobra de mudança de faixa,Sol,2025-04-07,16
2025-04-07,17:00:00,116,"219,2",GUARULHOS,SP,Colisão traseira,Trafegar com motocicleta (ou similar) entre as faixas,Nublado,2025-04-07,17
2025-04-07,17:15:00,381,481,CONTAGEM,MG,Colisão traseira,Condutor deixou de manter distância do veículo da frente,Nublado,2025-04-07,17
2025-04-07,14:30:00,285,104,VACARIA,RS,Saída de leito carroçável,Ingestão de álcool pelo condutor,Chuva,2025-04-07,14
2025-04-07,17:30:00,101,"223,5",PALHOCA,SC,Colisão transversal,Acessar a via sem observar a presença dos outros veículos,Chuva,2025-04-07,17
2025-04-07,16:40:00,153,87,PORANGATU,GO,Colisão transversal,Reação tardia ou ineficiente do condutor,Céu Claro,2025-04-07,16
2025-04-07,17:52:00,116,181,NOVA IGUACU,RJ,Queda de ocupante de veículo,Avarias e/ou desgaste excessivo no pneu,Céu Claro,2025-04-07,17
2025-04-07,12:15:00,101,339,TUBARAO,SC,Colisão transversal,Acessar a via sem observar a presença dos outros veículos,Chuva,2025-04-07,12
2025-04-07,18:00:00,101,"144,8",LINHARES,ES,Colisão traseira,Ausência de reação do condutor,Céu Claro,2025-04-07,18
2025-04-07,18:10:00,365,"18,7",MONTES CLAROS,MG,Colisão frontal,Transitar na contramão,Céu Claro,2025-04-07,18
2025-04-07,18:40:00,101,49,VITORIA DE SANTO ANTAO,PE,Tombamento,Mal súbito do condutor,Nublado,2025-04-07,18
2025-04-07,17:44:00,116,231,IVOTI,RS,Colisão lateral mesmo sentido,Ultrapassagem Indevida,Chuva,2025-04-07,17
2025-04-07,18:30:00,104,66,CARUARU,PE,Colisão lateral mesmo sentido,Ausência de reação do condutor,Céu Claro,2025-04-07,18
2025-04-07,18:00:00,343,267,CAMPO MAIOR,PI,Colisão transversal,Acessar a via sem observar a presença dos outros veículos,Céu Claro,2025-04-07,18
2025-04-07,18:25:00,40,118,DUQUE DE CAXIAS,RJ,Colisão traseira,Ausência de reação do condutor,Céu Claro,2025-04-07,18
2025-04-07,18:40:00,40,8,VALPARAISO DE GOIAS,GO,Colisão traseira,Manobra de mudança de faixa,Céu Claro,2025-04-07,18
2025-04-07,18:30:00,476,"149,9",ARAUCARIA,PR,Colisão lateral mesmo sentido,Manobra de mudança de faixa,Nublado,2025-04-07,18
2025-04-07,18:40:00,101,"44,3",UBATUBA,SP,Colisão transversal,Acessar a via sem observar a presença dos outros veículos,Nublado,2025-04-07,18
2025-04-07,19:00:00,393,"285,3",VOLTA REDONDA,RJ,Tombamento,Ausência de reação do condutor,Céu Claro,2025-04-07,19
2025-04-07,17:15:00,282,"168,5",BOCAINA DO SUL,SC,Saída de leito carroçável,Falta de elemento de contenção que evite a saída do leito carroçável,Garoa/Chuvisco,2025-04-07,17
2025-04-07,18:00:00,364,403,CUIABA,MT,Colisão lateral mesmo sentido,Condutor deixou de manter distância do veículo da frente,Céu Claro,2025-04-07,18
2025-04-07,18:20:00,290,64,GRAVATAI,RS,Saída de leito carroçável,Reação tardia ou ineficiente do condutor,Chuva,2025-04-07,18
2025-04-07,20:25:00,153,137,ARAGUAINA,TO,Saída de leito carroçável,Chuva,Chuva,2025-04-07,20
2025-04-07,20:00:00,365,"20,3",MONTES CLAROS,MG,Saída de leito carroçável,Afundamento ou ondulação no pavimento,Céu Claro,2025-04-07,20
2025-04-07,19:54:00,101,323,NITEROI,RJ,Colisão traseira,Ausência de reação do condutor,Céu Claro,2025-04-07,19
2025-04-07,19:20:00,101,476,ANGRA DOS REIS,RJ,Engavetamento,Mal súbito do condutor,Nublado,2025-04-07,19
2025-04-07,17:00:00,420,"264,3",MUTUIPE,BA,Colisão frontal,Conversão proibida,Céu Claro,2025-04-07,17
2025-04-07,18:30:00,376,"591,6",CURITIBA,PR,Colisão traseira,Reação tardia ou ineficiente do condutor,Nublado,2025-04-07,18
2025-04-07,17:55:00,163,"110,9",GUARUJA DO SUL,SC,Colisão transversal,Acessar a via sem observar a presença dos outros veículos,Céu Claro,2025-04-07,17
2025-04-07,19:45:00,116,407,GOVERNADOR VALADARES,MG,Tombamento,Ausência de reação do condutor,Céu Claro,2025-04-07,19
2025-04-07,18:37:00,317,178,CAPIXABA,AC,Atropelamento de Animal,Animais na Pista,Nublado,2025-04-07,18
2025-04-07,16:40:00,230,"695,7",BRASIL NOVO,PA,Colisão frontal,Manobra de mudança de faixa,Céu Claro,2025-04-07,16
2025-04-07,18:30:00,104,"116,5",LAGOA SECA,PB,Tombamento,Ausência de reação do condutor,Céu Claro,2025-04-07,18
2025-04-07,15:15:00,101,324,CAPIVARI DE BAIXO,SC,Incêndio,Demais falhas mecânicas ou elétricas,Nublado,2025-04-07,15
2025-04-07,16:00:00,407,427,PICOS,PI,Saída de leito carroçável,Ausência de reação do condutor,Céu Claro,2025-04-07,16
2025-04-07,20:10:00,493,105,SEROPEDICA,RJ,Colisão traseira,Reação tardia ou ineficiente do condutor,Céu Claro,2025-04-07,20
2025-04-07,22:00:00,287,248,SANTA MARIA,RS,Atropelamento de Pedestre,Pedestre cruzava a pista fora da faixa,Chuva,2025-04-07,22
2025-04-06,21:50:00,316,110,SANTA MARIA DO PARA,PA,Colisão transversal,Acessar a via sem observar a presença dos outros veículos,Nublado,2025-04-06,21
2025-04-07,17:42:00,116,"3,5",FORTALEZA,CE,Colisão lateral mesmo sentido,Trafegar com motocicleta (ou similar) entre as faixas,Céu Claro,2025-04-07,17
2025-04-07,21:40:00,116,475,JACUPIRANGA,SP,Colisão frontal,Condutor desrespeitou a iluminação vermelha do semáforo,Nublado,2025-04-07,21
2025-04-07,19:00:00,401,74,BONFIM,RR,Atropelamento de Animal,Ausência de reação do condutor,Ignorado,2025-04-07,19
2025-04-07,21:30:00,470,"155,5",TROMBUDO CENTRAL,SC,Saída de leito carroçável,Velocidade Incompatível,Garoa/Chuvisco,2025-04-07,21
2025-04-07,22:55:00,116,519,CARATINGA,MG,Atropelamento de Animal,Animais na Pista,Nublado,2025-04-07,22
2025-04-07,23:00:00,459,"99,7",POUSO ALEGRE,MG,Saída de leito carroçável,Velocidade Incompatível,Chuva,2025-04-07,23
2025-04-07,23:00:00,262,"767,9",UBERABA,MG,Saída de leito carroçável,Condutor Dormindo,Céu Claro,2025-04-07,23
2025-04-08,00:30:00,101,"83,6",NATAL,RN,Colisão lateral mesmo sentido,Condutor deixou de manter distância do veículo da frente,Céu Claro,2025-04-08,0
2025-04-08,01:00:00,101,163,TIJUCAS,SC,Atropelamento de Animal,Animais na Pista,Garoa/Chuvisco,2025-04-08,1
2025-04-08,00:10:00,319,63,PORTO VELHO,RO,Atropelamento de Pedestre,Ausência de reação do condutor,Céu Claro,2025-04-08,0
2025-04-07,23:20:00,429,200,SAO FRANCISCO DO GUAPORE,RO,Atropelamento de Animal,Animais na Pista,Nublado,2025-04-07,23
2025-04-08,03:05:00,472,492,ITAQUI,RS,Atropelamento de Animal,Animais na Pista,Céu Claro,2025-04-08,3
2025-04-08,02:10:00,381,"542,5",ITATIAIUCU,MG,Saída de leito carroçável,Condutor Dormindo,Céu Claro,2025-04-08,2
2025-04-07,18:40:00,324,564,SAO SEBASTIAO DO PASSE,BA,Queda de ocupante de veículo,Reação tardia ou ineficiente do condutor,Nublado,2025-04-07,18
2025-04-08,03:40:00,116,"11,4",FORTALEZA,CE,Queda de ocupante de veículo,Avarias e/ou desgaste excessivo no pneu,Nublado,2025-04-08,3
2025-04-08,03:44:00,116,"238,9",NOVO HAMBURGO,RS,Colisão traseira,Ausência de reação do condutor,Nublado,2025-04-08,3
2025-04-08,05:20:00,60,"84,2",ANAPOLIS,GO,Saída de leito carroçável,Condutor Dormindo,Céu Claro,2025-04-08,5
2025-04-07,22:00:00,226,301,BARRA DO CORDA,MA,Atropelamento de Animal,Animais na Pista,Céu Claro,2025-04-07,22
2025-04-08,06:30:00,324,7,FEIRA DE SANTANA,BA,Colisão lateral mesmo sentido,Acessar a via sem observar a presença dos outros veículos,Sol,2025-04-08,6
2025-04-08,05:14:00,376,3,SAO JOSE DOS PINHAIS,PR,Colisão traseira,Reação tardia ou ineficiente do condutor,Céu Claro,2025-04-08,5
2025-04-08,05:50:00,282,"588,9",SAUDADES,SC,Saída de leito carroçável,Ausência de reação do condutor,Garoa/Chuvisco,2025-04-08,5
2025-04-08,07:00:00,101,"79,3",JABOATAO DOS GUARARAPES,PE,Colisão transversal,Acesso irregular,Céu Claro,2025-04-08,7
2025-04-08,07:05:00,470,64,INDAIAL,SC,Colisão traseira,Reação tardia ou ineficiente do condutor,Céu Claro,2025-04-08,7
2025-04-08,05:40:00,262,302,CAMPO GRANDE,MS,Tombamento,Afundamento ou ondulação no pavimento,Céu Claro,2025-04-08,5
2025-04-08,07:10:00,235,"45,6",ITABAIANA,SE,Tombamento,Acostamento em desnível,Céu Claro,2025-04-08,7
2025-04-08,07:00:00,285,457,IJUI,RS,Colisão traseira,Transitar no Acostamento,Garoa/Chuvisco,2025-04-08,7
2025-04-08,06:30:00,101,7,BIGUACU,SC,Saída de leito carroçável,Ausência de reação do condutor,Céu Claro,2025-04-08,6
2025-04-08,07:10:00,230,"336,2",PATOS,PB,Colisão transversal,Acessar a via sem observar a presença dos outros veículos,Céu Claro,2025-04-08,7
2025-04-08,07:20:00,153,17,JACAREZINHO,PR,Colisão traseira,Condutor deixou de manter distância do veículo da frente,Céu Claro,2025-04-08,7
2025-04-08,06:00:00,40,"498,1",ESMERALDAS,MG,Atropelamento de Pedestre,Pedestre andava na pista,Céu Claro,2025-04-08,6
2025-04-08,07:30:00,40,518,RIBEIRAO DAS NEVES,MG,Colisão lateral mesmo sentido,Manobra de mudança de faixa,Céu Claro,2025-04-08,7
2025-04-08,08:00:00,262,803,UBERABA,MG,Colisão traseira,Condutor deixou de manter distância do veículo da frente,Céu Claro,2025-04-08,8
2025-04-08,07:55:00,116,1,FORTALEZA,CE,Colisão lateral mesmo sentido,Reação tardia ou ineficiente do condutor,Céu Claro,2025-04-08,7
2025-04-05,08:35:00,40,74,PETROPOLIS,RJ,Saída de leito carroçável,Chuva,Chuva,2025-04-05,8
2025-04-08,08:55:00,101,"269,2",SERRA,ES,Colisão lateral mesmo sentido,Manobra de mudança de faixa,Sol,2025-04-08,8
2025-04-05,03:00:00,40,121,DUQUE DE CAXIAS,RJ,Colisão traseira,Ausência de reação do condutor,Chuva,2025-04-05,3
2025-04-08,03:20:00,163,265,DOURADOS,MS,Colisão com objeto,Ausência de reação do condutor,Céu Claro,2025-04-08,3
2025-04-08,07:00:00,116,264,VOLTA REDONDA,RJ,Queda de ocupante de veículo,Avarias e/ou desgaste excessivo no pneu,Sol,2025-04-08,7
2025-04-08,07:00:00,376,600,CURITIBA,PR,Colisão traseira,Reação tardia ou ineficiente do condutor,Céu Claro,2025-04-08,7
2025-04-08,07:30:00,153,513,APARECIDA DE GOIANIA,GO,Colisão traseira,Ausência de reação do condutor,Céu Claro,2025-04-08,7
2025-04-08,07:30:00,376,257,CALIFORNIA,PR,Atropelamento de Pedestre,Pedestre cruzava a pista fora da faixa,Céu Claro,2025-04-08,7
2025-04-08,09:10:00,101,"201,6",SAO JOSE,SC,Queda de ocupante de veículo,Pista Escorregadia,Nublado,2025-04-08,9
2025-04-08,09:00:00,230,"149,2",CAMPINA GRANDE,PB,Colisão traseira,Reação tardia ou ineficiente do condutor,Sol,2025-04-08,9
2025-04-08,07:40:00,376,595,CURITIBA,PR,Colisão lateral mesmo sentido,Manobra de mudança de faixa,Céu Claro,2025-04-08,7
2025-04-08,08:30:00,40,"282,5",TRES MARIAS,MG,Colisão transversal,Acesso irregular,Sol,2025-04-08,8
2025-02-24,07:10:00,116,122,CURITIBA,PR,Colisão traseira,Condutor deixou de manter distância do veículo da frente,Céu Claro,2025-02-24,7
2025-04-08,07:50:00,40,105,DUQUE DE CAXIAS,RJ,Atropelamento de Pedestre,Entrada inopinada do pedestre,Céu Claro,2025-04-08,7
2025-04-08,07:35:00,465,21,NOVA IGUACU,RJ,Atropelamento de Animal,Ausência de reação do condutor,Céu Claro,2025-04-08,7
2025-04-08,08:45:00,101,333,RIO DE JANEIRO,RJ,Colisão traseira,Reação tardia ou ineficiente do condutor,Sol,2025-04-08,8
2025-04-08,08:00:00,116,144,DUQUE DE CAXIAS,RJ,Colisão traseira,Reação tardia ou ineficiente do condutor,Céu Claro,2025-04-08,8
2025-04-08,07:40:00,116,"699,1",MURIAE,MG,Colisão transversal,Acessar a via sem observar a presença dos outros veículos,Céu Claro,2025-04-08,7
2025-04-08,09:10:00,40,517,RIBEIRAO DAS NEVES,MG,Colisão transversal,Acessar a via sem observar a presença dos outros veículos,Céu Claro,2025-04-08,9
2025-03-28,07:00:00,470,179,VERANOPOLIS,RS,Engavetamento,Velocidade Incompatível,Céu Claro,2025-03-28,7
2025-04-08,09:50:00,448,22,PORTO ALEGRE,RS,Colisão com objeto,Acumulo de óleo sobre o pavimento,Chuva,2025-04-08,9
2025-04-08,10:05:00,110,342,ALAGOINHAS,BA,Colisão traseira,Trafegar com motocicleta (ou similar) entre as faixas,Céu Claro,2025-04-08,10
2025-04-08,10:44:00,376,"75,7",GUAIRACA,PR,Colisão transversal,Desrespeitar a preferência no cruzamento,Céu Claro,2025-04-08,10
2025-04-06,17:30:00,230,3,ALTAMIRA,PA,Colisão traseira,Ausência de reação do condutor,Sol,2025-04-06,17
2025-03-23,10:30:00,101,45,UBATUBA,SP,Colisão transversal,Conversão proibida,Céu Claro,2025-03-23,10
2025-04-08,11:57:00,101,177,AGUA PRETA,PE,Incêndio,Demais falhas mecânicas ou elétricas,Sol,2025-04-08,11
2025-04-08,10:55:00,158,"95,1",PALMEIRA DAS MISSOES,RS,Colisão transversal,Acessar a via sem observar a presença dos outros veículos,Chuva,2025-04-08,10
2025-04-08,11:00:00,465,21,NOVA IGUACU,RJ,Colisão transversal,Ausência de reação do condutor,Céu Claro,2025-04-08,11
2025-04-05,15:45:00,285,"292,7",PASSO FUNDO,RS,Atropelamento de Pedestre,Desrespeitar a preferência no cruzamento,Sol,2025-04-05,15
2025-04-08,08:50:00,365,"495,3",PATROCINIO,MG,Queda de ocupante de veículo,Ausência de reação do condutor,Céu Claro,2025-04-08,8
2025-04-08,09:30:00,101,"66,7",CAMPOS DOS GOYTACAZES,RJ,Colisão lateral mesmo sentido,Acessar a via sem observar a presença dos outros veículos,Céu Claro,2025-04-08,9
2025-04-08,13:00:00,414,438,ANAPOLIS,GO,Queda de ocupante de veículo,Avarias e/ou desgaste excessivo no pneu,Céu Claro,2025-04-08,13
2025-04-08,12:00:00,101,"594,2",PARATY,RJ,Colisão traseira,Curva acentuada,Céu Claro,2025-04-08,12
2025-04-08,11:50:00,116,"113,8",TAUBATE,SP,Tombamento,Demais falhas mecânicas ou elétricas,Sol,2025-04-08,11
2025-04-08,13:30:00,40,"793,2",JUIZ DE FORA,MG,Colisão com objeto,Avarias e/ou desgaste excessivo no pneu,Céu Claro,2025-04-08,13
2025-04-08,12:27:00,163,14,MUNDO NOVO,MS,Saída de leito carroçável,Ausência de reação do condutor,Chuva,2025-04-08,12
2025-03-30,10:45:00,163,487,CAMPO GRANDE,MS,Colisão frontal,Ausência de reação do condutor,Céu Claro,2025-03-30,10
2025-04-08,13:45:00,10,259,IMPERATRIZ,MA,Colisão transversal,Transitar no Acostamento,Céu Claro,2025-04-08,13
2025-04-08,14:22:00,101,12,MAMANGUAPE,PB,Queda de ocupante de veículo,Reação tardia ou ineficiente do condutor,Céu Claro,2025-04-08,14
2025-04-08,10:00:00,324,515,FEIRA DE SANTANA,BA,Colisão traseira,Ausência de reação do condutor,Céu Claro,2025-04-08,10
2025-04-08,14:30:00,277,586,CASCAVEL,PR,Colisão traseira,Desrespeitar a preferência no cruzamento,Chuva,2025-04-08,14
2025-04-08,14:55:00,386,426,MONTENEGRO,RS,Colisão traseira,Condutor deixou de manter distância do veículo da frente,Céu Claro,2025-04-08,14
2025-04-08,15:00:00,495,3,TERESOPOLIS,RJ,Colisão traseira,Condutor deixou de manter distância do veículo da frente,Céu Claro,2025-04-08,15
2025-04-08,12:00:00,476,"239,5",LAPA,PR,Capotamento,Reação tardia ou ineficiente do condutor,Nublado,2025-04-08,12
2025-04-08,13:35:00,470,"140,1",RIO DO SUL,SC,Colisão transversal,Acessar a via sem observar a presença dos outros veículos,Chuva,2025-04-08,13
2025-04-08,15:45:00,381,"499,5",BETIM,MG,Colisão lateral mesmo sentido,Ausência de reação do condutor,Sol,2025-04-08,15
2025-04-08,16:15:00,153,"59,2",SAO JOSE DO RIO PRETO,SP,Saída de leito carroçável,Reação tardia ou ineficiente do condutor,Sol,2025-04-08,16
2025-04-08,14:00:00,343,162,BRASILEIRA,PI,Tombamento,Animais na Pista,Céu Claro,2025-04-08,14
2025-04-08,16:00:00,101,864,TEIXEIRA DE FREITAS,BA,Saída de leito carroçável,Ultrapassagem Indevida,Nublado,2025-04-08,16
2025-04-08,13:30:00,50,72,UBERLANDIA,MG,Colisão transversal,Acessar a via sem observar a presença dos outros veículos,Céu Claro,2025-04-08,13
2025-04-08,15:00:00,50,53,ARAGUARI,MG,Queda de ocupante de veículo,Avarias e/ou desgaste excessivo no pneu,Céu Claro,2025-04-08,15
2025-04-08,17:10:00,101,287,CARIACICA,ES,Colisão transversal,Acessar a via sem observar a presença dos outros veículos,Céu Claro,2025-04-08,17
2025-04-08,17:10:00,101,445,AURELINO LEAL,BA,Colisão traseira,Frear bruscamente,Céu Claro,2025-04-08,17
2025-04-08,16:40:00,104,"65,1",CARUARU,PE,Colisão com objeto,Reação tardia ou ineficiente do condutor,Céu Claro,2025-04-08,16
2025-04-08,16:50:00,343,2,TERESINA,PI,Colisão traseira,Reação tardia ou ineficiente do condutor,Céu Claro,2025-04-08,16
2025-04-08,17:30:00,230,"147,8",CAMPINA GRANDE,PB,Colisão traseira,Ausência de reação do condutor,Céu Claro,2025-04-08,17
2025-04-08,17:50:00,101,"215,8",IBIRACU,ES,Tombamento,Reação tardia ou ineficiente do condutor,Nublado,2025-04-08,17
2025-04-08,16:00:00,101,71,ARAQUARI,SC,Tombamento,Chuva,Chuva,2025-04-08,16
2025-04-08,18:40:00,101,"121,2",SAO JOSE DE MIPIBU,RN,Colisão traseira,Ausência de sinalização,Céu Claro,2025-04-08,18
2025-04-08,18:40:00,116,83,TERESOPOLIS,RJ,Colisão lateral sentido oposto,Ultrapassagem Indevida,Céu Claro,2025-04-08,18
2025-04-08,18:30:00,101,208,SAO JOSE,SC,Queda de ocupante de veículo,Reação tardia ou ineficiente do condutor,Chuva,2025-04-08,18
2025-04-08,16:35:00,50,265,CATALAO,GO,Saída de leito carroçável,Ausência de reação do condutor,Céu Claro,2025-04-08,16
2025-04-08,18:05:00,101,884,TEIXEIRA DE FREITAS,BA,Colisão frontal,Transitar na contramão,Chuva,2025-04-08,18
2025-04-08,17:45:00,116,"521,9",CARATINGA,MG,Colisão lateral mesmo sentido,Acessar a via sem observar a presença dos outros veículos,Nublado,2025-04-08,17
2025-04-08,18:05:00,40,"669,9",CARANDAI,MG,Colisão transversal,Conversão proibida,Céu Claro,2025-04-08,18
2025-04-08,19:25:00,467,"108,8",CASCAVEL,PR,Colisão transversal,Desrespeitar a preferência no cruzamento,Garoa/Chuvisco,2025-04-08,19
2025-04-08,17:30:00,316,311,PICOS,PI,Atropelamento de Pedestre,Ausência de reação do condutor,Céu Claro,2025-04-08,17
2025-04-08,20:30:00,230,"23,6",JOAO PESSOA,PB,Tombamento,Reação tardia ou ineficiente do condutor,Céu Claro,2025-04-08,20
2025-04-08,19:00:00,369,"7,1",JACAREZINHO,PR,Queda de ocupante de veículo,Pista esburacada,Céu Claro,2025-04-08,19
2025-04-08,17:40:00,153,"243,1",FRONTEIRA,MG,Colisão lateral sentido oposto,Transitar na contramão,Céu Claro,2025-04-08,17
2025-04-08,16:00:00,364,"22,8",FRUTAL,MG,Colisão com objeto,Reação tardia ou ineficiente do condutor,Céu Claro,2025-04-08,16
2025-04-08,21:30:00,364,239,JUSCIMEIRA,MT,Queda de ocupante de veículo,Ausência de reação do condutor,Céu Claro,2025-04-08,21
2025-04-08,22:05:00,386,"368,6",FAZENDA VILANOVA,RS,Saída de leito carroçável,Ingestão de álcool pelo condutor,Nublado,2025-04-08,22
2025-04-08,19:15:00,101,409,ITAGUAI,RJ,Atropelamento de Pedestre,Área urbana sem a presença de local apropriado para a travessia de pedestres,Céu Claro,2025-04-08,19
2025-04-08,22:00:00,20,"1,4",BRASILIA,DF,Tombamento,Ingestão de álcool pelo condutor,Céu Claro,2025-04-08,22
2025-04-08,21:54:00,285,575,SAO LUIZ GONZAGA,RS,Saída de leito carroçável,Ingestão de álcool pelo condutor,Céu Claro,2025-04-08,21
2025-04-08,23:20:00,222,4,CAUCAIA,CE,Atropelamento de Pedestre,Ausência de reação do condutor,Céu Claro,2025-04-08,23
2025-04-08,23:25:00,101,387,RIO DE JANEIRO,RJ,Colisão traseira,Condutor deixou de manter distância do veículo da frente,Céu Claro,2025-04-08,23
2025-04-08,22:24:00,381,"946,5",EXTREMA,MG,Saída de leito carroçável,Velocidade Incompatível,Nublado,2025-04-08,22
2025-04-09,00:50:00,153,"68,2",SAO JOSE DO RIO PRETO,SP,Saída de leito carroçável,Ausência de reação do condutor,Céu Claro,2025-04-09,0
2025-04-08,22:00:00,364,154,PEDRA PRETA,MT,Saída de leito carroçável,Ingestão de álcool pelo condutor,Nublado,2025-04-08,22
2025-04-09,01:50:00,163,"278,8",MARECHAL CANDIDO RONDON,PR,Colisão com objeto,Reação tardia ou ineficiente do condutor,Ignorado,2025-04-09,1
2025-04-08,21:50:00,435,90,COLORADO DO OESTE,RO,Queda de ocupante de veículo,Demais falhas na via,Nublado,2025-04-08,21
2025-04-09,02:10:00,376,"183,5",SARANDI,PR,Colisão com objeto,Ausência de reação do condutor,Céu Claro,2025-04-09,2
2025-04-09,04:10:00,381,"744,9",TRES CORACOES,MG,Saída de leito carroçável,Reação tardia ou ineficiente do condutor,Ignorado,2025-04-09,4
2025-04-09,05:35:00,280,"26,7",ARAQUARI,SC,Atropelamento de Pedestre,Reação tardia ou ineficiente do condutor,Nublado,2025-04-09,5
2025-04-09,04:55:00,376,"156,6",MANDAGUACU,PR,Colisão com objeto,Animais na Pista,Nevoeiro/Neblina,2025-04-09,4
2025-04-09,06:30:00,116,202,ARUJA,SP,Colisão transversal,Ausência de reação do condutor,Céu Claro,2025-04-09,6
2025-04-09,06:30:00,259,"63,2",COLATINA,ES,Colisão transversal,Reação tardia ou ineficiente do condutor,Céu Claro,2025-04-09,6
2025-04-09,04:40:00,60,436,SIDROLANDIA,MS,Atropelamento de Animal,Animais na Pista,Céu Claro,2025-04-09,4
2025-04-09,07:00:00,20,7,BRASILIA,DF,Engavetamento,Velocidade Incompatível,Céu Claro,2025-04-09,7
2025-04-09,06:30:00,116,281,EMBU DAS ARTES,SP,Colisão lateral mesmo sentido,Trafegar com motocicleta (ou similar) entre as faixas,Céu Claro,2025-04-09,6
2025-04-08,20:25:00,40,123,DUQUE DE CAXIAS,RJ,Colisão traseira,Retorno proibido,Céu Claro,2025-04-08,20