data_inversa,horario,br,km,municipio,uf,tipo_acidente,causa_acidente,condicao_metereologica,data,hora
2025-04-08,23:30:00,158,124,PALMITOS,SC,Incêndio,Demais falhas mecânicas ou elétricas,Nublado,2025-04-08,23
2025-04-09,07:12:00,101,37,ITAPISSUMA,PE,Colisão traseira,Condutor deixou de manter distância do veículo da frente,Céu Claro,2025-04-09,7
2025-04-09,07:30:00,116,224,DOIS IRMAOS,RS,Colisão transversal,Acessar a via sem observar a presença dos outros veículos,Nublado,2025-04-09,7
2025-04-09,07:00:00,70,0,BRASILIA,DF,Colisão traseira,Reação tardia ou ineficiente do condutor,Céu Claro,2025-04-09,7
2025-04-09,07:20:00,101,"84,5",SAO GONCALO DO AMARANTE,RN,Colisão transversal,Ingestão de álcool pelo condutor,Céu Claro,2025-04-09,7
2025-04-09,07:30:00,386,"259,5",FONTOURA XAVIER,RS,Colisão transversal,Acessar a via sem observar a presença dos outros veículos,Céu Claro,2025-04-09,7
2025-04-09,07:30:00,226,83,TANGARA,RN,Colisão transversal,Acessar a via sem observar a presença dos outros veículos,Céu Claro,2025-04-09,7
2025-04-09,07:40:00,101,143,ITAPEMA,SC,Derramamento de carga,Carga excessiva e/ou mal acondicionada,Nublado,2025-04-09,7
2025-04-09,06:50:00,101,420,MANGARATIBA,RJ,Colisão transversal,Acessar a via sem observar a presença dos outros veículos,Céu Claro,2025-04-09,6
2025-04-09,08:40:00,324,621,SALVADOR,BA,Queda de ocupante de veículo,Reação tardia ou ineficiente do condutor,Garoa/Chuvisco,2025-04-09,8
2025-04-09,07:10:00,282,389,JOACABA,SC,Colisão lateral mesmo sentido,Manobra de mudança de faixa,Nevoeiro/Neblina,2025-04-09,7
2025-04-09,08:16:00,232,"5,7",RECIFE,PE,Colisão traseira,Ausência de reação do condutor,Céu Claro,2025-04-09,8
2025-04-09,07:50:00,476,146,ARAUCARIA,PR,Colisão traseira,Trafegar com motocicleta (ou similar) entre as faixas,Nublado,2025-04-09,7
2025-04-09,08:30:00,493,68,DUQUE DE CAXIAS,RJ,Saída de leito carroçável,Condutor Dormindo,Céu Claro,2025-04-09,8
2025-04-09,08:30:00,381,73,SAO PAULO,SP,Colisão lateral mesmo sentido,Ausência de reação do condutor,Céu Claro,2025-04-09,8
2025-04-09,07:30:00,277,108,CURITIBA,PR,Colisão traseira,Condutor deixou de manter distância do veículo da frente,Nublado,2025-04-09,7
2025-04-09,07:25:00,343,"308,5",ALTOS,PI,Colisão lateral mesmo sentido,Acessar a via sem observar a presença dos outros veículos,Nublado,2025-04-09,7
2025-04-09,07:40:00,101,"57,8",PAULISTA,PE,Colisão traseira,Condutor deixou de manter distância do veículo da frente,Céu Claro,2025-04-09,7
2025-04-09,09:25:00,304,21,MOSSORO,RN,Colisão traseira,Ultrapassagem Indevida,Céu Claro,2025-04-09,9
2025-04-09,09:00:00,116,"508,8",UBAPORANGA,MG,Colisão lateral mesmo sentido,Ultrapassagem Indevida,Céu Claro,2025-04-09,9
2025-04-09,09:45:00,116,"530,1",CAPAO DO LEAO,RS,Colisão transversal,Acessar a via sem observar a presença dos outros veículos,Chuva,2025-04-09,9
2025-04-09,07:40:00,116,"5,7",MAFRA,SC,Colisão transversal,Ausência de reação do condutor,Garoa/Chuvisco,2025-04-09,7
2025-04-09,07:30:00,262,70,MARECHAL FLORIANO,ES,Colisão traseira,Reação tardia ou ineficiente do condutor,Céu Claro,2025-04-09,7
2025-04-09,10:00:00,230,13,CABEDELO,PB,Colisão lateral mesmo sentido,Condutor deixou de manter distância do veículo da frente,Céu Claro,2025-04-09,10
2025-04-09,09:05:00,101,137,SAO MIGUEL DOS CAMPOS,AL,Colisão traseira,Condutor deixou de manter distância do veículo da frente,Céu Claro,2025-04-09,9
2025-04-09,07:50:00,319,64,PORTO VELHO,RO,Colisão traseira,Condutor deixou de manter distância do veículo da frente,Céu Claro,2025-04-09,7
2025-04-09,08:30:00,392,"8,9",RIO GRANDE,RS,Tombamento,Pista Escorregadia,Nublado,2025-04-09,8
2025-04-09,10:00:00,116,186,NOVA IGUACU,RJ,Queda de ocupante de veículo,Ausência de reação do condutor,Céu Claro,2025-04-09,10
2025-04-09,07:55:00,232,176,BELO JARDIM,PE,Tombamento,Ausência de reação do condutor,Céu Claro,2025-04-09,7
2025-04-09,09:50:00,324,"620,1",SALVADOR,BA,Colisão transversal,Ausência de reação do condutor,Nublado,2025-04-09,9
2025-04-09,09:30:00,20,31,BRASILIA,DF,Capotamento,Avarias e/ou desgaste excessivo no pneu,Céu Claro,2025-04-09,9
2025-04-09,09:45:00,235,"3,9",NOSSA SENHORA DO SOCORRO,SE,Colisão traseira,Condutor deixou de manter distância do veículo da frente,Céu Claro,2025-04-09,9
2025-04-09,09:50:00,101,63,RECIFE,PE,Colisão traseira,Reação tardia ou ineficiente do condutor,Céu Claro,2025-04-09,9
2025-04-09,09:20:00,0,0,VITORIA,ES,Colisão traseira,Condutor deixou de manter distância do veículo da frente,Céu Claro,2025-04-09,9
2025-04-09,10:40:00,116,412,CAMAQUA,RS,Saída de leito carroçável,Ausência de reação do condutor,Nublado,2025-04-09,10
2025-02-16,20:15:00,343,"307,5",ALTOS,PI,Colisão transversal,Acessar a via sem observar a presença dos outros veículos,Céu Claro,2025-02-16,20
2025-04-09,11:19:00,116,"282,9",ITAPECERICA DA SERRA,SP,Colisão lateral mesmo sentido,Trafegar com motocicleta (ou similar) entre as faixas,Céu Claro,2025-04-09,11
2025-04-02,06:15:00,101,36,CONCEICAO DA BARRA,ES,Tombamento,Desrespeitar a preferência no cruzamento,Céu Claro,2025-04-02,6
2025-03-23,00:10:00,222,"370,3",PINDARE-MIRIM,MA,Atropelamento de Animal,Animais na Pista,Céu Claro,2025-03-23,0
2025-04-09,12:30:00,101,66,CAMPOS DOS GOYTACAZES,RJ,Colisão traseira,Condutor deixou de manter distância do veículo da frente,Céu Claro,2025-04-09,12
2025-04-09,09:00:00,262,405,PARA DE MINAS,MG,Saída de leito carroçável,Ausência de reação do condutor,Céu Claro,2025-04-09,9
2025-04-09,12:20:00,282,"5,8",SAO JOSE,SC,Colisão lateral mesmo sentido,Manobra de mudança de faixa,Nublado,2025-04-09,12
2025-04-09,12:00:00,101,125,SAO JOSE DE MIPIBU,RN,Tombamento,Acumulo de areia ou detritos sobre o pavimento,Céu Claro,2025-04-09,12
2025-04-09,10:30:00,153,434,ANAPOLIS,GO,Colisão lateral mesmo sentido,Acessar a via sem observar a presença dos outros veículos,Céu Claro,2025-04-09,10
2025-04-09,12:30:00,428,174,PETROLINA,PE,Colisão transversal,Acessar a via sem observar a presença dos outros veículos,Céu Claro,2025-04-09,12
2025-04-09,11:37:00,153,256,MARILIA,SP,Tombamento,Acumulo de óleo sobre o pavimento,Céu Claro,2025-04-09,11
2025-04-09,11:30:00,153,256,MARILIA,SP,Tombamento,Acumulo de óleo sobre o pavimento,Céu Claro,2025-04-09,11
2025-04-09,13:25:00,158,"566,3",SANTANA DO LIVRAMENTO,RS,Colisão transversal,Acessar a via sem observar a presença dos outros veículos,Nublado,2025-04-09,13
2025-04-09,12:30:00,116,"702,2",MURIAE,MG,Colisão traseira,Reação tardia ou ineficiente do condutor,Céu Claro,2025-04-09,12
2025-04-09,10:45:00,153,"395,1",PIRENOPOLIS,GO,Saída de leito carroçável,Ingestão de álcool pelo condutor,Céu Claro,2025-04-09,10
2025-03-24,07:00:00,50,72,UBERLANDIA,MG,Colisão traseira,Ausência de reação do condutor,Chuva,2025-03-24,7
2025-04-09,13:30:00,361,"4,5",PATOS,PB,Colisão transversal,Acessar a via sem observar a presença dos outros veículos,Sol,2025-04-09,13
2025-04-09,13:05:00,116,"8,6",FORTALEZA,CE,Colisão traseira,Reação tardia ou ineficiente do condutor,Céu Claro,2025-04-09,13
2025-04-09,12:40:00,472,"156,4",SANTA ROSA,RS,Colisão transversal,Desrespeitar a preferência no cruzamento,Sol,2025-04-09,12
2025-04-09,14:20:00,153,66,SAO JOSE DO RIO PRETO,SP,Saída de leito carroçável,Ausência de reação do condutor,Céu Claro,2025-04-09,14
2025-04-09,13:30:00,232,28,MORENO,PE,Tombamento,Demais falhas mecânicas ou elétricas,Sol,2025-04-09,13
2025-04-09,10:06:00,364,"424,1",JARU,RO,Colisão transversal,Retorno proibido,Céu Claro,2025-04-09,10
2025-04-09,14:30:00,116,144,SAO JOSE DOS CAMPOS,SP,Colisão traseira,Ausência de reação do condutor,Sol,2025-04-09,14
2025-04-09,12:00:00,101,49,JOINVILLE,SC,Tombamento,Ausência de reação do condutor,Nublado,2025-04-09,12
2025-04-09,13:00:00,364,400,CUIABA,MT,Colisão com objeto,Ausência de reação do condutor,Céu Claro,2025-04-09,13
2025-04-09,14:55:00,304,24,MOSSORO,RN,Saída de leito carroçável,Velocidade Incompatível,Céu Claro,2025-04-09,14
2025-04-08,06:00:00,101,310,SAO GONCALO,RJ,Atropelamento de Pedestre,Pedestre andava na pista,Céu Claro,2025-04-08,6
2025-04-09,16:00:00,116,92,PORTO ALEGRE,RS,Saída de leito carroçável,Acumulo de areia ou detritos sobre o pavimento,Céu Claro,2025-04-09,16
2025-03-12,16:53:00,40,8,LUZIANIA,GO,Colisão transversal,Chuva,Chuva,2025-03-12,16
2025-04-09,13:40:00,369,"187,4",ARAPONGAS,PR,Colisão transversal,Desrespeitar a preferência no cruzamento,Nublado,2025-04-09,13
2025-04-09,15:50:00,232,410,SERRA TALHADA,PE,Colisão transversal,Acessar a via sem observar a presença dos outros veículos,Céu Claro,2025-04-09,15
2025-04-09,16:05:00,101,303,SAO GONCALO,RJ,Colisão traseira,Ausência de reação do condutor,Sol,2025-04-09,16
2025-04-09,14:10:00,101,"321,2",PESCARIA BRAVA,SC,Colisão com objeto,Ausência de reação do condutor,Céu Claro,2025-04-09,14
2025-04-09,17:10:00,101,42,UBATUBA,SP,Tombamento,Afundamento ou ondulação no pavimento,Nublado,2025-04-09,17
2025-04-09,15:30:00,101,"573,9",PARATY,RJ,Colisão transversal,Acessar a via sem observar a presença dos outros veículos,Céu Claro,2025-04-09,15
2025-04-09,17:20:00,116,153,SAO JOSE DOS CAMPOS,SP,Colisão traseira,Ausência de reação do condutor,Nublado,2025-04-09,17
2025-04-09,17:45:00,116,178,MESQUITA,RJ,Queda de ocupante de veículo,Condutor deixou de manter distância do veículo da frente,Céu Claro,2025-04-09,17
2025-04-09,17:52:00,277,722,FOZ DO IGUACU,PR,Incêndio,Demais falhas mecânicas ou elétricas,Céu Claro,2025-04-09,17
2025-04-09,16:40:00,282,"606,4",MARAVILHA,SC,Colisão transversal,Acessar a via sem observar a presença dos outros veículos,Céu Claro,2025-04-09,16
2025-04-09,17:40:00,304,302,PARNAMIRIM,RN,Colisão traseira,Reação tardia ou ineficiente do condutor,Céu Claro,2025-04-09,17
2025-04-09,18:00:00,116,227,SAO PAULO,SP,Tombamento,Reação tardia ou ineficiente do condutor,Nublado,2025-04-09,18
2025-04-09,17:45:00,153,339,IRATI,PR,Atropelamento de Pedestre,Pedestre cruzava a pista fora da faixa,Céu Claro,2025-04-09,17
2025-04-09,18:25:00,101,67,CAMPOS DOS GOYTACAZES,RJ,Atropelamento de Pedestre,Entrada inopinada do pedestre,Céu Claro,2025-04-09,18
2025-04-09,19:18:00,116,"175,5",SAO JOAO DE MERITI,RJ,Colisão traseira,Condutor deixou de manter distância do veículo da frente,Céu Claro,2025-04-09,19
2025-04-09,18:30:00,101,49,ABREU E LIMA,PE,Atropelamento de Pedestre,Entrada inopinada do pedestre,Céu Claro,2025-04-09,18
2025-04-09,19:00:00,282,"0,5",FLORIANOPOLIS,SC,Colisão traseira,Ausência de reação do condutor,Céu Claro,2025-04-09,19
2025-04-09,19:05:00,101,70,CAMPOS DOS GOYTACAZES,RJ,Colisão frontal,Transitar no Acostamento,Céu Claro,2025-04-09,19
2025-04-09,19:45:00,116,230,SAO PAULO,SP,Colisão com objeto,Acesso irregular,Garoa/Chuvisco,2025-04-09,19
2025-04-09,19:00:00,153,"2,2",CACHOEIRA DO SUL,RS,Colisão com objeto,Velocidade Incompatível,Céu Claro,2025-04-09,19
2025-04-09,18:50:00,282,"0,5",FLORIANOPOLIS,SC,Colisão traseira,Ausência de reação do condutor,Céu Claro,2025-04-09,18
2025-04-09,18:50:00,282,"0,5",FLORIANOPOLIS,SC,Colisão traseira,Ausência de reação do condutor,Céu Claro,2025-04-09,18
2025-04-09,19:08:00,153,101,ESTRELA DO NORTE,GO,Saída de leito carroçável,Reação tardia ou ineficiente do condutor,Céu Claro,2025-04-09,19
2025-04-09,19:10:00,280,"30,8",ARAQUARI,SC,Saída de leito carroçável,Condutor deixou de manter distância do veículo da frente,Nublado,2025-04-09,19
2025-04-09,20:15:00,40,552,NOVA LIMA,MG,Colisão transversal,Desrespeitar a preferência no cruzamento,Céu Claro,2025-04-09,20
2025-04-09,19:00:00,116,110,GUAPIMIRIM,RJ,Colisão frontal,Ultrapassagem Indevida,Chuva,2025-04-09,19
2025-04-09,18:02:00,364,11,VILHENA,RO,Tombamento,Velocidade Incompatível,Céu Claro,2025-04-09,18
2025-04-09,19:00:00,50,18,UBERLANDIA,MG,Saída de leito carroçável,Ausência de reação do condutor,Chuva,2025-04-09,19
2025-04-09,20:50:00,101,403,ITAGUAI,RJ,Atropelamento de Pedestre,Acesso irregular,Ignorado,2025-04-09,20
2025-04-09,20:35:00,116,331,BARRA DO RIBEIRO,RS,Colisão lateral mesmo sentido,Ausência de reação do condutor,Nublado,2025-04-09,20
2025-04-09,18:50:00,262,"445,1",NOVA SERRANA,MG,Tombamento,Manobra de mudança de faixa,Céu Claro,2025-04-09,18
2025-02-27,18:15:00,116,123,CURITIBA,PR,Tombamento,Trafegar com motocicleta (ou similar) entre as faixas,Céu Claro,2025-02-27,18
2025-04-09,21:15:00,116,"218,6",GUARULHOS,SP,Queda de ocupante de veículo,Manobra de mudança de faixa,Garoa/Chuvisco,2025-04-09,21
2025-04-05,12:20:00,101,326,NITEROI,RJ,Engavetamento,Ausência de reação do condutor,Chuva,2025-04-05,12
2025-04-09,18:30:00,364,1202,CAMPOS DE JULIO,MT,Saída de leito carroçável,Acumulo de água sobre o pavimento,Chuva,2025-04-09,18
2025-04-09,20:30:00,101,70,RECIFE,PE,Saída de leito carroçável,Ausência de reação do condutor,Céu Claro,2025-04-09,20
2025-04-09,22:50:00,50,"267,5",CATALAO,GO,Saída de leito carroçável,Chuva,Chuva,2025-04-09,22
2025-04-09,19:00:00,354,"731,2",POUSO ALTO,MG,Colisão frontal,Transitar na contramão,Nublado,2025-04-09,19
2025-04-09,23:30:00,285,419,PANAMBI,RS,Colisão frontal,Ingestão de álcool pelo condutor,Nublado,2025-04-09,23
2025-04-09,22:50:00,101,330,TUBARAO,SC,Saída de leito carroçável,Reação tardia ou ineficiente do condutor,Chuva,2025-04-09,22
2025-04-09,22:40:00,386,"133,9",SARANDI,RS,Colisão lateral sentido oposto,Transitar na contramão,Céu Claro,2025-04-09,22
2025-04-09,23:50:00,381,60,MAIRIPORA,SP,Queda de ocupante de veículo,Reação tardia ou ineficiente do condutor,Céu Claro,2025-04-09,23
2025-04-09,23:40:00,116,235,NOVO HAMBURGO,RS,Saída de leito carroçável,Velocidade Incompatível,Nublado,2025-04-09,23
2025-04-09,22:50:00,280,"57,5",GUARAMIRIM,SC,Saída de leito carroçável,Ausência de reação do condutor,Garoa/Chuvisco,2025-04-09,22
2025-04-09,20:40:00,101,47,CAMPOS DOS GOYTACAZES,RJ,Colisão transversal,Acessar a via sem observar a presença dos outros veículos,Céu Claro,2025-04-09,20
2025-04-09,23:06:00,230,106,SAO JOAO DO ARAGUAIA,PA,Colisão frontal,Ingestão de álcool pelo condutor,Nublado,2025-04-09,23
2025-04-09,20:30:00,293,16,CAPAO DO LEAO,RS,Colisão traseira,Ausência de reação do condutor,Chuva,2025-04-09,20
2025-04-10,00:30:00,20,10,BRASILIA,DF,Capotamento,Ausência de reação do condutor,Céu Claro,2025-04-10,0
2025-04-09,22:00:00,392,102,CANGUCU,RS,Saída de leito carroçável,Velocidade Incompatível,Chuva,2025-04-09,22
2025-04-09,23:54:00,163,251,DOURADOS,MS,Colisão lateral mesmo sentido,Ausência de reação do condutor,Céu Claro,2025-04-09,23
2025-04-09,22:35:00,163,1005,TERRA NOVA DO NORTE,MT,Eventos atípicos,Demais falhas mecânicas ou elétricas,Céu Claro,2025-04-09,22
2025-04-10,00:30:00,116,182,SANTA ISABEL,SP,Colisão traseira,Ausência de reação do condutor,Ignorado,2025-04-10,0
2025-04-10,02:00:00,277,"110,9",CAMPO LARGO,PR,Atropelamento de Pedestre,Velocidade Incompatível,Nublado,2025-04-10,2
2025-04-10,02:00:00,381,34,ATIBAIA,SP,Saída de leito carroçável,Ultrapassagem Indevida,Nublado,2025-04-10,2
2025-04-10,01:10:00,163,"589,2",BANDEIRANTES,MS,Saída de leito carroçável,Reação tardia ou ineficiente do condutor,Nublado,2025-04-10,1
2025-04-10,03:00:00,285,"425,5",PANAMBI,RS,Saída de leito carroçável,Ingestão de álcool pelo condutor,Céu Claro,2025-04-10,3
2025-04-10,05:00:00,101,137,LINHARES,ES,Tombamento,Reação tardia ou ineficiente do condutor,Céu Claro,2025-04-10,5
2025-04-10,05:46:00,277,"587,4",CASCAVEL,PR,Colisão transversal,Acessar a via sem observar a presença dos outros veículos,Céu Claro,2025-04-10,5
2025-04-10,04:15:00,101,"438,2",SOMBRIO,SC,Colisão traseira,Frear bruscamente,Céu Claro,2025-04-10,4
2025-04-10,05:00:00,60,242,BANDEIRANTES,MS,Saída de leito carroçável,Neblina,Nevoeiro/Neblina,2025-04-10,5
2025-04-10,05:00:00,174,294,PONTES E LACERDA,MT,Colisão com objeto,Ultrapassagem Indevida,Nevoeiro/Neblina,2025-04-10,5
2025-04-10,07:10:00,116,219,GUARULHOS,SP,Queda de ocupante de veículo,Demais falhas mecânicas ou elétricas,Céu Claro,2025-04-10,7
2025-04-10,06:40:00,116,4,FORTALEZA,CE,Tombamento,Acumulo de óleo sobre o pavimento,Chuva,2025-04-10,6
2025-04-10,06:55:00,101,876,TEIXEIRA DE FREITAS,BA,Colisão traseira,Ausência de reação do condutor,Céu Claro,2025-04-10,6
2025-04-10,07:25:00,277,118,CAMPO LARGO,PR,Queda de ocupante de veículo,Avarias e/ou desgaste excessivo no pneu,Nublado,2025-04-10,7
2025-04-10,07:20:00,369,"182,2",ARAPONGAS,PR,Colisão transversal,Acessar a via sem observar a presença dos outros veículos,Céu Claro,2025-04-10,7
2025-04-10,06:00:00,354,"749,2",ITANHANDU,MG,Saída de leito carroçável,Ausência de reação do condutor,Céu Claro,2025-04-10,6
2025-04-10,06:30:00,423,75,JUCATI,PE,Colisão traseira,Reação tardia ou ineficiente do condutor,Céu Claro,2025-04-10,6
2025-04-10,08:00:00,101,"288,5",CARIACICA,ES,Colisão traseira,Trafegar com motocicleta (ou similar) entre as faixas,Céu Claro,2025-04-10,8
2025-04-10,08:05:00,116,246,SAO LEOPOLDO,RS,Colisão traseira,Ausência de reação do condutor,Céu Claro,2025-04-10,8
2025-04-10,08:05:00,277,74,CURITIBA,PR,Colisão traseira,Demais falhas mecânicas ou elétricas,Céu Claro,2025-04-10,8
2025-04-10,08:00:00,104,60,CARUARU,PE,Colisão transversal,Manobra de mudança de faixa,Céu Claro,2025-04-10,8
2025-04-10,07:54:00,381,455,BELO HORIZONTE,MG,Queda de ocupante de veículo,Trafegar com motocicleta (ou similar) entre as faixas,Céu Claro,2025-04-10,7
2025-04-10,08:10:00,101,202,SAO JOSE,SC,Colisão lateral mesmo sentido,Ausência de reação do condutor,Céu Claro,2025-04-10,8
2025-04-10,08:20:00,116,144,SAO JOSE DOS CAMPOS,SP,Engavetamento,Reação tardia ou ineficiente do condutor,Céu Claro,2025-04-10,8
2025-04-10,08:30:00,101,268,SERRA,ES,Atropelamento de Pedestre,Pedestre cruzava a pista fora da faixa,Céu Claro,2025-04-10,8
2025-04-10,03:30:00,10,"226,5",IPIXUNA DO PARA,PA,Atropelamento de Pedestre,Pedestre andava na pista,Nublado,2025-04-10,3
2025-04-10,07:50:00,101,"103,9",PARNAMIRIM,RN,Colisão traseira,Reação tardia ou ineficiente do condutor,Nublado,2025-04-10,7
2025-04-10,08:10:00,163,988,SANTAREM,PA,Colisão lateral mesmo sentido,Conversão proibida,Nublado,2025-04-10,8
2025-03-29,09:35:00,459,"34,2",CALDAS,MG,Colisão transversal,Desrespeitar a preferência no cruzamento,Céu Claro,2025-03-29,9
2025-04-10,09:00:00,101,72,RECIFE,PE,Colisão traseira,Reação tardia ou ineficiente do condutor,Garoa/Chuvisco,2025-04-10,9
2025-04-10,07:57:00,226,"2,6",NATAL,RN,Colisão frontal,Transitar na contramão,Céu Claro,2025-04-10,7
2025-04-10,08:35:00,40,"529,8",CONTAGEM,MG,Tombamento,Reação tardia ou ineficiente do condutor,Céu Claro,2025-04-10,8
2025-04-10,08:35:00,101,83,BARRA VELHA,SC,Saída de leito carroçável,Reação tardia ou ineficiente do condutor,Nublado,2025-04-10,8
2025-03-29,09:10:00,101,"323,5",CAPIVARI DE BAIXO,SC,Colisão traseira,Frear bruscamente,Nublado,2025-03-29,9
2025-04-10,09:05:00,316,33,DEMERVAL LOBAO,PI,Colisão transversal,Acessar a via sem observar a presença dos outros veículos,Sol,2025-04-10,9
2025-04-10,09:50:00,290,721,URUGUAIANA,RS,Colisão traseira,Ausência de reação do condutor,Céu Claro,2025-04-10,9
2025-04-10,07:45:00,116,"858,4",VITORIA DA CONQUISTA,BA,Incêndio,Demais falhas mecânicas ou elétricas,Céu Claro,2025-04-10,7
2025-04-09,23:30:00,230,360,PATOS,PB,Colisão traseira,Condutor deixou de manter distância do veículo da frente,Céu Claro,2025-04-09,23
2025-03-01,08:40:00,110,343,ALAGOINHAS,BA,Saída de leito carroçável,Velocidade Incompatível,Nublado,2025-03-01,8
2025-04-10,10:30:00,153,346,GUARAI,TO,Colisão traseira,Ausência de reação do condutor,Nublado,2025-04-10,10
2025-04-10,11:00:00,290,80,GRAVATAI,RS,Colisão com objeto,Reação tardia ou ineficiente do condutor,Sol,2025-04-10,11
2025-04-10,11:15:00,116,6,FORTALEZA,CE,Queda de ocupante de veículo,Avarias e/ou desgaste excessivo no pneu,Chuva,2025-04-10,11
2025-04-10,05:30:00,365,751,ITUIUTABA,MG,Saída de leito carroçável,Ausência de reação do condutor,Céu Claro,2025-04-10,5
2025-04-10,11:40:00,277,723,FOZ DO IGUACU,PR,Colisão traseira,Condutor deixou de manter distância do veículo da frente,Céu Claro,2025-04-10,11
2025-04-02,13:50:00,153,580,PIRACANJUBA,GO,Saída de leito carroçável,Reação tardia ou ineficiente do condutor,Céu Claro,2025-04-02,13
2025-04-10,11:47:00,101,325,NITEROI,RJ,Colisão lateral mesmo sentido,Ausência de reação do condutor,Céu Claro,2025-04-10,11
2025-04-10,04:40:00,405,126,TABOLEIRO GRANDE,RN,Colisão com objeto,Afundamento ou ondulação no pavimento,Céu Claro,2025-04-10,4
2025-04-10,12:30:00,116,"43,7",CAMPINA GRANDE DO SUL,PR,Saída de leito carroçável,Chuva,Nublado,2025-04-10,12
2025-04-10,12:05:00,386,"439,4",NOVA SANTA RITA,RS,Colisão traseira,Condutor deixou de manter distância do veículo da frente,Céu Claro,2025-04-10,12
2025-01-24,19:30:00,116,"414,3",GOVERNADOR VALADARES,MG,Atropelamento de Pedestre,Reação tardia ou ineficiente do condutor,Ignorado,2025-01-24,19
2025-04-10,12:30:00,40,"2,2",VALPARAISO DE GOIAS,GO,Colisão traseira,Condutor usando celular,Sol,2025-04-10,12
2025-04-10,12:10:00,235,"349,5",JUAZEIRO,BA,Colisão traseira,Condutor deixou de manter distância do veículo da frente,Sol,2025-04-10,12
2025-04-10,11:30:00,101,"36,8",JOAQUIM GOMES,AL,Saída de leito carroçável,Reação tardia ou ineficiente do condutor,Céu Claro,2025-04-10,11
2025-04-10,05:35:00,158,"488,8",ROSARIO DO SUL,RS,Colisão traseira,Ausência de reação do condutor,Céu Claro,2025-04-10,5
2025-04-10,12:20:00,230,"16,1",JOAO PESSOA,PB,Colisão traseira,Ausência de reação do condutor,Céu Claro,2025-04-10,12
2025-04-07,07:24:00,116,217,GUARULHOS,SP,Colisão lateral mesmo sentido,Reação tardia ou ineficiente do condutor,Ignorado,2025-04-07,7
2025-04-10,11:40:00,153,155,PROMISSAO,SP,Colisão transversal,Acessar a via sem observar a presença dos outros veículos,Céu Claro,2025-04-10,11
2025-04-10,13:00:00,116,"296,9",PORTO REAL,RJ,Colisão traseira,Velocidade Incompatível,Céu Claro,2025-04-10,13
2025-04-06,20:50:00,116,337,JUQUITIBA,SP,Colisão frontal,Ausência de reação do condutor,Céu Claro,2025-04-06,20
2025-04-10,12:40:00,116,85,PIRAQUARA,PR,Tombamento,Velocidade Incompatível,Nublado,2025-04-10,12
2025-04-10,13:15:00,40,784,JUIZ DE FORA,MG,Colisão traseira,Condutor deixou de manter distância do veículo da frente,Nublado,2025-04-10,13
2025-04-10,13:10:00,101,205,JOAO NEIVA,ES,Queda de ocupante de veículo,Ausência de reação do condutor,Nublado,2025-04-10,13
2025-04-10,13:33:00,230,52,CRUZ DO ESPIRITO SANTO,PB,Colisão com objeto,Velocidade Incompatível,Céu Claro,2025-04-10,13
2025-04-10,10:56:00,116,33,AQUIRAZ,CE,Colisão traseira,Condutor deixou de manter distância do veículo da frente,Nublado,2025-04-10,10
2025-04-10,12:05:00,163,141,LINDOESTE,PR,Colisão traseira,Condutor deixou de manter distância do veículo da frente,Sol,2025-04-10,12
2025-04-10,14:10:00,222,"2,3",FORTALEZA,CE,Atropelamento de Pedestre,Velocidade Incompatível,Nublado,2025-04-10,14
2025-04-02,18:40:00,493,0,ITABORAI,RJ,Colisão transversal,Acesso irregular,Céu Claro,2025-04-02,18
2025-01-25,14:05:00,101,"201,4",CRISTINAPOLIS,SE,Saída de leito carroçável,Reação tardia ou ineficiente do condutor,Céu Claro,2025-01-25,14
2025-04-10,11:10:00,316,317,PICOS,PI,Colisão transversal,Retorno proibido,Céu Claro,2025-04-10,11
2025-04-10,15:30:00,381,943,EXTREMA,MG,Queda de ocupante de veículo,Chuva,Chuva,2025-04-10,15
2025-04-10,14:20:00,101,91,NOSSA SENHORA DO SOCORRO,SE,Saída de leito carroçável,Reação tardia ou ineficiente do condutor,Céu Claro,2025-04-10,14
2025-04-10,16:00:00,101,"89,4",JOAO PESSOA,PB,Colisão transversal,Acessar a via sem observar a presença dos outros veículos,Céu Claro,2025-04-10,16
2025-04-10,14:00:00,116,495,CAJATI,SP,Tombamento,Reação tardia ou ineficiente do condutor,Garoa/Chuvisco,2025-04-10,14
2025-04-10,15:15:00,407,18,AFRANIO,PE,Capotamento,Avarias e/ou desgaste excessivo no pneu,Céu Claro,2025-04-10,15
2025-02-14,05:15:00,116,"251,6",SAPUCAIA DO SUL,RS,Saída de leito carroçável,Suicídio (presumido),Nublado,2025-02-14,5
2025-04-10,15:30:00,262,"37,9",MANHUACU,MG,Colisão frontal,Acesso irregular,Céu Claro,2025-04-10,15
2025-04-05,20:45:00,153,"492,5",GOIANIA,GO,Saída de leito carroçável,Velocidade Incompatível,Nublado,2025-04-05,20
2025-04-02,22:20:00,290,"292,9",CACHOEIRA DO SUL,RS,Saída de leito carroçável,Reação tardia ou ineficiente do condutor,Garoa/Chuvisco,2025-04-02,22
2025-04-10,16:40:00,101,"159,9",LINHARES,ES,Colisão lateral mesmo sentido,Acessar a via sem observar a presença dos outros veículos,Nublado,2025-04-10,16