data_inversa,horario,br,km,municipio,uf,tipo_acidente,causa_acidente,condicao_metereologica,data,hora
2025-04-10,16:55:00,116,122,CURITIBA,PR,Colisão traseira,Reação tardia ou ineficiente do condutor,Céu Claro,2025-04-10,16
2025-04-10,17:15:00,101,69,CAMPOS DOS GOYTACAZES,RJ,Queda de ocupante de veículo,Ausência de reação do condutor,Chuva,2025-04-10,17
2025-04-02,12:20:00,262,324,CAMPO GRANDE,MS,Tombamento,Reação tardia ou ineficiente do condutor,Ignorado,2025-04-02,12
2025-04-10,17:15:00,40,735,JUIZ DE FORA,MG,Colisão transversal,Ausência de reação do condutor,Chuva,2025-04-10,17
2025-04-10,16:45:00,20,52,BRASILIA,DF,Saída de leito carroçável,Ausência de reação do condutor,Chuva,2025-04-10,16
2025-04-10,17:10:00,101,95,NATAL,RN,Colisão traseira,Condutor deixou de manter distância do veículo da frente,Céu Claro,2025-04-10,17
2025-04-10,17:10:00,316,271,MONCAO,MA,Colisão lateral mesmo sentido,Acessar a via sem observar a presença dos outros veículos,Chuva,2025-04-10,17
2025-04-10,18:10:00,472,577,URUGUAIANA,RS,Colisão traseira,Reação tardia ou ineficiente do condutor,Céu Claro,2025-04-10,18
2025-04-10,17:25:00,459,27,LORENA,SP,Queda de ocupante de veículo,Pista Escorregadia,Nublado,2025-04-10,17
2025-04-10,18:05:00,158,"321,5",SANTA MARIA,RS,Colisão lateral mesmo sentido,Desrespeitar a preferência no cruzamento,Céu Claro,2025-04-10,18
2025-04-10,17:30:00,476,145,CURITIBA,PR,Colisão lateral mesmo sentido,Manobra de mudança de faixa,Nublado,2025-04-10,17
2025-04-10,17:20:00,101,168,FEIRA DE SANTANA,BA,Atropelamento de Pedestre,Transitar no Acostamento,Céu Claro,2025-04-10,17
2025-04-10,12:20:00,280,128,RIO NEGRINHO,SC,Colisão traseira,Conversão proibida,Nublado,2025-04-10,12
2025-04-10,17:40:00,158,324,SANTA MARIA,RS,Colisão transversal,Acessar a via sem observar a presença dos outros veículos,Céu Claro,2025-04-10,17
2025-04-10,19:00:00,116,303,RESENDE,RJ,Colisão traseira,Ausência de reação do condutor,Nublado,2025-04-10,19
2025-04-10,18:50:00,101,178,GOVERNADOR CELSO RAMOS,SC,Colisão traseira,Ausência de reação do condutor,Chuva,2025-04-10,18
2025-03-10,18:45:00,230,340,PATOS,PB,Atropelamento de Animal,Animais na Pista,Nublado,2025-03-10,18
2025-04-10,18:20:00,381,486,BETIM,MG,Colisão lateral mesmo sentido,Ausência de reação do condutor,Céu Claro,2025-04-10,18
2025-04-10,06:23:00,262,"615,8",MIRANDA,MS,Capotamento,Avarias e/ou desgaste excessivo no pneu,Céu Claro,2025-04-10,6
2025-04-10,18:20:00,116,"483,1",MILAGRES,CE,Atropelamento de Pedestre,Pedestre andava na pista,Céu Claro,2025-04-10,18
2025-04-10,19:30:00,476,172,CONTENDA,PR,Atropelamento de Pedestre,Pedestre cruzava a pista fora da faixa,Céu Claro,2025-04-10,19
2025-04-10,19:30:00,230,10,CABEDELO,PB,Tombamento,Acostamento em desnível,Céu Claro,2025-04-10,19
2025-04-10,19:45:00,101,"144,7",ITAPEMA,SC,Colisão traseira,Condutor deixou de manter distância do veículo da frente,Chuva,2025-04-10,19
2025-04-10,15:45:00,101,"179,8",TEOTONIO VILELA,AL,Colisão transversal,Acesso irregular,Céu Claro,2025-04-10,15
2025-04-10,19:30:00,259,"68,4",COLATINA,ES,Colisão lateral sentido oposto,Transitar na contramão,Nublado,2025-04-10,19
2025-04-10,17:00:00,280,"7,5",SAO FRANCISCO DO SUL,SC,Colisão frontal,Conversão proibida,Céu Claro,2025-04-10,17
2025-04-10,20:00:00,381,83,SAO PAULO,SP,Atropelamento de Pedestre,Pedestre andava na pista,Céu Claro,2025-04-10,20
2025-04-10,19:50:00,101,877,TEIXEIRA DE FREITAS,BA,Colisão transversal,Acessar a via sem observar a presença dos outros veículos,Céu Claro,2025-04-10,19
2025-04-10,15:40:00,316,383,BACABAL,MA,Colisão frontal,Chuva,Chuva,2025-04-10,15
2025-04-10,21:10:00,230,"17,2",JOAO PESSOA,PB,Saída de leito carroçável,Velocidade Incompatível,Céu Claro,2025-04-10,21
2025-04-10,21:00:00,282,4,FLORIANOPOLIS,SC,Saída de leito carroçável,Pista Escorregadia,Chuva,2025-04-10,21
2025-04-10,20:30:00,70,"1,5",BARRA DO GARCAS,MT,Colisão transversal,Desrespeitar a preferência no cruzamento,Céu Claro,2025-04-10,20
2025-04-10,16:30:00,381,"240,4",SANTANA DO PARAISO,MG,Colisão lateral mesmo sentido,Ultrapassagem Indevida,Nublado,2025-04-10,16
2025-04-10,19:05:00,364,343,JI-PARANA,RO,Colisão transversal,Condutor desrespeitou a iluminação vermelha do semáforo,Chuva,2025-04-10,19
2025-04-10,18:50:00,262,348,CAMPO GRANDE,MS,Tombamento,Ausência de reação do condutor,Céu Claro,2025-04-10,18
2025-04-10,20:15:00,373,"432,8",CHOPINZINHO,PR,Colisão com objeto,Condutor Dormindo,Céu Claro,2025-04-10,20
2025-04-10,18:00:00,174,15,VILHENA,RO,Colisão transversal,Acessar a via sem observar a presença dos outros veículos,Garoa/Chuvisco,2025-04-10,18
2025-04-10,17:30:00,280,28,ARAQUARI,SC,Colisão transversal,Transitar no Acostamento,Céu Claro,2025-04-10,17
2025-04-10,17:00:00,116,277,TEOFILO OTONI,MG,Atropelamento de Pedestre,Ausência de reação do condutor,Céu Claro,2025-04-10,17
2025-04-10,20:30:00,262,"298,4",CAMPO GRANDE,MS,Atropelamento de Animal,Animais na Pista,Céu Claro,2025-04-10,20
2025-04-10,22:00:00,262,426,SAO GONCALO DO PARA,MG,Tombamento,Velocidade Incompatível,Chuva,2025-04-10,22
2025-04-10,22:00:00,381,"47,5",ATIBAIA,SP,Colisão traseira,Condutor Dormindo,Garoa/Chuvisco,2025-04-10,22
2025-04-10,19:40:00,381,705,LAVRAS,MG,Saída de leito carroçável,Ausência de reação do condutor,Chuva,2025-04-10,19
2025-04-10,22:45:00,101,"212,8",PALHOCA,SC,Colisão traseira,Reação tardia ou ineficiente do condutor,Chuva,2025-04-10,22
2025-04-11,00:01:00,101,145,LINHARES,ES,Saída de leito carroçável,Velocidade Incompatível,Chuva,2025-04-11,0
2025-02-05,10:00:00,356,153,CAMPOS DOS GOYTACAZES,RJ,Colisão frontal,Ultrapassagem Indevida,Céu Claro,2025-02-05,10
2025-04-11,01:05:00,116,221,GUARULHOS,SP,Colisão traseira,Ausência de reação do condutor,Nublado,2025-04-11,1
2025-04-10,23:48:00,251,22,SANTO ANTONIO DO DESCOBERTO,GO,Saída de leito carroçável,Condutor Dormindo,Céu Claro,2025-04-10,23
2025-04-11,00:20:00,101,0,ARARANGUA,SC,Saída de leito carroçável,Falta de elemento de contenção que evite a saída do leito carroçável,Chuva,2025-04-11,0
2025-04-11,01:55:00,277,"4,4",PARANAGUA,PR,Tombamento,Ingestão de álcool pelo condutor,Nublado,2025-04-11,1
2025-04-11,03:20:00,101,"130,5",BALNEARIO CAMBORIU,SC,Colisão com objeto,Ausência de reação do condutor,Chuva,2025-04-11,3
2025-04-11,02:40:00,277,"2,5",CURITIBA,PR,Colisão traseira,Reação tardia ou ineficiente do condutor,Nublado,2025-04-11,2
2025-04-11,04:20:00,262,20,VIANA,ES,Colisão com objeto,Reação tardia ou ineficiente do condutor,Nublado,2025-04-11,4
2025-04-11,03:50:00,40,"420,4",CURVELO,MG,Colisão frontal,Transitar na contramão,Nevoeiro/Neblina,2025-04-11,3
2025-04-11,04:30:00,135,271,ALVORADA DO GURGUEIA,PI,Colisão frontal,Transitar na contramão,Nublado,2025-04-11,4
2025-04-11,04:30:00,163,"488,2",CAMPO GRANDE,MS,Atropelamento de Pedestre,Pedestre andava na pista,Céu Claro,2025-04-11,4
2025-04-11,05:05:00,386,"432,6",NOVA SANTA RITA,RS,Atropelamento de Animal,Animais na Pista,Céu Claro,2025-04-11,5
2025-04-11,05:45:00,116,297,GUAIBA,RS,Colisão traseira,Ingestão de álcool pelo condutor,Céu Claro,2025-04-11,5
2025-04-11,04:45:00,40,"409,9",CURVELO,MG,Colisão frontal,Ultrapassagem Indevida,Nevoeiro/Neblina,2025-04-11,4
2025-04-11,06:30:00,116,"432,9",CRISTAL,RS,Saída de leito carroçável,Condutor Dormindo,Chuva,2025-04-11,6
2025-04-11,06:50:00,230,"23,5",JOAO PESSOA,PB,Colisão lateral mesmo sentido,Trafegar com motocicleta (ou similar) entre as faixas,Sol,2025-04-11,6
2025-04-11,05:45:00,101,"257,5",PAULO LOPES,SC,Colisão com objeto,Ausência de reação do condutor,Chuva,2025-04-11,5
2025-04-11,06:40:00,116,"16,3",EUSEBIO,CE,Colisão traseira,Reação tardia ou ineficiente do condutor,Nublado,2025-04-11,6
2025-04-11,06:25:00,80,15,BRASILIA,DF,Colisão transversal,Conversão proibida,Sol,2025-04-11,6
2025-04-11,07:14:00,101,69,RECIFE,PE,Colisão transversal,Acessar a via sem observar a presença dos outros veículos,Céu Claro,2025-04-11,7
2025-04-11,06:25:00,376,"174,3",MARINGA,PR,Colisão transversal,Condutor desrespeitou a iluminação vermelha do semáforo,Céu Claro,2025-04-11,6
2025-04-11,07:10:00,153,"41,9",SANTO ANTONIO DA PLATINA,PR,Colisão transversal,Reação tardia ou ineficiente do condutor,Céu Claro,2025-04-11,7
2025-04-11,07:20:00,163,267,TOLEDO,PR,Colisão transversal,Ultrapassagem Indevida,Céu Claro,2025-04-11,7
2025-04-11,07:03:00,304,32,MOSSORO,RN,Colisão transversal,Acessar a via sem observar a presença dos outros veículos,Céu Claro,2025-04-11,7
2025-04-11,07:40:00,376,3,SAO JOSE DOS PINHAIS,PR,Colisão lateral mesmo sentido,Condutor deixou de manter distância do veículo da frente,Céu Claro,2025-04-11,7
2025-04-11,07:35:00,369,"158,7",CAMBE,PR,Colisão traseira,Condutor deixou de manter distância do veículo da frente,Sol,2025-04-11,7
2025-04-11,07:40:00,324,524,SALVADOR,BA,Colisão traseira,Ausência de reação do condutor,Céu Claro,2025-04-11,7
2025-04-11,04:00:00,267,"80,5",BATAGUASSU,MS,Saída de leito carroçável,Condutor Dormindo,Céu Claro,2025-04-11,4
2025-04-11,07:45:00,40,5,BRASILIA,DF,Colisão traseira,Ausência de reação do condutor,Céu Claro,2025-04-11,7
2025-04-11,07:10:00,282,336,CAMPOS NOVOS,SC,Colisão transversal,Acessar a via sem observar a presença dos outros veículos,Sol,2025-04-11,7
2025-04-11,06:50:00,153,"43,4",CANAPOLIS,MG,Saída de leito carroçável,Reação tardia ou ineficiente do condutor,Céu Claro,2025-04-11,6
2025-04-10,23:04:00,40,116,DUQUE DE CAXIAS,RJ,Colisão traseira,Reação tardia ou ineficiente do condutor,Céu Claro,2025-04-10,23
2025-04-11,08:15:00,376,"174,6",MARINGA,PR,Colisão traseira,Reação tardia ou ineficiente do condutor,Céu Claro,2025-04-11,8
2025-04-11,08:30:00,369,194,ARAPONGAS,PR,Colisão traseira,Manobra de mudança de faixa,Nublado,2025-04-11,8
2025-04-11,07:12:00,70,3,BARRA DO GARCAS,MT,Colisão traseira,Condutor deixou de manter distância do veículo da frente,Céu Claro,2025-04-11,7
2025-04-11,09:05:00,230,27,JOAO PESSOA,PB,Tombamento,Velocidade Incompatível,Sol,2025-04-11,9
2025-04-08,07:00:00,364,11,VILHENA,RO,Colisão transversal,Manobra de mudança de faixa,Céu Claro,2025-04-08,7
2025-04-11,08:00:00,101,294,SAO GONCALO,RJ,Colisão traseira,Reação tardia ou ineficiente do condutor,Céu Claro,2025-04-11,8
2025-04-11,08:30:00,230,118,MARABA,PA,Colisão traseira,Ausência de reação do condutor,Nublado,2025-04-11,8
2025-04-11,09:18:00,386,"51,5",SEBERI,RS,Engavetamento,Animais na Pista,Céu Claro,2025-04-11,9
2025-04-11,09:30:00,101,271,SERRA,ES,Queda de ocupante de veículo,Ausência de reação do condutor,Céu Claro,2025-04-11,9
2025-04-11,06:38:00,222,"52,2",SAO GONCALO DO AMARANTE,CE,Saída de leito carroçável,Avarias e/ou desgaste excessivo no pneu,Chuva,2025-04-11,6
2025-04-11,09:15:00,230,"11,3",CABEDELO,PB,Colisão traseira,Condutor deixou de manter distância do veículo da frente,Sol,2025-04-11,9
2025-04-11,07:29:00,282,72,RANCHO QUEIMADO,SC,Colisão frontal,Velocidade Incompatível,Chuva,2025-04-11,7
2025-02-11,07:00:00,116,153,SAO JOSE DOS CAMPOS,SP,Colisão lateral mesmo sentido,Reação tardia ou ineficiente do condutor,Céu Claro,2025-02-11,7
2025-04-11,09:00:00,369,144,LONDRINA,PR,Colisão transversal,Acessar a via sem observar a presença dos outros veículos,Céu Claro,2025-04-11,9
2025-02-08,12:00:00,116,161,JACAREI,SP,Colisão traseira,Ausência de reação do condutor,Sol,2025-02-08,12
2025-04-11,10:10:00,116,287,ITAPECERICA DA SERRA,SP,Colisão lateral mesmo sentido,Reação tardia ou ineficiente do condutor,Céu Claro,2025-04-11,10
2025-04-11,10:25:00,448,15,CANOAS,RS,Colisão com objeto,Avarias e/ou desgaste excessivo no pneu,Céu Claro,2025-04-11,10
2025-04-11,10:00:00,365,626,UBERLANDIA,MG,Colisão com objeto,Demais falhas na via,Céu Claro,2025-04-11,10
2025-04-11,06:50:00,452,"135,5",ITUMBIARA,GO,Colisão transversal,Acessar a via sem observar a presença dos outros veículos,Céu Claro,2025-04-11,6
2025-04-11,00:12:00,364,708,PORTO VELHO,RO,Tombamento,Reação tardia ou ineficiente do condutor,Céu Claro,2025-04-11,0
2025-04-07,18:34:00,277,84,CURITIBA,PR,Colisão lateral mesmo sentido,Trafegar com motocicleta (ou similar) entre as faixas,Nublado,2025-04-07,18
2025-04-11,09:50:00,20,384,CAUCAIA,CE,Saída de leito carroçável,Afundamento ou ondulação no pavimento,Céu Claro,2025-04-11,9
2025-04-11,11:20:00,101,298,VIANA,ES,Colisão lateral mesmo sentido,Reação tardia ou ineficiente do condutor,Céu Claro,2025-04-11,11
2025-04-05,10:15:00,135,24,SAO LUIS,MA,Colisão traseira,Acessar a via sem observar a presença dos outros veículos,Céu Claro,2025-04-05,10
2025-04-11,11:36:00,116,"241,3",SAO LEOPOLDO,RS,Colisão traseira,Transitar no Acostamento,Céu Claro,2025-04-11,11
2025-04-11,10:00:00,116,"526,1",CARATINGA,MG,Colisão traseira,Ausência de reação do condutor,Céu Claro,2025-04-11,10
2025-04-11,11:30:00,50,18,UBERLANDIA,MG,Colisão com objeto,Reação tardia ou ineficiente do condutor,Céu Claro,2025-04-11,11
2025-04-11,12:40:00,381,87,SAO PAULO,SP,Colisão lateral mesmo sentido,Condutor deixou de manter distância do veículo da frente,Céu Claro,2025-04-11,12
2025-04-11,13:00:00,116,265,CANOAS,RS,Colisão transversal,Condutor desrespeitou a iluminação vermelha do semáforo,Céu Claro,2025-04-11,13
2025-04-11,12:26:00,116,4,FORTALEZA,CE,Colisão traseira,Condutor deixou de manter distância do veículo da frente,Sol,2025-04-11,12
2025-04-11,13:50:00,381,48,ATIBAIA,SP,Capotamento,Condutor Dormindo,Céu Claro,2025-04-11,13
2025-04-11,14:00:00,116,"520,8",PELOTAS,RS,Colisão transversal,Acessar a via sem observar a presença dos outros veículos,Nublado,2025-04-11,14
2025-04-11,13:30:00,316,140,ESTRELA DE ALAGOAS,AL,Colisão transversal,Acessar a via sem observar a presença dos outros veículos,Céu Claro,2025-04-11,13
2025-04-11,14:30:00,381,51,ATIBAIA,SP,Queda de ocupante de veículo,Avarias e/ou desgaste excessivo no pneu,Céu Claro,2025-04-11,14
2025-04-11,14:50:00,116,765,LEOPOLDINA,MG,Colisão transversal,Ausência de reação do condutor,Céu Claro,2025-04-11,14
2025-04-11,14:03:00,470,233,RIO DO SUL,SC,Colisão lateral mesmo sentido,Acessar a via sem observar a presença dos outros veículos,Nublado,2025-04-11,14
2025-04-11,11:45:00,364,425,JARU,RO,Colisão traseira,Condutor deixou de manter distância do veículo da frente,Céu Claro,2025-04-11,11
2025-04-11,14:30:00,60,"22,8",BRASILIA,DF,Colisão lateral mesmo sentido,Manobra de mudança de faixa,Céu Claro,2025-04-11,14
2025-04-11,13:45:00,101,"24,6",JOINVILLE,SC,Colisão transversal,Acessar a via sem observar a presença dos outros veículos,Garoa/Chuvisco,2025-04-11,13
2025-04-11,15:11:00,153,677,GURUPI,TO,Colisão transversal,Ultrapassagem Indevida,Céu Claro,2025-04-11,15
2025-04-11,14:30:00,277,267,IRATI,PR,Colisão lateral mesmo sentido,Trafegar com motocicleta (ou similar) entre as faixas,Céu Claro,2025-04-11,14
2025-04-11,14:45:00,40,111,DUQUE DE CAXIAS,RJ,Colisão traseira,Manobra de mudança de faixa,Nublado,2025-04-11,14
2025-04-04,04:30:00,116,13,COLOMBO,PR,Capotamento,Velocidade Incompatível,Garoa/Chuvisco,2025-04-04,4
2025-04-11,16:15:00,40,"0,2",BRASILIA,DF,Colisão traseira,Condutor deixou de manter distância do veículo da frente,Céu Claro,2025-04-11,16
2025-04-11,15:45:00,116,137,MAGE,RJ,Queda de ocupante de veículo,Ausência de reação do condutor,Céu Claro,2025-04-11,15
2025-04-11,16:40:00,304,50,ARACATI,CE,Colisão transversal,Desrespeitar a preferência no cruzamento,Céu Claro,2025-04-11,16
2025-04-11,15:40:00,40,90,CRISTALINA,GO,Colisão traseira,Ingestão de álcool pelo condutor,Céu Claro,2025-04-11,15
2025-04-11,16:44:00,40,552,NOVA LIMA,MG,Colisão traseira,Condutor deixou de manter distância do veículo da frente,Céu Claro,2025-04-11,16
2025-04-11,17:05:00,101,"267,7",SERRA,ES,Colisão lateral mesmo sentido,Manobra de mudança de faixa,Céu Claro,2025-04-11,17
2025-04-11,16:20:00,316,316,PICOS,PI,Colisão transversal,Acessar a via sem observar a presença dos outros veículos,Céu Claro,2025-04-11,16
2025-04-11,16:50:00,70,6,BRASILIA,DF,Colisão traseira,Ausência de reação do condutor,Céu Claro,2025-04-11,16
2025-04-11,16:45:00,324,514,FEIRA DE SANTANA,BA,Colisão transversal,Acesso irregular,Céu Claro,2025-04-11,16
2025-04-11,16:00:00,282,"62,5",RANCHO QUEIMADO,SC,Colisão lateral mesmo sentido,Ausência de reação do condutor,Nublado,2025-04-11,16
2025-04-11,17:10:00,376,"4,5",APUCARANA,PR,Colisão transversal,Conversão proibida,Céu Claro,2025-04-11,17
2025-04-11,16:00:00,226,276,BARRA DO CORDA,MA,Saída de leito carroçável,Velocidade Incompatível,Chuva,2025-04-11,16
2025-04-11,17:45:00,116,156,SAO JOSE DOS CAMPOS,SP,Colisão lateral mesmo sentido,Reação tardia ou ineficiente do condutor,Céu Claro,2025-04-11,17
2025-04-11,15:22:00,163,"829,5",SINOP,MT,Queda de ocupante de veículo,Afundamento ou ondulação no pavimento,Céu Claro,2025-04-11,15
2025-04-11,17:36:00,116,236,NOVO HAMBURGO,RS,Colisão traseira,Condutor deixou de manter distância do veículo da frente,Céu Claro,2025-04-11,17
2025-04-11,13:50:00,116,"28,3",SAPUCAIA,RJ,Tombamento,Reação tardia ou ineficiente do condutor,Nublado,2025-04-11,13
2025-04-11,17:30:00,282,"54,5",AGUAS MORNAS,SC,Saída de leito carroçável,Chuva,Chuva,2025-04-11,17
2025-04-11,15:00:00,386,"159,5",ALMIRANTE TAMANDARE DO SUL,RS,Saída de leito carroçável,Reação tardia ou ineficiente do condutor,Céu Claro,2025-04-11,15
2025-04-11,16:00:00,116,"6,8",SAPUCAIA,RJ,Saída de leito carroçável,Reação tardia ou ineficiente do condutor,Nublado,2025-04-11,16
2025-04-11,18:00:00,158,"530,9",PATO BRANCO,PR,Tombamento,Conversão proibida,Céu Claro,2025-04-11,18
2025-04-11,16:25:00,40,114,DUQUE DE CAXIAS,RJ,Tombamento,Reação tardia ou ineficiente do condutor,Nublado,2025-04-11,16
2025-04-11,17:00:00,367,29,PORTO SEGURO,BA,Colisão transversal,Acessar a via sem observar a presença dos outros veículos,Céu Claro,2025-04-11,17
2025-04-11,11:26:00,316,"497,9",CODO,MA,Colisão transversal,Acessar a via sem observar a presença dos outros veículos,Céu Claro,2025-04-11,11
2025-04-11,17:15:00,287,401,SANTIAGO,RS,Colisão transversal,Desrespeitar a preferência no cruzamento,Céu Claro,2025-04-11,17
2025-04-11,18:15:00,60,"172,7",ABADIA DE GOIAS,GO,Colisão lateral mesmo sentido,Manobra de mudança de faixa,Céu Claro,2025-04-11,18
2025-04-11,15:30:00,381,753,TRES CORACOES,MG,Queda de ocupante de veículo,Ultrapassagem Indevida,Céu Claro,2025-04-11,15
2025-04-11,17:50:00,316,"47,1",TERESINA,PI,Tombamento,Avarias e/ou desgaste excessivo no pneu,Nublado,2025-04-11,17
2025-04-11,18:45:00,101,332,TUBARAO,SC,Colisão transversal,Transitar no Acostamento,Céu Claro,2025-04-11,18
2025-04-11,18:50:00,116,"530,1",CAPAO DO LEAO,RS,Colisão transversal,Desrespeitar a preferência no cruzamento,Céu Claro,2025-04-11,18
2025-04-11,18:45:00,277,721,FOZ DO IGUACU,PR,Colisão transversal,Acessar a via sem observar a presença dos outros veículos,Céu Claro,2025-04-11,18
2025-04-11,18:10:00,116,"524,7",CARATINGA,MG,Atropelamento de Pedestre,Pedestre cruzava a pista fora da faixa,Nublado,2025-04-11,18
2025-04-11,17:30:00,230,"140,8",CAMPINA GRANDE,PB,Colisão com objeto,Carga excessiva e/ou mal acondicionada,Nublado,2025-04-11,17
2025-04-11,19:00:00,101,"86,5",JABOATAO DOS GUARARAPES,PE,Colisão lateral mesmo sentido,Manobra de mudança de faixa,Céu Claro,2025-04-11,19
2025-04-11,14:00:00,222,113,RONDON DO PARA,PA,Colisão frontal,Transitar na contramão,Céu Claro,2025-04-11,14
2025-04-11,17:20:00,174,524,BOA VISTA,RR,Saída de leito carroçável,Condutor Dormindo,Céu Claro,2025-04-11,17
2025-04-11,19:40:00,381,"37,3",ATIBAIA,SP,Colisão traseira,Reação tardia ou ineficiente do condutor,Nublado,2025-04-11,19
2025-04-11,19:45:00,40,114,DUQUE DE CAXIAS,RJ,Colisão traseira,Reação tardia ou ineficiente do condutor,Céu Claro,2025-04-11,19
2025-04-11,20:30:00,101,321,NITEROI,RJ,Atropelamento de Pedestre,Pedestre andava na pista,Céu Claro,2025-04-11,20
2025-04-11,19:15:00,116,220,CORREIA PINTO,SC,Colisão transversal,Acessar a via sem observar a presença dos outros veículos,Céu Claro,2025-04-11,19
2025-04-11,19:00:00,10,"16,5",DOM ELISEU,PA,Colisão lateral sentido oposto,Acessar a via sem observar a presença dos outros veículos,Nublado,2025-04-11,19
2025-04-11,20:10:00,290,152,ARROIO DOS RATOS,RS,Colisão transversal,Reação tardia ou ineficiente do condutor,Nublado,2025-04-11,20
2025-04-11,20:20:00,50,"18,9",UBERLANDIA,MG,Colisão com objeto,Ausência de reação do condutor,Céu Claro,2025-04-11,20
2025-04-11,19:20:00,153,"298,9",CAMPOS NOVOS PAULISTA,SP,Tombamento,Frear bruscamente,Céu Claro,2025-04-11,19
2025-04-11,20:00:00,20,8,BRASILIA,DF,Colisão lateral mesmo sentido,Manobra de mudança de faixa,Nublado,2025-04-11,20
2025-04-11,20:30:00,230,17,JOAO PESSOA,PB,Colisão lateral mesmo sentido,Ingestão de álcool pelo condutor,Céu Claro,2025-04-11,20
2025-04-11,19:40:00,163,"71,4",SAO MIGUEL DO OESTE,SC,Colisão transversal,Acessar a via sem observar a presença dos outros veículos,Céu Claro,2025-04-11,19
2025-04-11,20:30:00,393,1,CACHOEIRO DE ITAPEMIRIM,ES,Colisão transversal,Reação tardia ou ineficiente do condutor,Céu Claro,2025-04-11,20
2025-04-11,20:30:00,116,"233,6",PIRAI,RJ,Tombamento,Objeto estático sobre o leito carroçável,Nublado,2025-04-11,20
2025-04-11,19:05:00,493,53,DUQUE DE CAXIAS,RJ,Incêndio,Demais falhas mecânicas ou elétricas,Céu Claro,2025-04-11,19
2025-04-11,17:30:00,365,"773,3",ITUIUTABA,MG,Atropelamento de Animal,Animais na Pista,Céu Claro,2025-04-11,17
2025-04-11,20:58:00,101,143,LINHARES,ES,Colisão transversal,Velocidade Incompatível,Céu Claro,2025-04-11,20
2025-04-11,21:00:00,101,328,RIO DE JANEIRO,RJ,Colisão lateral mesmo sentido,Manobra de mudança de faixa,Céu Claro,2025-04-11,21
2025-04-11,21:00:00,408,"76,9",PAUDALHO,PE,Colisão com objeto,Velocidade Incompatível,Nublado,2025-04-11,21
2025-04-11,21:45:00,101,506,ITABUNA,BA,Saída de leito carroçável,Velocidade Incompatível,Céu Claro,2025-04-11,21
2025-04-11,21:50:00,459,"97,8",POUSO ALEGRE,MG,Atropelamento de Pedestre,Pedestre andava na pista,Céu Claro,2025-04-11,21
2025-04-11,20:30:00,493,113,SEROPEDICA,RJ,Saída de leito carroçável,Chuva,Chuva,2025-04-11,20
2025-04-11,21:10:00,101,51,UBATUBA,SP,Queda de ocupante de veículo,Ingestão de álcool pelo condutor,Céu Claro,2025-04-11,21
2025-04-11,21:18:00,163,838,SINOP,MT,Queda de ocupante de veículo,Demais falhas na via,Céu Claro,2025-04-11,21
2025-04-11,20:00:00,101,458,ANGRA DOS REIS,RJ,Colisão lateral mesmo sentido,Acessar a via sem observar a presença dos outros veículos,Céu Claro,2025-04-11,20
2025-02-02,21:00:00,290,"91,6",PORTO ALEGRE,RS,Colisão com objeto,Ingestão de álcool pelo condutor,Céu Claro,2025-02-02,21
2025-04-11,21:30:00,280,"58,6",GUARAMIRIM,SC,Colisão lateral mesmo sentido,Acessar a via sem observar a presença dos outros veículos,Céu Claro,2025-04-11,21
2025-04-11,22:40:00,116,57,GUARATINGUETA,SP,Colisão traseira,Ausência de reação do condutor,Céu Claro,2025-04-11,22
2025-04-11,21:55:00,376,474,PONTA GROSSA,PR,Saída de leito carroçável,Ingestão de álcool pelo condutor,Céu Claro,2025-04-11,21
2025-04-11,21:40:00,277,"603,2",SANTA TEREZA DO OESTE,PR,Saída de leito carroçável,Reação tardia ou ineficiente do condutor,Céu Claro,2025-04-11,21
2025-04-11,21:10:00,116,197,SEROPEDICA,RJ,Colisão traseira,Velocidade Incompatível,Céu Claro,2025-04-11,21
2025-04-11,21:45:00,153,"41,9",ERECHIM,RS,Tombamento,Velocidade Incompatível,Céu Claro,2025-04-11,21
2025-04-11,21:50:00,70,7,AGUAS LINDAS DE GOIAS,GO,Atropelamento de Pedestre,Pedestre cruzava a pista fora da faixa,Chuva,2025-04-11,21
2025-04-11,22:30:00,277,"123,3",CAMPO LARGO,PR,Colisão traseira,Ausência de reação do condutor,Céu Claro,2025-04-11,22
2025-04-11,23:00:00,392,644,GUARANI DAS MISSOES,RS,Colisão traseira,Condutor deixou de manter distância do veículo da frente,Céu Claro,2025-04-11,23
2025-04-11,22:45:00,101,85,BAYEUX,PB,Tombamento,Ausência de reação do condutor,Céu Claro,2025-04-11,22
2025-04-11,21:40:00,364,425,JARU,RO,Colisão com objeto,Ingestão de álcool pelo condutor,Chuva,2025-04-11,21
2025-04-11,22:30:00,163,"69,4",SAO MIGUEL DO OESTE,SC,Colisão transversal,Acessar a via sem observar a presença dos outros veículos,Céu Claro,2025-04-11,22
2025-04-11,20:15:00,158,"354,9",MARQUINHO,PR,Saída de leito carroçável,Velocidade Incompatível,Céu Claro,2025-04-11,20
2025-04-12,00:30:00,116,173,RIO DE JANEIRO,RJ,Engavetamento,Ausência de reação do condutor,Céu Claro,2025-04-12,0
2025-04-12,00:45:00,101,395,RIO NOVO DO SUL,ES,Atropelamento de Pedestre,Pedestre andava na pista,Nublado,2025-04-12,0
2025-04-11,21:30:00,101,"117,5",ITAJAI,SC,Colisão lateral mesmo sentido,Reação tardia ou ineficiente do condutor,Nublado,2025-04-11,21