data_inversa,horario,br,km,municipio,uf,tipo_acidente,causa_acidente,condicao_metereologica,data,hora
2025-04-14,06:20:00,493,102,SEROPEDICA,RJ,Colisão com objeto,Desvio temporário,Céu Claro,2025-04-14,6
2025-04-14,06:56:00,493,51,DUQUE DE CAXIAS,RJ,Saída de leito carroçável,Ausência de reação do condutor,Céu Claro,2025-04-14,6
2025-04-14,07:30:00,376,166,MARINGA,PR,Colisão traseira,Condutor deixou de manter distância do veículo da frente,Céu Claro,2025-04-14,7
2025-04-14,08:15:00,376,605,CURITIBA,PR,Saída de leito carroçável,Demais falhas mecânicas ou elétricas,Céu Claro,2025-04-14,8
2025-04-14,09:00:00,101,"83,8",BAYEUX,PB,Colisão lateral mesmo sentido,Trafegar com motocicleta (ou similar) entre as faixas,Céu Claro,2025-04-14,9
2025-04-14,06:30:00,280,"8,2",SAO FRANCISCO DO SUL,SC,Colisão traseira,Transitar no Acostamento,Nublado,2025-04-14,6
2025-04-14,08:25:00,381,530,RIO MANSO,MG,Queda de ocupante de veículo,Acumulo de água sobre o pavimento,Chuva,2025-04-14,8
2025-04-13,01:30:00,40,97,RIO DE JANEIRO,RJ,Colisão com objeto,Condutor Dormindo,Céu Claro,2025-04-13,1
2025-04-14,08:25:00,101,"0,5",ITABORAI,RJ,Colisão transversal,Acessar a via sem observar a presença dos outros veículos,Nublado,2025-04-14,8
2025-03-26,07:30:00,110,361,CATU,BA,Saída de leito carroçável,Reação tardia ou ineficiente do condutor,Sol,2025-03-26,7
2025-04-14,09:00:00,376,"180,4",MARINGA,PR,Colisão traseira,Ausência de reação do condutor,Sol,2025-04-14,9
2025-04-14,07:30:00,282,604,XANXERE,SC,Colisão frontal,Acessar a via sem observar a presença dos outros veículos,Céu Claro,2025-04-14,7
2025-04-14,08:40:00,116,"306,9",ITAMBACURI,MG,Saída de leito carroçável,Reação tardia ou ineficiente do condutor,Céu Claro,2025-04-14,8
2025-03-18,21:30:00,101,116,ALAGOINHAS,BA,Incêndio,Demais falhas mecânicas ou elétricas,Céu Claro,2025-03-18,21
2025-04-14,08:00:00,40,"31,5",AREAL,RJ,Colisão com objeto,Velocidade Incompatível,Chuva,2025-04-14,8
2025-04-14,10:05:00,230,"16,5",JOAO PESSOA,PB,Engavetamento,Reação tardia ou ineficiente do condutor,Céu Claro,2025-04-14,10
2025-04-14,08:40:00,116,208,GUARULHOS,SP,Colisão traseira,Trafegar com motocicleta (ou similar) entre as faixas,Céu Claro,2025-04-14,8
2025-04-14,10:00:00,365,620,UBERLANDIA,MG,Colisão lateral mesmo sentido,Reação tardia ou ineficiente do condutor,Céu Claro,2025-04-14,10
2025-04-14,10:30:00,116,171,RIO DE JANEIRO,RJ,Colisão lateral mesmo sentido,Ultrapassagem Indevida,Nublado,2025-04-14,10
2025-02-23,00:40:00,153,"428,6",ANAPOLIS,GO,Colisão com objeto,Ausência de reação do condutor,Céu Claro,2025-02-23,0
2025-04-14,08:45:00,364,534,ALTO PARAISO,RO,Colisão traseira,Condutor deixou de manter distância do veículo da frente,Céu Claro,2025-04-14,8
2025-03-30,18:45:00,60,"101,4",ANAPOLIS,GO,Colisão transversal,Acessar a via sem observar a presença dos outros veículos,Céu Claro,2025-03-30,18
2025-04-14,10:50:00,40,"452,1",CAETANOPOLIS,MG,Colisão traseira,Objeto estático sobre o leito carroçável,Nublado,2025-04-14,10
2025-03-26,14:40:00,60,"101,4",ANAPOLIS,GO,Colisão traseira,Velocidade Incompatível,Céu Claro,2025-03-26,14
2025-03-14,01:15:00,60,"94,6",ANAPOLIS,GO,Saída de leito carroçável,Condutor Dormindo,Céu Claro,2025-03-14,1
2025-04-14,10:20:00,116,495,RAFAEL JAMBEIRO,BA,Colisão transversal,Acesso irregular,Céu Claro,2025-04-14,10
2025-04-14,10:50:00,101,"32,9",ITAPISSUMA,PE,Colisão traseira,Transitar no Acostamento,Céu Claro,2025-04-14,10
2025-04-14,08:00:00,343,10,PARNAIBA,PI,Colisão transversal,Acessar a via sem observar a presença dos outros veículos,Céu Claro,2025-04-14,8
2025-04-14,11:20:00,101,145,LINHARES,ES,Tombamento,Ausência de reação do condutor,Céu Claro,2025-04-14,11
2025-04-14,11:10:00,101,447,AURELINO LEAL,BA,Saída de leito carroçável,Velocidade Incompatível,Céu Claro,2025-04-14,11
2025-04-14,10:20:00,230,43,SANTA RITA,PB,Saída de leito carroçável,Ausência de reação do condutor,Céu Claro,2025-04-14,10
2025-04-14,12:05:00,343,7,PARNAIBA,PI,Atropelamento de Pedestre,Pedestre andava na pista,Sol,2025-04-14,12
2025-04-14,07:40:00,101,"66,8",MESSIAS,AL,Atropelamento de Pedestre,Pedestre andava na pista,Sol,2025-04-14,7
2025-04-14,11:50:00,369,158,CAMBE,PR,Colisão traseira,Condutor deixou de manter distância do veículo da frente,Céu Claro,2025-04-14,11
2025-03-01,11:10:00,163,248,NOVO PROGRESSO,PA,Tombamento,Reação tardia ou ineficiente do condutor,Céu Claro,2025-03-01,11
2025-04-14,11:50:00,381,"727,2",CARMO DA CACHOEIRA,MG,Colisão com objeto,Ausência de reação do condutor,Nublado,2025-04-14,11
2025-04-14,11:00:00,40,"618,5",CONGONHAS,MG,Colisão traseira,Condutor deixou de manter distância do veículo da frente,Chuva,2025-04-14,11
2025-04-14,12:00:00,40,697,BARBACENA,MG,Saída de leito carroçável,Reação tardia ou ineficiente do condutor,Nublado,2025-04-14,12
2025-04-14,11:55:00,158,333,SANTA MARIA,RS,Colisão traseira,Reação tardia ou ineficiente do condutor,Céu Claro,2025-04-14,11
2025-04-14,13:15:00,428,187,PETROLINA,PE,Colisão traseira,Condutor deixou de manter distância do veículo da frente,Céu Claro,2025-04-14,13
2025-04-14,11:15:00,116,"526,2",CARATINGA,MG,Colisão traseira,Condutor deixou de manter distância do veículo da frente,Nublado,2025-04-14,11
2025-04-10,05:00:00,386,"193,4",SANTO ANTONIO DO PLANALTO,RS,Saída de leito carroçável,Ausência de reação do condutor,Céu Claro,2025-04-10,5
2025-04-14,12:00:00,235,5,NOSSA SENHORA DO SOCORRO,SE,Colisão com objeto,Ingestão de álcool pelo condutor,Céu Claro,2025-04-14,12
2025-04-14,11:53:00,364,131,RIO BRANCO,AC,Colisão traseira,Condutor deixou de manter distância do veículo da frente,Céu Claro,2025-04-14,11
2025-04-14,08:00:00,135,"311,7",CRISTINO CASTRO,PI,Saída de leito carroçável,Demais falhas na via,Céu Claro,2025-04-14,8
2025-04-14,13:30:00,104,133,QUEIMADAS,PB,Colisão traseira,Condutor deixou de manter distância do veículo da frente,Céu Claro,2025-04-14,13
2025-04-14,12:15:00,285,"513,2",VITORIA DAS MISSOES,RS,Colisão traseira,Ausência de reação do condutor,Céu Claro,2025-04-14,12
2025-04-14,14:40:00,101,"300,8",VIANA,ES,Tombamento,Acumulo de areia ou detritos sobre o pavimento,Nublado,2025-04-14,14
2025-04-14,15:10:00,101,264,SERRA,ES,Colisão transversal,Semáforo com defeito,Nublado,2025-04-14,15
2025-04-14,13:30:00,101,479,ANGRA DOS REIS,RJ,Tombamento,Pista esburacada,Nublado,2025-04-14,13
2025-04-14,14:11:00,101,"41,5",IGARASSU,PE,Colisão traseira,Reação tardia ou ineficiente do condutor,Céu Claro,2025-04-14,14
2025-04-14,14:40:00,381,87,SAO PAULO,SP,Capotamento,Ausência de reação do condutor,Nublado,2025-04-14,14
2025-04-14,13:13:00,364,124,RIO BRANCO,AC,Colisão traseira,Reação tardia ou ineficiente do condutor,Céu Claro,2025-04-14,13
2025-04-14,16:00:00,101,"118,9",ITAJAI,SC,Tombamento,Acumulo de areia ou detritos sobre o pavimento,Nublado,2025-04-14,16
2025-04-14,14:10:00,364,409,JARU,RO,Colisão com objeto,Objeto estático sobre o leito carroçável,Céu Claro,2025-04-14,14
2025-04-14,15:30:00,116,308,RESENDE,RJ,Capotamento,Reação tardia ou ineficiente do condutor,Céu Claro,2025-04-14,15
2025-04-14,16:00:00,381,791,CAMPANHA,MG,Colisão com objeto,Velocidade Incompatível,Céu Claro,2025-04-14,16
2025-04-14,15:49:00,230,20,JOAO PESSOA,PB,Colisão lateral mesmo sentido,Trafegar com motocicleta (ou similar) entre as faixas,Céu Claro,2025-04-14,15
2025-04-14,16:15:00,101,254,SERRA,ES,Colisão traseira,Ausência de reação do condutor,Céu Claro,2025-04-14,16
2025-04-14,15:45:00,369,172,ROLANDIA,PR,Colisão transversal,Acessar a via sem observar a presença dos outros veículos,Sol,2025-04-14,15
2025-04-14,13:20:00,343,466,ANGICAL DO PIAUI,PI,Colisão traseira,Ausência de reação do condutor,Sol,2025-04-14,13
2025-04-14,13:00:00,156,426,TARTARUGALZINHO,AP,Saída de leito carroçável,Ausência de reação do condutor,Chuva,2025-04-14,13
2025-04-14,16:40:00,101,"118,9",ITAJAI,SC,Tombamento,Acumulo de areia ou detritos sobre o pavimento,Nublado,2025-04-14,16
2025-04-14,16:40:00,101,"118,9",ITAJAI,SC,Tombamento,Acumulo de areia ou detritos sobre o pavimento,Nublado,2025-04-14,16
2025-04-14,16:40:00,116,"10,9",FORTALEZA,CE,Engavetamento,Ausência de reação do condutor,Céu Claro,2025-04-14,16
2025-04-14,17:40:00,110,46,MOSSORO,RN,Colisão lateral mesmo sentido,Condutor deixou de manter distância do veículo da frente,Céu Claro,2025-04-14,17
2025-04-14,17:45:00,116,"7,6",FORTALEZA,CE,Colisão traseira,Condutor deixou de manter distância do veículo da frente,Céu Claro,2025-04-14,17
2025-04-14,17:45:00,408,93,SAO LOURENCO DA MATA,PE,Colisão lateral mesmo sentido,Manobra de mudança de faixa,Céu Claro,2025-04-14,17
2025-04-14,18:17:00,230,20,JOAO PESSOA,PB,Colisão lateral mesmo sentido,Manobra de mudança de faixa,Céu Claro,2025-04-14,18
2025-04-14,17:50:00,110,174,RIBEIRA DO POMBAL,BA,Colisão traseira,Ingestão de álcool pelo condutor,Céu Claro,2025-04-14,17
2025-04-14,19:00:00,116,264,CANOAS,RS,Colisão traseira,Condutor deixou de manter distância do veículo da frente,Nublado,2025-04-14,19
2025-04-14,11:00:00,316,240,BELEM DE SAO FRANCISCO,PE,Colisão transversal,Acessar a via sem observar a presença dos outros veículos,Céu Claro,2025-04-14,11
2025-04-14,18:30:00,163,835,SONORA,MS,Atropelamento de Animal,Animais na Pista,Céu Claro,2025-04-14,18
2025-04-14,18:11:00,101,106,ALAGOINHAS,BA,Colisão transversal,Conversão proibida,Céu Claro,2025-04-14,18
2025-04-14,17:30:00,369,"158,6",CAMBE,PR,Colisão traseira,Transitar no Acostamento,Céu Claro,2025-04-14,17
2025-04-14,19:00:00,235,"0,6",ARACAJU,SE,Atropelamento de Pedestre,Pedestre cruzava a pista fora da faixa,Nublado,2025-04-14,19
2025-04-14,19:30:00,277,723,FOZ DO IGUACU,PR,Colisão traseira,Ausência de reação do condutor,Céu Claro,2025-04-14,19
2025-04-14,19:50:00,282,1,FLORIANOPOLIS,SC,Colisão lateral mesmo sentido,Manobra de mudança de faixa,Céu Claro,2025-04-14,19
2025-04-14,19:45:00,116,219,GUARULHOS,SP,Colisão traseira,Reação tardia ou ineficiente do condutor,Vento,2025-04-14,19
2025-04-14,17:10:00,40,82,PETROPOLIS,RJ,Tombamento,Acumulo de óleo sobre o pavimento,Nublado,2025-04-14,17
2025-04-14,20:00:00,381,59,MAIRIPORA,SP,Queda de ocupante de veículo,Objeto estático sobre o leito carroçável,Céu Claro,2025-04-14,20
2025-04-14,19:00:00,101,486,ANGRA DOS REIS,RJ,Atropelamento de Pedestre,Pedestre - Ingestão de álcool/ substâncias psicoativas,Céu Claro,2025-04-14,19
2025-04-14,19:45:00,163,835,SONORA,MS,Saída de leito carroçável,Objeto estático sobre o leito carroçável,Céu Claro,2025-04-14,19
2025-04-14,18:35:00,116,125,FAZENDA RIO GRANDE,PR,Queda de ocupante de veículo,Trafegar com motocicleta (ou similar) entre as faixas,Nublado,2025-04-14,18
2025-04-14,19:00:00,364,517,ARIQUEMES,RO,Queda de ocupante de veículo,Pista esburacada,Nublado,2025-04-14,19
2025-04-14,20:25:00,158,"566,4",SANTANA DO LIVRAMENTO,RS,Saída de leito carroçável,Reação tardia ou ineficiente do condutor,Céu Claro,2025-04-14,20
2025-04-14,21:55:00,343,8,PARNAIBA,PI,Colisão transversal,Acessar a via sem observar a presença dos outros veículos,Céu Claro,2025-04-14,21
2025-04-14,20:00:00,343,"266,1",CAMPO MAIOR,PI,Colisão transversal,Acessar a via sem observar a presença dos outros veículos,Céu Claro,2025-04-14,20
2025-04-14,21:30:00,101,166,TIJUCAS,SC,Colisão traseira,Reação tardia ou ineficiente do condutor,Céu Claro,2025-04-14,21
2025-04-15,00:30:00,493,18,GUAPIMIRIM,RJ,Tombamento,Acessar a via sem observar a presença dos outros veículos,Nublado,2025-04-15,0
2025-04-15,05:30:00,343,328,TERESINA,PI,Colisão frontal,Transitar na contramão,Ignorado,2025-04-15,5
2025-04-14,21:00:00,40,"669,6",CARANDAI,MG,Saída de leito carroçável,Chuva,Chuva,2025-04-14,21
2025-04-15,05:15:00,50,272,CATALAO,GO,Atropelamento de Animal,Animais na Pista,Céu Claro,2025-04-15,5
2025-04-15,05:20:00,116,215,GUARULHOS,SP,Tombamento,Ausência de reação do condutor,Nublado,2025-04-15,5
2025-04-14,19:55:00,407,118,PETROLINA,PE,Colisão traseira,Ausência de reação do condutor,Céu Claro,2025-04-14,19
2025-04-15,06:45:00,101,"116,8",CAAPORA,PB,Tombamento,Acumulo de areia ou detritos sobre o pavimento,Céu Claro,2025-04-15,6
2025-04-15,06:45:00,116,218,GUARULHOS,SP,Colisão lateral mesmo sentido,Manobra de mudança de faixa,Nublado,2025-04-15,6
2025-04-15,06:47:00,277,"5,1",PARANAGUA,PR,Colisão lateral mesmo sentido,Acessar a via sem observar a presença dos outros veículos,Sol,2025-04-15,6
2025-04-15,07:15:00,101,75,NATAL,RN,Colisão transversal,Acessar a via sem observar a presença dos outros veículos,Céu Claro,2025-04-15,7
2025-04-15,07:45:00,101,"142,9",LINHARES,ES,Colisão transversal,Acessar a via sem observar a presença dos outros veículos,Céu Claro,2025-04-15,7
2025-04-11,20:00:00,110,57,JEREMOABO,BA,Saída de leito carroçável,Chuva,Chuva,2025-04-11,20
2025-04-15,06:30:00,262,"34,1",MANHUACU,MG,Colisão transversal,Desrespeitar a preferência no cruzamento,Céu Claro,2025-04-15,6
2025-04-14,19:50:00,20,182,SIMOLANDIA,GO,Saída de leito carroçável,Ausência de reação do condutor,Garoa/Chuvisco,2025-04-14,19
2025-04-15,07:40:00,381,494,BETIM,MG,Colisão traseira,Ausência de reação do condutor,Céu Claro,2025-04-15,7
2025-04-15,07:40:00,40,3,BRASILIA,DF,Colisão lateral mesmo sentido,Trafegar com motocicleta (ou similar) entre as faixas,Céu Claro,2025-04-15,7
2025-04-15,08:00:00,101,82,CAMPOS DOS GOYTACAZES,RJ,Atropelamento de Animal,Animais na Pista,Céu Claro,2025-04-15,8
2025-04-15,07:48:00,101,96,NATAL,RN,Colisão lateral mesmo sentido,Manobra de mudança de faixa,Céu Claro,2025-04-15,7
2025-04-15,08:10:00,290,2,PORTO ALEGRE,RS,Colisão com objeto,Reação tardia ou ineficiente do condutor,Céu Claro,2025-04-15,8
2025-04-15,07:05:00,60,174,ABADIA DE GOIAS,GO,Saída de leito carroçável,Reação tardia ou ineficiente do condutor,Nublado,2025-04-15,7
2025-04-15,07:05:00,463,2,DOURADOS,MS,Colisão transversal,Acessar a via sem observar a presença dos outros veículos,Céu Claro,2025-04-15,7
2025-04-15,08:20:00,101,205,SAO JOSE,SC,Tombamento,Reação tardia ou ineficiente do condutor,Céu Claro,2025-04-15,8
2025-03-26,20:15:00,101,134,BALNEARIO CAMBORIU,SC,Colisão transversal,Acessar a via sem observar a presença dos outros veículos,Ignorado,2025-03-26,20
2025-04-15,08:50:00,101,296,CARIACICA,ES,Colisão lateral mesmo sentido,Conversão proibida,Céu Claro,2025-04-15,8
2025-04-15,08:00:00,20,6,BRASILIA,DF,Colisão traseira,Manobra de mudança de faixa,Chuva,2025-04-15,8
2025-04-15,07:47:00,304,50,ARACATI,CE,Colisão transversal,Ausência de reação do condutor,Céu Claro,2025-04-15,7
2025-04-15,09:40:00,386,349,LAJEADO,RS,Tombamento,Acumulo de areia ou detritos sobre o pavimento,Céu Claro,2025-04-15,9
2025-04-15,09:25:00,116,"586,2",MANHUACU,MG,Colisão lateral mesmo sentido,Transitar na contramão,Céu Claro,2025-04-15,9
2025-04-15,09:49:00,153,506,PARAISO DO TOCANTINS,TO,Incêndio,Demais falhas mecânicas ou elétricas,Céu Claro,2025-04-15,9
2025-04-15,09:20:00,116,186,NOVA IGUACU,RJ,Colisão lateral mesmo sentido,Manobra de mudança de faixa,Céu Claro,2025-04-15,9
2025-04-15,10:20:00,324,619,SIMOES FILHO,BA,Colisão traseira,Manobra de mudança de faixa,Céu Claro,2025-04-15,10
2025-04-15,06:50:00,116,147,DUQUE DE CAXIAS,RJ,Engavetamento,Frear bruscamente,Céu Claro,2025-04-15,6
2025-04-15,10:20:00,116,"78,6",ROSEIRA,SP,Colisão traseira,Reação tardia ou ineficiente do condutor,Sol,2025-04-15,10
2025-04-15,00:00:00,308,174,TRACUATEUA,PA,Eventos atípicos,Ausência de reação do condutor,Ignorado,2025-04-15,0
2025-04-15,09:45:00,101,59,ROSARIO DO CATETE,SE,Colisão transversal,Acessar a via sem observar a presença dos outros veículos,Céu Claro,2025-04-15,9
2025-04-15,10:35:00,153,"505,1",APARECIDA DE GOIANIA,GO,Colisão traseira,Condutor deixou de manter distância do veículo da frente,Céu Claro,2025-04-15,10
2025-04-15,08:45:00,230,"71,3",SOBRADO,PB,Queda de ocupante de veículo,Reação tardia ou ineficiente do condutor,Céu Claro,2025-04-15,8
2025-04-15,07:44:00,364,127,RIO BRANCO,AC,Colisão transversal,Retorno proibido,Céu Claro,2025-04-15,7
2025-04-15,10:45:00,101,302,SAO GONCALO,RJ,Colisão com objeto,Reação tardia ou ineficiente do condutor,Nublado,2025-04-15,10
2025-04-15,09:30:00,324,"0,3",SALVADOR,BA,Colisão traseira,Ausência de reação do condutor,Céu Claro,2025-04-15,9
2025-04-15,10:30:00,116,284,EMBU DAS ARTES,SP,Colisão lateral mesmo sentido,Trafegar com motocicleta (ou similar) entre as faixas,Céu Claro,2025-04-15,10
2025-04-15,10:50:00,101,"211,4",PALHOCA,SC,Colisão lateral mesmo sentido,Acessar a via sem observar a presença dos outros veículos,Sol,2025-04-15,10
2025-04-11,13:00:00,262,567,CORREGO DANTA,MG,Colisão transversal,Reação tardia ou ineficiente do condutor,Céu Claro,2025-04-11,13
2025-04-15,11:00:00,101,155,PORTO BELO,SC,Incêndio,Demais falhas mecânicas ou elétricas,Nublado,2025-04-15,11
2025-04-15,09:09:00,364,"343,2",JI-PARANA,RO,Colisão traseira,Frear bruscamente,Céu Claro,2025-04-15,9
2025-04-15,11:40:00,0,0,GUAIRA,PR,Colisão traseira,Reação tardia ou ineficiente do condutor,Garoa/Chuvisco,2025-04-15,11
2025-04-15,11:40:00,101,141,LINHARES,ES,Atropelamento de Animal,Animais na Pista,Céu Claro,2025-04-15,11
2025-04-15,12:40:00,324,557,SAO SEBASTIAO DO PASSE,BA,Incêndio,Demais falhas mecânicas ou elétricas,Céu Claro,2025-04-15,12
2025-04-12,01:30:00,282,"500,2",XANXERE,SC,Colisão transversal,Acessar a via sem observar a presença dos outros veículos,Ignorado,2025-04-12,1
2025-02-26,07:00:00,116,"116,7",CURITIBA,PR,Colisão traseira,Manobra de mudança de faixa,Céu Claro,2025-02-26,7
2025-04-15,12:30:00,428,"185,6",PETROLINA,PE,Colisão lateral mesmo sentido,Manobra de mudança de faixa,Sol,2025-04-15,12
2025-03-29,12:30:00,376,254,CALIFORNIA,PR,Colisão traseira,Ausência de reação do condutor,Céu Claro,2025-03-29,12
2025-04-15,13:35:00,116,142,MANDIRITUBA,PR,Colisão lateral mesmo sentido,Reação tardia ou ineficiente do condutor,Nublado,2025-04-15,13
2025-04-15,13:50:00,101,148,ITAPEMA,SC,Colisão lateral mesmo sentido,Manobra de mudança de faixa,Nublado,2025-04-15,13
2025-04-15,13:15:00,316,"189,4",TANQUE DARCA,AL,Colisão frontal,Manobra de mudança de faixa,Céu Claro,2025-04-15,13
2025-04-15,13:10:00,101,"82,7",RIO LARGO,AL,Capotamento,Condutor Dormindo,Céu Claro,2025-04-15,13
2025-04-15,13:00:00,267,"42,8",MARIPA DE MINAS,MG,Engavetamento,Velocidade Incompatível,Céu Claro,2025-04-15,13
2025-04-15,14:00:00,101,331,RIO DE JANEIRO,RJ,Colisão traseira,Ausência de reação do condutor,Céu Claro,2025-04-15,14
2025-03-08,19:25:00,424,63,CAETES,PE,Colisão frontal,Acessar a via sem observar a presença dos outros veículos,Céu Claro,2025-03-08,19
2025-04-15,14:00:00,232,"34,3",MORENO,PE,Colisão traseira,Condutor deixou de manter distância do veículo da frente,Sol,2025-04-15,14
2025-04-15,15:00:00,376,"175,8",MARINGA,PR,Tombamento,Velocidade Incompatível,Chuva,2025-04-15,15
2025-04-15,13:25:00,282,"501,3",XANXERE,SC,Colisão transversal,Acessar a via sem observar a presença dos outros veículos,Céu Claro,2025-04-15,13
2025-04-15,14:10:00,116,"826,8",VITORIA DA CONQUISTA,BA,Colisão transversal,Acessar a via sem observar a presença dos outros veículos,Nublado,2025-04-15,14
2025-04-15,13:20:00,163,"615,7",SAO GABRIEL DO OESTE,MS,Colisão transversal,Desrespeitar a preferência no cruzamento,Céu Claro,2025-04-15,13
2025-04-15,15:10:00,116,173,SAO JOAO DE MERITI,RJ,Colisão traseira,Manobra de mudança de faixa,Nublado,2025-04-15,15
2025-04-15,15:20:00,116,172,SAO JOAO DE MERITI,RJ,Engavetamento,Condutor deixou de manter distância do veículo da frente,Céu Claro,2025-04-15,15
2025-04-15,15:10:00,316,269,SATUBA,AL,Colisão frontal,Acessar a via sem observar a presença dos outros veículos,Céu Claro,2025-04-15,15
2025-04-15,15:00:00,367,84,EUNAPOLIS,BA,Colisão lateral mesmo sentido,Acessar a via sem observar a presença dos outros veículos,Céu Claro,2025-04-15,15
2025-04-15,16:05:00,230,"147,2",CAMPINA GRANDE,PB,Tombamento,Frear bruscamente,Céu Claro,2025-04-15,16
2025-04-15,16:30:00,153,678,GURUPI,TO,Queda de ocupante de veículo,Demais falhas na via,Garoa/Chuvisco,2025-04-15,16
2025-04-15,16:10:00,101,"72,6",RECIFE,PE,Colisão traseira,Reação tardia ou ineficiente do condutor,Céu Claro,2025-04-15,16
2025-04-15,08:00:00,101,389,RIO DE JANEIRO,RJ,Colisão lateral mesmo sentido,Manobra de mudança de faixa,Céu Claro,2025-04-15,8
2025-04-15,16:20:00,235,"38,6",AREIA BRANCA,SE,Colisão traseira,Ausência de reação do condutor,Céu Claro,2025-04-15,16
2025-04-15,16:30:00,324,607,SIMOES FILHO,BA,Engavetamento,Ausência de reação do condutor,Céu Claro,2025-04-15,16
2025-04-15,16:45:00,448,18,CANOAS,RS,Queda de ocupante de veículo,Demais falhas mecânicas ou elétricas,Céu Claro,2025-04-15,16
2025-04-15,16:40:00,230,117,MARABA,PA,Colisão traseira,Condutor deixou de manter distância do veículo da frente,Céu Claro,2025-04-15,16
2025-04-15,17:18:00,101,"81,5",SAO GONCALO DO AMARANTE,RN,Colisão traseira,Condutor deixou de manter distância do veículo da frente,Céu Claro,2025-04-15,17
2025-04-15,17:00:00,116,153,MANDIRITUBA,PR,Queda de ocupante de veículo,Acessar a via sem observar a presença dos outros veículos,Nublado,2025-04-15,17
2025-04-15,17:20:00,116,167,MANDIRITUBA,PR,Colisão transversal,Acessar a via sem observar a presença dos outros veículos,Céu Claro,2025-04-15,17
2025-04-15,17:08:00,116,"231,2",IVOTI,RS,Colisão transversal,Acessar a via sem observar a presença dos outros veículos,Céu Claro,2025-04-15,17
2025-04-14,15:00:00,116,383,CAMAQUA,RS,Saída de leito carroçável,Condutor Dormindo,Céu Claro,2025-04-14,15
2025-04-15,17:40:00,101,333,RIO DE JANEIRO,RJ,Colisão traseira,Manobra de mudança de faixa,Céu Claro,2025-04-15,17
2025-04-15,18:00:00,116,108,CURITIBA,PR,Colisão traseira,Trafegar com motocicleta (ou similar) entre as faixas,Garoa/Chuvisco,2025-04-15,18
2025-04-15,18:15:00,153,62,SAO JOSE DO RIO PRETO,SP,Colisão traseira,Ausência de reação do condutor,Céu Claro,2025-04-15,18
2025-04-15,17:00:00,116,282,EMBU DAS ARTES,SP,Saída de leito carroçável,Reação tardia ou ineficiente do condutor,Céu Claro,2025-04-15,17
2025-04-15,18:50:00,101,"180,4",GOVERNADOR CELSO RAMOS,SC,Atropelamento de Pedestre,Pedestre andava na pista,Nublado,2025-04-15,18
2025-04-15,18:30:00,153,"42,3",SANTO ANTONIO DA PLATINA,PR,Colisão transversal,Acessar a via sem observar a presença dos outros veículos,Nublado,2025-04-15,18
2025-04-15,19:05:00,101,"197,5",BIGUACU,SC,Colisão traseira,Reação tardia ou ineficiente do condutor,Céu Claro,2025-04-15,19
2025-04-15,18:30:00,277,83,CURITIBA,PR,Colisão lateral mesmo sentido,Trafegar com motocicleta (ou similar) entre as faixas,Garoa/Chuvisco,2025-04-15,18
2025-02-18,15:00:00,50,70,UBERLANDIA,MG,Colisão traseira,Reação tardia ou ineficiente do condutor,Céu Claro,2025-02-18,15
2025-04-15,19:15:00,60,"2,5",BRASILIA,DF,Colisão lateral mesmo sentido,Acessar a via sem observar a presença dos outros veículos,Nublado,2025-04-15,19
2025-04-15,14:40:00,135,23,SAO LUIS,MA,Colisão traseira,Trafegar com motocicleta (ou similar) entre as faixas,Céu Claro,2025-04-15,14
2025-04-15,16:00:00,135,"210,4",ELISEU MARTINS,PI,Colisão transversal,Acessar a via sem observar a presença dos outros veículos,Céu Claro,2025-04-15,16
2025-04-15,15:44:00,364,711,PORTO VELHO,RO,Colisão lateral mesmo sentido,Manobra de mudança de faixa,Céu Claro,2025-04-15,15
2025-04-15,19:00:00,101,"66,7",SAO MATEUS,ES,Colisão transversal,Acessar a via sem observar a presença dos outros veículos,Nublado,2025-04-15,19
2025-04-15,19:00:00,364,"236,5",CACOAL,RO,Colisão traseira,Ingestão de álcool pelo condutor,Nublado,2025-04-15,19
2025-04-15,19:15:00,70,2,AGUAS LINDAS DE GOIAS,GO,Atropelamento de Pedestre,Iluminação deficiente,Céu Claro,2025-04-15,19
2025-04-15,19:30:00,163,486,CAMPO GRANDE,MS,Colisão transversal,Acessar a via sem observar a presença dos outros veículos,Nublado,2025-04-15,19
2025-04-15,20:15:00,324,517,FEIRA DE SANTANA,BA,Colisão lateral mesmo sentido,Manobra de mudança de faixa,Céu Claro,2025-04-15,20
2025-04-15,19:15:00,116,296,ITAPECERICA DA SERRA,SP,Colisão traseira,Reação tardia ou ineficiente do condutor,Nublado,2025-04-15,19
2025-04-15,13:10:00,60,451,JATAI,GO,Saída de leito carroçável,Ausência de reação do condutor,Nublado,2025-04-15,13
2025-04-15,19:20:00,116,"217,5",GUARULHOS,SP,Colisão com objeto,Ausência de reação do condutor,Nublado,2025-04-15,19
2025-04-15,19:45:00,493,96,SEROPEDICA,RJ,Saída de leito carroçável,Reação tardia ou ineficiente do condutor,Nublado,2025-04-15,19
2025-04-15,21:10:00,101,148,ITAPEMA,SC,Tombamento,Acumulo de óleo sobre o pavimento,Nublado,2025-04-15,21