data_inversa,horario,br,km,municipio,uf,tipo_acidente,causa_acidente,condicao_metereologica,data,hora
2025-04-15,18:10:00,493,104,SEROPEDICA,RJ,Tombamento,Demais falhas na via,Nublado,2025-04-15,18
2025-04-15,18:17:00,316,"248,5",ATALAIA,AL,Colisão frontal,Reação tardia ou ineficiente do condutor,Céu Claro,2025-04-15,18
2025-04-15,21:30:00,280,"30,7",ARAQUARI,SC,Colisão traseira,Condutor deixou de manter distância do veículo da frente,Nublado,2025-04-15,21
2025-04-15,21:10:00,104,"112,9",LAGOA SECA,PB,Colisão transversal,Conversão proibida,Nublado,2025-04-15,21
2025-04-15,20:00:00,101,386,ITAGUAI,RJ,Colisão lateral mesmo sentido,Condutor deixou de manter distância do veículo da frente,Céu Claro,2025-04-15,20
2025-04-15,20:25:00,364,"404,8",CUIABA,MT,Colisão traseira,Estacionar ou parar em local proibido,Nublado,2025-04-15,20
2025-04-15,18:15:00,40,116,DUQUE DE CAXIAS,RJ,Colisão lateral mesmo sentido,Ausência de reação do condutor,Céu Claro,2025-04-15,18
2025-02-03,06:20:00,101,"143,2",LINHARES,ES,Colisão lateral mesmo sentido,Manobra de mudança de faixa,Céu Claro,2025-02-03,6
2025-04-15,21:50:00,369,"375,1",MAMBORE,PR,Colisão frontal,Ultrapassagem Indevida,Céu Claro,2025-04-15,21
2025-04-15,17:28:00,235,163,PEDRO AFONSO,TO,Colisão traseira,Ausência de reação do condutor,Nublado,2025-04-15,17
2025-04-15,19:20:00,226,"71,6",MATOES,MA,Incêndio,Demais falhas mecânicas ou elétricas,Céu Claro,2025-04-15,19
2025-04-15,20:30:00,280,"99,3",CORUPA,SC,Colisão traseira,Pista Escorregadia,Nublado,2025-04-15,20
2025-04-15,22:00:00,101,410,ITAGUAI,RJ,Colisão com objeto,Ausência de reação do condutor,Céu Claro,2025-04-15,22
2025-04-15,21:05:00,40,108,DUQUE DE CAXIAS,RJ,Colisão traseira,Demais falhas mecânicas ou elétricas,Nublado,2025-04-15,21
2025-04-15,23:00:00,324,543,AMELIA RODRIGUES,BA,Colisão com objeto,Ausência de reação do condutor,Céu Claro,2025-04-15,23
2025-04-15,20:30:00,101,"586,7",ANGRA DOS REIS,RJ,Colisão lateral mesmo sentido,Conversão proibida,Nublado,2025-04-15,20
2025-04-15,23:20:00,386,435,NOVA SANTA RITA,RS,Colisão com objeto,Ingestão de álcool pelo condutor,Céu Claro,2025-04-15,23
2025-04-15,23:50:00,381,921,CAMANDUCAIA,MG,Saída de leito carroçável,Acumulo de óleo sobre o pavimento,Chuva,2025-04-15,23
2025-04-15,22:10:00,277,"527,7",CAMPO BONITO,PR,Saída de leito carroçável,Velocidade Incompatível,Nublado,2025-04-15,22
2025-04-16,00:21:00,101,41,IGARASSU,PE,Capotamento,Condutor Dormindo,Céu Claro,2025-04-16,0
2025-04-15,23:40:00,277,"507,6",GUARANIACU,PR,Saída de leito carroçável,Condutor Dormindo,Céu Claro,2025-04-15,23
2025-04-16,01:15:00,487,177,CAMPO MOURAO,PR,Colisão lateral sentido oposto,Ingestão de álcool pelo condutor,Garoa/Chuvisco,2025-04-16,1
2025-04-16,03:00:00,40,"615,2",CONGONHAS,MG,Queda de ocupante de veículo,Ausência de reação do condutor,Céu Claro,2025-04-16,3
2025-04-16,04:45:00,324,530,FEIRA DE SANTANA,BA,Saída de leito carroçável,Manobra de mudança de faixa,Céu Claro,2025-04-16,4
2025-04-16,04:30:00,416,"2,1",COLONIA LEOPOLDINA,AL,Atropelamento de Animal,Animais na Pista,Céu Claro,2025-04-16,4
2025-04-15,08:30:00,116,429,ALPERCATA,MG,Tombamento,Demais falhas mecânicas ou elétricas,Céu Claro,2025-04-15,8
2025-04-15,15:25:00,262,"49,9",MANHUACU,MG,Colisão traseira,Ausência de reação do condutor,Céu Claro,2025-04-15,15
2025-04-16,07:10:00,0,0,FLORIANOPOLIS,SC,Colisão traseira,Condutor deixou de manter distância do veículo da frente,Céu Claro,2025-04-16,7
2025-04-16,06:50:00,381,517,IGARAPE,MG,Queda de ocupante de veículo,Ausência de reação do condutor,Garoa/Chuvisco,2025-04-16,6
2025-04-16,07:15:00,101,81,JOAO PESSOA,PB,Colisão traseira,Ausência de reação do condutor,Céu Claro,2025-04-16,7
2025-04-16,06:30:00,116,630,JAGUAQUARA,BA,Colisão frontal,Reação tardia ou ineficiente do condutor,Céu Claro,2025-04-16,6
2025-04-16,06:30:00,381,311,ANTONIO DIAS,MG,Colisão com objeto,Velocidade Incompatível,Nublado,2025-04-16,6
2025-04-09,10:25:00,226,323,MESSIAS TARGINO,RN,Colisão transversal,Acessar a via sem observar a presença dos outros veículos,Céu Claro,2025-04-09,10
2025-04-16,07:30:00,280,"127,9",RIO NEGRINHO,SC,Atropelamento de Pedestre,Acesso irregular,Céu Claro,2025-04-16,7
2025-04-16,07:30:00,277,241,TEIXEIRA SOARES,PR,Colisão com objeto,Condutor Dormindo,Céu Claro,2025-04-16,7
2025-04-16,07:35:00,60,391,RIO VERDE,GO,Colisão transversal,Manobra de mudança de faixa,Nublado,2025-04-16,7
2025-04-16,05:35:00,493,105,SEROPEDICA,RJ,Atropelamento de Animal,Animais na Pista,Nublado,2025-04-16,5
2025-04-16,07:35:00,101,84,NATAL,RN,Colisão transversal,Condutor deixou de manter distância do veículo da frente,Céu Claro,2025-04-16,7
2025-04-16,08:00:00,116,253,SAPUCAIA DO SUL,RS,Colisão traseira,Ausência de reação do condutor,Céu Claro,2025-04-16,8
2025-04-16,07:30:00,324,620,SALVADOR,BA,Queda de ocupante de veículo,Condutor deixou de manter distância do veículo da frente,Céu Claro,2025-04-16,7
2025-04-16,08:10:00,392,352,SANTA MARIA,RS,Colisão transversal,Acessar a via sem observar a presença dos outros veículos,Nevoeiro/Neblina,2025-04-16,8
2025-04-16,08:00:00,277,"593,5",CASCAVEL,PR,Engavetamento,Condutor deixou de manter distância do veículo da frente,Céu Claro,2025-04-16,8
2025-02-15,17:29:00,101,241,SILVA JARDIM,RJ,Saída de leito carroçável,Avarias e/ou desgaste excessivo no pneu,Céu Claro,2025-02-15,17
2025-04-16,08:30:00,230,26,JOAO PESSOA,PB,Tombamento,Avarias e/ou desgaste excessivo no pneu,Céu Claro,2025-04-16,8
2025-04-16,07:20:00,280,"128,3",RIO NEGRINHO,SC,Colisão transversal,Acessar a via sem observar a presença dos outros veículos,Céu Claro,2025-04-16,7
2025-04-16,08:30:00,0,0,SANTA TEREZINHA DE ITAIPU,PR,Tombamento,Avarias e/ou desgaste excessivo no pneu,Céu Claro,2025-04-16,8
2025-04-16,08:43:00,101,65,RECIFE,PE,Colisão traseira,Ausência de reação do condutor,Céu Claro,2025-04-16,8
2025-04-08,17:00:00,277,5,CURITIBA,PR,Colisão lateral mesmo sentido,Manobra de mudança de faixa,Nublado,2025-04-08,17
2025-04-16,08:50:00,101,"41,8",IGARASSU,PE,Colisão transversal,Reação tardia ou ineficiente do condutor,Céu Claro,2025-04-16,8
2025-04-16,07:57:00,101,60,RECIFE,PE,Colisão lateral mesmo sentido,Reação tardia ou ineficiente do condutor,Céu Claro,2025-04-16,7
2025-04-16,08:50:00,381,"89,4",GUARULHOS,SP,Colisão lateral mesmo sentido,Manobra de mudança de faixa,Céu Claro,2025-04-16,8
2025-04-16,08:45:00,262,123,RIO CASCA,MG,Colisão frontal,Transitar na contramão,Chuva,2025-04-16,8
2025-04-16,07:40:00,280,67,JARAGUA DO SUL,SC,Colisão transversal,Transitar na contramão,Céu Claro,2025-04-16,7
2025-04-16,08:30:00,381,"483,7",BETIM,MG,Tombamento,Reação tardia ou ineficiente do condutor,Chuva,2025-04-16,8
2025-03-12,23:00:00,101,"192,5",CASIMIRO DE ABREU,RJ,Engavetamento,Condutor deixou de manter distância do veículo da frente,Céu Claro,2025-03-12,23
2025-04-16,08:18:00,277,584,CASCAVEL,PR,Colisão traseira,Acessar a via sem observar a presença dos outros veículos,Nublado,2025-04-16,8
2025-04-16,09:20:00,304,"91,9",ACU,RN,Colisão transversal,Acessar a via sem observar a presença dos outros veículos,Sol,2025-04-16,9
2025-04-16,09:15:00,101,"76,5",MARUIM,SE,Atropelamento de Pedestre,Entrada inopinada do pedestre,Sol,2025-04-16,9
2025-04-16,08:20:00,40,"464,4",SETE LAGOAS,MG,Saída de leito carroçável,Reação tardia ou ineficiente do condutor,Chuva,2025-04-16,8
2025-04-16,10:25:00,101,"118,1",ITAJAI,SC,Colisão traseira,Reação tardia ou ineficiente do condutor,Céu Claro,2025-04-16,10
2025-04-16,13:40:00,158,"95,6",PALMEIRA DAS MISSOES,RS,Colisão frontal,Transitar na contramão,Sol,2025-04-16,13
2025-04-16,11:20:00,101,795,ITAMARAJU,BA,Colisão traseira,Ausência de reação do condutor,Céu Claro,2025-04-16,11
2025-04-16,05:35:00,101,300,SAO GONCALO,RJ,Colisão lateral mesmo sentido,Ausência de reação do condutor,Nublado,2025-04-16,5
2025-04-16,15:50:00,116,235,NOVO HAMBURGO,RS,Colisão traseira,Reação tardia ou ineficiente do condutor,Céu Claro,2025-04-16,15
2025-04-16,11:15:00,163,"124,4",NAVIRAI,MS,Colisão com objeto,Ausência de reação do condutor,Nublado,2025-04-16,11
2025-04-16,13:40:00,116,186,CAMPO DO TENENTE,PR,Tombamento,Velocidade Incompatível,Céu Claro,2025-04-16,13
2025-04-16,15:30:00,324,534,CONCEICAO DO JACUIPE,BA,Engavetamento,Ausência de reação do condutor,Céu Claro,2025-04-16,15
2025-04-16,11:00:00,280,"55,6",GUARAMIRIM,SC,Colisão transversal,Acessar a via sem observar a presença dos outros veículos,Céu Claro,2025-04-16,11
2025-04-16,12:45:00,101,"86,2",BARRA VELHA,SC,Colisão lateral mesmo sentido,Acessar a via sem observar a presença dos outros veículos,Sol,2025-04-16,12
2025-04-16,15:10:00,101,47,UBATUBA,SP,Colisão transversal,Acessar a via sem observar a presença dos outros veículos,Nublado,2025-04-16,15
2025-04-16,14:35:00,262,"37,9",MANHUACU,MG,Colisão transversal,Acessar a via sem observar a presença dos outros veículos,Chuva,2025-04-16,14
2025-04-16,16:00:00,116,228,SAO PAULO,SP,Colisão lateral mesmo sentido,Manobra de mudança de faixa,Céu Claro,2025-04-16,16
2025-04-16,18:10:00,235,5,NOSSA SENHORA DO SOCORRO,SE,Colisão traseira,Ausência de reação do condutor,Céu Claro,2025-04-16,18
2025-04-16,12:10:00,101,126,ITAJAI,SC,Queda de ocupante de veículo,Ausência de reação do condutor,Céu Claro,2025-04-16,12
2025-04-16,11:50:00,381,"635,4",SANTO ANTONIO DO AMPARO,MG,Capotamento,Velocidade Incompatível,Chuva,2025-04-16,11
2025-04-16,17:00:00,386,"257,2",SOLEDADE,RS,Colisão traseira,Condutor deixou de manter distância do veículo da frente,Céu Claro,2025-04-16,17
2025-04-16,19:30:00,101,201,SAO JOSE,SC,Colisão com objeto,Ausência de reação do condutor,Céu Claro,2025-04-16,19
2025-04-16,18:00:00,386,"347,5",LAJEADO,RS,Colisão transversal,Reação tardia ou ineficiente do condutor,Céu Claro,2025-04-16,18
2025-04-16,20:10:00,101,"214,3",PALHOCA,SC,Tombamento,Reação tardia ou ineficiente do condutor,Céu Claro,2025-04-16,20
2025-04-16,18:40:00,282,"216,9",LAGES,SC,Colisão traseira,Reação tardia ou ineficiente do condutor,Nublado,2025-04-16,18
2025-04-16,19:45:00,116,412,GOVERNADOR VALADARES,MG,Colisão traseira,Condutor deixou de manter distância do veículo da frente,Chuva,2025-04-16,19
2025-03-12,12:10:00,470,246,CURITIBANOS,SC,Capotamento,Ausência de reação do condutor,Céu Claro,2025-03-12,12
2025-04-17,10:45:00,304,"64,2",ARACATI,CE,Colisão transversal,Acessar a via sem observar a presença dos outros veículos,Céu Claro,2025-04-17,10
2025-04-12,08:05:00,277,700,SAO MIGUEL DO IGUACU,PR,Saída de leito carroçável,Ausência de reação do condutor,Céu Claro,2025-04-12,8
2025-04-17,10:00:00,277,"241,7",FERNANDES PINHEIRO,PR,Colisão transversal,Conversão proibida,Nublado,2025-04-17,10
2025-04-17,09:00:00,116,115,TAUBATE,SP,Colisão lateral mesmo sentido,Reação tardia ou ineficiente do condutor,Céu Claro,2025-04-17,9
2025-04-17,07:00:00,153,547,CACAPAVA DO SUL,RS,Saída de leito carroçável,Condutor Dormindo,Céu Claro,2025-04-17,7
2025-04-17,11:10:00,116,"730,4",LARANJAL,MG,Colisão traseira,Ingestão de álcool pelo condutor,Céu Claro,2025-04-17,11
2025-04-17,11:00:00,101,"85,9",JOAO PESSOA,PB,Colisão lateral mesmo sentido,Ausência de reação do condutor,Céu Claro,2025-04-17,11
2025-04-16,14:25:00,230,"7,9",CABEDELO,PB,Colisão traseira,Manobra de mudança de faixa,Céu Claro,2025-04-16,14
2025-04-17,10:34:00,40,5,VALPARAISO DE GOIAS,GO,Colisão traseira,Reação tardia ou ineficiente do condutor,Céu Claro,2025-04-17,10
2025-03-18,19:19:00,70,"1,6",BARRA DO GARCAS,MT,Colisão transversal,Conversão proibida,Céu Claro,2025-03-18,19
2025-04-16,19:30:00,101,"92,7",JOAO PESSOA,PB,Colisão traseira,Ausência de reação do condutor,Céu Claro,2025-04-16,19
2025-04-16,16:15:00,230,3,CABEDELO,PB,Colisão lateral mesmo sentido,Manobra de mudança de faixa,Céu Claro,2025-04-16,16
2025-04-16,18:10:00,101,91,JOAO PESSOA,PB,Colisão traseira,Reação tardia ou ineficiente do condutor,Céu Claro,2025-04-16,18
2025-04-16,17:34:00,101,"204,1",SAO JOSE,SC,Colisão traseira,Manobra de mudança de faixa,Céu Claro,2025-04-16,17
2025-04-17,10:25:00,101,205,SAO JOSE,SC,Tombamento,Demais falhas mecânicas ou elétricas,Céu Claro,2025-04-17,10
2025-04-17,07:30:00,116,2,FORTALEZA,CE,Colisão lateral mesmo sentido,Manobra de mudança de faixa,Céu Claro,2025-04-17,7
2025-04-17,09:47:00,364,435,VARZEA GRANDE,MT,Colisão transversal,Acesso irregular,Céu Claro,2025-04-17,9
2025-04-17,09:05:00,50,"139,3",UBERABA,MG,Saída de leito carroçável,Condutor Dormindo,Céu Claro,2025-04-17,9
2025-04-16,12:15:00,101,135,SAO MIGUEL DOS CAMPOS,AL,Colisão transversal,Acessar a via sem observar a presença dos outros veículos,Céu Claro,2025-04-16,12
2025-04-17,11:50:00,101,86,JOAO PESSOA,PB,Saída de leito carroçável,Manobra de mudança de faixa,Céu Claro,2025-04-17,11
2025-04-16,18:10:00,104,"88,1",RIO LARGO,AL,Colisão traseira,Ingestão de álcool pelo condutor,Céu Claro,2025-04-16,18
2025-04-16,20:05:00,423,44,CANAPI,AL,Colisão frontal,Manobra de mudança de faixa,Céu Claro,2025-04-16,20
2025-04-17,01:30:00,20,"209,6",POSSE,GO,Colisão frontal,Ultrapassagem Indevida,Nublado,2025-04-17,1
2025-04-17,05:00:00,424,"33,3",VENTUROSA,PE,Colisão frontal,Transitar na contramão,Céu Claro,2025-04-17,5
2025-04-17,10:58:00,116,507,BARRA DO TURVO,SP,Queda de ocupante de veículo,Velocidade Incompatível,Nublado,2025-04-17,10
2025-04-17,10:00:00,369,188,ARAPONGAS,PR,Colisão traseira,Transitar no Acostamento,Céu Claro,2025-04-17,10
2025-04-17,10:30:00,381,58,MAIRIPORA,SP,Colisão lateral mesmo sentido,Manobra de mudança de faixa,Céu Claro,2025-04-17,10
2025-04-07,14:20:00,369,160,CAMBE,PR,Saída de leito carroçável,Ausência de reação do condutor,Céu Claro,2025-04-07,14
2025-04-16,13:00:00,153,500,GOIANIA,GO,Colisão lateral mesmo sentido,Acessar a via sem observar a presença dos outros veículos,Céu Claro,2025-04-16,13
2025-04-17,08:30:00,101,"111,5",ITAJAI,SC,Tombamento,Reação tardia ou ineficiente do condutor,Sol,2025-04-17,8
2025-04-17,10:00:00,381,"190,9",PERIQUITO,MG,Saída de leito carroçável,Velocidade Incompatível,Chuva,2025-04-17,10
2025-04-17,11:00:00,104,"93,1",MACEIO,AL,Colisão frontal,Transitar na contramão,Sol,2025-04-17,11
2025-04-17,08:45:00,153,"82,7",CONSELHEIRO MAIRINCK,PR,Colisão transversal,Desrespeitar a preferência no cruzamento,Céu Claro,2025-04-17,8
2025-04-17,08:40:00,101,59,CAMPOS DOS GOYTACAZES,RJ,Colisão frontal,Mal súbito do condutor,Céu Claro,2025-04-17,8
2025-04-17,07:30:00,101,117,ITAJAI,SC,Colisão lateral mesmo sentido,Trafegar com motocicleta (ou similar) entre as faixas,Céu Claro,2025-04-17,7
2025-04-17,11:15:00,101,215,PALHOCA,SC,Colisão traseira,Condutor deixou de manter distância do veículo da frente,Céu Claro,2025-04-17,11
2025-04-16,12:15:00,116,216,MORRO REUTER,RS,Colisão lateral mesmo sentido,Acessar a via sem observar a presença dos outros veículos,Céu Claro,2025-04-16,12
2025-04-17,12:50:00,369,157,LONDRINA,PR,Colisão traseira,Condutor deixou de manter distância do veículo da frente,Nublado,2025-04-17,12
2025-04-16,10:00:00,10,465,PALMAS,TO,Colisão traseira,Condutor deixou de manter distância do veículo da frente,Sol,2025-04-16,10
2025-04-17,12:08:00,116,"38,8",VACARIA,RS,Colisão transversal,Acessar a via sem observar a presença dos outros veículos,Céu Claro,2025-04-17,12
2025-04-16,19:00:00,304,219,CAICARA DO RIO DO VENTO,RN,Atropelamento de Pedestre,Iluminação deficiente,Céu Claro,2025-04-16,19
2025-04-17,11:45:00,376,500,PONTA GROSSA,PR,Colisão transversal,Desrespeitar a preferência no cruzamento,Céu Claro,2025-04-17,11
2025-04-17,06:45:00,101,53,CEARA-MIRIM,RN,Colisão traseira,Ausência de reação do condutor,Céu Claro,2025-04-17,6
2025-04-17,12:25:00,116,256,ESTEIO,RS,Colisão lateral mesmo sentido,Trafegar com motocicleta (ou similar) entre as faixas,Céu Claro,2025-04-17,12
2025-04-17,12:40:00,101,"212,2",PALHOCA,SC,Queda de ocupante de veículo,Demais falhas mecânicas ou elétricas,Céu Claro,2025-04-17,12
2025-04-17,12:20:00,381,512,IGARAPE,MG,Colisão lateral mesmo sentido,Ultrapassagem Indevida,Céu Claro,2025-04-17,12
2025-04-17,11:50:00,364,579,ALTO PARAISO,RO,Colisão com objeto,Demais falhas na via,Céu Claro,2025-04-17,11
2025-04-17,06:50:00,153,"59,6",SAO JOSE DO RIO PRETO,SP,Colisão lateral mesmo sentido,Reação tardia ou ineficiente do condutor,Céu Claro,2025-04-17,6
2025-04-10,07:00:00,40,"6,8",VALPARAISO DE GOIAS,GO,Colisão traseira,Reação tardia ou ineficiente do condutor,Céu Claro,2025-04-10,7
2025-04-17,11:40:00,381,361,JOAO MONLEVADE,MG,Colisão transversal,Acessar a via sem observar a presença dos outros veículos,Nublado,2025-04-17,11
2025-04-16,18:45:00,369,187,ARAPONGAS,PR,Colisão lateral mesmo sentido,Ausência de reação do condutor,Garoa/Chuvisco,2025-04-16,18
2025-04-17,07:30:00,40,17,TRES RIOS,RJ,Colisão lateral mesmo sentido,Manobra de mudança de faixa,Céu Claro,2025-04-17,7
2025-04-17,10:50:00,101,"122,4",LINHARES,ES,Saída de leito carroçável,Ausência de reação do condutor,Nublado,2025-04-17,10
2025-04-17,12:30:00,60,445,JATAI,GO,Colisão frontal,Acumulo de água sobre o pavimento,Chuva,2025-04-17,12
2025-04-17,08:30:00,222,5,CAUCAIA,CE,Colisão lateral mesmo sentido,Reação tardia ou ineficiente do condutor,Sol,2025-04-17,8
2025-04-17,13:30:00,70,16,BRASILIA,DF,Queda de ocupante de veículo,Demais falhas mecânicas ou elétricas,Céu Claro,2025-04-17,13
2025-04-16,12:55:00,369,156,LONDRINA,PR,Colisão traseira,Condutor desrespeitou a iluminação vermelha do semáforo,Céu Claro,2025-04-16,12
2025-04-17,13:00:00,277,"594,8",CASCAVEL,PR,Colisão transversal,Desrespeitar a preferência no cruzamento,Céu Claro,2025-04-17,13
2025-04-17,07:25:00,101,324,NITEROI,RJ,Queda de ocupante de veículo,Avarias e/ou desgaste excessivo no pneu,Céu Claro,2025-04-17,7
2025-04-17,13:40:00,101,200,SAO JOSE,SC,Colisão com objeto,Ausência de reação do condutor,Céu Claro,2025-04-17,13
2025-04-16,17:00:00,135,12,SAO LUIS,MA,Colisão traseira,Reação tardia ou ineficiente do condutor,Garoa/Chuvisco,2025-04-16,17
2025-04-17,12:00:00,10,255,IMPERATRIZ,MA,Colisão transversal,Desrespeitar a preferência no cruzamento,Sol,2025-04-17,12
2025-04-17,13:20:00,280,"28,4",ARAQUARI,SC,Colisão transversal,Transitar no Acostamento,Nublado,2025-04-17,13
2025-04-17,07:30:00,277,"530,8",GUARANIACU,PR,Colisão transversal,Acessar a via sem observar a presença dos outros veículos,Céu Claro,2025-04-17,7
2025-04-15,17:00:00,230,20,JOAO PESSOA,PB,Colisão traseira,Condutor deixou de manter distância do veículo da frente,Céu Claro,2025-04-15,17
2025-04-17,14:10:00,324,613,SALVADOR,BA,Queda de ocupante de veículo,Avarias e/ou desgaste excessivo no pneu,Céu Claro,2025-04-17,14
2025-04-16,09:30:00,262,369,JUATUBA,MG,Colisão com objeto,Acumulo de água sobre o pavimento,Chuva,2025-04-16,9
2025-04-16,11:20:00,163,790,VERA,MT,Saída de leito carroçável,Avarias e/ou desgaste excessivo no pneu,Chuva,2025-04-16,11
2025-04-16,18:45:00,163,768,SORRISO,MT,Colisão traseira,Condutor deixou de manter distância do veículo da frente,Nublado,2025-04-16,18
2025-04-17,10:30:00,282,"49,6",AGUAS MORNAS,SC,Colisão lateral sentido oposto,Ultrapassagem Indevida,Céu Claro,2025-04-17,10
2025-04-17,08:00:00,381,74,SAO PAULO,SP,Colisão traseira,Reação tardia ou ineficiente do condutor,Céu Claro,2025-04-17,8
2025-01-09,00:30:00,101,"272,9",TANGUA,RJ,Colisão com objeto,Objeto estático sobre o leito carroçável,Garoa/Chuvisco,2025-01-09,0
2025-04-16,18:20:00,101,445,SANTA ROSA DO SUL,SC,Colisão com objeto,Objeto estático sobre o leito carroçável,Nublado,2025-04-16,18
2025-04-17,15:13:00,232,"4,6",RECIFE,PE,Colisão traseira,Condutor deixou de manter distância do veículo da frente,Céu Claro,2025-04-17,15
2025-04-17,13:43:00,163,733,SORRISO,MT,Tombamento,Demais falhas mecânicas ou elétricas,Céu Claro,2025-04-17,13
2025-04-16,11:20:00,101,"321,9",PESCARIA BRAVA,SC,Colisão traseira,Reação tardia ou ineficiente do condutor,Céu Claro,2025-04-16,11
2025-04-16,12:30:00,230,121,MARABA,PA,Colisão traseira,Ausência de reação do condutor,Céu Claro,2025-04-16,12
2025-04-17,15:20:00,101,"88,5",JABOATAO DOS GUARARAPES,PE,Colisão traseira,Condutor deixou de manter distância do veículo da frente,Céu Claro,2025-04-17,15
2025-02-11,16:00:00,101,334,TUBARAO,SC,Colisão traseira,Ausência de sinalização,Céu Claro,2025-02-11,16
2025-04-17,13:51:00,463,"0,7",DOURADOS,MS,Colisão transversal,Acessar a via sem observar a presença dos outros veículos,Nublado,2025-04-17,13
2025-04-17,14:30:00,101,83,BAYEUX,PB,Engavetamento,Ausência de reação do condutor,Sol,2025-04-17,14
2025-04-17,15:15:00,418,87,NOVA VICOSA,BA,Colisão transversal,Desrespeitar a preferência no cruzamento,Chuva,2025-04-17,15
2025-04-17,15:30:00,116,218,GUARULHOS,SP,Colisão traseira,Manobra de mudança de faixa,Céu Claro,2025-04-17,15
2025-04-17,13:30:00,70,307,POXOREO,MT,Saída de leito carroçável,Ultrapassagem Indevida,Sol,2025-04-17,13
2025-04-17,14:30:00,277,"45,6",MORRETES,PR,Colisão com objeto,Objeto estático sobre o leito carroçável,Nublado,2025-04-17,14
2025-04-17,15:20:00,282,"2,1",FLORIANOPOLIS,SC,Colisão traseira,Condutor deixou de manter distância do veículo da frente,Céu Claro,2025-04-17,15
2025-04-17,15:35:00,40,1,BRASILIA,DF,Colisão traseira,Condutor deixou de manter distância do veículo da frente,Nublado,2025-04-17,15
2025-04-16,11:40:00,163,"495,6",CAMPO GRANDE,MS,Saída de leito carroçável,Ausência de reação do condutor,Nublado,2025-04-16,11
2025-04-17,14:50:00,101,303,SAO GONCALO,RJ,Colisão traseira,Trafegar com motocicleta (ou similar) entre as faixas,Céu Claro,2025-04-17,14
2025-04-17,16:00:00,116,230,SAO PAULO,SP,Colisão traseira,Reação tardia ou ineficiente do condutor,Céu Claro,2025-04-17,16
2025-04-17,15:30:00,381,847,POUSO ALEGRE,MG,Saída de leito carroçável,Ausência de reação do condutor,Céu Claro,2025-04-17,15
2025-04-17,14:50:00,101,"109,7",PENHA,SC,Colisão traseira,Reação tardia ou ineficiente do condutor,Céu Claro,2025-04-17,14
2025-04-17,15:40:00,116,470,SANTO ESTEVAO,BA,Colisão traseira,Condutor Dormindo,Céu Claro,2025-04-17,15
2025-04-17,15:15:00,226,1,NATAL,RN,Colisão transversal,Acessar a via sem observar a presença dos outros veículos,Céu Claro,2025-04-17,15
2025-04-17,16:11:00,153,139,ARAGUAINA,TO,Colisão transversal,Acessar a via sem observar a presença dos outros veículos,Céu Claro,2025-04-17,16
2025-04-17,16:30:00,386,416,MONTENEGRO,RS,Atropelamento de Pedestre,Acessar a via sem observar a presença dos outros veículos,Céu Claro,2025-04-17,16
2025-04-17,15:50:00,101,"207,7",GOVERNADOR MANGABEIRA,BA,Colisão transversal,Acessar a via sem observar a presença dos outros veículos,Céu Claro,2025-04-17,15
2025-04-17,15:30:00,343,18,PARNAIBA,PI,Colisão transversal,Acessar a via sem observar a presença dos outros veículos,Céu Claro,2025-04-17,15
2025-04-17,16:52:00,235,2,NOSSA SENHORA DO SOCORRO,SE,Atropelamento de Pedestre,Pedestre andava na pista,Céu Claro,2025-04-17,16
2025-04-17,16:40:00,101,61,PAULISTA,PE,Colisão lateral mesmo sentido,Transitar no Acostamento,Céu Claro,2025-04-17,16
2025-04-16,16:30:00,101,387,RIO DE JANEIRO,RJ,Colisão traseira,Ausência de reação do condutor,Céu Claro,2025-04-16,16
2025-04-17,14:10:00,163,576,NOVA MUTUM,MT,Colisão traseira,Velocidade Incompatível,Céu Claro,2025-04-17,14
2025-03-05,19:00:00,230,115,MARABA,PA,Colisão lateral mesmo sentido,Acessar a via sem observar a presença dos outros veículos,Nublado,2025-03-05,19
2025-04-17,15:40:00,365,428,PATOS DE MINAS,MG,Colisão transversal,Mal súbito do condutor,Chuva,2025-04-17,15
2025-04-17,07:50:00,101,"134,8",BALNEARIO CAMBORIU,SC,Colisão lateral mesmo sentido,Manobra de mudança de faixa,Céu Claro,2025-04-17,7
2025-04-17,14:45:00,267,"481,2",JARDIM,MS,Colisão transversal,Acessar a via sem observar a presença dos outros veículos,Céu Claro,2025-04-17,14
2025-04-17,17:20:00,277,723,FOZ DO IGUACU,PR,Engavetamento,Entrada inopinada do pedestre,Céu Claro,2025-04-17,17
2025-04-06,14:30:00,101,153,PORTO BELO,SC,Colisão traseira,Desrespeitar a preferência no cruzamento,Céu Claro,2025-04-06,14
2025-04-17,17:30:00,230,27,JOAO PESSOA,PB,Colisão traseira,Condutor deixou de manter distância do veículo da frente,Céu Claro,2025-04-17,17
2025-04-17,18:00:00,70,7,BRASILIA,DF,Colisão lateral mesmo sentido,Acessar a via sem observar a presença dos outros veículos,Nublado,2025-04-17,18
2025-04-17,17:06:00,364,709,PORTO VELHO,RO,Tombamento,Ausência de reação do condutor,Sol,2025-04-17,17
2025-04-17,17:45:00,381,49,ATIBAIA,SP,Colisão lateral mesmo sentido,Ausência de reação do condutor,Garoa/Chuvisco,2025-04-17,17