data_inversa,horario,br,km,municipio,uf,tipo_acidente,causa_acidente,condicao_metereologica,data,hora
2025-04-17,17:45:00,101,83,NATAL,RN,Colisão traseira,Reação tardia ou ineficiente do condutor,Céu Claro,2025-04-17,17
2025-04-16,22:15:00,101,"228,9",PALHOCA,SC,Colisão com objeto,Carga excessiva e/ou mal acondicionada,Céu Claro,2025-04-16,22
2025-04-17,16:30:00,262,481,BOM DESPACHO,MG,Tombamento,Ausência de reação do condutor,Céu Claro,2025-04-17,16
2025-04-17,17:25:00,153,"500,7",GOIANIA,GO,Colisão lateral mesmo sentido,Acessar a via sem observar a presença dos outros veículos,Céu Claro,2025-04-17,17
2025-04-17,14:30:00,116,"62,3",PAPANDUVA,SC,Colisão com objeto,Reação tardia ou ineficiente do condutor,Céu Claro,2025-04-17,14
2025-04-16,19:20:00,116,202,ARUJA,SP,Colisão traseira,Ausência de reação do condutor,Nublado,2025-04-16,19
2025-04-17,18:10:00,60,"3,1",BRASILIA,DF,Colisão traseira,Ausência de reação do condutor,Céu Claro,2025-04-17,18
2025-04-16,10:30:00,343,"347,6",TERESINA,PI,Colisão lateral mesmo sentido,Reação tardia ou ineficiente do condutor,Céu Claro,2025-04-16,10
2025-04-17,14:30:00,70,211,GENERAL CARNEIRO,MT,Eventos atípicos,Acumulo de areia ou detritos sobre o pavimento,Chuva,2025-04-17,14
2025-04-17,18:23:00,101,"89,9",JOAO PESSOA,PB,Colisão lateral mesmo sentido,Reação tardia ou ineficiente do condutor,Céu Claro,2025-04-17,18
2025-04-17,17:15:00,101,207,SAO JOSE,SC,Colisão traseira,Manobra de mudança de faixa,Nublado,2025-04-17,17
2025-04-17,07:55:00,470,195,PONTE ALTA,SC,Saída de leito carroçável,Velocidade Incompatível,Nublado,2025-04-17,7
2025-04-17,18:53:00,10,457,PALMAS,TO,Engavetamento,Reação tardia ou ineficiente do condutor,Chuva,2025-04-17,18
2025-04-16,17:55:00,101,324,NITEROI,RJ,Colisão traseira,Ausência de reação do condutor,Nublado,2025-04-16,17
2025-04-17,17:35:00,101,509,ITABUNA,BA,Colisão frontal,Ultrapassagem Indevida,Céu Claro,2025-04-17,17
2025-04-06,16:40:00,135,"83,6",ITAPECURU MIRIM,MA,Colisão traseira,Transitar na contramão,Nublado,2025-04-06,16
2025-04-16,16:20:00,40,"606,6",CONGONHAS,MG,Colisão transversal,Acessar a via sem observar a presença dos outros veículos,Garoa/Chuvisco,2025-04-16,16
2025-04-17,19:15:00,101,78,SAO GONCALO DO AMARANTE,RN,Colisão lateral mesmo sentido,Manobra de mudança de faixa,Céu Claro,2025-04-17,19
2025-04-17,18:07:00,20,204,BOA VIAGEM,CE,Atropelamento de Pedestre,Área urbana sem a presença de local apropriado para a travessia de pedestres,Céu Claro,2025-04-17,18
2025-04-17,18:40:00,365,"625,5",UBERLANDIA,MG,Colisão traseira,Condutor deixou de manter distância do veículo da frente,Céu Claro,2025-04-17,18
2025-04-17,18:30:00,116,147,DUQUE DE CAXIAS,RJ,Colisão traseira,Reação tardia ou ineficiente do condutor,Céu Claro,2025-04-17,18
2025-04-16,23:10:00,40,"617,8",CONGONHAS,MG,Tombamento,Ingestão de álcool pelo condutor,Nublado,2025-04-16,23
2025-04-17,18:50:00,415,49,ITABUNA,BA,Queda de ocupante de veículo,Animais na Pista,Céu Claro,2025-04-17,18
2025-04-17,16:40:00,163,227,CAARAPO,MS,Saída de leito carroçável,Reação tardia ou ineficiente do condutor,Chuva,2025-04-17,16
2025-04-17,18:47:00,101,233,SERRA,ES,Colisão traseira,Velocidade Incompatível,Garoa/Chuvisco,2025-04-17,18
2025-04-17,18:30:00,280,"119,3",SAO BENTO DO SUL,SC,Colisão lateral mesmo sentido,Acessar a via sem observar a presença dos outros veículos,Céu Claro,2025-04-17,18
2025-04-17,18:02:00,153,347,OURINHOS,SP,Colisão traseira,Ingestão de álcool pelo condutor,Céu Claro,2025-04-17,18
2025-04-17,18:20:00,230,"346,1",PATOS,PB,Atropelamento de Animal,Animais na Pista,Céu Claro,2025-04-17,18
2025-04-17,18:55:00,101,163,CANGUARETAMA,RN,Colisão transversal,Retorno proibido,Céu Claro,2025-04-17,18
2025-04-17,17:30:00,285,569,SAO LUIZ GONZAGA,RS,Colisão transversal,Acessar a via sem observar a presença dos outros veículos,Céu Claro,2025-04-17,17
2025-04-17,18:30:00,110,184,RIBEIRA DO POMBAL,BA,Atropelamento de Pedestre,Ultrapassagem Indevida,Céu Claro,2025-04-17,18
2025-04-17,18:15:00,392,"56,8",RIO GRANDE,RS,Saída de leito carroçável,Demais falhas mecânicas ou elétricas,Céu Claro,2025-04-17,18
2025-04-17,19:45:00,470,"139,8",RIO DO SUL,SC,Colisão transversal,Desrespeitar a preferência no cruzamento,Nublado,2025-04-17,19
2025-04-17,19:00:00,230,86,GURINHEM,PB,Atropelamento de Pedestre,Entrada inopinada do pedestre,Céu Claro,2025-04-17,19
2025-04-17,18:22:00,116,145,DUQUE DE CAXIAS,RJ,Engavetamento,Reação tardia ou ineficiente do condutor,Céu Claro,2025-04-17,18
2025-04-17,19:25:00,101,"334,3",TUBARAO,SC,Colisão traseira,Condutor deixou de manter distância do veículo da frente,Céu Claro,2025-04-17,19
2025-04-17,16:27:00,364,131,RIO BRANCO,AC,Colisão transversal,Conversão proibida,Nublado,2025-04-17,16
2025-04-17,15:50:00,364,435,VARZEA GRANDE,MT,Colisão transversal,Acesso irregular,Céu Claro,2025-04-17,15
2025-04-16,23:20:00,381,429,SABARA,MG,Saída de leito carroçável,Pista Escorregadia,Nublado,2025-04-16,23
2025-04-17,20:00:00,468,91,TRES PASSOS,RS,Colisão transversal,Acessar a via sem observar a presença dos outros veículos,Nublado,2025-04-17,20
2025-04-17,19:05:00,386,389,TRIUNFO,RS,Colisão transversal,Acessar a via sem observar a presença dos outros veículos,Céu Claro,2025-04-17,19
2025-04-17,19:30:00,493,107,SEROPEDICA,RJ,Atropelamento de Animal,Reação tardia ou ineficiente do condutor,Céu Claro,2025-04-17,19
2025-04-17,20:00:00,101,110,PENHA,SC,Colisão transversal,Reação tardia ou ineficiente do condutor,Céu Claro,2025-04-17,20
2025-04-17,20:15:00,116,224,GUARULHOS,SP,Colisão traseira,Ausência de reação do condutor,Nublado,2025-04-17,20
2025-04-17,19:45:00,116,8,VITORIA DA CONQUISTA,BA,Colisão transversal,Deficiência do Sistema de Iluminação/Sinalização,Céu Claro,2025-04-17,19
2025-04-17,11:30:00,101,295,SAO GONCALO,RJ,Colisão traseira,Ausência de reação do condutor,Sol,2025-04-17,11
2025-04-17,18:30:00,135,8,SAO LUIS,MA,Colisão transversal,Acessar a via sem observar a presença dos outros veículos,Céu Claro,2025-04-17,18
2025-04-17,19:55:00,290,580,ALEGRETE,RS,Colisão transversal,Acessar a via sem observar a presença dos outros veículos,Céu Claro,2025-04-17,19
2025-04-17,19:17:00,277,77,CURITIBA,PR,Tombamento,Reação tardia ou ineficiente do condutor,Nublado,2025-04-17,19
2025-04-17,20:25:00,386,397,TRIUNFO,RS,Atropelamento de Pedestre,Acessar a via sem observar a presença dos outros veículos,Céu Claro,2025-04-17,20
2025-04-17,20:25:00,285,"120,6",VACARIA,RS,Engavetamento,Condutor deixou de manter distância do veículo da frente,Céu Claro,2025-04-17,20
2025-04-17,19:00:00,376,149,PRESIDENTE CASTELO BRANCO,PR,Saída de leito carroçável,Reação tardia ou ineficiente do condutor,Céu Claro,2025-04-17,19
2025-04-16,07:15:00,381,"924,5",CAMANDUCAIA,MG,Colisão com objeto,Velocidade Incompatível,Chuva,2025-04-16,7
2025-04-17,20:30:00,158,"565,8",SANTANA DO LIVRAMENTO,RS,Colisão transversal,Acessar a via sem observar a presença dos outros veículos,Céu Claro,2025-04-17,20
2025-04-17,18:40:00,40,525,CONTAGEM,MG,Atropelamento de Pedestre,Pedestre andava na pista,Nublado,2025-04-17,18
2025-04-17,14:20:00,367,74,EUNAPOLIS,BA,Colisão traseira,Condutor deixou de manter distância do veículo da frente,Nublado,2025-04-17,14
2025-04-17,19:44:00,163,839,SINOP,MT,Colisão transversal,Acessar a via sem observar a presença dos outros veículos,Céu Claro,2025-04-17,19
2025-04-17,21:10:00,101,"200,2",SAO JOSE,SC,Colisão com objeto,Mal súbito do condutor,Céu Claro,2025-04-17,21
2025-04-17,18:40:00,163,840,SINOP,MT,Colisão com objeto,Ultrapassagem Indevida,Céu Claro,2025-04-17,18
2025-04-17,20:30:00,153,"226,8",TIBAGI,PR,Colisão frontal,Ultrapassagem Indevida,Céu Claro,2025-04-17,20
2025-04-17,16:36:00,230,"28,5",FRONTEIRAS,PI,Colisão com objeto,Pista esburacada,Céu Claro,2025-04-17,16
2025-04-17,18:00:00,262,461,ARAUJOS,MG,Saída de leito carroçável,Ultrapassagem Indevida,Céu Claro,2025-04-17,18
2025-03-23,02:00:00,210,"1,9",MACAPA,AP,Capotamento,Reação tardia ou ineficiente do condutor,Nublado,2025-03-23,2
2025-04-17,21:20:00,101,208,SAO JOSE,SC,Colisão lateral mesmo sentido,Manobra de mudança de faixa,Céu Claro,2025-04-17,21
2025-04-17,20:00:00,101,"10,2",GARUVA,SC,Atropelamento de Pedestre,Pedestre andava na pista,Nublado,2025-04-17,20
2025-04-17,21:20:00,235,"52,5",ITABAIANA,SE,Atropelamento de Pedestre,Deficiência do Sistema de Iluminação/Sinalização,Céu Claro,2025-04-17,21
2025-04-17,21:00:00,0,0,NATAL,RN,Colisão traseira,Acumulo de areia ou detritos sobre o pavimento,Céu Claro,2025-04-17,21
2025-04-17,21:10:00,101,"8,1",GOIANA,PE,Atropelamento de Animal,Animais na Pista,Céu Claro,2025-04-17,21
2025-04-17,18:50:00,101,208,SAO JOSE,SC,Colisão traseira,Condutor deixou de manter distância do veículo da frente,Céu Claro,2025-04-17,18
2025-04-17,20:40:00,285,118,VACARIA,RS,Atropelamento de Pedestre,Entrada inopinada do pedestre,Chuva,2025-04-17,20
2025-04-17,19:30:00,101,125,ITAJAI,SC,Colisão traseira,Manobra de mudança de faixa,Nublado,2025-04-17,19
2025-04-17,22:00:00,116,204,ARUJA,SP,Colisão transversal,Manobra de mudança de faixa,Ignorado,2025-04-17,22
2025-04-17,21:15:00,369,"174,8",ROLANDIA,PR,Saída de leito carroçável,Ingestão de álcool pelo condutor,Nublado,2025-04-17,21
2025-04-17,19:18:00,364,424,JARU,RO,Colisão transversal,Acessar a via sem observar a presença dos outros veículos,Céu Claro,2025-04-17,19
2025-04-17,19:40:00,420,267,JIQUIRICA,BA,Colisão transversal,Ausência de reação do condutor,Céu Claro,2025-04-17,19
2025-03-03,13:30:00,424,"92,9",PILAR,AL,Colisão lateral mesmo sentido,Acessar a via sem observar a presença dos outros veículos,Céu Claro,2025-03-03,13
2025-04-17,22:45:00,381,51,ATIBAIA,SP,Colisão frontal,Manobra de mudança de faixa,Céu Claro,2025-04-17,22
2025-04-17,22:00:00,70,12,BRASILIA,DF,Saída de leito carroçável,Ausência de reação do condutor,Céu Claro,2025-04-17,22
2025-04-17,22:10:00,116,116,GUAPIMIRIM,RJ,Colisão traseira,Acessar a via sem observar a presença dos outros veículos,Céu Claro,2025-04-17,22
2025-04-17,23:00:00,101,"269,7",SERRA,ES,Engavetamento,Reação tardia ou ineficiente do condutor,Nublado,2025-04-17,23
2025-04-17,20:30:00,163,835,SINOP,MT,Queda de ocupante de veículo,Acostamento em desnível,Nublado,2025-04-17,20
2025-04-17,22:25:00,230,"15,2",JOAO PESSOA,PB,Colisão lateral mesmo sentido,Ausência de reação do condutor,Céu Claro,2025-04-17,22
2025-04-17,18:00:00,174,"919,7",MANAUS,AM,Saída de leito carroçável,Reação tardia ou ineficiente do condutor,Céu Claro,2025-04-17,18
2025-04-17,22:15:00,101,"6,7",BIGUACU,SC,Atropelamento de Animal,Animais na Pista,Céu Claro,2025-04-17,22
2025-04-17,21:00:00,50,166,UBERABA,MG,Colisão lateral mesmo sentido,Acessar a via sem observar a presença dos outros veículos,Céu Claro,2025-04-17,21
2025-04-17,22:45:00,116,2,GUARULHOS,SP,Colisão traseira,Reação tardia ou ineficiente do condutor,Nublado,2025-04-17,22
2025-04-17,22:00:00,230,"157,4",CAMPINA GRANDE,PB,Colisão transversal,Acessar a via sem observar a presença dos outros veículos,Céu Claro,2025-04-17,22
2025-04-17,21:40:00,163,"484,3",CAMPO GRANDE,MS,Colisão transversal,Acessar a via sem observar a presença dos outros veículos,Nublado,2025-04-17,21
2025-04-17,22:50:00,101,6,GOIANA,PE,Atropelamento de Animal,Animais na Pista,Céu Claro,2025-04-17,22
2025-04-17,15:00:00,116,139,SAO JOSE DOS CAMPOS,SP,Colisão lateral mesmo sentido,Reação tardia ou ineficiente do condutor,Sol,2025-04-17,15
2025-04-17,09:20:00,230,"156,5",CAMPINA GRANDE,PB,Incêndio,Demais falhas mecânicas ou elétricas,Céu Claro,2025-04-17,9
2025-04-17,18:15:00,116,"107,3",TAUBATE,SP,Colisão traseira,Reação tardia ou ineficiente do condutor,Céu Claro,2025-04-17,18
2025-04-17,23:35:00,290,"50,8",GLORINHA,RS,Saída de leito carroçável,Reação tardia ou ineficiente do condutor,Nublado,2025-04-17,23
2025-04-17,23:00:00,412,112,SUME,PB,Queda de ocupante de veículo,Ingestão de álcool pelo condutor,Céu Claro,2025-04-17,23
2025-04-16,21:35:00,324,616,SALVADOR,BA,Tombamento,Ausência de reação do condutor,Céu Claro,2025-04-16,21
2025-04-17,23:45:00,230,241,JUAZEIRINHO,PB,Colisão lateral mesmo sentido,Ultrapassagem Indevida,Céu Claro,2025-04-17,23
2025-04-17,23:10:00,376,"2,8",SAO JOSE DOS PINHAIS,PR,Atropelamento de Pedestre,Pedestre andava na pista,Nublado,2025-04-17,23
2025-04-17,21:30:00,285,"150,1",MUITOS CAPOES,RS,Saída de leito carroçável,Ausência de reação do condutor,Nublado,2025-04-17,21
2025-04-17,21:30:00,0,0,RONDONOPOLIS,MT,Colisão traseira,Reação tardia ou ineficiente do condutor,Nublado,2025-04-17,21
2025-04-18,01:10:00,376,"490,1",PONTA GROSSA,PR,Colisão traseira,Reação tardia ou ineficiente do condutor,Céu Claro,2025-04-18,1
2025-04-18,01:05:00,277,309,GUARAPUAVA,PR,Incêndio,Demais falhas mecânicas ou elétricas,Nublado,2025-04-18,1
2025-04-18,01:10:00,163,"666,1",RIO VERDE DE MATO GROSSO,MS,Tombamento,Ausência de reação do condutor,Nublado,2025-04-18,1
2025-04-18,00:30:00,60,"173,4",ABADIA DE GOIAS,GO,Saída de leito carroçável,Velocidade Incompatível,Nublado,2025-04-18,0
2025-04-17,22:50:00,163,"1061,6",GUARANTA DO NORTE,MT,Colisão frontal,Transitar na contramão,Céu Claro,2025-04-17,22
2025-04-18,01:20:00,116,231,ESTANCIA VELHA,RS,Colisão frontal,Transitar na contramão,Céu Claro,2025-04-18,1
2025-04-17,10:20:00,101,356,SANGAO,SC,Engavetamento,Reação tardia ou ineficiente do condutor,Céu Claro,2025-04-17,10
2025-04-18,01:50:00,104,65,CARUARU,PE,Colisão transversal,Condutor desrespeitou a iluminação vermelha do semáforo,Céu Claro,2025-04-18,1
2025-04-18,02:30:00,277,729,FOZ DO IGUACU,PR,Saída de leito carroçável,Falta de elemento de contenção que evite a saída do leito carroçável,Céu Claro,2025-04-18,2
2025-04-18,02:00:00,381,478,CONTAGEM,MG,Saída de leito carroçável,Reação tardia ou ineficiente do condutor,Céu Claro,2025-04-18,2
2025-04-18,02:30:00,101,410,ITAGUAI,RJ,Colisão com objeto,Condutor Dormindo,Céu Claro,2025-04-18,2
2025-04-17,07:50:00,290,108,ELDORADO DO SUL,RS,Colisão transversal,Ausência de reação do condutor,Céu Claro,2025-04-17,7
2025-04-18,02:50:00,116,144,SAO JOSE DOS CAMPOS,SP,Tombamento,Condutor Dormindo,Nublado,2025-04-18,2
2025-04-18,03:30:00,101,283,CARIACICA,ES,Saída de leito carroçável,Condutor Dormindo,Céu Claro,2025-04-18,3
2025-04-18,00:30:00,116,504,CAJATI,SP,Capotamento,Ausência de reação do condutor,Céu Claro,2025-04-18,0
2025-04-18,01:30:00,262,290,CAMPO GRANDE,MS,Incêndio,Demais falhas mecânicas ou elétricas,Nublado,2025-04-18,1
2025-04-18,02:30:00,262,"319,3",CAMPO GRANDE,MS,Saída de leito carroçável,Avarias e/ou desgaste excessivo no pneu,Céu Claro,2025-04-18,2
2025-04-18,02:20:00,163,202,CAARAPO,MS,Colisão traseira,Reação tardia ou ineficiente do condutor,Chuva,2025-04-18,2
2025-04-18,04:10:00,277,"584,5",CASCAVEL,PR,Colisão com objeto,Velocidade Incompatível,Céu Claro,2025-04-18,4
2025-04-18,03:30:00,392,348,SANTA MARIA,RS,Colisão traseira,Reação tardia ou ineficiente do condutor,Céu Claro,2025-04-18,3
2025-04-18,04:25:00,101,58,ARAQUARI,SC,Queda de ocupante de veículo,Manobra de mudança de faixa,Céu Claro,2025-04-18,4
2025-04-18,01:03:00,101,348,RIO DE JANEIRO,RJ,Capotamento,Afundamento ou ondulação no pavimento,Céu Claro,2025-04-18,1
2025-04-18,04:58:00,230,"133,1",MASSARANDUBA,PB,Tombamento,Afundamento ou ondulação no pavimento,Céu Claro,2025-04-18,4
2025-04-18,04:20:00,373,175,PONTA GROSSA,PR,Colisão com objeto,Ingestão de álcool pelo condutor,Céu Claro,2025-04-18,4
2025-04-18,05:22:00,369,149,LONDRINA,PR,Colisão traseira,Ingestão de álcool pelo condutor,Céu Claro,2025-04-18,5
2025-04-18,05:30:00,304,280,MACAIBA,RN,Saída de leito carroçável,Condutor Dormindo,Céu Claro,2025-04-18,5
2025-04-18,04:30:00,381,544,ITATIAIUCU,MG,Saída de leito carroçável,Ausência de reação do condutor,Chuva,2025-04-18,4
2025-04-18,05:50:00,101,200,SAO JOSE,SC,Colisão com objeto,Ingestão de álcool pelo condutor,Céu Claro,2025-04-18,5
2025-04-18,04:30:00,376,326,ORTIGUEIRA,PR,Colisão com objeto,Neblina,Nevoeiro/Neblina,2025-04-18,4
2025-04-18,06:00:00,381,52,ATIBAIA,SP,Queda de ocupante de veículo,Manobra de mudança de faixa,Céu Claro,2025-04-18,6
2025-04-18,06:15:00,116,207,GUARULHOS,SP,Colisão traseira,Trafegar com motocicleta (ou similar) entre as faixas,Céu Claro,2025-04-18,6
2025-04-18,06:35:00,282,"29,6",SANTO AMARO DA IMPERATRIZ,SC,Colisão frontal,Condutor Dormindo,Céu Claro,2025-04-18,6
2025-04-18,06:45:00,101,421,ARARANGUA,SC,Colisão com objeto,Ingestão de álcool pelo condutor,Nublado,2025-04-18,6
2025-04-18,03:00:00,153,"563,9",PROFESSOR JAMIL,GO,Saída de leito carroçável,Condutor Dormindo,Céu Claro,2025-04-18,3
2025-04-18,05:30:00,386,438,CANOAS,RS,Colisão traseira,Reação tardia ou ineficiente do condutor,Nevoeiro/Neblina,2025-04-18,5
2025-04-16,21:30:00,280,31,ARAQUARI,SC,Colisão transversal,Acessar a via sem observar a presença dos outros veículos,Céu Claro,2025-04-16,21
2025-04-18,07:30:00,40,"630,9",CONSELHEIRO LAFAIETE,MG,Colisão frontal,Transitar na contramão,Nublado,2025-04-18,7
2025-04-18,04:30:00,365,"611,8",UBERLANDIA,MG,Atropelamento de Animal,Animais na Pista,Céu Claro,2025-04-18,4
2025-04-18,06:50:00,343,"314,3",ALTOS,PI,Colisão traseira,Condutor deixou de manter distância do veículo da frente,Céu Claro,2025-04-18,6
2025-04-18,05:40:00,277,"123,5",CAMPO LARGO,PR,Colisão lateral mesmo sentido,Manobra de mudança de faixa,Nublado,2025-04-18,5
2025-04-18,05:30:00,364,392,CUIABA,MT,Saída de leito carroçável,Condutor deixou de manter distância do veículo da frente,Céu Claro,2025-04-18,5
2025-04-16,16:55:00,50,"279,9",CATALAO,GO,Colisão traseira,Condutor deixou de manter distância do veículo da frente,Céu Claro,2025-04-16,16
2025-04-12,15:45:00,116,"212,2",MORRO REUTER,RS,Saída de leito carroçável,Condutor Dormindo,Céu Claro,2025-04-12,15
2025-04-16,13:00:00,40,"632,7",CONSELHEIRO LAFAIETE,MG,Colisão transversal,Conversão proibida,Chuva,2025-04-16,13
2025-04-18,07:28:00,101,19,JOINVILLE,SC,Colisão traseira,Reação tardia ou ineficiente do condutor,Céu Claro,2025-04-18,7
2025-04-18,07:38:00,116,282,EMBU DAS ARTES,SP,Atropelamento de Pedestre,Pedestre cruzava a pista fora da faixa,Céu Claro,2025-04-18,7
2025-04-18,07:30:00,381,"399,2",BOM JESUS DO AMPARO,MG,Saída de leito carroçável,Pista esburacada,Sol,2025-04-18,7
2025-04-18,04:40:00,381,287,JAGUARACU,MG,Colisão frontal,Ultrapassagem Indevida,Céu Claro,2025-04-18,4
2025-04-18,07:30:00,116,222,GUARULHOS,SP,Colisão com objeto,Reação tardia ou ineficiente do condutor,Nublado,2025-04-18,7
2025-04-18,04:30:00,163,911,ITAUBA,MT,Saída de leito carroçável,Reação tardia ou ineficiente do condutor,Nublado,2025-04-18,4
2025-04-16,10:30:00,343,56,BURITI DOS LOPES,PI,Eventos atípicos,Demais falhas mecânicas ou elétricas,Céu Claro,2025-04-16,10
2025-04-18,07:35:00,470,87,ASCURRA,SC,Colisão transversal,Acesso irregular,Céu Claro,2025-04-18,7
2025-04-16,18:50:00,101,60,CAMPOS DOS GOYTACAZES,RJ,Colisão transversal,Retorno proibido,Nublado,2025-04-16,18
2025-04-18,07:15:00,163,104,NOVO PROGRESSO,PA,Tombamento,Ausência de reação do condutor,Céu Claro,2025-04-18,7
2025-04-18,07:30:00,163,147,CAPITAO LEONIDAS MARQUES,PR,Saída de leito carroçável,Reação tardia ou ineficiente do condutor,Céu Claro,2025-04-18,7
2025-04-18,09:15:00,116,139,SAO JOSE DOS CAMPOS,SP,Colisão traseira,Reação tardia ou ineficiente do condutor,Céu Claro,2025-04-18,9
2025-04-18,09:30:00,262,"860,5",CAMPO FLORIDO,MG,Saída de leito carroçável,Acumulo de água sobre o pavimento,Chuva,2025-04-18,9
2025-04-18,09:16:00,343,340,TERESINA,PI,Queda de ocupante de veículo,Manobra de mudança de faixa,Céu Claro,2025-04-18,9
2025-04-18,08:00:00,280,"147,8",MAFRA,SC,Colisão lateral sentido oposto,Condutor Dormindo,Céu Claro,2025-04-18,8
2025-04-18,09:40:00,158,"101,8",PALMEIRA DAS MISSOES,RS,Colisão transversal,Acessar a via sem observar a presença dos outros veículos,Nublado,2025-04-18,9
2025-04-18,09:10:00,101,214,IBIRACU,ES,Colisão traseira,Ausência de reação do condutor,Nublado,2025-04-18,9
2025-04-18,09:50:00,101,"123,2",ITAJAI,SC,Colisão lateral mesmo sentido,Manobra de mudança de faixa,Nublado,2025-04-18,9
2025-04-18,09:00:00,116,430,CRISTAL,RS,Colisão traseira,Reação tardia ou ineficiente do condutor,Céu Claro,2025-04-18,9
2025-04-18,09:00:00,163,"261,8",DOURADOS,MS,Tombamento,Reação tardia ou ineficiente do condutor,Chuva,2025-04-18,9
2025-04-18,10:15:00,116,"527,9",CAPAO DO LEAO,RS,Colisão traseira,Ausência de reação do condutor,Céu Claro,2025-04-18,10
2025-04-18,09:30:00,116,82,ROSEIRA,SP,Colisão lateral mesmo sentido,Ausência de reação do condutor,Nublado,2025-04-18,9
2025-04-18,10:00:00,101,457,SAO JOAO DO SUL,SC,Colisão lateral mesmo sentido,Ausência de reação do condutor,Céu Claro,2025-04-18,10
2025-04-18,10:15:00,116,83,PIRAQUARA,PR,Saída de leito carroçável,Ingestão de álcool pelo condutor,Céu Claro,2025-04-18,10
2025-04-18,10:20:00,101,330,RIO DE JANEIRO,RJ,Engavetamento,Condutor deixou de manter distância do veículo da frente,Céu Claro,2025-04-18,10
2025-04-18,10:15:00,116,149,MANDIRITUBA,PR,Colisão traseira,Condutor deixou de manter distância do veículo da frente,Céu Claro,2025-04-18,10
2025-04-18,11:10:00,70,"18,4",BRASILIA,DF,Queda de ocupante de veículo,Avarias e/ou desgaste excessivo no pneu,Céu Claro,2025-04-18,11
2025-04-18,11:00:00,116,"144,1",SAO JOSE DOS CAMPOS,SP,Colisão lateral mesmo sentido,Manobra de mudança de faixa,Céu Claro,2025-04-18,11
2025-04-18,08:30:00,116,528,ITATIM,BA,Saída de leito carroçável,Velocidade Incompatível,Céu Claro,2025-04-18,8
2025-04-18,11:15:00,392,346,SANTA MARIA,RS,Colisão traseira,Ingestão de álcool pelo condutor,Sol,2025-04-18,11
2025-04-18,10:00:00,101,312,SAO GONCALO,RJ,Colisão transversal,Manobra de mudança de faixa,Céu Claro,2025-04-18,10
2025-04-18,11:20:00,101,70,MARUIM,SE,Colisão lateral sentido oposto,Condutor Dormindo,Céu Claro,2025-04-18,11
2025-04-17,16:30:00,316,244,BOM JARDIM,MA,Capotamento,Ausência de reação do condutor,Nublado,2025-04-17,16
2025-04-18,10:30:00,158,"542,4",SANTANA DO LIVRAMENTO,RS,Capotamento,Ultrapassagem Indevida,Céu Claro,2025-04-18,10
2025-04-18,08:10:00,285,"265,9",MATO CASTELHANO,RS,Colisão frontal,Ultrapassagem Indevida,Céu Claro,2025-04-18,8
2025-04-16,21:40:00,459,32,LORENA,SP,Queda de ocupante de veículo,Ausência de reação do condutor,Nublado,2025-04-16,21
2025-04-18,10:15:00,381,"856,9",POUSO ALEGRE,MG,Saída de leito carroçável,Velocidade Incompatível,Sol,2025-04-18,10
2025-04-18,11:25:00,381,42,ATIBAIA,SP,Atropelamento de Pedestre,Área urbana sem a presença de local apropriado para a travessia de pedestres,Céu Claro,2025-04-18,11
2025-04-18,11:00:00,392,"317,8",SAO SEPE,RS,Colisão transversal,Acessar a via sem observar a presença dos outros veículos,Céu Claro,2025-04-18,11
2025-04-18,11:00:00,116,1,VITORIA DA CONQUISTA,BA,Saída de leito carroçável,Ausência de reação do condutor,Céu Claro,2025-04-18,11
2025-04-18,11:00:00,364,702,PORTO VELHO,RO,Tombamento,Demais falhas mecânicas ou elétricas,Céu Claro,2025-04-18,11
2025-04-18,10:30:00,70,"423,7",CAMPO VERDE,MT,Saída de leito carroçável,Avarias e/ou desgaste excessivo no pneu,Sol,2025-04-18,10
2025-04-18,11:35:00,101,151,LINHARES,ES,Colisão frontal,Transitar na contramão,Nublado,2025-04-18,11
2025-04-16,19:45:00,316,85,SAO FRANCISCO DO PARA,PA,Colisão frontal,Conversão proibida,Garoa/Chuvisco,2025-04-16,19
2025-04-18,09:10:00,277,"651,3",MATELANDIA,PR,Colisão transversal,Transitar na contramão,Céu Claro,2025-04-18,9
2025-04-18,11:30:00,267,"578,2",CARACOL,MS,Saída de leito carroçável,Chuva,Chuva,2025-04-18,11
2025-04-18,09:35:00,262,"56,1",MANHUACU,MG,Colisão transversal,Transitar na contramão,Céu Claro,2025-04-18,9
2025-04-18,12:43:00,381,"726,7",CARMO DA CACHOEIRA,MG,Saída de leito carroçável,Ausência de reação do condutor,Nublado,2025-04-18,12
2025-04-18,12:20:00,101,"48,5",JOINVILLE,SC,Colisão traseira,Ausência de reação do condutor,Céu Claro,2025-04-18,12
2025-04-18,13:05:00,376,659,TIJUCAS DO SUL,PR,Colisão traseira,Condutor deixou de manter distância do veículo da frente,Céu Claro,2025-04-18,13
2025-04-18,09:50:00,101,"334,3",TUBARAO,SC,Colisão traseira,Reação tardia ou ineficiente do condutor,Céu Claro,2025-04-18,9
2025-04-18,11:00:00,376,664,GUARATUBA,PR,Incêndio,Demais falhas mecânicas ou elétricas,Céu Claro,2025-04-18,11
2025-04-16,10:10:00,421,9,ARIQUEMES,RO,Capotamento,Reação tardia ou ineficiente do condutor,Céu Claro,2025-04-16,10