data_inversa,horario,br,km,municipio,uf,tipo_acidente,causa_acidente,condicao_metereologica,data,hora
2025-04-18,12:05:00,277,"313,8",GUARAPUAVA,PR,Colisão transversal,Acessar a via sem observar a presença dos outros veículos,Céu Claro,2025-04-18,12
2025-04-18,13:00:00,386,"418,5",MONTENEGRO,RS,Colisão frontal,Ausência de reação do condutor,Céu Claro,2025-04-18,13
2025-04-18,12:00:00,262,"164,3",SAO DOMINGOS DO PRATA,MG,Colisão transversal,Conversão proibida,Céu Claro,2025-04-18,12
2025-04-18,10:30:00,158,631,NOVA NAZARE,MT,Saída de leito carroçável,Ingestão de álcool pelo condutor,Céu Claro,2025-04-18,10
2025-04-18,12:29:00,20,9,BRASILIA,DF,Colisão transversal,Condutor desrespeitou a iluminação vermelha do semáforo,Chuva,2025-04-18,12
2025-04-18,13:20:00,470,200,BENTO GONCALVES,RS,Saída de leito carroçável,Reação tardia ou ineficiente do condutor,Céu Claro,2025-04-18,13
2025-04-18,13:43:00,40,552,NOVA LIMA,MG,Engavetamento,Ausência de reação do condutor,Céu Claro,2025-04-18,13
2025-04-18,14:00:00,101,65,ARAQUARI,SC,Colisão traseira,Condutor deixou de manter distância do veículo da frente,Sol,2025-04-18,14
2025-04-18,13:20:00,376,417,TIBAGI,PR,Colisão com objeto,Reação tardia ou ineficiente do condutor,Sol,2025-04-18,13
2025-04-18,10:30:00,290,"216,7",PANTANO GRANDE,RS,Colisão com objeto,Manobra de mudança de faixa,Sol,2025-04-18,10
2025-04-18,13:30:00,101,221,PALHOCA,SC,Colisão transversal,Desrespeitar a preferência no cruzamento,Céu Claro,2025-04-18,13
2025-04-18,13:50:00,101,222,PALHOCA,SC,Colisão traseira,Condutor deixou de manter distância do veículo da frente,Céu Claro,2025-04-18,13
2025-04-18,14:00:00,262,363,JUATUBA,MG,Colisão com objeto,Reação tardia ou ineficiente do condutor,Nublado,2025-04-18,14
2025-04-18,10:00:00,407,"92,8",PETROLINA,PE,Colisão traseira,Condutor deixou de manter distância do veículo da frente,Céu Claro,2025-04-18,10
2025-04-18,11:20:00,267,"233,3",NOVA ALVORADA DO SUL,MS,Colisão frontal,Ultrapassagem Indevida,Chuva,2025-04-18,11
2025-04-18,12:15:00,101,"89,5",JABOATAO DOS GUARARAPES,PE,Colisão traseira,Ausência de reação do condutor,Céu Claro,2025-04-18,12
2025-04-18,12:55:00,116,0,MAFRA,SC,Colisão traseira,Ausência de reação do condutor,Céu Claro,2025-04-18,12
2025-04-18,11:30:00,110,384,SAO SEBASTIAO DO PASSE,BA,Colisão lateral sentido oposto,Condutor Dormindo,Céu Claro,2025-04-18,11
2025-04-18,12:20:00,282,"239,8",SAO JOSE DO CERRITO,SC,Colisão com objeto,Reação tardia ou ineficiente do condutor,Céu Claro,2025-04-18,12
2025-04-18,15:00:00,324,621,SALVADOR,BA,Queda de ocupante de veículo,Avarias e/ou desgaste excessivo no pneu,Sol,2025-04-18,15
2025-04-17,01:12:00,116,"353,8",MIRACATU,SP,Colisão com objeto,Reação tardia ou ineficiente do condutor,Nublado,2025-04-17,1
2025-04-18,14:37:00,101,"118,4",ITAJAI,SC,Incêndio,Demais falhas mecânicas ou elétricas,Nublado,2025-04-18,14
2025-04-18,10:20:00,101,353,JAGUARUNA,SC,Saída de leito carroçável,Condutor Dormindo,Céu Claro,2025-04-18,10
2025-04-18,14:55:00,472,577,URUGUAIANA,RS,Colisão transversal,Desrespeitar a preferência no cruzamento,Céu Claro,2025-04-18,14
2025-04-18,15:15:00,386,"273,5",FONTOURA XAVIER,RS,Incêndio,Demais falhas mecânicas ou elétricas,Nublado,2025-04-18,15
2025-04-18,13:10:00,80,133,BARRO ALTO,GO,Saída de leito carroçável,Reação tardia ou ineficiente do condutor,Chuva,2025-04-18,13
2025-04-18,15:45:00,116,176,SAO JOAO DE MERITI,RJ,Colisão traseira,Acessar a via sem observar a presença dos outros veículos,Céu Claro,2025-04-18,15
2025-04-18,10:10:00,101,320,PESCARIA BRAVA,SC,Saída de leito carroçável,Ausência de reação do condutor,Céu Claro,2025-04-18,10
2025-04-18,15:50:00,116,157,CAXIAS DO SUL,RS,Colisão com objeto,Reação tardia ou ineficiente do condutor,Céu Claro,2025-04-18,15
2025-04-18,14:10:00,101,328,CAPIVARI DE BAIXO,SC,Colisão com objeto,Mal súbito do condutor,Céu Claro,2025-04-18,14
2025-04-18,11:30:00,316,313,PICOS,PI,Colisão transversal,Velocidade Incompatível,Céu Claro,2025-04-18,11
2025-04-18,12:05:00,381,"215,3",BELO ORIENTE,MG,Colisão traseira,Ausência de reação do condutor,Céu Claro,2025-04-18,12
2025-04-18,16:45:00,116,171,RIO DE JANEIRO,RJ,Colisão traseira,Ausência de reação do condutor,Céu Claro,2025-04-18,16
2025-04-18,16:10:00,101,351,JAGUARUNA,SC,Colisão traseira,Ausência de reação do condutor,Céu Claro,2025-04-18,16
2025-04-18,17:00:00,104,"67,6",CARUARU,PE,Saída de leito carroçável,Condutor Dormindo,Céu Claro,2025-04-18,17
2025-04-06,18:30:00,101,16,BIGUACU,SC,Colisão traseira,Velocidade Incompatível,Céu Claro,2025-04-06,18
2025-04-18,15:50:00,40,4,TRES RIOS,RJ,Saída de leito carroçável,Ausência de reação do condutor,Céu Claro,2025-04-18,15
2025-04-18,17:30:00,230,447,APARECIDA,PB,Colisão transversal,Acessar a via sem observar a presença dos outros veículos,Céu Claro,2025-04-18,17
2025-04-18,17:00:00,40,"276,5",TRES MARIAS,MG,Colisão lateral sentido oposto,Ultrapassagem Indevida,Chuva,2025-04-18,17
2025-04-18,12:00:00,381,335,NOVA ERA,MG,Colisão com objeto,Acumulo de água sobre o pavimento,Garoa/Chuvisco,2025-04-18,12
2025-04-18,17:40:00,101,126,ITAJAI,SC,Colisão lateral mesmo sentido,Manobra de mudança de faixa,Céu Claro,2025-04-18,17
2025-04-18,18:28:00,282,19,PALHOCA,SC,Colisão lateral mesmo sentido,Ultrapassagem Indevida,Céu Claro,2025-04-18,18
2025-04-18,18:35:00,324,"537,2",AMELIA RODRIGUES,BA,Colisão traseira,Acessar a via sem observar a presença dos outros veículos,Céu Claro,2025-04-18,18
2025-04-18,17:10:00,226,309,BARRA DO CORDA,MA,Saída de leito carroçável,Velocidade Incompatível,Céu Claro,2025-04-18,17
2025-04-18,18:06:00,251,"53,5",BRASILIA,DF,Colisão frontal,Ultrapassagem Indevida,Nublado,2025-04-18,18
2025-04-18,17:10:00,282,374,ERVAL VELHO,SC,Colisão lateral sentido oposto,Chuva,Garoa/Chuvisco,2025-04-18,17
2025-04-18,17:50:00,116,5,VITORIA DA CONQUISTA,BA,Colisão transversal,Retorno proibido,Nublado,2025-04-18,17
2025-04-18,18:50:00,70,11,AGUAS LINDAS DE GOIAS,GO,Atropelamento de Pedestre,Ingestão de álcool pelo condutor,Céu Claro,2025-04-18,18
2025-03-31,07:10:00,282,414,CATANDUVAS,SC,Colisão transversal,Manobra de mudança de faixa,Céu Claro,2025-03-31,7
2025-04-18,18:20:00,232,"17,9",JABOATAO DOS GUARARAPES,PE,Colisão traseira,Reação tardia ou ineficiente do condutor,Céu Claro,2025-04-18,18
2025-04-14,06:10:00,101,"199,5",SAO JOSE,SC,Saída de leito carroçável,Condutor Dormindo,Nublado,2025-04-14,6
2025-04-18,15:00:00,101,334,TUBARAO,SC,Colisão transversal,Desrespeitar a preferência no cruzamento,Céu Claro,2025-04-18,15
2025-04-18,19:45:00,101,68,SAO MATEUS,ES,Saída de leito carroçável,Ingestão de álcool pelo condutor,Chuva,2025-04-18,19
2025-04-18,16:30:00,364,54,VILHENA,RO,Capotamento,Velocidade Incompatível,Céu Claro,2025-04-18,16
2025-04-18,19:10:00,280,57,GUARAMIRIM,SC,Colisão lateral mesmo sentido,Manobra de mudança de faixa,Céu Claro,2025-04-18,19
2025-04-18,19:00:00,230,463,SOUSA,PB,Colisão transversal,Acessar a via sem observar a presença dos outros veículos,Céu Claro,2025-04-18,19
2025-04-17,05:50:00,40,"104,5",CRISTALINA,GO,Queda de ocupante de veículo,Reação tardia ou ineficiente do condutor,Nevoeiro/Neblina,2025-04-17,5
2025-04-18,17:58:00,153,140,PROMISSAO,SP,Queda de ocupante de veículo,Afundamento ou ondulação no pavimento,Garoa/Chuvisco,2025-04-18,17
2025-04-18,19:40:00,101,47,UBATUBA,SP,Colisão transversal,Conversão proibida,Céu Claro,2025-04-18,19
2025-04-18,17:50:00,116,646,JAGUAQUARA,BA,Saída de leito carroçável,Reação tardia ou ineficiente do condutor,Céu Claro,2025-04-18,17
2025-04-18,19:55:00,365,"0,1",MONTES CLAROS,MG,Queda de ocupante de veículo,Ingestão de álcool pelo condutor,Chuva,2025-04-18,19
2025-04-18,10:20:00,343,274,CAMPO MAIOR,PI,Colisão traseira,Reação tardia ou ineficiente do condutor,Céu Claro,2025-04-18,10
2025-04-18,19:00:00,392,"9,4",RIO GRANDE,RS,Colisão com objeto,Transitar na contramão,Céu Claro,2025-04-18,19
2025-04-18,20:00:00,408,98,JABOATAO DOS GUARARAPES,PE,Colisão lateral mesmo sentido,Manobra de mudança de faixa,Céu Claro,2025-04-18,20
2025-04-18,20:40:00,459,96,POUSO ALEGRE,MG,Tombamento,Animais na Pista,Céu Claro,2025-04-18,20
2025-04-18,21:00:00,116,204,ARUJA,SP,Tombamento,Manobra de mudança de faixa,Garoa/Chuvisco,2025-04-18,21
2025-04-18,19:45:00,40,"636,8",CONGONHAS,MG,Saída de leito carroçável,Ausência de reação do condutor,Garoa/Chuvisco,2025-04-18,19
2025-04-18,21:05:00,50,"281,4",CATALAO,GO,Colisão traseira,Ausência de reação do condutor,Céu Claro,2025-04-18,21
2025-04-18,20:50:00,369,173,ROLANDIA,PR,Colisão transversal,Desrespeitar a preferência no cruzamento,Céu Claro,2025-04-18,20
2025-04-18,21:15:00,70,3,BARRA DO GARCAS,MT,Colisão frontal,Reação tardia ou ineficiente do condutor,Céu Claro,2025-04-18,21
2025-04-18,20:05:00,163,"70,4",SAO MIGUEL DO OESTE,SC,Saída de leito carroçável,Velocidade Incompatível,Céu Claro,2025-04-18,20
2025-04-18,22:20:00,116,210,GUARULHOS,SP,Colisão lateral mesmo sentido,Velocidade Incompatível,Chuva,2025-04-18,22
2025-04-18,21:20:00,381,61,MAIRIPORA,SP,Tombamento,Pista Escorregadia,Garoa/Chuvisco,2025-04-18,21
2025-04-18,15:45:00,280,27,ARAQUARI,SC,Colisão com objeto,Reação tardia ou ineficiente do condutor,Céu Claro,2025-04-18,15
2025-04-18,19:55:00,116,374,ICO,CE,Atropelamento de Animal,Animais na Pista,Céu Claro,2025-04-18,19
2025-04-18,21:00:00,101,56,CAMPOS DOS GOYTACAZES,RJ,Colisão com objeto,Ingestão de álcool pelo condutor,Céu Claro,2025-04-18,21
2025-04-18,22:05:00,369,"134,1",IBIPORA,PR,Atropelamento de Pedestre,Pedestre andava na pista,Céu Claro,2025-04-18,22
2025-04-18,22:15:00,116,"5,8",FORTALEZA,CE,Colisão com objeto,Ausência de reação do condutor,Céu Claro,2025-04-18,22
2025-04-18,19:30:00,174,909,MANAUS,AM,Tombamento,Reação tardia ou ineficiente do condutor,Nublado,2025-04-18,19
2025-04-18,23:00:00,324,620,SALVADOR,BA,Colisão com objeto,Reação tardia ou ineficiente do condutor,Céu Claro,2025-04-18,23
2025-04-19,00:00:00,153,497,PARAISO DO TOCANTINS,TO,Tombamento,Ausência de reação do condutor,Céu Claro,2025-04-19,0
2025-04-18,10:45:00,465,22,RIO DE JANEIRO,RJ,Colisão traseira,Reação tardia ou ineficiente do condutor,Céu Claro,2025-04-18,10
2025-04-18,20:15:00,293,250,DOM PEDRITO,RS,Colisão transversal,Acessar a via sem observar a presença dos outros veículos,Céu Claro,2025-04-18,20
2025-04-18,22:45:00,467,"106,5",CASCAVEL,PR,Saída de leito carroçável,Velocidade Incompatível,Céu Claro,2025-04-18,22
2025-04-18,18:00:00,465,"21,5",NOVA IGUACU,RJ,Colisão transversal,Ultrapassagem Indevida,Nublado,2025-04-18,18
2025-04-18,23:30:00,116,111,GUAPIMIRIM,RJ,Saída de leito carroçável,Reação tardia ou ineficiente do condutor,Nublado,2025-04-18,23
2025-04-18,23:30:00,40,105,DUQUE DE CAXIAS,RJ,Colisão frontal,Reação tardia ou ineficiente do condutor,Céu Claro,2025-04-18,23
2025-04-18,22:50:00,163,1026,PEIXOTO DE AZEVEDO,MT,Tombamento,Ausência de reação do condutor,Nevoeiro/Neblina,2025-04-18,22
2025-04-19,00:45:00,364,"429,2",JARU,RO,Capotamento,Ingestão de álcool pelo condutor,Nublado,2025-04-19,0
2025-04-19,02:30:00,101,"210,5",SAO JOSE,SC,Tombamento,Ausência de reação do condutor,Céu Claro,2025-04-19,2
2025-04-19,03:00:00,116,"456,9",SANTO ESTEVAO,BA,Colisão frontal,Transitar na contramão,Nublado,2025-04-19,3
2025-04-19,04:00:00,40,519,CONTAGEM,MG,Tombamento,Reação tardia ou ineficiente do condutor,Chuva,2025-04-19,4
2025-04-19,03:10:00,392,75,PELOTAS,RS,Saída de leito carroçável,Ingestão de álcool pelo condutor,Nublado,2025-04-19,3
2025-04-19,01:10:00,116,306,RESENDE,RJ,Colisão com objeto,Reação tardia ou ineficiente do condutor,Garoa/Chuvisco,2025-04-19,1
2025-04-19,06:00:00,101,439,MIMOSO DO SUL,ES,Colisão frontal,Ultrapassagem Indevida,Céu Claro,2025-04-19,6
2025-04-19,06:00:00,101,46,IGARASSU,PE,Colisão lateral mesmo sentido,Manobra de mudança de faixa,Céu Claro,2025-04-19,6
2025-04-19,03:20:00,381,495,BETIM,MG,Tombamento,Velocidade Incompatível,Céu Claro,2025-04-19,3
2025-04-19,05:47:00,101,215,PALHOCA,SC,Colisão transversal,Desrespeitar a preferência no cruzamento,Céu Claro,2025-04-19,5
2025-04-19,04:40:00,20,"329,8",CARIDADE,CE,Colisão transversal,Transitar na contramão,Nublado,2025-04-19,4
2025-04-19,02:40:00,116,202,QUEIMADOS,RJ,Colisão com objeto,Ausência de reação do condutor,Nublado,2025-04-19,2
2025-04-19,06:30:00,40,"526,6",CONTAGEM,MG,Tombamento,Acumulo de areia ou detritos sobre o pavimento,Céu Claro,2025-04-19,6
2025-04-16,22:00:00,101,140,ITAPEMA,SC,Atropelamento de Pedestre,Acessar a via sem observar a presença dos outros veículos,Garoa/Chuvisco,2025-04-16,22
2025-04-19,06:30:00,414,"422,4",ABADIANIA,GO,Colisão frontal,Ultrapassagem Indevida,Céu Claro,2025-04-19,6
2025-04-19,00:20:00,242,605,IBOTIRAMA,BA,Colisão transversal,Acessar a via sem observar a presença dos outros veículos,Céu Claro,2025-04-19,0
2025-04-19,02:21:00,432,"93,8",CANTA,RR,Colisão frontal,Ingestão de álcool pelo condutor,Chuva,2025-04-19,2
2025-04-19,00:10:00,101,"48,9",UBATUBA,SP,Colisão transversal,Retorno proibido,Céu Claro,2025-04-19,0
2025-04-19,05:00:00,101,"194,7",BIGUACU,SC,Colisão com objeto,Condutor deixou de manter distância do veículo da frente,Nublado,2025-04-19,5
2025-04-19,07:50:00,101,"150,2",ESTANCIA,SE,Colisão lateral mesmo sentido,Retorno proibido,Céu Claro,2025-04-19,7
2025-04-19,07:00:00,226,"300,3",BARRA DO CORDA,MA,Atropelamento de Pedestre,Reação tardia ou ineficiente do condutor,Céu Claro,2025-04-19,7
2025-04-19,07:30:00,101,708,EUNAPOLIS,BA,Colisão lateral mesmo sentido,Manobra de mudança de faixa,Céu Claro,2025-04-19,7
2025-04-19,07:40:00,70,3,AGUAS LINDAS DE GOIAS,GO,Colisão transversal,Manobra de mudança de faixa,Céu Claro,2025-04-19,7
2025-03-23,11:00:00,277,"133,1",CAMPO LARGO,PR,Colisão lateral mesmo sentido,Reação tardia ou ineficiente do condutor,Sol,2025-03-23,11
2025-04-19,07:45:00,316,114,SANTA MARIA DO PARA,PA,Saída de leito carroçável,Ausência de reação do condutor,Céu Claro,2025-04-19,7
2025-04-19,08:20:00,116,522,CARATINGA,MG,Colisão transversal,Desrespeitar a preferência no cruzamento,Nublado,2025-04-19,8
2025-04-19,08:30:00,280,4,SAO FRANCISCO DO SUL,SC,Colisão traseira,Ausência de reação do condutor,Ignorado,2025-04-19,8
2025-04-19,09:10:00,101,"70,6",RECIFE,PE,Colisão lateral mesmo sentido,Acesso irregular,Sol,2025-04-19,9
2025-04-19,09:10:00,116,12,FORTALEZA,CE,Colisão lateral mesmo sentido,Acessar a via sem observar a presença dos outros veículos,Céu Claro,2025-04-19,9
2025-04-19,09:00:00,402,141,SANTO AMARO DO MARANHAO,MA,Saída de leito carroçável,Velocidade Incompatível,Sol,2025-04-19,9
2025-04-11,17:43:00,324,"550,7",AMELIA RODRIGUES,BA,Colisão traseira,Condutor deixou de manter distância do veículo da frente,Céu Claro,2025-04-11,17
2025-04-19,09:00:00,232,"7,6",RECIFE,PE,Colisão traseira,Manobra de mudança de faixa,Céu Claro,2025-04-19,9
2025-04-19,09:00:00,101,62,CAMPOS DOS GOYTACAZES,RJ,Colisão traseira,Ausência de reação do condutor,Céu Claro,2025-04-19,9
2025-04-19,09:00:00,232,7,RECIFE,PE,Colisão traseira,Condutor deixou de manter distância do veículo da frente,Céu Claro,2025-04-19,9
2025-04-15,16:38:00,163,532,DIAMANTINO,MT,Colisão com objeto,Objeto estático sobre o leito carroçável,Nublado,2025-04-15,16
2025-04-19,09:35:00,153,57,SAO JOSE DO RIO PRETO,SP,Tombamento,Demais falhas mecânicas ou elétricas,Céu Claro,2025-04-19,9
2025-04-16,06:40:00,40,36,AREAL,RJ,Saída de leito carroçável,Acumulo de óleo sobre o pavimento,Nublado,2025-04-16,6
2025-04-19,06:50:00,381,"887,4",CAMBUI,MG,Saída de leito carroçável,Velocidade Incompatível,Chuva,2025-04-19,6
2025-04-16,09:10:00,116,"775,6",PLANALTO,BA,Colisão frontal,Acessar a via sem observar a presença dos outros veículos,Céu Claro,2025-04-16,9
2025-04-19,09:50:00,381,"850,4",POUSO ALEGRE,MG,Tombamento,Velocidade Incompatível,Nublado,2025-04-19,9
2025-04-19,10:00:00,101,119,SAO JOSE DE MIPIBU,RN,Atropelamento de Animal,Animais na Pista,Céu Claro,2025-04-19,10
2025-04-19,10:20:00,230,"22,5",JOAO PESSOA,PB,Engavetamento,Ausência de reação do condutor,Sol,2025-04-19,10
2025-04-19,08:50:00,116,126,CACAPAVA,SP,Engavetamento,Reação tardia ou ineficiente do condutor,Céu Claro,2025-04-19,8
2025-04-19,08:50:00,101,"137,1",LINHARES,ES,Colisão transversal,Acessar a via sem observar a presença dos outros veículos,Céu Claro,2025-04-19,8
2025-04-19,05:40:00,230,"18,3",FRONTEIRAS,PI,Colisão traseira,Condutor deixou de manter distância do veículo da frente,Sol,2025-04-19,5
2025-04-19,09:50:00,101,68,CAMPOS DOS GOYTACAZES,RJ,Colisão traseira,Ausência de reação do condutor,Céu Claro,2025-04-19,9
2025-04-19,10:25:00,381,846,SAO SEBASTIAO DA BELA VISTA,MG,Queda de ocupante de veículo,Animais na Pista,Nublado,2025-04-19,10
2025-01-01,15:31:00,163,309,NOVO PROGRESSO,PA,Colisão transversal,Conversão proibida,Céu Claro,2025-01-01,15
2025-04-19,11:05:00,343,48,BURITI DOS LOPES,PI,Colisão transversal,Acessar a via sem observar a presença dos outros veículos,Céu Claro,2025-04-19,11
2025-04-19,10:40:00,280,"257,5",MARMELEIRO,PR,Colisão frontal,Transitar na contramão,Céu Claro,2025-04-19,10
2025-04-17,06:40:00,282,215,LAGES,SC,Colisão traseira,Reação tardia ou ineficiente do condutor,Céu Claro,2025-04-17,6
2025-04-19,11:20:00,369,148,LONDRINA,PR,Queda de ocupante de veículo,Afundamento ou ondulação no pavimento,Céu Claro,2025-04-19,11
2025-04-19,11:20:00,365,"575,2",INDIANOPOLIS,MG,Colisão transversal,Conversão proibida,Sol,2025-04-19,11
2025-04-19,11:30:00,20,21,BRASILIA,DF,Colisão traseira,Condutor deixou de manter distância do veículo da frente,Sol,2025-04-19,11
2025-04-19,10:55:00,381,"493,2",BETIM,MG,Tombamento,Avarias e/ou desgaste excessivo no pneu,Céu Claro,2025-04-19,10
2025-04-19,11:25:00,232,"30,8",MORENO,PE,Saída de leito carroçável,Condutor Dormindo,Céu Claro,2025-04-19,11
2025-04-16,19:40:00,116,"335,5",JUQUITIBA,SP,Atropelamento de Pedestre,Pedestre cruzava a pista fora da faixa,Nublado,2025-04-16,19
2025-04-19,12:08:00,282,"5,2",SAO JOSE,SC,Colisão lateral mesmo sentido,Acessar a via sem observar a presença dos outros veículos,Nublado,2025-04-19,12
2025-04-19,11:35:00,356,32,ITAPERUNA,RJ,Atropelamento de Pedestre,Área urbana sem a presença de local apropriado para a travessia de pedestres,Nublado,2025-04-19,11
2025-04-19,12:05:00,472,"156,3",SANTA ROSA,RS,Colisão transversal,Acessar a via sem observar a presença dos outros veículos,Céu Claro,2025-04-19,12
2025-04-19,12:30:00,20,"18,2",BRASILIA,DF,Queda de ocupante de veículo,Reação tardia ou ineficiente do condutor,Nublado,2025-04-19,12
2025-04-19,12:50:00,101,"219,4",PALHOCA,SC,Colisão traseira,Reação tardia ou ineficiente do condutor,Nublado,2025-04-19,12
2025-04-19,13:20:00,101,"231,5",PALHOCA,SC,Saída de leito carroçável,Velocidade Incompatível,Nublado,2025-04-19,13
2025-04-19,11:40:00,163,"394,2",NOVA ALVORADA DO SUL,MS,Saída de leito carroçável,Ingestão de álcool pelo condutor,Chuva,2025-04-19,11
2025-04-19,09:10:00,393,106,SAPUCAIA,RJ,Colisão transversal,Acessar a via sem observar a presença dos outros veículos,Céu Claro,2025-04-19,9
2025-04-19,12:25:00,376,678,GUARATUBA,PR,Saída de leito carroçável,Reação tardia ou ineficiente do condutor,Chuva,2025-04-19,12
2025-04-19,13:20:00,101,"213,3",PALHOCA,SC,Colisão transversal,Desrespeitar a preferência no cruzamento,Céu Claro,2025-04-19,13
2025-04-19,09:30:00,282,343,CAMPOS NOVOS,SC,Atropelamento de Pedestre,Chuva,Chuva,2025-04-19,9
2025-04-19,12:15:00,110,293,INHAMBUPE,BA,Colisão transversal,Mal súbito do condutor,Céu Claro,2025-04-19,12
2025-04-19,13:15:00,285,"526,3",SAO MIGUEL DAS MISSOES,RS,Saída de leito carroçável,Velocidade Incompatível,Céu Claro,2025-04-19,13
2025-04-19,11:40:00,361,80,PIANCO,PB,Saída de leito carroçável,Condutor Dormindo,Céu Claro,2025-04-19,11
2025-02-15,06:20:00,407,129,PETROLINA,PE,Tombamento,Condutor deixou de manter distância do veículo da frente,Céu Claro,2025-02-15,6
2025-04-19,11:50:00,163,"215,6",RONDONOPOLIS,MT,Colisão com objeto,Ausência de reação do condutor,Céu Claro,2025-04-19,11
2025-04-19,12:40:00,232,243,ARCOVERDE,PE,Colisão frontal,Manobra de mudança de faixa,Céu Claro,2025-04-19,12
2025-04-19,14:40:00,381,60,MAIRIPORA,SP,Capotamento,Velocidade Incompatível,Chuva,2025-04-19,14
2025-04-19,15:00:00,101,121,ITAJAI,SC,Colisão traseira,Condutor deixou de manter distância do veículo da frente,Nublado,2025-04-19,15
2025-04-19,14:00:00,452,20,RIO VERDE,GO,Saída de leito carroçável,Reação tardia ou ineficiente do condutor,Nublado,2025-04-19,14
2025-04-19,15:00:00,40,5,BRASILIA,DF,Colisão lateral mesmo sentido,Manobra de mudança de faixa,Céu Claro,2025-04-19,15
2025-04-19,15:00:00,101,318,PESCARIA BRAVA,SC,Tombamento,Demais falhas mecânicas ou elétricas,Garoa/Chuvisco,2025-04-19,15
2025-04-19,15:38:00,101,83,SAO GONCALO DO AMARANTE,RN,Colisão transversal,Condutor deixou de manter distância do veículo da frente,Céu Claro,2025-04-19,15
2025-04-19,14:50:00,116,397,CAMAQUA,RS,Colisão transversal,Acessar a via sem observar a presença dos outros veículos,Céu Claro,2025-04-19,14
2025-04-19,15:35:00,262,"57,1",MARECHAL FLORIANO,ES,Engavetamento,Ausência de reação do condutor,Nublado,2025-04-19,15
2025-04-19,13:20:00,365,683,MONTE ALEGRE DE MINAS,MG,Saída de leito carroçável,Demais falhas mecânicas ou elétricas,Chuva,2025-04-19,13
2025-04-19,15:00:00,277,"669,5",MEDIANEIRA,PR,Colisão traseira,Ausência de reação do condutor,Céu Claro,2025-04-19,15
2025-04-19,14:10:00,262,790,UBERABA,MG,Saída de leito carroçável,Reação tardia ou ineficiente do condutor,Nublado,2025-04-19,14
2025-04-19,15:00:00,116,230,PIRAI,RJ,Queda de ocupante de veículo,Reação tardia ou ineficiente do condutor,Nublado,2025-04-19,15
2025-04-19,13:00:00,364,20,VILHENA,RO,Colisão frontal,Transitar na contramão,Chuva,2025-04-19,13
2025-04-19,15:34:00,70,"0,4",BRASILIA,DF,Saída de leito carroçável,Ingestão de álcool pelo condutor,Céu Claro,2025-04-19,15
2025-04-19,16:15:00,101,"352,6",ANCHIETA,ES,Tombamento,Velocidade Incompatível,Nublado,2025-04-19,16
2025-04-19,14:28:00,158,"90,8",PARANAIBA,MS,Tombamento,Trafegar com motocicleta (ou similar) entre as faixas,Nublado,2025-04-19,14
2025-04-19,15:41:00,277,25,MORRETES,PR,Saída de leito carroçável,Manobra de mudança de faixa,Chuva,2025-04-19,15
2025-04-19,16:05:00,354,"747,7",POUSO ALTO,MG,Queda de ocupante de veículo,Acumulo de areia ou detritos sobre o pavimento,Chuva,2025-04-19,16
2025-04-19,14:30:00,381,"428,7",SABARA,MG,Colisão transversal,Pista Escorregadia,Chuva,2025-04-19,14
2025-04-19,16:20:00,381,60,MAIRIPORA,SP,Saída de leito carroçável,Chuva,Chuva,2025-04-19,16
2025-04-19,16:10:00,101,148,ITAPEMA,SC,Tombamento,Reação tardia ou ineficiente do condutor,Céu Claro,2025-04-19,16
2025-04-19,11:10:00,222,544,BOM JESUS DAS SELVAS,MA,Saída de leito carroçável,Curva acentuada,Céu Claro,2025-04-19,11
2025-04-19,17:00:00,158,"150,9",PANAMBI,RS,Colisão frontal,Ultrapassagem Indevida,Sol,2025-04-19,17
2025-04-19,15:30:00,116,564,BARRA DO TURVO,SP,Colisão com objeto,Ausência de reação do condutor,Garoa/Chuvisco,2025-04-19,15
2025-04-19,16:20:00,116,"226,5",PARACAMBI,RJ,Tombamento,Reação tardia ou ineficiente do condutor,Nublado,2025-04-19,16
2025-04-19,15:30:00,280,95,CORUPA,SC,Colisão frontal,Ausência de reação do condutor,Céu Claro,2025-04-19,15
2025-04-19,17:30:00,116,117,TAUBATE,SP,Saída de leito carroçável,Manobra de mudança de faixa,Garoa/Chuvisco,2025-04-19,17
2025-04-19,17:20:00,381,"611,4",OLIVEIRA,MG,Saída de leito carroçável,Chuva,Chuva,2025-04-19,17
2025-04-19,16:20:00,407,127,PETROLINA,PE,Colisão traseira,Ingestão de álcool pelo condutor,Céu Claro,2025-04-19,16
2025-04-19,17:50:00,116,772,LEOPOLDINA,MG,Colisão transversal,Ausência de reação do condutor,Céu Claro,2025-04-19,17
2025-04-19,17:52:00,116,170,RIO DE JANEIRO,RJ,Queda de ocupante de veículo,Ausência de reação do condutor,Céu Claro,2025-04-19,17
2025-04-19,17:25:00,116,"813,7",VITORIA DA CONQUISTA,BA,Colisão transversal,Acessar a via sem observar a presença dos outros veículos,Nublado,2025-04-19,17
2025-04-19,18:25:00,101,93,NOSSA SENHORA DO SOCORRO,SE,Colisão traseira,Acessar a via sem observar a presença dos outros veículos,Céu Claro,2025-04-19,18
2025-04-19,18:25:00,116,265,CANOAS,RS,Engavetamento,Condutor deixou de manter distância do veículo da frente,Céu Claro,2025-04-19,18
2025-04-19,11:30:00,101,69,RECIFE,PE,Colisão lateral mesmo sentido,Manobra de mudança de faixa,Céu Claro,2025-04-19,11
2025-04-19,18:50:00,101,"157,4",CONCEICAO DE MACABU,RJ,Colisão frontal,Transitar na contramão,Nublado,2025-04-19,18