data_inversa,horario,br,km,municipio,uf,tipo_acidente,causa_acidente,condicao_metereologica,data,hora
2025-04-19,16:30:00,101,"21,1",JOINVILLE,SC,Capotamento,Ausência de reação do condutor,Nublado,2025-04-19,16
2025-03-08,05:38:00,153,"427,9",ANAPOLIS,GO,Colisão traseira,Ausência de reação do condutor,Céu Claro,2025-03-08,5
2025-04-19,18:50:00,392,352,SANTA MARIA,RS,Colisão transversal,Acessar a via sem observar a presença dos outros veículos,Céu Claro,2025-04-19,18
2025-04-19,18:00:00,230,462,SOUSA,PB,Colisão transversal,Acessar a via sem observar a presença dos outros veículos,Céu Claro,2025-04-19,18
2025-04-19,17:00:00,116,209,SEROPEDICA,RJ,Colisão traseira,Condutor Dormindo,Nublado,2025-04-19,17
2025-04-19,19:19:00,116,"0,8",MAFRA,SC,Colisão traseira,Condutor deixou de manter distância do veículo da frente,Nublado,2025-04-19,19
2025-04-16,18:00:00,324,"512,6",FEIRA DE SANTANA,BA,Colisão lateral mesmo sentido,Reação tardia ou ineficiente do condutor,Céu Claro,2025-04-16,18
2025-04-19,19:20:00,153,678,CARIRI DO TOCANTINS,TO,Colisão traseira,Reação tardia ou ineficiente do condutor,Céu Claro,2025-04-19,19
2025-04-19,19:30:00,324,513,FEIRA DE SANTANA,BA,Colisão transversal,Acessar a via sem observar a presença dos outros veículos,Nublado,2025-04-19,19
2025-04-19,18:10:00,230,"356,1",PATOS,PB,Colisão transversal,Ingestão de álcool pelo condutor,Céu Claro,2025-04-19,18
2025-04-19,18:50:00,110,168,RIBEIRA DO POMBAL,BA,Colisão lateral sentido oposto,Transitar na contramão,Céu Claro,2025-04-19,18
2025-04-19,19:30:00,101,154,PORTO BELO,SC,Saída de leito carroçável,Ingestão de álcool pelo condutor,Garoa/Chuvisco,2025-04-19,19
2025-04-19,18:50:00,290,167,BUTIA,RS,Colisão frontal,Ultrapassagem Indevida,Céu Claro,2025-04-19,18
2025-04-19,19:30:00,110,168,RIBEIRA DO POMBAL,BA,Colisão traseira,Ingestão de álcool pelo condutor,Céu Claro,2025-04-19,19
2025-04-19,19:00:00,70,14,BRASILIA,DF,Colisão traseira,Acessar a via sem observar a presença dos outros veículos,Nublado,2025-04-19,19
2025-04-19,20:11:00,116,12,FORTALEZA,CE,Capotamento,Iluminação deficiente,Céu Claro,2025-04-19,20
2025-04-17,04:45:00,101,283,CARIACICA,ES,Saída de leito carroçável,Acumulo de água sobre o pavimento,Chuva,2025-04-17,4
2025-04-19,18:09:00,163,856,SINOP,MT,Queda de ocupante de veículo,Ausência de reação do condutor,Nublado,2025-04-19,18
2025-04-19,18:15:00,470,"138,6",RIO DO SUL,SC,Colisão transversal,Acessar a via sem observar a presença dos outros veículos,Nublado,2025-04-19,18
2025-04-16,10:50:00,367,83,EUNAPOLIS,BA,Colisão transversal,Transitar na contramão,Nublado,2025-04-16,10
2025-04-19,20:15:00,277,0,PARANAGUA,PR,Colisão frontal,Acessar a via sem observar a presença dos outros veículos,Garoa/Chuvisco,2025-04-19,20
2025-04-19,14:30:00,101,51,UBATUBA,SP,Colisão transversal,Conversão proibida,Céu Claro,2025-04-19,14
2025-04-19,15:00:00,101,61,CAMPOS DOS GOYTACAZES,RJ,Colisão lateral mesmo sentido,Transitar no Acostamento,Nublado,2025-04-19,15
2025-04-19,19:25:00,272,560,GUAIRA,PR,Colisão lateral sentido oposto,Ingestão de álcool pelo condutor,Céu Claro,2025-04-19,19
2025-04-19,20:20:00,101,91,SAO MATEUS,ES,Colisão lateral sentido oposto,Ausência de reação do condutor,Nublado,2025-04-19,20
2025-04-19,17:35:00,452,0,RIO VERDE,GO,Tombamento,Acumulo de água sobre o pavimento,Nublado,2025-04-19,17
2025-04-19,17:47:00,158,108,PARANAIBA,MS,Capotamento,Manobra de mudança de faixa,Céu Claro,2025-04-19,17
2025-04-19,20:15:00,101,423,MANGARATIBA,RJ,Colisão com objeto,Ingestão de álcool pelo condutor,Chuva,2025-04-19,20
2025-04-19,19:30:00,60,138,GOIANIA,GO,Atropelamento de Pedestre,Velocidade Incompatível,Céu Claro,2025-04-19,19
2025-04-19,19:20:00,20,"80,1",SAO DESIDERIO,BA,Colisão frontal,Ultrapassagem Indevida,Ignorado,2025-04-19,19
2025-04-19,21:00:00,116,232,PIRAI,RJ,Tombamento,Reação tardia ou ineficiente do condutor,Chuva,2025-04-19,21
2025-04-19,19:30:00,101,"277,6",IMBITUBA,SC,Colisão traseira,Velocidade Incompatível,Garoa/Chuvisco,2025-04-19,19
2025-04-19,21:40:00,459,"58,9",IPUIUNA,MG,Saída de leito carroçável,Animais na Pista,Garoa/Chuvisco,2025-04-19,21
2025-04-19,20:20:00,476,"115,5",COLOMBO,PR,Colisão traseira,Ausência de reação do condutor,Céu Claro,2025-04-19,20
2025-04-19,21:00:00,104,"83,8",RIO LARGO,AL,Saída de leito carroçável,Condutor Dormindo,Céu Claro,2025-04-19,21
2025-04-19,20:45:00,116,588,MANHUACU,MG,Colisão frontal,Transitar na contramão,Nublado,2025-04-19,20
2025-04-19,20:50:00,70,305,ITAPIRAPUA,GO,Saída de leito carroçável,Animais na Pista,Nublado,2025-04-19,20
2025-04-19,21:40:00,287,402,SANTIAGO,RS,Colisão transversal,Desrespeitar a preferência no cruzamento,Céu Claro,2025-04-19,21
2025-04-19,21:50:00,476,"117,5",COLOMBO,PR,Colisão transversal,Ingestão de álcool pelo condutor,Nublado,2025-04-19,21
2025-04-19,20:00:00,116,"311,2",RESENDE,RJ,Colisão frontal,Transitar na contramão,Chuva,2025-04-19,20
2025-04-19,22:35:00,158,796,BARRA DO GARCAS,MT,Colisão frontal,Manobra de mudança de faixa,Céu Claro,2025-04-19,22
2025-04-19,22:05:00,232,"7,7",RECIFE,PE,Colisão com objeto,Ausência de reação do condutor,Céu Claro,2025-04-19,22
2025-04-19,19:35:00,277,426,CANTAGALO,PR,Colisão frontal,Transitar na contramão,Céu Claro,2025-04-19,19
2025-04-19,22:30:00,280,43,ARAQUARI,SC,Saída de leito carroçável,Ausência de reação do condutor,Nublado,2025-04-19,22
2025-04-19,21:45:00,101,503,ANGRA DOS REIS,RJ,Colisão transversal,Acessar a via sem observar a presença dos outros veículos,Chuva,2025-04-19,21
2025-04-19,18:52:00,101,"277,6",IMBITUBA,SC,Atropelamento de Pedestre,Entrada inopinada do pedestre,Garoa/Chuvisco,2025-04-19,18
2025-04-19,21:45:00,361,"7,2",PATOS,PB,Colisão frontal,Ingestão de álcool pelo condutor,Céu Claro,2025-04-19,21
2025-04-19,23:15:00,277,723,FOZ DO IGUACU,PR,Colisão traseira,Condutor deixou de manter distância do veículo da frente,Ignorado,2025-04-19,23
2025-04-19,23:55:00,324,523,FEIRA DE SANTANA,BA,Atropelamento de Animal,Animais na Pista,Céu Claro,2025-04-19,23
2025-04-19,22:45:00,343,"347,7",TERESINA,PI,Colisão lateral mesmo sentido,Condutor deixou de manter distância do veículo da frente,Céu Claro,2025-04-19,22
2025-04-19,23:57:00,324,523,FEIRA DE SANTANA,BA,Atropelamento de Animal,Animais na Pista,Céu Claro,2025-04-19,23
2025-04-20,00:01:00,381,68,MAIRIPORA,SP,Capotamento,Chuva,Chuva,2025-04-20,0
2025-04-19,23:50:00,476,"158,6",ARAUCARIA,PR,Colisão lateral sentido oposto,Ultrapassagem Indevida,Nublado,2025-04-19,23
2025-04-20,00:30:00,116,131,FAZENDA RIO GRANDE,PR,Colisão traseira,Reação tardia ou ineficiente do condutor,Céu Claro,2025-04-20,0
2025-04-19,22:45:00,40,"690,4",ALFREDO VASCONCELOS,MG,Saída de leito carroçável,Acumulo de água sobre o pavimento,Chuva,2025-04-19,22
2025-04-19,22:00:00,101,289,IMBITUBA,SC,Colisão com objeto,Ingestão de álcool pelo condutor,Nublado,2025-04-19,22
2025-04-19,23:00:00,376,7,DOURADOS,MS,Saída de leito carroçável,Ausência de reação do condutor,Nublado,2025-04-19,23
2025-04-20,00:15:00,470,118,IBIRAMA,SC,Colisão traseira,Ingestão de álcool pelo condutor,Garoa/Chuvisco,2025-04-20,0
2025-04-20,01:00:00,101,"386,9",ICARA,SC,Colisão com objeto,Animais na Pista,Nublado,2025-04-20,1
2025-04-20,01:15:00,80,20,BRASILIA,DF,Colisão transversal,Acessar a via sem observar a presença dos outros veículos,Céu Claro,2025-04-20,1
2025-04-20,01:50:00,381,499,BETIM,MG,Saída de leito carroçável,Ausência de reação do condutor,Garoa/Chuvisco,2025-04-20,1
2025-04-20,01:00:00,101,393,RIO DE JANEIRO,RJ,Queda de ocupante de veículo,Ingestão de álcool pelo condutor,Nublado,2025-04-20,1
2025-04-20,01:15:00,226,"167,1",CURRAIS NOVOS,RN,Saída de leito carroçável,Condutor Dormindo,Céu Claro,2025-04-20,1
2025-04-20,01:00:00,280,274,IRINEOPOLIS,SC,Colisão com objeto,Sinalização mal posicionada,Céu Claro,2025-04-20,1
2025-04-20,01:30:00,316,"441,8",PERITORO,MA,Saída de leito carroçável,Ausência de reação do condutor,Ignorado,2025-04-20,1
2025-04-20,02:42:00,163,"209,4",CAARAPO,MS,Atropelamento de Pedestre,Pedestre andava na pista,Nevoeiro/Neblina,2025-04-20,2
2025-04-20,03:30:00,277,0,PARANAGUA,PR,Colisão transversal,Acessar a via sem observar a presença dos outros veículos,Nublado,2025-04-20,3
2025-04-20,03:50:00,381,"886,2",ESTIVA,MG,Colisão com objeto,Ingestão de álcool pelo condutor,Nublado,2025-04-20,3
2025-04-20,04:55:00,116,157,SAO JOSE DOS CAMPOS,SP,Engavetamento,Condutor deixou de manter distância do veículo da frente,Garoa/Chuvisco,2025-04-20,4
2025-04-20,01:50:00,116,"494,8",INHAPIM,MG,Saída de leito carroçável,Chuva,Chuva,2025-04-20,1
2025-04-20,03:50:00,282,"654,9",SAO MIGUEL DO OESTE,SC,Colisão transversal,Acessar a via sem observar a presença dos outros veículos,Céu Claro,2025-04-20,3
2025-04-20,04:00:00,163,836,SINOP,MT,Colisão lateral mesmo sentido,Ingestão de álcool pelo condutor,Céu Claro,2025-04-20,4
2025-04-19,23:00:00,135,"312,2",DOM PEDRO,MA,Colisão frontal,Transitar na contramão,Céu Claro,2025-04-19,23
2025-04-20,04:00:00,277,187,PALMEIRA,PR,Saída de leito carroçável,Ingestão de álcool pelo condutor,Céu Claro,2025-04-20,4
2025-04-20,05:40:00,392,117,CANGUCU,RS,Saída de leito carroçável,Velocidade Incompatível,Ignorado,2025-04-20,5
2025-04-17,05:30:00,116,260,TUCANO,BA,Atropelamento de Animal,Ausência de reação do condutor,Céu Claro,2025-04-17,5
2025-04-19,22:00:00,158,"159,1",PANAMBI,RS,Saída de leito carroçável,Ingestão de álcool pelo condutor,Céu Claro,2025-04-19,22
2025-04-20,06:30:00,101,154,PORTO BELO,SC,Saída de leito carroçável,Ingestão de álcool pelo condutor,Céu Claro,2025-04-20,6
2025-04-20,06:00:00,277,"67,4",SAO JOSE DOS PINHAIS,PR,Colisão com objeto,Condutor Dormindo,Nublado,2025-04-20,6
2025-04-16,16:00:00,324,620,SALVADOR,BA,Colisão traseira,Condutor deixou de manter distância do veículo da frente,Céu Claro,2025-04-16,16
2025-04-20,06:00:00,101,132,BALNEARIO CAMBORIU,SC,Saída de leito carroçável,Ausência de reação do condutor,Nublado,2025-04-20,6
2025-04-16,23:00:00,343,"329,5",TERESINA,PI,Tombamento,Ausência de reação do condutor,Céu Claro,2025-04-16,23
2025-04-20,01:00:00,324,514,FEIRA DE SANTANA,BA,Colisão traseira,Ausência de reação do condutor,Nublado,2025-04-20,1
2025-04-19,22:10:00,101,229,SILVA JARDIM,RJ,Capotamento,Acumulo de água sobre o pavimento,Chuva,2025-04-19,22
2025-04-20,06:40:00,262,"122,7",RIO CASCA,MG,Colisão lateral sentido oposto,Ausência de reação do condutor,Céu Claro,2025-04-20,6
2025-04-20,07:00:00,101,34,SAO JOSE,SC,Queda de ocupante de veículo,Reação tardia ou ineficiente do condutor,Céu Claro,2025-04-20,7
2025-04-16,23:10:00,101,"214,4",PALHOCA,SC,Tombamento,Reação tardia ou ineficiente do condutor,Céu Claro,2025-04-16,23
2025-04-16,23:00:00,277,584,CASCAVEL,PR,Colisão lateral mesmo sentido,Manobra de mudança de faixa,Céu Claro,2025-04-16,23
2025-04-20,07:00:00,381,525,BRUMADINHO,MG,Colisão traseira,Frear bruscamente,Céu Claro,2025-04-20,7
2025-04-20,05:00:00,386,"347,8",LAJEADO,RS,Saída de leito carroçável,Ausência de reação do condutor,Céu Claro,2025-04-20,5
2025-04-16,12:10:00,280,"128,7",RIO NEGRINHO,SC,Colisão lateral mesmo sentido,Trafegar com motocicleta (ou similar) entre as faixas,Céu Claro,2025-04-16,12
2025-04-20,06:25:00,277,513,GUARANIACU,PR,Colisão frontal,Ingestão de álcool pelo condutor,Céu Claro,2025-04-20,6
2025-04-20,07:55:00,101,"195,8",BIGUACU,SC,Eventos atípicos,Entrada inopinada do pedestre,Céu Claro,2025-04-20,7
2025-04-16,09:30:00,381,"503,7",BETIM,MG,Colisão com objeto,Chuva,Chuva,2025-04-16,9
2025-04-16,18:12:00,316,8,TERESINA,PI,Atropelamento de Pedestre,Entrada inopinada do pedestre,Céu Claro,2025-04-16,18
2025-04-20,07:00:00,101,"209,1",IBIRACU,ES,Colisão lateral mesmo sentido,Manobra de mudança de faixa,Céu Claro,2025-04-20,7
2025-04-16,22:30:00,381,"493,5",BETIM,MG,Tombamento,Velocidade Incompatível,Nublado,2025-04-16,22
2025-04-20,08:15:00,116,169,RIO DE JANEIRO,RJ,Colisão com objeto,Mal súbito do condutor,Céu Claro,2025-04-20,8
2025-04-16,14:00:00,365,340,VARJAO DE MINAS,MG,Saída de leito carroçável,Chuva,Chuva,2025-04-16,14
2025-04-16,14:30:00,232,79,GRAVATA,PE,Colisão frontal,Ingestão de álcool pelo condutor,Sol,2025-04-16,14
2025-04-20,08:50:00,222,"4,8",CAUCAIA,CE,Saída de leito carroçável,Pista Escorregadia,Chuva,2025-04-20,8
2025-04-20,08:15:00,153,"609,9",MORRINHOS,GO,Queda de ocupante de veículo,Velocidade Incompatível,Céu Claro,2025-04-20,8
2025-04-20,07:10:00,230,"173,9",CAMPINA GRANDE,PB,Saída de leito carroçável,Ausência de reação do condutor,Céu Claro,2025-04-20,7
2025-04-20,08:20:00,60,91,ANAPOLIS,GO,Colisão traseira,Condutor deixou de manter distância do veículo da frente,Céu Claro,2025-04-20,8
2025-04-20,05:20:00,153,507,APARECIDA DE GOIANIA,GO,Queda de ocupante de veículo,Condutor Dormindo,Nevoeiro/Neblina,2025-04-20,5
2025-04-20,07:57:00,101,330,RIO DE JANEIRO,RJ,Colisão traseira,Ausência de reação do condutor,Nublado,2025-04-20,7
2025-04-16,22:00:00,116,"764,9",LEOPOLDINA,MG,Colisão lateral sentido oposto,Reação tardia ou ineficiente do condutor,Céu Claro,2025-04-16,22
2025-04-20,08:45:00,153,"83,6",MIRASSOL,SP,Colisão traseira,Reação tardia ou ineficiente do condutor,Céu Claro,2025-04-20,8
2025-04-16,13:30:00,163,834,SINOP,MT,Engavetamento,Reação tardia ou ineficiente do condutor,Céu Claro,2025-04-16,13
2025-04-16,19:50:00,70,6,AGUAS LINDAS DE GOIAS,GO,Atropelamento de Pedestre,Pedestre cruzava a pista fora da faixa,Céu Claro,2025-04-16,19
2025-04-16,17:50:00,60,499,MARACAJU,MS,Saída de leito carroçável,Ausência de reação do condutor,Nublado,2025-04-16,17
2025-04-20,07:20:00,40,117,DUQUE DE CAXIAS,RJ,Queda de ocupante de veículo,Demais falhas mecânicas ou elétricas,Nublado,2025-04-20,7
2025-04-16,19:40:00,153,"310,8",IMBITUVA,PR,Colisão frontal,Transitar na contramão,Nublado,2025-04-16,19
2025-04-17,08:05:00,40,65,PETROPOLIS,RJ,Engavetamento,Reação tardia ou ineficiente do condutor,Céu Claro,2025-04-17,8
2025-04-20,08:40:00,116,"16,9",MAFRA,SC,Queda de ocupante de veículo,Ausência de reação do condutor,Céu Claro,2025-04-20,8
2025-04-17,07:48:00,40,119,DUQUE DE CAXIAS,RJ,Colisão lateral mesmo sentido,Manobra de mudança de faixa,Céu Claro,2025-04-17,7
2025-04-16,16:00:00,381,"737,7",TRES CORACOES,MG,Saída de leito carroçável,Velocidade Incompatível,Chuva,2025-04-16,16
2025-04-20,09:20:00,153,356,JARAGUA,GO,Colisão transversal,Desrespeitar a preferência no cruzamento,Céu Claro,2025-04-20,9
2025-04-16,19:20:00,116,202,ARUJA,SP,Tombamento,Trafegar com motocicleta (ou similar) entre as faixas,Nublado,2025-04-16,19
2025-04-20,09:25:00,116,5,FORTALEZA,CE,Colisão traseira,Manobra de mudança de faixa,Céu Claro,2025-04-20,9
2025-04-16,16:30:00,40,"1,5",VALPARAISO DE GOIAS,GO,Atropelamento de Pedestre,Pedestre cruzava a pista fora da faixa,Céu Claro,2025-04-16,16
2025-04-16,19:00:00,101,146,ITAPEMA,SC,Colisão lateral mesmo sentido,Trafegar com motocicleta (ou similar) entre as faixas,Céu Claro,2025-04-16,19
2025-04-16,20:15:00,158,"270,9",JULIO DE CASTILHOS,RS,Capotamento,Demais falhas mecânicas ou elétricas,Céu Claro,2025-04-16,20
2025-04-20,08:00:00,101,52,UBATUBA,SP,Colisão transversal,Acessar a via sem observar a presença dos outros veículos,Céu Claro,2025-04-20,8
2025-04-16,12:00:00,493,89,JAPERI,RJ,Saída de leito carroçável,Reação tardia ou ineficiente do condutor,Céu Claro,2025-04-16,12
2025-04-17,04:54:00,101,"257,3",RIO BONITO,RJ,Atropelamento de Animal,Animais na Pista,Céu Claro,2025-04-17,4
2025-04-20,08:00:00,101,515,ANGRA DOS REIS,RJ,Colisão com objeto,Reação tardia ou ineficiente do condutor,Nublado,2025-04-20,8
2025-04-20,09:00:00,101,220,CRUZ DAS ALMAS,BA,Colisão transversal,Acessar a via sem observar a presença dos outros veículos,Céu Claro,2025-04-20,9
2025-04-20,10:10:00,101,"208,1",SAO JOSE,SC,Colisão traseira,Ausência de reação do condutor,Céu Claro,2025-04-20,10
2025-04-20,07:20:00,163,117,NAVIRAI,MS,Saída de leito carroçável,Velocidade Incompatível,Nevoeiro/Neblina,2025-04-20,7
2025-04-20,07:00:00,60,42,ALEXANIA,GO,Saída de leito carroçável,Reação tardia ou ineficiente do condutor,Céu Claro,2025-04-20,7
2025-04-20,10:00:00,101,"94,5",CONDE,PB,Colisão traseira,Acumulo de água sobre o pavimento,Chuva,2025-04-20,10
2025-04-20,10:00:00,414,"439,5",ANAPOLIS,GO,Colisão transversal,Conversão proibida,Sol,2025-04-20,10
2025-04-16,17:20:00,116,"15,3",PEDRA AZUL,MG,Colisão frontal,Transitar na contramão,Céu Claro,2025-04-16,17
2025-04-20,09:50:00,324,534,CONCEICAO DO JACUIPE,BA,Saída de leito carroçável,Demais falhas mecânicas ou elétricas,Céu Claro,2025-04-20,9
2025-04-16,14:00:00,101,66,RECIFE,PE,Colisão traseira,Condutor deixou de manter distância do veículo da frente,Sol,2025-04-16,14
2025-04-20,11:20:00,116,20,EUSEBIO,CE,Colisão lateral mesmo sentido,Acumulo de água sobre o pavimento,Chuva,2025-04-20,11
2025-04-16,15:30:00,493,"18,6",MAGE,RJ,Colisão traseira,Reação tardia ou ineficiente do condutor,Céu Claro,2025-04-16,15
2025-04-20,10:50:00,101,119,ITAJAI,SC,Colisão traseira,Reação tardia ou ineficiente do condutor,Céu Claro,2025-04-20,10
2025-04-20,09:00:00,364,33,VILHENA,RO,Colisão lateral mesmo sentido,Manobra de mudança de faixa,Sol,2025-04-20,9
2025-04-20,09:14:00,163,984,TERRA NOVA DO NORTE,MT,Saída de leito carroçável,Ausência de reação do condutor,Céu Claro,2025-04-20,9
2025-04-20,09:45:00,163,"523,6",JARAGUARI,MS,Tombamento,Reação tardia ou ineficiente do condutor,Nublado,2025-04-20,9
2025-04-20,10:30:00,153,"206,4",NOVA OLINDA,TO,Saída de leito carroçável,Manobra de mudança de faixa,Céu Claro,2025-04-20,10
2025-04-20,11:40:00,381,4,BETIM,MG,Colisão traseira,Ausência de reação do condutor,Céu Claro,2025-04-20,11
2025-04-20,11:20:00,470,"59,4",BLUMENAU,SC,Colisão lateral sentido oposto,Ultrapassagem Indevida,Céu Claro,2025-04-20,11
2025-04-20,08:00:00,116,"134,1",CAXIAS DO SUL,RS,Saída de leito carroçável,Condutor Dormindo,Céu Claro,2025-04-20,8
2025-04-17,07:30:00,116,"116,9",TAUBATE,SP,Engavetamento,Condutor deixou de manter distância do veículo da frente,Sol,2025-04-17,7
2025-04-16,14:15:00,70,13,BRASILIA,DF,Saída de leito carroçável,Avarias e/ou desgaste excessivo no pneu,Céu Claro,2025-04-16,14
2025-04-15,16:30:00,316,"220,5",GOVERNADOR NEWTON BELLO,MA,Colisão frontal,Demais falhas na via,Céu Claro,2025-04-15,16
2025-04-20,13:00:00,381,"49,8",ATIBAIA,SP,Queda de ocupante de veículo,Reação tardia ou ineficiente do condutor,Céu Claro,2025-04-20,13
2025-04-20,07:54:00,163,70,ALTAMIRA,PA,Queda de ocupante de veículo,Ingestão de álcool pelo condutor,Ignorado,2025-04-20,7
2025-04-16,20:30:00,259,53,COLATINA,ES,Tombamento,Reação tardia ou ineficiente do condutor,Nublado,2025-04-16,20
2025-04-20,12:30:00,381,500,BETIM,MG,Colisão lateral mesmo sentido,Manobra de mudança de faixa,Céu Claro,2025-04-20,12
2025-04-20,13:00:00,101,"266,1",SERRA,ES,Queda de ocupante de veículo,Reação tardia ou ineficiente do condutor,Céu Claro,2025-04-20,13
2025-04-20,12:30:00,101,36,UBATUBA,SP,Colisão transversal,Acessar a via sem observar a presença dos outros veículos,Chuva,2025-04-20,12
2025-04-16,22:40:00,101,266,SERRA,ES,Colisão lateral mesmo sentido,Trafegar com motocicleta (ou similar) entre as faixas,Garoa/Chuvisco,2025-04-16,22
2025-04-16,18:30:00,163,"542,7",BANDEIRANTES,MS,Saída de leito carroçável,Ausência de reação do condutor,Céu Claro,2025-04-16,18
2025-04-16,20:42:00,230,1118,ITAITUBA,PA,Capotamento,Reação tardia ou ineficiente do condutor,Ignorado,2025-04-16,20
2025-04-20,13:50:00,116,179,MESQUITA,RJ,Queda de ocupante de veículo,Avarias e/ou desgaste excessivo no pneu,Céu Claro,2025-04-20,13
2025-04-20,13:25:00,116,"23,8",ANTONINA,PR,Queda de ocupante de veículo,Pista Escorregadia,Garoa/Chuvisco,2025-04-20,13
2025-04-20,14:00:00,101,270,SERRA,ES,Colisão traseira,Ausência de reação do condutor,Céu Claro,2025-04-20,14
2025-04-16,18:58:00,365,813,SANTA VITORIA,MG,Colisão traseira,Ausência de reação do condutor,Céu Claro,2025-04-16,18
2025-04-20,14:12:00,101,42,PALHOCA,SC,Saída de leito carroçável,Ausência de reação do condutor,Céu Claro,2025-04-20,14
2025-04-20,11:00:00,50,78,UBERLANDIA,MG,Incêndio,Problema com o freio,Céu Claro,2025-04-20,11
2025-04-20,12:01:00,101,131,CAMBORIU,SC,Colisão lateral mesmo sentido,Condutor deixou de manter distância do veículo da frente,Céu Claro,2025-04-20,12
2025-04-20,13:45:00,40,459,CAETANOPOLIS,MG,Engavetamento,Velocidade Incompatível,Céu Claro,2025-04-20,13
2025-04-20,14:00:00,376,"8,1",MANDAGUARI,PR,Colisão com objeto,Ausência de reação do condutor,Céu Claro,2025-04-20,14
2025-04-16,18:30:00,381,"5,1",BETIM,MG,Atropelamento de Animal,Animais na Pista,Céu Claro,2025-04-16,18
2025-04-20,14:55:00,70,472,ARAGARCAS,GO,Atropelamento de Pedestre,Pedestre cruzava a pista fora da faixa,Céu Claro,2025-04-20,14
2025-04-20,15:00:00,381,75,MAIRIPORA,SP,Colisão com objeto,Ausência de reação do condutor,Garoa/Chuvisco,2025-04-20,15
2025-04-20,15:00:00,116,189,NOVA IGUACU,RJ,Colisão traseira,Condutor deixou de manter distância do veículo da frente,Sol,2025-04-20,15
2025-04-20,13:45:00,116,509,CAJATI,SP,Tombamento,Reação tardia ou ineficiente do condutor,Nublado,2025-04-20,13
2025-04-20,14:45:00,428,"188,4",PETROLINA,PE,Colisão traseira,Reação tardia ou ineficiente do condutor,Céu Claro,2025-04-20,14
2025-04-16,10:00:00,101,404,ITAGUAI,RJ,Colisão traseira,Ausência de reação do condutor,Céu Claro,2025-04-16,10
2025-04-20,14:00:00,40,64,PETROPOLIS,RJ,Queda de ocupante de veículo,Chuva,Chuva,2025-04-20,14
2025-04-20,15:35:00,381,"503,3",BETIM,MG,Colisão com objeto,Ausência de reação do condutor,Céu Claro,2025-04-20,15
2025-04-20,15:35:00,163,258,TOLEDO,PR,Saída de leito carroçável,Ingestão de álcool pelo condutor,Céu Claro,2025-04-20,15
2025-04-20,15:50:00,101,"146,5",LINHARES,ES,Colisão traseira,Ausência de reação do condutor,Céu Claro,2025-04-20,15
2025-04-16,19:15:00,116,"267,3",CANOAS,RS,Colisão traseira,Condutor deixou de manter distância do veículo da frente,Céu Claro,2025-04-16,19
2025-04-20,14:00:00,70,"627,6",POCONE,MT,Saída de leito carroçável,Acumulo de água sobre o pavimento,Chuva,2025-04-20,14
2025-04-20,15:50:00,232,"112,3",BEZERROS,PE,Saída de leito carroçável,Acumulo de água sobre o pavimento,Chuva,2025-04-20,15
2025-04-20,14:22:00,262,"449,8",NOVA SERRANA,MG,Colisão lateral sentido oposto,Ingestão de álcool pelo condutor,Céu Claro,2025-04-20,14
2025-04-20,15:40:00,414,"411,2",ABADIANIA,GO,Queda de ocupante de veículo,Transtornos Mentais (exceto suicidio),Céu Claro,2025-04-20,15
2025-04-20,16:00:00,101,"127,6",SOORETAMA,ES,Colisão com objeto,Reação tardia ou ineficiente do condutor,Céu Claro,2025-04-20,16
2025-04-20,16:00:00,470,2,NAVEGANTES,SC,Colisão transversal,Desrespeitar a preferência no cruzamento,Céu Claro,2025-04-20,16
2025-04-20,14:30:00,116,188,CAMPO DO TENENTE,PR,Colisão transversal,Desrespeitar a preferência no cruzamento,Céu Claro,2025-04-20,14
2025-04-20,14:10:00,101,"372,5",ICONHA,ES,Colisão transversal,Acessar a via sem observar a presença dos outros veículos,Nublado,2025-04-20,14
2025-04-20,15:50:00,116,"509,1",UBAPORANGA,MG,Colisão transversal,Ingestão de álcool pelo condutor,Nublado,2025-04-20,15
2025-04-20,14:20:00,222,161,SOBRAL,CE,Capotamento,Demais falhas mecânicas ou elétricas,Céu Claro,2025-04-20,14
2025-04-20,16:30:00,101,"194,6",BIGUACU,SC,Atropelamento de Pedestre,Entrada inopinada do pedestre,Céu Claro,2025-04-20,16
2025-04-16,08:40:00,116,"132,2",CACAPAVA,SP,Colisão traseira,Ausência de reação do condutor,Nublado,2025-04-16,8
2025-04-16,13:40:00,116,"139,2",SAO JOSE DOS CAMPOS,SP,Colisão traseira,Condutor deixou de manter distância do veículo da frente,Nublado,2025-04-16,13
2025-04-20,16:30:00,116,209,GUARULHOS,SP,Colisão traseira,Ausência de reação do condutor,Nublado,2025-04-20,16
2025-04-20,15:18:00,163,838,SINOP,MT,Colisão lateral mesmo sentido,Manobra de mudança de faixa,Céu Claro,2025-04-20,15
2025-04-20,16:27:00,290,479,ROSARIO DO SUL,RS,Engavetamento,Frear bruscamente,Céu Claro,2025-04-20,16
2025-04-20,14:55:00,101,"213,6",IBIRACU,ES,Colisão lateral mesmo sentido,Manobra de mudança de faixa,Nublado,2025-04-20,14
2025-04-20,17:25:00,153,"19,1",JACAREZINHO,PR,Tombamento,Reação tardia ou ineficiente do condutor,Céu Claro,2025-04-20,17
2025-04-20,17:05:00,316,"2,4",TERESINA,PI,Colisão lateral mesmo sentido,Manobra de mudança de faixa,Sol,2025-04-20,17
2025-04-16,16:48:00,70,5,BARRA DO GARCAS,MT,Tombamento,Mal súbito do condutor,Céu Claro,2025-04-16,16