data_inversa,horario,br,km,municipio,uf,tipo_acidente,causa_acidente,condicao_metereologica,data,hora
2025-04-20,17:30:00,369,88,CORNELIO PROCOPIO,PR,Saída de leito carroçável,Reação tardia ou ineficiente do condutor,Céu Claro,2025-04-20,17
2025-04-20,18:00:00,153,145,ARAGUAINA,TO,Saída de leito carroçável,Condutor usando celular,Céu Claro,2025-04-20,18
2025-04-20,17:50:00,470,"62,2",INDAIAL,SC,Colisão transversal,Acessar a via sem observar a presença dos outros veículos,Ignorado,2025-04-20,17
2025-04-20,14:57:00,158,282,JULIO DE CASTILHOS,RS,Colisão lateral mesmo sentido,Acessar a via sem observar a presença dos outros veículos,Céu Claro,2025-04-20,14
2025-04-20,18:00:00,101,60,RECIFE,PE,Tombamento,Ausência de reação do condutor,Chuva,2025-04-20,18
2025-04-20,17:30:00,116,288,ITAPECERICA DA SERRA,SP,Queda de ocupante de veículo,Reação tardia ou ineficiente do condutor,Céu Claro,2025-04-20,17
2025-04-20,17:10:00,392,285,SAO SEPE,RS,Saída de leito carroçável,Velocidade Incompatível,Céu Claro,2025-04-20,17
2025-04-20,18:07:00,226,"7,3",NATAL,RN,Colisão traseira,Deficiência do Sistema de Iluminação/Sinalização,Céu Claro,2025-04-20,18
2025-04-20,18:02:00,153,"686,2",ITUMBIARA,GO,Colisão traseira,Ingestão de álcool pelo condutor,Céu Claro,2025-04-20,18
2025-04-20,18:40:00,230,11,CABEDELO,PB,Colisão traseira,Condutor deixou de manter distância do veículo da frente,Céu Claro,2025-04-20,18
2025-04-20,18:13:00,101,282,IMBITUBA,SC,Saída de leito carroçável,Ingestão de álcool pelo condutor,Céu Claro,2025-04-20,18
2025-04-20,18:54:00,381,451,SABARA,MG,Atropelamento de Pedestre,Suicídio (presumido),Nublado,2025-04-20,18
2025-04-16,10:20:00,153,"51,9",ERECHIM,RS,Colisão transversal,Acessar a via sem observar a presença dos outros veículos,Céu Claro,2025-04-16,10
2025-04-20,19:00:00,101,71,RECIFE,PE,Tombamento,Ausência de reação do condutor,Nublado,2025-04-20,19
2025-04-20,06:30:00,222,203,SOBRAL,CE,Saída de leito carroçável,Reação tardia ou ineficiente do condutor,Céu Claro,2025-04-20,6
2025-04-20,18:40:00,158,327,SANTA MARIA,RS,Colisão lateral mesmo sentido,Acessar a via sem observar a presença dos outros veículos,Céu Claro,2025-04-20,18
2025-04-20,18:20:00,116,122,CURITIBA,PR,Engavetamento,Condutor deixou de manter distância do veículo da frente,Nublado,2025-04-20,18
2025-04-20,19:15:00,101,215,PALHOCA,SC,Queda de ocupante de veículo,Demais falhas na via,Céu Claro,2025-04-20,19
2025-04-20,19:00:00,408,"93,1",SAO LOURENCO DA MATA,PE,Colisão lateral mesmo sentido,Reação tardia ou ineficiente do condutor,Céu Claro,2025-04-20,19
2025-04-20,19:20:00,101,"36,9",ITAPISSUMA,PE,Tombamento,Ausência de reação do condutor,Chuva,2025-04-20,19
2025-04-16,11:00:00,101,469,ANGRA DOS REIS,RJ,Colisão traseira,Ausência de reação do condutor,Céu Claro,2025-04-16,11
2025-04-20,19:05:00,116,"277,9",TEOFILO OTONI,MG,Colisão transversal,Acessar a via sem observar a presença dos outros veículos,Céu Claro,2025-04-20,19
2025-04-20,18:00:00,158,653,NOVA XAVANTINA,MT,Queda de ocupante de veículo,Reação tardia ou ineficiente do condutor,Céu Claro,2025-04-20,18
2025-04-20,20:00:00,230,"11,1",CABEDELO,PB,Colisão traseira,Velocidade Incompatível,Céu Claro,2025-04-20,20
2025-04-20,19:40:00,116,127,FAZENDA RIO GRANDE,PR,Colisão lateral mesmo sentido,Transitar no Acostamento,Céu Claro,2025-04-20,19
2025-04-20,19:30:00,470,2,NAVEGANTES,SC,Colisão transversal,Acessar a via sem observar a presença dos outros veículos,Céu Claro,2025-04-20,19
2025-04-20,19:30:00,101,82,JABOATAO DOS GUARARAPES,PE,Colisão traseira,Acessar a via sem observar a presença dos outros veículos,Chuva,2025-04-20,19
2025-04-20,18:00:00,163,962,NOVA SANTA HELENA,MT,Queda de ocupante de veículo,Afundamento ou ondulação no pavimento,Ignorado,2025-04-20,18
2025-04-20,19:20:00,226,"110,5",SANTA CRUZ,RN,Colisão transversal,Velocidade Incompatível,Céu Claro,2025-04-20,19
2025-04-20,19:40:00,101,48,CONCEICAO DA BARRA,ES,Colisão frontal,Transitar na contramão,Nublado,2025-04-20,19
2025-04-20,19:00:00,277,389,CANDOI,PR,Colisão transversal,Acessar a via sem observar a presença dos outros veículos,Céu Claro,2025-04-20,19
2025-04-20,18:20:00,40,96,RIO DE JANEIRO,RJ,Colisão com objeto,Pista Escorregadia,Chuva,2025-04-20,18
2025-04-20,18:30:00,222,"64,5",PIRIPIRI,PI,Saída de leito carroçável,Reação tardia ou ineficiente do condutor,Nublado,2025-04-20,18
2025-04-20,20:50:00,40,4,BRASILIA,DF,Queda de ocupante de veículo,Transtornos Mentais (exceto suicidio),Céu Claro,2025-04-20,20
2025-04-20,19:00:00,361,"4,5",SAO MAMEDE,PB,Colisão lateral sentido oposto,Ultrapassagem Indevida,Garoa/Chuvisco,2025-04-20,19
2025-04-20,18:00:00,262,361,CAMPO GRANDE,MS,Colisão frontal,Ultrapassagem Indevida,Céu Claro,2025-04-20,18
2025-04-20,18:10:00,101,286,LAJE,BA,Colisão traseira,Ingestão de álcool pelo condutor,Céu Claro,2025-04-20,18
2025-04-20,03:30:00,280,"237,9",CANOINHAS,SC,Colisão transversal,Acessar a via sem observar a presença dos outros veículos,Nublado,2025-04-20,3
2025-04-20,20:40:00,101,"80,7",OSORIO,RS,Colisão lateral mesmo sentido,Acessar a via sem observar a presença dos outros veículos,Céu Claro,2025-04-20,20
2025-04-20,21:00:00,153,334,GUARAI,TO,Colisão com objeto,Ingestão de álcool pelo condutor,Céu Claro,2025-04-20,21
2025-04-20,19:50:00,101,311,SAO GONCALO,RJ,Colisão traseira,Trafegar com motocicleta (ou similar) entre as faixas,Garoa/Chuvisco,2025-04-20,19
2025-04-16,16:15:00,469,"14,5",FOZ DO IGUACU,PR,Colisão lateral mesmo sentido,Condutor deixou de manter distância do veículo da frente,Céu Claro,2025-04-16,16
2025-04-20,20:30:00,282,"486,7",FAXINAL DOS GUEDES,SC,Saída de leito carroçável,Reação tardia ou ineficiente do condutor,Céu Claro,2025-04-20,20
2025-04-20,21:20:00,116,"89,9",PINDAMONHANGABA,SP,Colisão transversal,Entrada inopinada do pedestre,Nublado,2025-04-20,21
2025-04-20,16:50:00,116,"124,5",CACAPAVA,SP,Saída de leito carroçável,Ingestão de álcool pelo condutor,Céu Claro,2025-04-20,16
2025-04-20,18:45:00,470,"319,8",CAMPOS NOVOS,SC,Colisão traseira,Ausência de reação do condutor,Céu Claro,2025-04-20,18
2025-04-16,17:40:00,101,321,NITEROI,RJ,Colisão lateral mesmo sentido,Condutor deixou de manter distância do veículo da frente,Céu Claro,2025-04-16,17
2025-04-20,21:25:00,376,"221,8",CAMBIRA,PR,Saída de leito carroçável,Ausência de reação do condutor,Céu Claro,2025-04-20,21
2025-04-20,22:00:00,277,729,FOZ DO IGUACU,PR,Colisão traseira,Condutor deixou de manter distância do veículo da frente,Céu Claro,2025-04-20,22
2025-04-20,22:10:00,277,340,GUARAPUAVA,PR,Capotamento,Reação tardia ou ineficiente do condutor,Céu Claro,2025-04-20,22
2025-04-20,21:02:00,316,59,TRINDADE,PE,Colisão frontal,Transitar na contramão,Céu Claro,2025-04-20,21
2025-04-20,22:30:00,285,"120,6",VACARIA,RS,Colisão transversal,Desrespeitar a preferência no cruzamento,Céu Claro,2025-04-20,22
2025-04-20,22:40:00,116,264,CANOAS,RS,Colisão traseira,Estacionar ou parar em local proibido,Céu Claro,2025-04-20,22
2025-04-16,17:35:00,101,323,NITEROI,RJ,Colisão lateral mesmo sentido,Condutor deixou de manter distância do veículo da frente,Céu Claro,2025-04-16,17
2025-04-20,19:00:00,465,13,SEROPEDICA,RJ,Colisão transversal,Velocidade Incompatível,Nublado,2025-04-20,19
2025-04-20,22:40:00,101,149,ITAPEMA,SC,Colisão traseira,Trafegar com motocicleta (ou similar) entre as faixas,Garoa/Chuvisco,2025-04-20,22
2025-04-20,21:30:00,282,"259,1",SAO JOSE DO CERRITO,SC,Colisão lateral sentido oposto,Ingestão de álcool pelo condutor,Céu Claro,2025-04-20,21
2025-04-20,22:20:00,163,"89,9",GUARACIABA,SC,Tombamento,Deficiência do Sistema de Iluminação/Sinalização,Céu Claro,2025-04-20,22
2025-04-20,17:00:00,435,"75,5",COLORADO DO OESTE,RO,Colisão traseira,Ultrapassagem Indevida,Nublado,2025-04-20,17
2025-04-20,19:50:00,354,"751,9",POUSO ALTO,MG,Colisão frontal,Ingestão de álcool pelo condutor,Céu Claro,2025-04-20,19
2025-04-20,21:00:00,163,115,RONDONOPOLIS,MT,Colisão frontal,Transitar na contramão,Céu Claro,2025-04-20,21
2025-04-20,22:33:00,393,178,PARAIBA DO SUL,RJ,Colisão lateral mesmo sentido,Ultrapassagem Indevida,Céu Claro,2025-04-20,22
2025-04-20,23:50:00,101,"210,4",IBIRACU,ES,Saída de leito carroçável,Condutor Dormindo,Céu Claro,2025-04-20,23
2025-04-20,23:55:00,470,"142,9",RIO DO SUL,SC,Saída de leito carroçável,Reação tardia ou ineficiente do condutor,Céu Claro,2025-04-20,23
2025-04-20,21:00:00,405,8,UIRAUNA,PB,Colisão com objeto,Mal súbito do condutor,Céu Claro,2025-04-20,21
2025-04-20,20:54:00,70,473,ARAGARCAS,GO,Colisão lateral sentido oposto,Acessar a via sem observar a presença dos outros veículos,Céu Claro,2025-04-20,20
2025-04-20,23:00:00,40,214,JOAO PINHEIRO,MG,Colisão com objeto,Velocidade Incompatível,Céu Claro,2025-04-20,23
2025-04-21,00:40:00,40,524,CONTAGEM,MG,Colisão com objeto,Ausência de sinalização,Céu Claro,2025-04-21,0
2025-04-21,00:55:00,101,"434,3",SOMBRIO,SC,Atropelamento de Pedestre,Suicídio (presumido),Céu Claro,2025-04-21,0
2025-04-21,02:10:00,40,50,PETROPOLIS,RJ,Atropelamento de Animal,Animais na Pista,Céu Claro,2025-04-21,2
2025-04-21,02:30:00,235,"4,5",BARRA DOS COQUEIROS,SE,Tombamento,Ausência de reação do condutor,Céu Claro,2025-04-21,2
2025-04-21,01:40:00,101,92,CABO DE SANTO AGOSTINHO,PE,Capotamento,Condutor Dormindo,Céu Claro,2025-04-21,1
2025-04-21,00:50:00,116,"106,4",TAUBATE,SP,Colisão com objeto,Ingestão de álcool pelo condutor,Nublado,2025-04-21,0
2025-04-21,01:45:00,116,422,CRISTAL,RS,Saída de leito carroçável,Ausência de reação do condutor,Céu Claro,2025-04-21,1
2025-04-21,03:30:00,277,20,MORRETES,PR,Saída de leito carroçável,Demais falhas mecânicas ou elétricas,Céu Claro,2025-04-21,3
2025-04-21,03:50:00,282,"517,9",XAXIM,SC,Colisão traseira,Condutor deixou de manter distância do veículo da frente,Céu Claro,2025-04-21,3
2025-04-21,03:40:00,116,298,GUAIBA,RS,Saída de leito carroçável,Ingestão de álcool pelo condutor,Céu Claro,2025-04-21,3
2025-04-21,04:00:00,381,923,CAMANDUCAIA,MG,Colisão com objeto,Condutor Dormindo,Nevoeiro/Neblina,2025-04-21,4
2025-04-21,02:15:00,423,29,CANAPI,AL,Colisão com objeto,Condutor Dormindo,Céu Claro,2025-04-21,2
2025-04-21,03:00:00,163,1062,GUARANTA DO NORTE,MT,Colisão traseira,Condutor deixou de manter distância do veículo da frente,Céu Claro,2025-04-21,3
2025-04-21,04:20:00,386,46,SEBERI,RS,Queda de ocupante de veículo,Ausência de reação do condutor,Céu Claro,2025-04-21,4
2025-04-21,04:51:00,101,68,RECIFE,PE,Atropelamento de Animal,Animais na Pista,Céu Claro,2025-04-21,4
2025-04-21,05:45:00,116,"212,4",GUARULHOS,SP,Colisão com objeto,Velocidade Incompatível,Nublado,2025-04-21,5
2025-04-21,03:40:00,393,235,VASSOURAS,RJ,Atropelamento de Pedestre,Entrada inopinada do pedestre,Chuva,2025-04-21,3
2025-04-21,05:07:00,232,82,GRAVATA,PE,Colisão frontal,Transitar na contramão,Céu Claro,2025-04-21,5
2025-04-21,05:00:00,50,177,UBERABA,MG,Saída de leito carroçável,Ausência de reação do condutor,Nublado,2025-04-21,5
2025-04-21,04:30:00,101,457,ANGRA DOS REIS,RJ,Colisão lateral sentido oposto,Ingestão de álcool pelo condutor,Chuva,2025-04-21,4
2025-04-21,03:10:00,101,54,CAMPOS DOS GOYTACAZES,RJ,Queda de ocupante de veículo,Reação tardia ou ineficiente do condutor,Nublado,2025-04-21,3
2025-04-20,23:30:00,373,237,IMBITUVA,PR,Saída de leito carroçável,Demais falhas mecânicas ou elétricas,Ignorado,2025-04-20,23
2025-04-21,04:20:00,262,498,ANASTACIO,MS,Colisão traseira,Condutor Dormindo,Céu Claro,2025-04-21,4
2025-04-21,06:45:00,40,"797,2",JUIZ DE FORA,MG,Colisão com objeto,Condutor Dormindo,Céu Claro,2025-04-21,6
2025-04-21,06:00:00,116,29,CAMPINA GRANDE DO SUL,PR,Saída de leito carroçável,Ausência de reação do condutor,Garoa/Chuvisco,2025-04-21,6
2025-04-21,06:00:00,101,58,ARAQUARI,SC,Colisão traseira,Ausência de reação do condutor,Céu Claro,2025-04-21,6
2025-04-20,23:41:00,116,"42,1",CAMPINA GRANDE DO SUL,PR,Saída de leito carroçável,Ausência de reação do condutor,Garoa/Chuvisco,2025-04-20,23
2025-04-16,12:30:00,277,120,CAMPO LARGO,PR,Colisão traseira,Ausência de reação do condutor,Céu Claro,2025-04-16,12
2025-04-21,06:50:00,290,412,SAO GABRIEL,RS,Saída de leito carroçável,Ingestão de álcool pelo condutor,Céu Claro,2025-04-21,6
2025-04-21,08:00:00,402,7,BURITI DOS LOPES,PI,Saída de leito carroçável,Ausência de reação do condutor,Céu Claro,2025-04-21,8
2025-04-20,16:30:00,463,1,DOURADOS,MS,Eventos atípicos,Acessar a via sem observar a presença dos outros veículos,Céu Claro,2025-04-20,16
2025-04-21,07:05:00,277,309,GUARAPUAVA,PR,Engavetamento,Reação tardia ou ineficiente do condutor,Garoa/Chuvisco,2025-04-21,7
2025-04-21,08:00:00,101,76,RECIFE,PE,Colisão frontal,Acessar a via sem observar a presença dos outros veículos,Nublado,2025-04-21,8
2025-04-21,07:30:00,376,172,MARINGA,PR,Colisão lateral mesmo sentido,Ausência de reação do condutor,Céu Claro,2025-04-21,7
2025-04-21,06:45:00,101,"112,2",ITAJAI,SC,Colisão com objeto,Ingestão de álcool pelo condutor,Céu Claro,2025-04-21,6
2025-04-21,08:20:00,101,207,SAO JOSE,SC,Colisão traseira,Reação tardia ou ineficiente do condutor,Céu Claro,2025-04-21,8
2025-04-21,08:00:00,50,"131,2",IPAMERI,GO,Queda de ocupante de veículo,Demais falhas mecânicas ou elétricas,Nublado,2025-04-21,8
2025-04-20,21:20:00,381,360,JOAO MONLEVADE,MG,Colisão transversal,Ausência de reação do condutor,Nublado,2025-04-20,21
2025-04-21,08:20:00,101,90,JOAO PESSOA,PB,Colisão traseira,Ausência de reação do condutor,Sol,2025-04-21,8
2025-04-21,08:30:00,101,50,UBATUBA,SP,Colisão transversal,Acessar a via sem observar a presença dos outros veículos,Céu Claro,2025-04-21,8
2025-04-21,07:00:00,470,"65,5",INDAIAL,SC,Colisão frontal,Conversão proibida,Céu Claro,2025-04-21,7
2025-04-21,08:10:00,304,53,BEBERIBE,CE,Colisão transversal,Acessar a via sem observar a presença dos outros veículos,Céu Claro,2025-04-21,8
2025-04-21,06:45:00,101,10,BIGUACU,SC,Saída de leito carroçável,Condutor Dormindo,Nublado,2025-04-21,6
2025-04-21,08:30:00,70,"46,3",BARRA DO GARCAS,MT,Saída de leito carroçável,Ausência de reação do condutor,Céu Claro,2025-04-21,8
2025-04-21,09:45:00,232,252,ARCOVERDE,PE,Tombamento,Acumulo de areia ou detritos sobre o pavimento,Céu Claro,2025-04-21,9
2025-04-21,08:20:00,101,38,UBATUBA,SP,Atropelamento de Animal,Animais na Pista,Chuva,2025-04-21,8
2025-04-21,08:40:00,373,176,PONTA GROSSA,PR,Colisão traseira,Ausência de reação do condutor,Nublado,2025-04-21,8
2025-04-21,09:50:00,116,85,TERESOPOLIS,RJ,Colisão transversal,Acessar a via sem observar a presença dos outros veículos,Chuva,2025-04-21,9
2025-04-21,09:40:00,101,"97,7",SAO CRISTOVAO,SE,Colisão transversal,Acessar a via sem observar a presença dos outros veículos,Céu Claro,2025-04-21,9
2025-04-21,09:10:00,364,580,ITAPUA DO OESTE,RO,Tombamento,Afundamento ou ondulação no pavimento,Céu Claro,2025-04-21,9
2025-04-21,10:00:00,376,605,CURITIBA,PR,Colisão transversal,Velocidade Incompatível,Céu Claro,2025-04-21,10
2025-04-21,10:35:00,232,"25,7",MORENO,PE,Queda de ocupante de veículo,Manobra de mudança de faixa,Céu Claro,2025-04-21,10
2025-04-21,09:44:00,20,"294,2",CANINDE,CE,Colisão lateral mesmo sentido,Ultrapassagem Indevida,Nublado,2025-04-21,9
2025-04-21,10:12:00,40,78,PETROPOLIS,RJ,Saída de leito carroçável,Chuva,Chuva,2025-04-21,10
2025-04-21,10:50:00,101,92,BARRA VELHA,SC,Colisão traseira,Reação tardia ou ineficiente do condutor,Nublado,2025-04-21,10
2025-04-21,10:40:00,267,292,BAEPENDI,MG,Colisão transversal,Acessar a via sem observar a presença dos outros veículos,Céu Claro,2025-04-21,10
2025-04-21,10:20:00,116,144,SAO JOSE DOS CAMPOS,SP,Queda de ocupante de veículo,Reação tardia ou ineficiente do condutor,Céu Claro,2025-04-21,10
2025-04-21,10:00:00,158,"6,2",CASSILANDIA,MS,Colisão transversal,Conversão proibida,Nublado,2025-04-21,10
2025-04-21,10:00:00,101,3,GARUVA,SC,Eventos atípicos,Reação tardia ou ineficiente do condutor,Nublado,2025-04-21,10
2025-04-21,10:20:00,376,300,MAUA DA SERRA,PR,Saída de leito carroçável,Velocidade Incompatível,Céu Claro,2025-04-21,10
2025-04-21,09:00:00,116,128,SAO MARCOS,RS,Saída de leito carroçável,Reação tardia ou ineficiente do condutor,Céu Claro,2025-04-21,9
2025-04-21,09:40:00,116,25,CAMPINA GRANDE DO SUL,PR,Saída de leito carroçável,Pista Escorregadia,Garoa/Chuvisco,2025-04-21,9
2025-04-21,09:40:00,116,20,ANTONINA,PR,Saída de leito carroçável,Chuva,Chuva,2025-04-21,9
2025-04-21,10:40:00,230,"290,8",SANTA LUZIA,PB,Colisão traseira,Reação tardia ou ineficiente do condutor,Céu Claro,2025-04-21,10
2025-04-21,11:00:00,60,24,BRASILIA,DF,Saída de leito carroçável,Reação tardia ou ineficiente do condutor,Céu Claro,2025-04-21,11
2025-04-21,11:40:00,40,79,PETROPOLIS,RJ,Capotamento,Chuva,Chuva,2025-04-21,11
2025-04-21,11:52:00,277,"0,5",PARANAGUA,PR,Colisão traseira,Ausência de reação do condutor,Céu Claro,2025-04-21,11
2025-04-16,20:40:00,116,220,PARACAMBI,RJ,Atropelamento de Pedestre,Entrada inopinada do pedestre,Céu Claro,2025-04-16,20
2025-04-21,11:50:00,222,20,CAUCAIA,CE,Colisão frontal,Transitar na contramão,Sol,2025-04-21,11
2025-04-21,11:55:00,101,"22,5",BIGUACU,SC,Colisão com objeto,Velocidade Incompatível,Céu Claro,2025-04-21,11
2025-04-21,12:45:00,316,23,BENEVIDES,PA,Colisão lateral mesmo sentido,Manobra de mudança de faixa,Céu Claro,2025-04-21,12
2025-04-21,12:10:00,316,161,CAPANEMA,PA,Saída de leito carroçável,Ausência de reação do condutor,Chuva,2025-04-21,12
2025-04-21,07:00:00,290,550,ALEGRETE,RS,Capotamento,Manobra de mudança de faixa,Sol,2025-04-21,7
2025-04-21,12:00:00,163,798,VERA,MT,Saída de leito carroçável,Pista Escorregadia,Chuva,2025-04-21,12
2025-04-21,10:40:00,262,"99,5",ABRE CAMPO,MG,Engavetamento,Ausência de reação do condutor,Céu Claro,2025-04-21,10
2025-04-21,13:10:00,101,860,TEIXEIRA DE FREITAS,BA,Colisão traseira,Reação tardia ou ineficiente do condutor,Céu Claro,2025-04-21,13
2025-04-21,13:10:00,469,"19,2",FOZ DO IGUACU,PR,Tombamento,Avarias e/ou desgaste excessivo no pneu,Céu Claro,2025-04-21,13
2025-04-21,11:30:00,101,"336,1",TUBARAO,SC,Colisão traseira,Reação tardia ou ineficiente do condutor,Sol,2025-04-21,11
2025-04-21,11:50:00,116,82,CASCAVEL,CE,Colisão frontal,Ultrapassagem Indevida,Sol,2025-04-21,11
2025-04-21,13:23:00,101,"14,9",GOIANA,PE,Saída de leito carroçável,Ausência de reação do condutor,Céu Claro,2025-04-21,13
2025-04-21,13:30:00,101,"275,9",IMBITUBA,SC,Colisão traseira,Condutor deixou de manter distância do veículo da frente,Céu Claro,2025-04-21,13
2025-04-21,12:30:00,40,92,DUQUE DE CAXIAS,RJ,Queda de ocupante de veículo,Chuva,Chuva,2025-04-21,12
2025-04-21,13:56:00,316,"148,9",PALMEIRA DOS INDIOS,AL,Colisão transversal,Acesso irregular,Céu Claro,2025-04-21,13
2025-04-21,13:40:00,324,545,AMELIA RODRIGUES,BA,Engavetamento,Ausência de reação do condutor,Céu Claro,2025-04-21,13
2025-04-21,11:40:00,40,"44,4",PARACATU,MG,Colisão traseira,Ausência de reação do condutor,Céu Claro,2025-04-21,11
2025-04-21,13:38:00,280,11,SAO FRANCISCO DO SUL,SC,Colisão transversal,Manobra de mudança de faixa,Céu Claro,2025-04-21,13
2025-04-21,12:50:00,277,"310,1",GUARAPUAVA,PR,Colisão traseira,Ausência de reação do condutor,Céu Claro,2025-04-21,12
2025-04-18,07:30:00,356,87,CARDOSO MOREIRA,RJ,Queda de ocupante de veículo,Ausência de reação do condutor,Céu Claro,2025-04-18,7
2025-04-21,11:30:00,210,103,PORTO GRANDE,AP,Queda de ocupante de veículo,Ausência de reação do condutor,Céu Claro,2025-04-21,11
2025-04-21,13:39:00,20,"4,7",BRASILIA,DF,Colisão traseira,Ausência de reação do condutor,Céu Claro,2025-04-21,13
2025-04-21,13:00:00,101,455,MANGARATIBA,RJ,Colisão traseira,Reação tardia ou ineficiente do condutor,Chuva,2025-04-21,13
2025-04-21,14:10:00,381,7,BETIM,MG,Tombamento,Ausência de reação do condutor,Céu Claro,2025-04-21,14
2025-04-21,13:10:00,40,75,PETROPOLIS,RJ,Colisão traseira,Condutor deixou de manter distância do veículo da frente,Chuva,2025-04-21,13
2025-04-21,13:00:00,280,"185,7",FLORIANOPOLIS,SC,Colisão transversal,Conversão proibida,Céu Claro,2025-04-21,13
2025-04-21,10:10:00,435,"85,1",COLORADO DO OESTE,RO,Colisão lateral mesmo sentido,Acessar a via sem observar a presença dos outros veículos,Céu Claro,2025-04-21,10
2025-04-21,15:05:00,101,89,JABOATAO DOS GUARARAPES,PE,Colisão traseira,Reação tardia ou ineficiente do condutor,Nublado,2025-04-21,15
2025-04-21,14:12:00,70,504,CUIABA,MT,Colisão traseira,Ausência de reação do condutor,Sol,2025-04-21,14
2025-04-21,14:30:00,376,"509,4",PONTA GROSSA,PR,Colisão traseira,Ausência de reação do condutor,Céu Claro,2025-04-21,14
2025-04-21,15:35:00,392,91,PELOTAS,RS,Saída de leito carroçável,Reação tardia ou ineficiente do condutor,Sol,2025-04-21,15
2025-04-21,14:50:00,101,188,CRISTINAPOLIS,SE,Incêndio,Demais falhas mecânicas ou elétricas,Sol,2025-04-21,14
2025-04-21,15:30:00,304,"25,4",MOSSORO,RN,Colisão traseira,Reação tardia ou ineficiente do condutor,Céu Claro,2025-04-21,15
2025-04-21,12:30:00,40,"452,3",CAETANOPOLIS,MG,Colisão traseira,Ausência de reação do condutor,Céu Claro,2025-04-21,12
2025-04-21,15:40:00,40,"683,9",RESSAQUINHA,MG,Colisão com objeto,Demais falhas mecânicas ou elétricas,Céu Claro,2025-04-21,15
2025-04-21,14:05:00,364,195,JATAI,GO,Saída de leito carroçável,Condutor Dormindo,Céu Claro,2025-04-21,14
2025-04-21,14:35:00,470,237,CARLOS BARBOSA,RS,Capotamento,Ausência de reação do condutor,Céu Claro,2025-04-21,14
2025-04-21,14:00:00,116,16,COLOMBO,PR,Tombamento,Manobra de mudança de faixa,Nublado,2025-04-21,14
2025-04-21,14:30:00,101,892,CARAVELAS,BA,Colisão lateral mesmo sentido,Acessar a via sem observar a presença dos outros veículos,Céu Claro,2025-04-21,14
2025-04-21,15:45:00,80,"4,5",BRASILIA,DF,Colisão transversal,Reação tardia ou ineficiente do condutor,Céu Claro,2025-04-21,15
2025-04-21,16:15:00,40,5,LUZIANIA,GO,Colisão traseira,Ausência de reação do condutor,Céu Claro,2025-04-21,16
2025-04-21,15:15:00,163,296,MARECHAL CANDIDO RONDON,PR,Colisão transversal,Acessar a via sem observar a presença dos outros veículos,Céu Claro,2025-04-21,15
2025-04-01,16:50:00,101,61,CAMPOS DOS GOYTACAZES,RJ,Colisão transversal,Transitar no Acostamento,Céu Claro,2025-04-01,16
2025-04-21,15:00:00,356,42,ITAPERUNA,RJ,Colisão traseira,Frear bruscamente,Céu Claro,2025-04-21,15
2025-04-21,16:15:00,116,126,FAZENDA RIO GRANDE,PR,Colisão lateral mesmo sentido,Trafegar com motocicleta (ou similar) entre as faixas,Céu Claro,2025-04-21,16
2025-04-21,16:20:00,153,364,JARAGUA,GO,Colisão traseira,Velocidade Incompatível,Sol,2025-04-21,16
2025-04-21,16:00:00,230,"149,3",CAMPINA GRANDE,PB,Colisão traseira,Condutor deixou de manter distância do veículo da frente,Sol,2025-04-21,16
2025-04-21,16:45:00,101,81,BAYEUX,PB,Engavetamento,Condutor deixou de manter distância do veículo da frente,Céu Claro,2025-04-21,16
2025-04-21,16:10:00,101,"252,7",PAULO LOPES,SC,Colisão traseira,Estacionar ou parar em local proibido,Céu Claro,2025-04-21,16
2025-04-21,09:20:00,60,"32,1",CHAPADAO DO SUL,MS,Colisão transversal,Acessar a via sem observar a presença dos outros veículos,Céu Claro,2025-04-21,9
2025-03-19,22:50:00,282,"571,5",NOVA ERECHIM,SC,Saída de leito carroçável,Velocidade Incompatível,Céu Claro,2025-03-19,22
2025-04-21,15:40:00,163,275,DOURADOS,MS,Saída de leito carroçável,Reação tardia ou ineficiente do condutor,Céu Claro,2025-04-21,15
2025-04-21,16:30:00,40,"633,1",CONSELHEIRO LAFAIETE,MG,Engavetamento,Mal súbito do condutor,Sol,2025-04-21,16
2025-04-21,17:15:00,304,219,CAICARA DO RIO DO VENTO,RN,Colisão traseira,Condutor deixou de manter distância do veículo da frente,Céu Claro,2025-04-21,17
2025-04-21,16:39:00,277,"586,4",CASCAVEL,PR,Colisão transversal,Acessar a via sem observar a presença dos outros veículos,Nublado,2025-04-21,16
2025-04-21,17:00:00,116,134,FAZENDA RIO GRANDE,PR,Saída de leito carroçável,Ausência de reação do condutor,Sol,2025-04-21,17
2025-04-21,14:20:00,282,538,CHAPECO,SC,Queda de ocupante de veículo,Ausência de reação do condutor,Céu Claro,2025-04-21,14
2025-04-21,14:40:00,364,"268,8",JACIARA,MT,Colisão transversal,Acessar a via sem observar a presença dos outros veículos,Nublado,2025-04-21,14
2025-04-21,15:00:00,376,544,PALMEIRA,PR,Colisão transversal,Manobra de mudança de faixa,Céu Claro,2025-04-21,15
2025-04-21,17:30:00,415,22,ILHEUS,BA,Colisão transversal,Desrespeitar a preferência no cruzamento,Céu Claro,2025-04-21,17
2025-04-21,13:30:00,470,"172,4",POUSO REDONDO,SC,Colisão traseira,Condutor deixou de manter distância do veículo da frente,Nublado,2025-04-21,13
2025-04-21,16:40:00,470,"134,7",RIO DO SUL,SC,Engavetamento,Reação tardia ou ineficiente do condutor,Nublado,2025-04-21,16