data_inversa,horario,br,km,municipio,uf,tipo_acidente,causa_acidente,condicao_metereologica,data,hora
2025-04-26,04:30:00,470,3,NAVEGANTES,SC,Saída de leito carroçável,Reação tardia ou ineficiente do condutor,Ignorado,2025-04-26,4
2025-04-26,06:50:00,101,397,MARACAJA,SC,Colisão com objeto,Ausência de reação do condutor,Céu Claro,2025-04-26,6
2025-04-26,06:00:00,50,"42,6",ARAGUARI,MG,Saída de leito carroçável,Ingestão de álcool pelo condutor,Nevoeiro/Neblina,2025-04-26,6
2025-04-26,06:30:00,282,1,FLORIANOPOLIS,SC,Queda de ocupante de veículo,Avarias e/ou desgaste excessivo no pneu,Nublado,2025-04-26,6
2025-04-26,07:20:00,290,107,ELDORADO DO SUL,RS,Colisão traseira,Reação tardia ou ineficiente do condutor,Nevoeiro/Neblina,2025-04-26,7
2025-04-25,22:25:00,230,"619,6",HUMAITA,AM,Colisão com objeto,Reação tardia ou ineficiente do condutor,Nublado,2025-04-25,22
2025-04-26,04:50:00,316,185,VALENCA DO PIAUI,PI,Colisão com objeto,Reação tardia ou ineficiente do condutor,Céu Claro,2025-04-26,4
2025-04-26,07:30:00,116,182,NOVA IGUACU,RJ,Capotamento,Ausência de reação do condutor,Céu Claro,2025-04-26,7
2025-04-26,06:45:00,101,49,JOINVILLE,SC,Saída de leito carroçável,Ingestão de álcool pelo condutor,Céu Claro,2025-04-26,6
2025-04-26,08:15:00,101,194,BIGUACU,SC,Queda de ocupante de veículo,Ingestão de álcool pelo condutor,Céu Claro,2025-04-26,8
2025-04-26,07:28:00,470,122,IBIRAMA,SC,Colisão frontal,Velocidade Incompatível,Nublado,2025-04-26,7
2025-04-26,08:20:00,101,"89,9",JOAO PESSOA,PB,Colisão transversal,Acessar a via sem observar a presença dos outros veículos,Céu Claro,2025-04-26,8
2025-04-26,07:20:00,316,"179,8",BELEM,AL,Incêndio,Demais falhas mecânicas ou elétricas,Céu Claro,2025-04-26,7
2025-04-26,07:50:00,381,452,SABARA,MG,Colisão transversal,Conversão proibida,Céu Claro,2025-04-26,7
2025-04-26,08:45:00,116,169,RIO DE JANEIRO,RJ,Capotamento,Ausência de reação do condutor,Nublado,2025-04-26,8
2025-04-26,08:10:00,343,"8,5",PARNAIBA,PI,Colisão transversal,Acessar a via sem observar a presença dos outros veículos,Sol,2025-04-26,8
2025-04-26,08:15:00,493,"0,5",ITABORAI,RJ,Colisão transversal,Retorno proibido,Céu Claro,2025-04-26,8
2025-03-05,11:00:00,116,107,SAO JOSE DOS PINHAIS,PR,Engavetamento,Reação tardia ou ineficiente do condutor,Céu Claro,2025-03-05,11
2025-04-26,07:45:00,60,411,SIDROLANDIA,MS,Saída de leito carroçável,Ausência de reação do condutor,Céu Claro,2025-04-26,7
2025-04-22,14:50:00,470,57,BLUMENAU,SC,Colisão transversal,Ultrapassagem Indevida,Céu Claro,2025-04-22,14
2025-04-26,07:25:00,101,319,SAO GONCALO,RJ,Tombamento,Ausência de reação do condutor,Céu Claro,2025-04-26,7
2025-04-26,09:30:00,282,"17,3",PALHOCA,SC,Colisão transversal,Acessar a via sem observar a presença dos outros veículos,Céu Claro,2025-04-26,9
2025-04-26,09:00:00,381,"931,9",EXTREMA,MG,Colisão traseira,Ausência de reação do condutor,Céu Claro,2025-04-26,9
2025-03-29,23:30:00,101,485,ANGRA DOS REIS,RJ,Queda de ocupante de veículo,Ausência de reação do condutor,Céu Claro,2025-03-29,23
2025-04-26,09:10:00,101,137,BALNEARIO CAMBORIU,SC,Tombamento,Acumulo de areia ou detritos sobre o pavimento,Céu Claro,2025-04-26,9
2025-04-26,09:00:00,470,"1,3",NAVEGANTES,SC,Colisão frontal,Desrespeitar a preferência no cruzamento,Nublado,2025-04-26,9
2025-04-26,08:30:00,116,123,CACAPAVA,SP,Engavetamento,Condutor deixou de manter distância do veículo da frente,Céu Claro,2025-04-26,8
2025-04-26,09:20:00,40,492,ESMERALDAS,MG,Tombamento,Ausência de reação do condutor,Céu Claro,2025-04-26,9
2025-04-25,16:00:00,40,"313,9",TRES MARIAS,MG,Saída de leito carroçável,Reação tardia ou ineficiente do condutor,Chuva,2025-04-25,16
2025-04-26,10:20:00,343,"327,6",TERESINA,PI,Colisão transversal,Acessar a via sem observar a presença dos outros veículos,Sol,2025-04-26,10
2025-04-26,10:40:00,40,"21,1",LUZIANIA,GO,Atropelamento de Pedestre,Entrada inopinada do pedestre,Céu Claro,2025-04-26,10
2025-04-26,10:30:00,280,"51,6",GUARAMIRIM,SC,Colisão traseira,Condutor deixou de manter distância do veículo da frente,Céu Claro,2025-04-26,10
2025-04-26,09:50:00,101,79,JABOATAO DOS GUARARAPES,PE,Incêndio,Demais falhas mecânicas ou elétricas,Sol,2025-04-26,9
2025-04-26,09:50:00,163,746,SORRISO,MT,Saída de leito carroçável,Velocidade Incompatível,Céu Claro,2025-04-26,9
2025-04-26,10:50:00,277,75,SAO JOSE DOS PINHAIS,PR,Atropelamento de Animal,Ausência de reação do condutor,Sol,2025-04-26,10
2025-04-26,11:15:00,156,799,OIAPOQUE,AP,Colisão transversal,Acessar a via sem observar a presença dos outros veículos,Chuva,2025-04-26,11
2025-04-26,11:40:00,262,95,ABRE CAMPO,MG,Colisão transversal,Acessar a via sem observar a presença dos outros veículos,Céu Claro,2025-04-26,11
2025-04-26,11:20:00,116,222,GUARULHOS,SP,Colisão traseira,Reação tardia ou ineficiente do condutor,Nublado,2025-04-26,11
2025-04-26,11:15:00,101,"123,4",ITAJAI,SC,Tombamento,Velocidade Incompatível,Nublado,2025-04-26,11
2025-04-26,12:35:00,40,"446,8",CAETANOPOLIS,MG,Incêndio,Demais falhas mecânicas ou elétricas,Sol,2025-04-26,12
2025-04-26,07:56:00,163,"873,8",SINOP,MT,Capotamento,Reação tardia ou ineficiente do condutor,Céu Claro,2025-04-26,7
2025-04-26,12:30:00,101,"83,1",SAO GONCALO DO AMARANTE,RN,Colisão traseira,Ausência de reação do condutor,Sol,2025-04-26,12
2025-04-26,12:40:00,210,2,MACAPA,AP,Colisão traseira,Afundamento ou ondulação no pavimento,Garoa/Chuvisco,2025-04-26,12
2025-04-26,12:45:00,101,"51,1",UBATUBA,SP,Colisão transversal,Conversão proibida,Céu Claro,2025-04-26,12
2025-04-26,12:35:00,230,21,JOAO PESSOA,PB,Tombamento,Acessar a via sem observar a presença dos outros veículos,Céu Claro,2025-04-26,12
2025-04-26,13:12:00,104,66,CARUARU,PE,Colisão traseira,Condutor deixou de manter distância do veículo da frente,Céu Claro,2025-04-26,13
2025-04-26,13:30:00,153,439,ANAPOLIS,GO,Colisão traseira,Ingestão de álcool pelo condutor,Céu Claro,2025-04-26,13
2025-04-26,13:30:00,50,"33,5",ARAGUARI,MG,Saída de leito carroçável,Velocidade Incompatível,Nublado,2025-04-26,13
2025-04-26,13:50:00,70,"13,7",BRASILIA,DF,Colisão transversal,Ingestão de álcool pelo condutor,Céu Claro,2025-04-26,13
2025-04-26,13:00:00,364,"273,4",JACIARA,MT,Colisão transversal,Acessar a via sem observar a presença dos outros veículos,Chuva,2025-04-26,13
2025-04-26,13:05:00,116,"2,3",MAFRA,SC,Colisão traseira,Ausência de reação do condutor,Nublado,2025-04-26,13
2025-04-26,11:58:00,376,"174,1",MARINGA,PR,Colisão lateral mesmo sentido,Acessar a via sem observar a presença dos outros veículos,Céu Claro,2025-04-26,11
2025-04-26,13:45:00,101,98,NATAL,RN,Colisão lateral mesmo sentido,Trafegar com motocicleta (ou similar) entre as faixas,Sol,2025-04-26,13
2025-04-26,10:05:00,153,"341,5",IRATI,PR,Saída de leito carroçável,Reação tardia ou ineficiente do condutor,Nublado,2025-04-26,10
2025-04-06,15:45:00,116,19,EUSEBIO,CE,Colisão transversal,Manobra de mudança de faixa,Céu Claro,2025-04-06,15
2025-04-26,14:50:00,40,717,BARBACENA,MG,Colisão com objeto,Velocidade Incompatível,Chuva,2025-04-26,14
2025-04-26,15:00:00,101,207,SAO JOSE,SC,Colisão lateral mesmo sentido,Trafegar com motocicleta (ou similar) entre as faixas,Céu Claro,2025-04-26,15
2025-04-26,13:50:00,153,"1,8",ICEM,SP,Tombamento,Reação tardia ou ineficiente do condutor,Nublado,2025-04-26,13
2025-04-26,10:45:00,470,"44,7",GASPAR,SC,Tombamento,Trafegar com motocicleta (ou similar) entre as faixas,Céu Claro,2025-04-26,10
2025-04-26,15:30:00,101,"198,7",ARACRUZ,ES,Saída de leito carroçável,Ausência de reação do condutor,Céu Claro,2025-04-26,15
2025-04-26,16:00:00,40,735,SANTOS DUMONT,MG,Saída de leito carroçável,Reação tardia ou ineficiente do condutor,Chuva,2025-04-26,16
2025-04-26,14:30:00,282,"380,5",HERVAL DOESTE,SC,Colisão traseira,Reação tardia ou ineficiente do condutor,Céu Claro,2025-04-26,14
2025-04-26,10:40:00,324,"549,6",AMELIA RODRIGUES,BA,Saída de leito carroçável,Objeto estático sobre o leito carroçável,Sol,2025-04-26,10
2025-04-26,16:15:00,163,280,MARECHAL CANDIDO RONDON,PR,Saída de leito carroçável,Velocidade Incompatível,Céu Claro,2025-04-26,16
2025-04-26,15:50:00,267,"480,9",JARDIM,MS,Colisão transversal,Acessar a via sem observar a presença dos outros veículos,Céu Claro,2025-04-26,15
2025-04-26,16:30:00,116,142,CAXIAS DO SUL,RS,Colisão transversal,Transitar na contramão,Céu Claro,2025-04-26,16
2025-04-26,15:40:00,282,"641,1",DESCANSO,SC,Saída de leito carroçável,Ingestão de álcool pelo condutor,Céu Claro,2025-04-26,15
2025-04-26,15:00:00,262,380,JUATUBA,MG,Saída de leito carroçável,Ausência de reação do condutor,Céu Claro,2025-04-26,15
2025-04-26,17:00:00,116,"133,9",CACAPAVA,SP,Colisão lateral mesmo sentido,Manobra de mudança de faixa,Nublado,2025-04-26,17
2025-04-26,17:00:00,60,"29,2",BRASILIA,DF,Saída de leito carroçável,Acumulo de água sobre o pavimento,Chuva,2025-04-26,17
2025-04-26,15:30:00,163,"279,8",DOURADOS,MS,Saída de leito carroçável,Ausência de reação do condutor,Nublado,2025-04-26,15
2025-04-26,17:45:00,101,"76,2",NATAL,RN,Colisão com objeto,Mal súbito do condutor,Céu Claro,2025-04-26,17
2025-04-26,17:45:00,101,161,TIJUCAS,SC,Capotamento,Reação tardia ou ineficiente do condutor,Céu Claro,2025-04-26,17
2025-04-26,18:40:00,101,197,BIGUACU,SC,Tombamento,Demais falhas mecânicas ou elétricas,Nublado,2025-04-26,18
2025-04-26,18:40:00,101,"416,2",ITAPEMIRIM,ES,Colisão transversal,Acessar a via sem observar a presença dos outros veículos,Nublado,2025-04-26,18
2025-04-26,18:30:00,101,571,PARATY,RJ,Colisão transversal,Acessar a via sem observar a presença dos outros veículos,Céu Claro,2025-04-26,18
2025-04-26,18:45:00,101,"101,1",JAGUARE,ES,Atropelamento de Pedestre,Pedestre andava na pista,Nublado,2025-04-26,18
2025-04-26,18:40:00,101,428,SOMBRIO,SC,Colisão lateral mesmo sentido,Retorno proibido,Nublado,2025-04-26,18
2025-04-26,13:25:00,153,436,ANAPOLIS,GO,Colisão traseira,Ingestão de álcool pelo condutor,Céu Claro,2025-04-26,13
2025-04-26,18:15:00,153,"335,8",IRATI,PR,Colisão traseira,Condutor deixou de manter distância do veículo da frente,Céu Claro,2025-04-26,18
2025-04-26,18:20:00,116,"224,1",DOIS IRMAOS,RS,Colisão transversal,Acessar a via sem observar a presença dos outros veículos,Céu Claro,2025-04-26,18
2025-04-26,19:00:00,116,131,MAGE,RJ,Atropelamento de Pedestre,Pedestre cruzava a pista fora da faixa,Nublado,2025-04-26,19
2025-04-26,18:30:00,282,625,IRACEMINHA,SC,Colisão frontal,Ingestão de álcool pelo condutor,Céu Claro,2025-04-26,18
2025-04-26,19:27:00,116,"139,4",SAO JOSE DOS CAMPOS,SP,Colisão traseira,Manobra de mudança de faixa,Céu Claro,2025-04-26,19
2025-04-26,20:00:00,101,"165,8",TIJUCAS,SC,Colisão traseira,Ingestão de álcool pelo condutor,Nublado,2025-04-26,20
2025-03-01,17:45:00,381,492,BETIM,MG,Colisão com objeto,Ausência de reação do condutor,Céu Claro,2025-03-01,17
2025-04-26,19:25:00,40,8,BRASILIA,DF,Colisão traseira,Reação tardia ou ineficiente do condutor,Chuva,2025-04-26,19
2025-04-26,20:10:00,116,298,ITAPECERICA DA SERRA,SP,Colisão traseira,Reação tardia ou ineficiente do condutor,Céu Claro,2025-04-26,20
2025-04-26,20:00:00,476,149,ARAUCARIA,PR,Saída de leito carroçável,Reação tardia ou ineficiente do condutor,Céu Claro,2025-04-26,20
2025-04-26,19:40:00,158,"92,7",PALMEIRA DAS MISSOES,RS,Colisão lateral sentido oposto,Transitar na contramão,Céu Claro,2025-04-26,19
2025-04-26,18:30:00,381,509,SAO JOAQUIM DE BICAS,MG,Queda de ocupante de veículo,Ausência de reação do condutor,Céu Claro,2025-04-26,18
2025-04-26,20:00:00,393,168,TRES RIOS,RJ,Atropelamento de Pedestre,Iluminação deficiente,Nublado,2025-04-26,20
2025-04-26,19:45:00,101,"134,8",BALNEARIO CAMBORIU,SC,Atropelamento de Pedestre,Pedestre andava na pista,Nublado,2025-04-26,19
2025-04-26,20:42:00,104,"54,1",CARUARU,PE,Atropelamento de Pedestre,Pedestre andava na pista,Céu Claro,2025-04-26,20
2025-04-26,19:30:00,10,57,ULIANOPOLIS,PA,Colisão traseira,Ausência de reação do condutor,Céu Claro,2025-04-26,19
2025-04-26,18:15:00,116,"666,1",MURIAE,MG,Atropelamento de Pedestre,Pedestre - Ingestão de álcool/ substâncias psicoativas,Céu Claro,2025-04-26,18
2025-04-26,20:50:00,101,72,CAMPOS DOS GOYTACAZES,RJ,Atropelamento de Pedestre,Reação tardia ou ineficiente do condutor,Céu Claro,2025-04-26,20
2025-04-26,19:30:00,40,"18,5",LUZIANIA,GO,Atropelamento de Pedestre,Entrada inopinada do pedestre,Nublado,2025-04-26,19
2025-04-26,19:16:00,319,64,PORTO VELHO,RO,Colisão traseira,Demais falhas mecânicas ou elétricas,Nublado,2025-04-26,19
2025-04-26,20:30:00,116,420,FEIRA DE SANTANA,BA,Colisão traseira,Ingestão de álcool pelo condutor,Ignorado,2025-04-26,20
2025-04-26,19:55:00,153,"18,3",JACAREZINHO,PR,Atropelamento de Pedestre,Pedestre andava na pista,Nublado,2025-04-26,19
2025-04-26,19:00:00,116,502,BARRA DO TURVO,SP,Atropelamento de Pedestre,Transitar no Acostamento,Céu Claro,2025-04-26,19
2025-04-26,21:00:00,116,"7,6",CACHOEIRA DOS INDIOS,PB,Saída de leito carroçável,Condutor Dormindo,Céu Claro,2025-04-26,21
2025-04-26,21:20:00,452,3,RIO VERDE,GO,Tombamento,Pista Escorregadia,Chuva,2025-04-26,21
2025-04-26,20:03:00,153,764,TALISMA,TO,Colisão lateral sentido oposto,Transitar na contramão,Céu Claro,2025-04-26,20
2025-04-26,21:20:00,116,268,CANOAS,RS,Colisão com objeto,Ausência de reação do condutor,Céu Claro,2025-04-26,21
2025-04-26,20:20:00,369,132,IBIPORA,PR,Saída de leito carroçável,Ingestão de álcool pelo condutor,Céu Claro,2025-04-26,20
2025-04-26,17:30:00,393,"0,8",CACHOEIRO DE ITAPEMIRIM,ES,Colisão transversal,Conversão proibida,Nublado,2025-04-26,17
2025-04-26,21:10:00,101,474,ANGRA DOS REIS,RJ,Tombamento,Velocidade Incompatível,Céu Claro,2025-04-26,21
2025-04-26,16:00:00,408,94,SAO LOURENCO DA MATA,PE,Colisão lateral mesmo sentido,Ausência de reação do condutor,Céu Claro,2025-04-26,16
2025-04-26,20:04:00,153,108,SANTA TEREZA DE GOIAS,GO,Saída de leito carroçável,Reação tardia ou ineficiente do condutor,Céu Claro,2025-04-26,20
2025-04-26,21:20:00,226,2,NATAL,RN,Colisão transversal,Conversão proibida,Céu Claro,2025-04-26,21
2025-04-26,21:30:00,116,413,FEIRA DE SANTANA,BA,Colisão transversal,Ingestão de álcool pelo condutor,Céu Claro,2025-04-26,21
2025-04-26,20:53:00,364,205,JATAI,GO,Colisão transversal,Transitar na contramão,Céu Claro,2025-04-26,20
2025-04-26,17:45:00,230,"480,3",MARIZOPOLIS,PB,Queda de ocupante de veículo,Ausência de reação do condutor,Céu Claro,2025-04-26,17
2025-04-26,22:20:00,116,17,VITORIA DA CONQUISTA,BA,Colisão lateral sentido oposto,Acessar a via sem observar a presença dos outros veículos,Céu Claro,2025-04-26,22
2025-04-26,20:50:00,116,315,RESENDE,RJ,Queda de ocupante de veículo,Demais falhas mecânicas ou elétricas,Céu Claro,2025-04-26,20
2025-04-26,19:40:00,163,775,SORRISO,MT,Colisão traseira,Condutor deixou de manter distância do veículo da frente,Céu Claro,2025-04-26,19
2025-04-26,21:50:00,163,825,SINOP,MT,Saída de leito carroçável,Reação tardia ou ineficiente do condutor,Céu Claro,2025-04-26,21
2025-04-26,21:50:00,471,174,RIO PARDO,RS,Saída de leito carroçável,Acumulo de areia ou detritos sobre o pavimento,Céu Claro,2025-04-26,21
2025-04-26,20:27:00,364,801,PORTO VELHO,RO,Queda de ocupante de veículo,Reação tardia ou ineficiente do condutor,Nublado,2025-04-26,20
2025-04-26,22:40:00,101,403,ITAGUAI,RJ,Engavetamento,Animais na Pista,Céu Claro,2025-04-26,22
2025-04-26,23:30:00,104,"116,7",LAGOA SECA,PB,Tombamento,Reação tardia ou ineficiente do condutor,Céu Claro,2025-04-26,23
2025-04-26,19:35:00,116,152,MANDIRITUBA,PR,Colisão frontal,Ingestão de álcool pelo condutor,Céu Claro,2025-04-26,19
2025-04-26,19:04:00,429,9,PRESIDENTE MEDICI,RO,Queda de ocupante de veículo,Pista esburacada,Garoa/Chuvisco,2025-04-26,19
2025-04-26,22:50:00,174,470,BOA VISTA,RR,Colisão traseira,Transitar no Acostamento,Céu Claro,2025-04-26,22
2025-04-27,00:00:00,116,294,ITAPECERICA DA SERRA,SP,Queda de ocupante de veículo,Reação tardia ou ineficiente do condutor,Céu Claro,2025-04-27,0
2025-04-26,23:28:00,101,"67,9",RECIFE,PE,Tombamento,Avarias e/ou desgaste excessivo no pneu,Nublado,2025-04-26,23
2025-04-26,20:10:00,101,314,SAO GONCALO,RJ,Colisão com objeto,Condutor Dormindo,Nublado,2025-04-26,20
2025-04-26,23:20:00,135,16,SAO LUIS,MA,Colisão traseira,Reação tardia ou ineficiente do condutor,Nublado,2025-04-26,23
2025-04-26,23:30:00,369,145,LONDRINA,PR,Colisão frontal,Transitar na contramão,Céu Claro,2025-04-26,23
2025-04-27,00:15:00,386,310,POUSO NOVO,RS,Colisão com objeto,Ingestão de álcool pelo condutor,Ignorado,2025-04-27,0
2025-04-26,21:30:00,267,"81,8",JUIZ DE FORA,MG,Saída de leito carroçável,Velocidade Incompatível,Nublado,2025-04-26,21
2025-04-27,01:05:00,469,13,FOZ DO IGUACU,PR,Tombamento,Ingestão de álcool pelo condutor,Nublado,2025-04-27,1
2025-04-27,00:30:00,304,"57,5",MOSSORO,RN,Saída de leito carroçável,Ausência de reação do condutor,Céu Claro,2025-04-27,0
2025-04-27,00:50:00,153,"320,4",IMBITUVA,PR,Atropelamento de Animal,Animais na Pista,Céu Claro,2025-04-27,0
2025-04-27,00:40:00,101,"204,1",SAO SEBASTIAO,AL,Queda de ocupante de veículo,Ingestão de álcool pelo condutor,Céu Claro,2025-04-27,0
2025-04-27,01:00:00,101,"333,4",TUBARAO,SC,Colisão com objeto,Ingestão de álcool pelo condutor,Céu Claro,2025-04-27,1
2025-04-27,01:30:00,101,"514,4",ANGRA DOS REIS,RJ,Colisão com objeto,Velocidade Incompatível,Nublado,2025-04-27,1
2025-04-27,02:00:00,116,224,GUARULHOS,SP,Colisão com objeto,Reação tardia ou ineficiente do condutor,Nublado,2025-04-27,2
2025-04-26,23:40:00,364,810,PORTO VELHO,RO,Capotamento,Pedestre - Ingestão de álcool/ substâncias psicoativas,Céu Claro,2025-04-26,23
2025-04-27,02:35:00,376,176,MARINGA,PR,Colisão com objeto,Velocidade Incompatível,Céu Claro,2025-04-27,2
2025-04-27,01:45:00,262,"38,9",MANHUACU,MG,Colisão traseira,Ingestão de álcool pelo condutor,Céu Claro,2025-04-27,1
2025-04-27,02:00:00,163,"529,2",JARAGUARI,MS,Saída de leito carroçável,Ausência de reação do condutor,Nublado,2025-04-27,2
2025-04-27,02:00:00,290,580,ALEGRETE,RS,Atropelamento de Animal,Animais na Pista,Chuva,2025-04-27,2
2025-04-27,01:30:00,104,89,RIO LARGO,AL,Colisão traseira,Ingestão de álcool pelo condutor,Céu Claro,2025-04-27,1
2025-04-27,03:00:00,116,182,GUARAREMA,SP,Colisão traseira,Ausência de reação do condutor,Céu Claro,2025-04-27,3
2025-04-27,02:30:00,101,255,SERRA,ES,Colisão lateral mesmo sentido,Reação tardia ou ineficiente do condutor,Céu Claro,2025-04-27,2
2025-04-27,00:35:00,10,324,ACAILANDIA,MA,Colisão frontal,Ausência de reação do condutor,Céu Claro,2025-04-27,0
2025-04-27,02:50:00,432,"192,5",CANTA,RR,Saída de leito carroçável,Ultrapassagem Indevida,Céu Claro,2025-04-27,2
2025-04-27,03:10:00,470,51,BLUMENAU,SC,Colisão transversal,Demais falhas mecânicas ou elétricas,Céu Claro,2025-04-27,3
2025-04-27,03:00:00,376,232,APUCARANA,PR,Colisão traseira,Ingestão de álcool pelo condutor,Céu Claro,2025-04-27,3
2025-04-27,04:00:00,277,"71,6",SAO JOSE DOS PINHAIS,PR,Queda de ocupante de veículo,Ausência de reação do condutor,Nevoeiro/Neblina,2025-04-27,4
2025-04-27,03:20:00,432,195,CANTA,RR,Queda de ocupante de veículo,Reação tardia ou ineficiente do condutor,Céu Claro,2025-04-27,3
2025-04-27,03:45:00,365,630,UBERLANDIA,MG,Colisão com objeto,Ausência de reação do condutor,Nublado,2025-04-27,3
2025-04-27,03:30:00,262,"355,8",BETIM,MG,Saída de leito carroçável,Velocidade Incompatível,Céu Claro,2025-04-27,3
2025-04-27,03:02:00,232,"261,1",ARCOVERDE,PE,Colisão frontal,Ultrapassagem Indevida,Céu Claro,2025-04-27,3
2025-04-27,03:50:00,116,"122,8",CURITIBA,PR,Saída de leito carroçável,Reação tardia ou ineficiente do condutor,Nevoeiro/Neblina,2025-04-27,3
2025-04-27,05:45:00,70,3,AGUAS LINDAS DE GOIAS,GO,Colisão traseira,Ingestão de álcool pelo condutor,Garoa/Chuvisco,2025-04-27,5
2025-04-26,22:00:00,116,210,SEROPEDICA,RJ,Atropelamento de Pedestre,Reação tardia ou ineficiente do condutor,Céu Claro,2025-04-26,22
2025-04-27,06:15:00,101,216,PALHOCA,SC,Tombamento,Condutor Dormindo,Céu Claro,2025-04-27,6
2025-04-27,04:20:00,465,"14,9",SEROPEDICA,RJ,Colisão lateral mesmo sentido,Ausência de reação do condutor,Nublado,2025-04-27,4
2025-04-27,03:30:00,40,"667,8",CARANDAI,MG,Saída de leito carroçável,Neblina,Nevoeiro/Neblina,2025-04-27,3
2025-04-27,06:50:00,40,567,NOVA LIMA,MG,Tombamento,Ausência de reação do condutor,Céu Claro,2025-04-27,6
2025-04-27,06:40:00,60,59,ABADIANIA,GO,Saída de leito carroçável,Condutor Dormindo,Céu Claro,2025-04-27,6
2025-04-27,03:05:00,116,166,JACAREI,SP,Atropelamento de Animal,Animais na Pista,Céu Claro,2025-04-27,3
2025-04-27,06:10:00,60,168,GOIANIA,GO,Colisão com objeto,Ausência de reação do condutor,Céu Claro,2025-04-27,6
2025-04-27,07:59:00,40,0,BRASILIA,DF,Tombamento,Reação tardia ou ineficiente do condutor,Céu Claro,2025-04-27,7
2025-04-03,06:00:00,101,"393,3",CRICIUMA,SC,Atropelamento de Pedestre,Pedestre andava na pista,Chuva,2025-04-03,6
2025-04-27,07:40:00,101,"145,3",ITAPEMA,SC,Colisão com objeto,Ausência de reação do condutor,Nublado,2025-04-27,7
2025-04-26,13:30:00,101,737,ITABELA,BA,Incêndio,Demais falhas mecânicas ou elétricas,Céu Claro,2025-04-26,13
2025-04-27,07:30:00,116,223,GUARULHOS,SP,Queda de ocupante de veículo,Reação tardia ou ineficiente do condutor,Céu Claro,2025-04-27,7
2025-04-27,07:30:00,423,118,PARANATAMA,PE,Colisão frontal,Ultrapassagem Indevida,Céu Claro,2025-04-27,7
2025-04-27,08:10:00,381,54,MAIRIPORA,SP,Queda de ocupante de veículo,Curva acentuada,Céu Claro,2025-04-27,8
2025-04-27,08:45:00,116,"117,6",CURITIBA,PR,Colisão com objeto,Reação tardia ou ineficiente do condutor,Nevoeiro/Neblina,2025-04-27,8
2025-04-27,09:45:00,232,57,POMBOS,PE,Tombamento,Reação tardia ou ineficiente do condutor,Céu Claro,2025-04-27,9
2025-04-27,08:30:00,153,"335,8",SALTO GRANDE,SP,Tombamento,Afundamento ou ondulação no pavimento,Nublado,2025-04-27,8
2025-04-27,08:15:00,116,42,MAFRA,SC,Colisão com objeto,Ingestão de álcool pelo condutor,Nublado,2025-04-27,8
2025-04-27,09:30:00,40,"22,4",TRES RIOS,RJ,Tombamento,Acumulo de óleo sobre o pavimento,Céu Claro,2025-04-27,9
2025-04-27,10:35:00,70,9,BRASILIA,DF,Colisão traseira,Condutor deixou de manter distância do veículo da frente,Céu Claro,2025-04-27,10
2025-03-24,08:20:00,101,261,SANTO ANTONIO DE JESUS,BA,Colisão transversal,Retorno proibido,Céu Claro,2025-03-24,8
2025-04-27,08:00:00,110,102,UPANEMA,RN,Colisão transversal,Acessar a via sem observar a presença dos outros veículos,Céu Claro,2025-04-27,8
2025-04-27,08:30:00,116,110,GUAPIMIRIM,RJ,Colisão com objeto,Velocidade Incompatível,Céu Claro,2025-04-27,8
2025-04-27,09:35:00,262,380,JUATUBA,MG,Colisão com objeto,Velocidade Incompatível,Céu Claro,2025-04-27,9
2025-04-27,10:50:00,285,"488,3",ENTRE-IJUIS,RS,Colisão traseira,Condutor deixou de manter distância do veículo da frente,Sol,2025-04-27,10
2025-04-27,06:50:00,401,85,BONFIM,RR,Saída de leito carroçável,Condutor Dormindo,Céu Claro,2025-04-27,6
2025-04-27,08:40:00,40,"41,5",PARACATU,MG,Colisão transversal,Acessar a via sem observar a presença dos outros veículos,Céu Claro,2025-04-27,8
2025-04-27,08:37:00,364,121,RIO BRANCO,AC,Saída de leito carroçável,Ausência de reação do condutor,Nublado,2025-04-27,8
2025-02-22,22:40:00,101,"257,3",SERRA,ES,Atropelamento de Pedestre,Pedestre andava na pista,Ignorado,2025-02-22,22
2025-04-27,12:00:00,116,"26,5",AQUIRAZ,CE,Colisão frontal,Transitar na contramão,Céu Claro,2025-04-27,12
2025-04-27,09:40:00,70,"78,9",COCALZINHO DE GOIAS,GO,Saída de leito carroçável,Velocidade Incompatível,Céu Claro,2025-04-27,9
2025-04-27,10:45:00,40,629,CONSELHEIRO LAFAIETE,MG,Queda de ocupante de veículo,Reação tardia ou ineficiente do condutor,Céu Claro,2025-04-27,10
2025-04-27,08:15:00,40,"116,5",LAGOA GRANDE,MG,Saída de leito carroçável,Reação tardia ou ineficiente do condutor,Céu Claro,2025-04-27,8
2025-04-27,12:20:00,110,51,MOSSORO,RN,Colisão traseira,Condutor deixou de manter distância do veículo da frente,Céu Claro,2025-04-27,12
2025-04-27,10:07:00,386,157,ALMIRANTE TAMANDARE DO SUL,RS,Saída de leito carroçável,Afundamento ou ondulação no pavimento,Nublado,2025-04-27,10
2025-04-27,11:50:00,493,81,JAPERI,RJ,Saída de leito carroçável,Reação tardia ou ineficiente do condutor,Céu Claro,2025-04-27,11
2025-04-20,03:25:00,116,135,MAGE,RJ,Colisão com objeto,Ausência de reação do condutor,Céu Claro,2025-04-20,3
2025-04-27,09:55:00,364,383,OURO PRETO DO OESTE,RO,Colisão traseira,Condutor deixou de manter distância do veículo da frente,Céu Claro,2025-04-27,9
2025-04-27,08:00:00,267,"61,5",BATAGUASSU,MS,Colisão lateral sentido oposto,Condutor Dormindo,Nublado,2025-04-27,8