data_inversa,horario,br,km,municipio,uf,tipo_acidente,causa_acidente,condicao_metereologica,data,hora
2025-04-27,13:40:00,101,"51,1",JOINVILLE,SC,Colisão com objeto,Velocidade Incompatível,Nublado,2025-04-27,13
2025-04-27,12:30:00,163,"265,3",DOURADOS,MS,Incêndio,Demais falhas mecânicas ou elétricas,Nublado,2025-04-27,12
2025-04-27,13:00:00,101,"83,4",BAYEUX,PB,Colisão traseira,Condutor deixou de manter distância do veículo da frente,Céu Claro,2025-04-27,13
2025-04-27,09:00:00,282,"633,7",DESCANSO,SC,Saída de leito carroçável,Velocidade Incompatível,Nublado,2025-04-27,9
2025-04-27,14:15:00,50,25,ARAGUARI,MG,Saída de leito carroçável,Ingestão de álcool pelo condutor,Chuva,2025-04-27,14
2025-04-27,13:30:00,381,"627,1",OLIVEIRA,MG,Saída de leito carroçável,Ausência de reação do condutor,Chuva,2025-04-27,13
2025-04-27,14:00:00,470,"143,8",RIO DO SUL,SC,Queda de ocupante de veículo,Reação tardia ou ineficiente do condutor,Nublado,2025-04-27,14
2025-04-27,04:30:00,364,43,CACHOEIRA ALTA,GO,Saída de leito carroçável,Ausência de reação do condutor,Nublado,2025-04-27,4
2025-04-27,14:30:00,381,486,BETIM,MG,Queda de ocupante de veículo,Ausência de reação do condutor,Céu Claro,2025-04-27,14
2025-04-27,13:00:00,40,513,NOVA LIMA,MG,Queda de ocupante de veículo,Chuva,Chuva,2025-04-27,13
2025-04-27,08:20:00,174,994,PRESIDENTE FIGUEIREDO,AM,Queda de ocupante de veículo,Acessar a via sem observar a presença dos outros veículos,Céu Claro,2025-04-27,8
2025-04-27,12:08:00,317,280,EPITACIOLANDIA,AC,Colisão com objeto,Reação tardia ou ineficiente do condutor,Chuva,2025-04-27,12
2025-04-19,08:40:00,381,873,POUSO ALEGRE,MG,Colisão com objeto,Velocidade Incompatível,Chuva,2025-04-19,8
2025-04-27,14:40:00,101,"223,5",PALHOCA,SC,Colisão traseira,Ingestão de álcool pelo condutor,Céu Claro,2025-04-27,14
2025-04-27,15:00:00,153,338,GUARAI,TO,Colisão frontal,Transitar na contramão,Céu Claro,2025-04-27,15
2025-04-27,13:50:00,116,301,SAO LOURENCO DA SERRA,SP,Colisão traseira,Reação tardia ou ineficiente do condutor,Céu Claro,2025-04-27,13
2025-04-27,15:30:00,101,88,NOSSA SENHORA DO SOCORRO,SE,Colisão transversal,Acessar a via sem observar a presença dos outros veículos,Céu Claro,2025-04-27,15
2025-04-27,15:15:00,101,198,CASIMIRO DE ABREU,RJ,Colisão transversal,Condutor deixou de manter distância do veículo da frente,Céu Claro,2025-04-27,15
2025-04-27,15:20:00,101,"87,1",JABOATAO DOS GUARARAPES,PE,Saída de leito carroçável,Velocidade Incompatível,Sol,2025-04-27,15
2025-04-27,15:40:00,282,529,CORDILHEIRA ALTA,SC,Saída de leito carroçável,Acumulo de água sobre o pavimento,Chuva,2025-04-27,15
2025-04-27,16:00:00,414,"438,8",ANAPOLIS,GO,Saída de leito carroçável,Ingestão de álcool pelo condutor,Nublado,2025-04-27,16
2025-04-27,15:45:00,116,277,TEOFILO OTONI,MG,Colisão lateral mesmo sentido,Ausência de reação do condutor,Céu Claro,2025-04-27,15
2025-04-27,14:06:00,163,"375,3",NOVA ALVORADA DO SUL,MS,Saída de leito carroçável,Ausência de reação do condutor,Nublado,2025-04-27,14
2025-04-27,16:30:00,116,192,SANTA ISABEL,SP,Tombamento,Reação tardia ou ineficiente do condutor,Céu Claro,2025-04-27,16
2025-04-27,13:00:00,116,151,SAO JOSE DOS CAMPOS,SP,Tombamento,Acessar a via sem observar a presença dos outros veículos,Céu Claro,2025-04-27,13
2025-04-27,17:15:00,293,"1,6",PELOTAS,RS,Colisão transversal,Acessar a via sem observar a presença dos outros veículos,Nublado,2025-04-27,17
2025-04-27,15:40:00,101,152,ESTANCIA,SE,Colisão transversal,Acessar a via sem observar a presença dos outros veículos,Céu Claro,2025-04-27,15
2025-04-27,17:00:00,369,189,ARAPONGAS,PR,Incêndio,Demais falhas mecânicas ou elétricas,Céu Claro,2025-04-27,17
2025-04-27,17:25:00,101,329,TUBARAO,SC,Colisão traseira,Ingestão de álcool pelo condutor,Céu Claro,2025-04-27,17
2025-04-27,15:40:00,324,617,SALVADOR,BA,Incêndio,Demais falhas mecânicas ou elétricas,Céu Claro,2025-04-27,15
2025-04-27,18:00:00,324,604,SIMOES FILHO,BA,Colisão lateral mesmo sentido,Ultrapassagem Indevida,Céu Claro,2025-04-27,18
2025-04-27,02:00:00,101,309,SAO GONCALO,RJ,Colisão com objeto,Ausência de reação do condutor,Nublado,2025-04-27,2
2025-04-27,17:55:00,470,"45,1",GASPAR,SC,Colisão transversal,Acessar a via sem observar a presença dos outros veículos,Nublado,2025-04-27,17
2025-04-27,18:10:00,116,211,GUARULHOS,SP,Colisão traseira,Manobra de mudança de faixa,Nublado,2025-04-27,18
2025-04-27,17:00:00,135,5,SAO LUIS,MA,Queda de ocupante de veículo,Ingestão de álcool pelo condutor,Nublado,2025-04-27,17
2025-04-27,17:35:00,222,673,ACAILANDIA,MA,Tombamento,Reação tardia ou ineficiente do condutor,Céu Claro,2025-04-27,17
2025-04-27,17:50:00,376,"170,8",MARINGA,PR,Colisão transversal,Desrespeitar a preferência no cruzamento,Céu Claro,2025-04-27,17
2025-04-27,16:40:00,101,"44,6",JOINVILLE,SC,Tombamento,Ausência de reação do condutor,Nublado,2025-04-27,16
2025-04-27,18:20:00,476,"196,4",LAPA,PR,Colisão transversal,Desrespeitar a preferência no cruzamento,Nublado,2025-04-27,18
2025-04-27,17:25:00,262,399,PARA DE MINAS,MG,Colisão traseira,Reação tardia ou ineficiente do condutor,Céu Claro,2025-04-27,17
2025-04-27,18:30:00,20,394,CAUCAIA,CE,Saída de leito carroçável,Ausência de reação do condutor,Céu Claro,2025-04-27,18
2025-04-27,17:05:00,282,343,CAMPOS NOVOS,SC,Saída de leito carroçável,Ingestão de álcool pelo condutor,Chuva,2025-04-27,17
2025-04-27,18:10:00,356,"266,3",MURIAE,MG,Colisão transversal,Desrespeitar a preferência no cruzamento,Nublado,2025-04-27,18
2025-04-27,18:45:00,101,66,SAO MATEUS,ES,Colisão lateral mesmo sentido,Manobra de mudança de faixa,Céu Claro,2025-04-27,18
2025-04-27,16:45:00,262,526,LUZ,MG,Saída de leito carroçável,Ausência de reação do condutor,Chuva,2025-04-27,16
2025-04-27,16:30:00,40,16,TRES RIOS,RJ,Queda de ocupante de veículo,Demais falhas na via,Céu Claro,2025-04-27,16
2025-04-27,17:30:00,101,390,RIO DE JANEIRO,RJ,Colisão com objeto,Demais falhas mecânicas ou elétricas,Céu Claro,2025-04-27,17
2025-04-27,19:15:00,153,497,PARAISO DO TOCANTINS,TO,Colisão transversal,Conversão proibida,Céu Claro,2025-04-27,19
2025-04-27,17:45:00,408,"70,6",PAUDALHO,PE,Colisão transversal,Acessar a via sem observar a presença dos outros veículos,Céu Claro,2025-04-27,17
2025-04-27,18:00:00,101,"81,1",RIO LARGO,AL,Capotamento,Ingestão de álcool pelo condutor,Céu Claro,2025-04-27,18
2025-04-27,18:45:00,101,130,SAO MIGUEL DOS CAMPOS,AL,Saída de leito carroçável,Ausência de reação do condutor,Céu Claro,2025-04-27,18
2025-04-27,18:50:00,376,"2,8",SAO JOSE DOS PINHAIS,PR,Atropelamento de Pedestre,Pedestre cruzava a pista fora da faixa,Nublado,2025-04-27,18
2025-04-27,17:45:00,364,424,JARU,RO,Colisão transversal,Conversão proibida,Céu Claro,2025-04-27,17
2025-04-27,16:20:00,104,"113,7",LAGOA SECA,PB,Incêndio,Demais falhas mecânicas ou elétricas,Céu Claro,2025-04-27,16
2025-04-27,19:40:00,116,219,GUARULHOS,SP,Colisão traseira,Ausência de reação do condutor,Nublado,2025-04-27,19
2025-04-27,18:10:00,343,"4,8",TERESINA,PI,Colisão com objeto,Ausência de reação do condutor,Céu Claro,2025-04-27,18
2025-04-27,19:30:00,153,111,JOSE BONIFACIO,SP,Colisão lateral mesmo sentido,Ausência de reação do condutor,Nublado,2025-04-27,19
2025-04-27,18:22:00,365,700,MONTE ALEGRE DE MINAS,MG,Colisão com objeto,Reação tardia ou ineficiente do condutor,Nublado,2025-04-27,18
2025-04-27,20:00:00,116,413,FEIRA DE SANTANA,BA,Colisão lateral mesmo sentido,Ingestão de álcool pelo condutor,Céu Claro,2025-04-27,20
2025-04-27,01:00:00,280,"30,1",ARAQUARI,SC,Saída de leito carroçável,Ingestão de álcool pelo condutor,Ignorado,2025-04-27,1
2025-04-27,19:20:00,277,128,CAMPO LARGO,PR,Colisão lateral mesmo sentido,Reação tardia ou ineficiente do condutor,Nublado,2025-04-27,19
2025-04-27,19:35:00,376,491,PONTA GROSSA,PR,Atropelamento de Animal,Animais na Pista,Ignorado,2025-04-27,19
2025-04-27,16:45:00,101,503,ANGRA DOS REIS,RJ,Colisão traseira,Conversão proibida,Nublado,2025-04-27,16
2025-04-27,18:30:00,369,186,ARAPONGAS,PR,Colisão lateral mesmo sentido,Ultrapassagem Indevida,Nublado,2025-04-27,18
2025-04-27,18:45:00,135,9,SAO LUIS,MA,Atropelamento de Pedestre,Acessar a via sem observar a presença dos outros veículos,Chuva,2025-04-27,18
2025-04-27,20:00:00,381,"81,7",SAO PAULO,SP,Engavetamento,Reação tardia ou ineficiente do condutor,Nublado,2025-04-27,20
2025-04-27,20:00:00,104,61,CARUARU,PE,Colisão traseira,Manobra de mudança de faixa,Céu Claro,2025-04-27,20
2025-04-27,17:50:00,463,110,PONTA PORA,MS,Atropelamento de Pedestre,Transitar no Acostamento,Chuva,2025-04-27,17
2025-04-27,20:00:00,364,518,ARIQUEMES,RO,Queda de ocupante de veículo,Pista esburacada,Céu Claro,2025-04-27,20
2025-04-27,06:30:00,101,304,SAO GONCALO,RJ,Queda de ocupante de veículo,Demais falhas mecânicas ou elétricas,Céu Claro,2025-04-27,6
2025-04-27,20:45:00,101,6,RIO REAL,BA,Colisão traseira,Ingestão de álcool pelo condutor,Céu Claro,2025-04-27,20
2025-04-27,18:00:00,343,"308,4",ALTOS,PI,Colisão frontal,Transitar na contramão,Céu Claro,2025-04-27,18
2025-04-27,20:44:00,40,456,CAETANOPOLIS,MG,Saída de leito carroçável,Ingestão de álcool pelo condutor,Céu Claro,2025-04-27,20
2025-04-27,21:35:00,290,89,PORTO ALEGRE,RS,Tombamento,Chuva,Chuva,2025-04-27,21
2025-04-27,21:25:00,101,62,SANTA RITA,PB,Queda de ocupante de veículo,Reação tardia ou ineficiente do condutor,Céu Claro,2025-04-27,21
2025-04-27,14:50:00,40,113,DUQUE DE CAXIAS,RJ,Engavetamento,Reação tardia ou ineficiente do condutor,Céu Claro,2025-04-27,14
2025-04-27,22:00:00,116,170,QUITANDINHA,PR,Colisão transversal,Acessar a via sem observar a presença dos outros veículos,Nublado,2025-04-27,22
2025-04-27,21:50:00,376,548,PALMEIRA,PR,Saída de leito carroçável,Reação tardia ou ineficiente do condutor,Nublado,2025-04-27,21
2025-04-27,18:40:00,101,53,JOINVILLE,SC,Saída de leito carroçável,Ausência de reação do condutor,Céu Claro,2025-04-27,18
2025-04-27,19:00:00,163,701,SORRISO,MT,Colisão com objeto,Ingestão de álcool pelo condutor,Chuva,2025-04-27,19
2025-04-27,21:40:00,369,"178,3",ROLANDIA,PR,Colisão com objeto,Ingestão de álcool pelo condutor,Chuva,2025-04-27,21
2025-04-27,21:50:00,428,188,PETROLINA,PE,Colisão transversal,Acessar a via sem observar a presença dos outros veículos,Céu Claro,2025-04-27,21
2025-04-27,23:10:00,116,182,NOVA IGUACU,RJ,Colisão traseira,Ingestão de álcool pelo condutor,Nublado,2025-04-27,23
2025-04-27,23:00:00,50,175,UBERABA,MG,Saída de leito carroçável,Reação tardia ou ineficiente do condutor,Nublado,2025-04-27,23
2025-04-27,22:30:00,116,"12,9",VITORIA DA CONQUISTA,BA,Colisão transversal,Conversão proibida,Nublado,2025-04-27,22
2025-04-27,22:40:00,376,176,MARINGA,PR,Colisão transversal,Condutor desrespeitou a iluminação vermelha do semáforo,Chuva,2025-04-27,22
2025-04-27,23:30:00,448,22,PORTO ALEGRE,RS,Colisão com objeto,Velocidade Incompatível,Nublado,2025-04-27,23
2025-04-27,23:30:00,476,"195,8",LAPA,PR,Colisão transversal,Desrespeitar a preferência no cruzamento,Garoa/Chuvisco,2025-04-27,23
2025-04-27,23:40:00,222,"2,3",FORTALEZA,CE,Atropelamento de Pedestre,Pedestre cruzava a pista fora da faixa,Chuva,2025-04-27,23
2025-04-27,23:30:00,101,305,SAO GONCALO,RJ,Colisão traseira,Reação tardia ou ineficiente do condutor,Céu Claro,2025-04-27,23
2025-04-27,22:15:00,153,68,SAO JOSE DO RIO PRETO,SP,Saída de leito carroçável,Ausência de reação do condutor,Nublado,2025-04-27,22
2025-04-28,00:30:00,101,"244,1",PAULO LOPES,SC,Saída de leito carroçável,Chuva,Chuva,2025-04-28,0
2025-04-27,20:00:00,70,3,BARRA DO GARCAS,MT,Queda de ocupante de veículo,Reação tardia ou ineficiente do condutor,Nublado,2025-04-27,20
2025-04-27,23:30:00,282,"506,8",XANXERE,SC,Saída de leito carroçável,Ingestão de álcool pelo condutor,Chuva,2025-04-27,23
2025-04-27,18:30:00,70,19,BARRA DO GARCAS,MT,Saída de leito carroçável,Reação tardia ou ineficiente do condutor,Garoa/Chuvisco,2025-04-27,18
2025-04-28,01:40:00,101,"192,9",BIGUACU,SC,Saída de leito carroçável,Ingestão de álcool pelo condutor,Céu Claro,2025-04-28,1
2025-04-28,00:10:00,163,248,DOURADOS,MS,Saída de leito carroçável,Ausência de reação do condutor,Nublado,2025-04-28,0
2025-04-27,22:45:00,104,114,LAGOA SECA,PB,Tombamento,Ingestão de álcool pelo condutor,Céu Claro,2025-04-27,22
2025-04-28,02:15:00,116,"254,9",ESTEIO,RS,Tombamento,Acostamento em desnível,Garoa/Chuvisco,2025-04-28,2
2025-04-28,01:21:00,40,515,RIBEIRAO DAS NEVES,MG,Saída de leito carroçável,Ingestão de álcool pelo condutor,Céu Claro,2025-04-28,1
2025-04-28,01:30:00,116,801,ALEM PARAIBA,MG,Queda de ocupante de veículo,Ausência de reação do condutor,Nublado,2025-04-28,1
2025-04-28,02:30:00,373,"173,2",PONTA GROSSA,PR,Colisão com objeto,Ingestão de álcool pelo condutor,Nublado,2025-04-28,2
2025-04-28,01:10:00,459,30,GUARATINGUETA,SP,Saída de leito carroçável,Suicídio (presumido),Céu Claro,2025-04-28,1
2025-04-28,04:00:00,376,623,SAO JOSE DOS PINHAIS,PR,Colisão traseira,Ausência de reação do condutor,Céu Claro,2025-04-28,4
2025-04-27,21:20:00,364,685,CANDEIAS DO JAMARI,RO,Atropelamento de Animal,Animais na Pista,Céu Claro,2025-04-27,21
2025-04-28,04:00:00,232,314,SERTANIA,PE,Atropelamento de Animal,Animais na Pista,Céu Claro,2025-04-28,4
2025-04-28,04:30:00,304,"46,7",MOSSORO,RN,Colisão lateral mesmo sentido,Ausência de reação do condutor,Céu Claro,2025-04-28,4
2025-04-28,04:21:00,20,"304,6",CANINDE,CE,Saída de leito carroçável,Avarias e/ou desgaste excessivo no pneu,Nublado,2025-04-28,4
2025-04-28,05:30:00,232,"126,9",CARUARU,PE,Colisão com objeto,Ausência de sinalização,Céu Claro,2025-04-28,5
2025-04-28,06:20:00,101,108,ALHANDRA,PB,Queda de ocupante de veículo,Avarias e/ou desgaste excessivo no pneu,Céu Claro,2025-04-28,6
2025-04-28,07:00:00,50,39,ARAGUARI,MG,Tombamento,Pista Escorregadia,Céu Claro,2025-04-28,7
2025-04-28,07:15:00,101,"314,8",LAGUNA,SC,Colisão traseira,Ausência de reação do condutor,Céu Claro,2025-04-28,7
2025-04-28,06:26:00,70,"15,5",BRASILIA,DF,Colisão lateral mesmo sentido,Mal súbito do condutor,Céu Claro,2025-04-28,6
2025-04-28,07:00:00,101,92,JOAO PESSOA,PB,Colisão traseira,Reação tardia ou ineficiente do condutor,Céu Claro,2025-04-28,7
2025-04-28,07:12:00,101,"194,3",BIGUACU,SC,Colisão transversal,Acessar a via sem observar a presença dos outros veículos,Céu Claro,2025-04-28,7
2025-04-28,06:05:00,116,24,VITORIA DA CONQUISTA,BA,Queda de ocupante de veículo,Ausência de reação do condutor,Céu Claro,2025-04-28,6
2025-04-28,07:40:00,153,"83,7",MIRASSOL,SP,Colisão com objeto,Chuva,Chuva,2025-04-28,7
2025-04-28,07:30:00,101,123,ITAPORANGA DAJUDA,SE,Tombamento,Avarias e/ou desgaste excessivo no pneu,Céu Claro,2025-04-28,7
2025-04-27,23:20:00,174,4,PONTES E LACERDA,MT,Queda de ocupante de veículo,Ingestão de álcool pelo condutor,Garoa/Chuvisco,2025-04-27,23
2025-04-28,07:55:00,376,491,PONTA GROSSA,PR,Colisão traseira,Condutor deixou de manter distância do veículo da frente,Céu Claro,2025-04-28,7
2025-04-28,08:30:00,316,"241,9",ATALAIA,AL,Colisão transversal,Desrespeitar a preferência no cruzamento,Céu Claro,2025-04-28,8
2025-04-28,06:20:00,101,311,SAO GONCALO,RJ,Colisão traseira,Reação tardia ou ineficiente do condutor,Céu Claro,2025-04-28,6
2025-04-28,06:30:00,226,78,TANGARA,RN,Colisão frontal,Acessar a via sem observar a presença dos outros veículos,Céu Claro,2025-04-28,6
2025-04-28,07:50:00,116,"322,3",ITAMBACURI,MG,Colisão traseira,Frear bruscamente,Céu Claro,2025-04-28,7
2025-04-28,08:00:00,101,"424,6",ARARANGUA,SC,Colisão traseira,Acessar a via sem observar a presença dos outros veículos,Céu Claro,2025-04-28,8
2025-04-28,08:00:00,116,6,FORTALEZA,CE,Colisão traseira,Condutor deixou de manter distância do veículo da frente,Céu Claro,2025-04-28,8
2025-04-28,09:10:00,116,419,FEIRA DE SANTANA,BA,Colisão traseira,Condutor deixou de manter distância do veículo da frente,Nublado,2025-04-28,9
2025-04-24,11:30:00,262,"631,5",IBIA,MG,Colisão lateral mesmo sentido,Retorno proibido,Sol,2025-04-24,11
2025-04-28,08:29:00,101,58,ROSARIO DO CATETE,SE,Colisão transversal,Ausência de reação do condutor,Céu Claro,2025-04-28,8
2025-04-28,04:50:00,222,522,BURITICUPU,MA,Colisão lateral sentido oposto,Acesso irregular,Céu Claro,2025-04-28,4
2025-03-09,01:20:00,316,239,VISEU,PA,Colisão lateral mesmo sentido,Ausência de reação do condutor,Ignorado,2025-03-09,1
2025-04-28,08:00:00,230,107,SAO JOAO DO ARAGUAIA,PA,Saída de leito carroçável,Acostamento em desnível,Céu Claro,2025-04-28,8
2025-04-28,09:45:00,101,"270,8",SERRA,ES,Colisão lateral mesmo sentido,Manobra de mudança de faixa,Nublado,2025-04-28,9
2025-04-28,08:55:00,262,95,DOMINGOS MARTINS,ES,Colisão transversal,Desrespeitar a preferência no cruzamento,Céu Claro,2025-04-28,8
2025-04-28,07:30:00,101,105,PENHA,SC,Colisão lateral mesmo sentido,Acessar a via sem observar a presença dos outros veículos,Céu Claro,2025-04-28,7
2025-04-28,09:50:00,469,14,FOZ DO IGUACU,PR,Colisão lateral mesmo sentido,Transitar no Acostamento,Céu Claro,2025-04-28,9
2025-04-23,18:35:00,316,153,PALMEIRA DOS INDIOS,AL,Colisão transversal,Acessar a via sem observar a presença dos outros veículos,Céu Claro,2025-04-23,18
2025-04-28,10:15:00,101,"14,9",SERRA,ES,Tombamento,Demais falhas mecânicas ou elétricas,Céu Claro,2025-04-28,10
2025-02-24,06:05:00,304,247,SANTA MARIA,RN,Colisão frontal,Acessar a via sem observar a presença dos outros veículos,Céu Claro,2025-02-24,6
2025-04-28,10:11:00,116,"21,9",ANTONINA,PR,Colisão com objeto,Chuva,Chuva,2025-04-28,10
2025-04-28,11:51:00,60,"2,3",BRASILIA,DF,Colisão traseira,Acesso irregular,Nublado,2025-04-28,11
2025-04-28,11:15:00,367,84,EUNAPOLIS,BA,Colisão transversal,Acessar a via sem observar a presença dos outros veículos,Céu Claro,2025-04-28,11
2025-04-28,11:15:00,116,13,CAMPINA GRANDE DO SUL,PR,Saída de leito carroçável,Ausência de reação do condutor,Garoa/Chuvisco,2025-04-28,11
2025-04-28,12:00:00,280,"127,9",RIO NEGRINHO,SC,Colisão traseira,Conversão proibida,Céu Claro,2025-04-28,12
2025-04-28,12:00:00,381,484,BETIM,MG,Engavetamento,Condutor deixou de manter distância do veículo da frente,Céu Claro,2025-04-28,12
2025-04-28,10:15:00,364,135,RIO BRANCO,AC,Atropelamento de Pedestre,Reação tardia ou ineficiente do condutor,Sol,2025-04-28,10
2025-04-28,08:30:00,285,160,MUITOS CAPOES,RS,Saída de leito carroçável,Velocidade Incompatível,Céu Claro,2025-04-28,8
2025-04-28,12:10:00,104,"116,7",LAGOA SECA,PB,Colisão traseira,Conversão proibida,Sol,2025-04-28,12
2025-04-28,10:00:00,116,289,BARRA MANSA,RJ,Saída de leito carroçável,Ausência de reação do condutor,Céu Claro,2025-04-28,10
2025-04-28,12:50:00,116,223,GUARULHOS,SP,Queda de ocupante de veículo,Manobra de mudança de faixa,Céu Claro,2025-04-28,12
2025-04-28,12:45:00,381,439,SANTA LUZIA,MG,Capotamento,Velocidade Incompatível,Chuva,2025-04-28,12
2025-04-28,13:30:00,101,114,ITAJAI,SC,Tombamento,Avarias e/ou desgaste excessivo no pneu,Céu Claro,2025-04-28,13
2025-04-28,13:00:00,324,512,FEIRA DE SANTANA,BA,Colisão traseira,Acessar a via sem observar a presença dos outros veículos,Céu Claro,2025-04-28,13
2025-04-27,08:00:00,40,74,PETROPOLIS,RJ,Tombamento,Acumulo de óleo sobre o pavimento,Sol,2025-04-27,8
2025-04-28,13:40:00,153,236,FRONTEIRA,MG,Colisão traseira,Condutor Dormindo,Nublado,2025-04-28,13
2025-04-28,12:50:00,153,686,ITUMBIARA,GO,Colisão traseira,Condutor usando celular,Nublado,2025-04-28,12
2025-04-28,13:20:00,20,43,FORMOSA,GO,Colisão frontal,Acumulo de água sobre o pavimento,Chuva,2025-04-28,13
2025-04-28,14:15:00,381,"485,2",BETIM,MG,Tombamento,Ausência de reação do condutor,Céu Claro,2025-04-28,14
2025-04-28,11:10:00,153,"387,8",MALLET,PR,Colisão traseira,Falta de acostamento,Céu Claro,2025-04-28,11
2025-04-28,13:20:00,282,"217,4",LAGES,SC,Colisão traseira,Reação tardia ou ineficiente do condutor,Céu Claro,2025-04-28,13
2025-04-28,10:10:00,0,0,SANTO CRISTO,RS,Colisão traseira,Ausência de reação do condutor,Céu Claro,2025-04-28,10
2025-04-28,08:00:00,101,313,SAO GONCALO,RJ,Colisão traseira,Manobra de mudança de faixa,Céu Claro,2025-04-28,8
2025-04-28,13:00:00,463,56,PONTA PORA,MS,Saída de leito carroçável,Demais falhas mecânicas ou elétricas,Céu Claro,2025-04-28,13
2025-03-05,18:30:00,116,228,SAO PAULO,SP,Colisão lateral mesmo sentido,Trafegar com motocicleta (ou similar) entre as faixas,Sol,2025-03-05,18
2025-04-28,15:16:00,304,295,MACAIBA,RN,Colisão transversal,Acesso irregular,Céu Claro,2025-04-28,15
2025-04-28,17:10:00,343,15,PARNAIBA,PI,Colisão traseira,Condutor deixou de manter distância do veículo da frente,Sol,2025-04-28,17
2025-04-28,17:00:00,280,"49,3",GUARAMIRIM,SC,Colisão traseira,Ausência de reação do condutor,Céu Claro,2025-04-28,17
2025-04-28,17:35:00,153,"63,9",SAO JOSE DO RIO PRETO,SP,Queda de ocupante de veículo,Problema com o freio,Sol,2025-04-28,17
2025-04-28,17:00:00,230,106,INGA,PB,Saída de leito carroçável,Mal súbito do condutor,Céu Claro,2025-04-28,17
2025-04-28,17:15:00,50,"111,2",UBERABA,MG,Saída de leito carroçável,Ausência de reação do condutor,Céu Claro,2025-04-28,17
2025-04-28,17:20:00,116,66,TERESOPOLIS,RJ,Queda de ocupante de veículo,Velocidade Incompatível,Céu Claro,2025-04-28,17
2025-04-28,17:45:00,116,261,CANOAS,RS,Colisão lateral mesmo sentido,Manobra de mudança de faixa,Céu Claro,2025-04-28,17
2025-04-28,16:10:00,495,30,PETROPOLIS,RJ,Colisão traseira,Acessar a via sem observar a presença dos outros veículos,Céu Claro,2025-04-28,16
2025-04-28,12:30:00,40,198,JOAO PINHEIRO,MG,Tombamento,Demais falhas mecânicas ou elétricas,Nublado,2025-04-28,12
2025-04-28,17:20:00,280,"126,9",RIO NEGRINHO,SC,Colisão traseira,Condutor deixou de manter distância do veículo da frente,Céu Claro,2025-04-28,17
2025-04-28,17:10:00,376,"324,8",ORTIGUEIRA,PR,Capotamento,Reação tardia ou ineficiente do condutor,Céu Claro,2025-04-28,17
2025-04-28,16:30:00,163,827,SINOP,MT,Queda de ocupante de veículo,Manobra de mudança de faixa,Céu Claro,2025-04-28,16
2025-04-28,18:05:00,116,147,SAO JOSE DOS CAMPOS,SP,Colisão lateral mesmo sentido,Reação tardia ou ineficiente do condutor,Céu Claro,2025-04-28,18
2025-03-07,21:00:00,101,0,ITABORAI,RJ,Colisão lateral mesmo sentido,Acessar a via sem observar a presença dos outros veículos,Céu Claro,2025-03-07,21
2025-04-28,18:20:00,101,80,RECIFE,PE,Colisão traseira,Ausência de reação do condutor,Céu Claro,2025-04-28,18
2025-04-28,18:37:00,40,3,VALPARAISO DE GOIAS,GO,Atropelamento de Pedestre,Acesso irregular,Céu Claro,2025-04-28,18
2025-04-28,17:40:00,476,141,CURITIBA,PR,Colisão traseira,Manobra de mudança de faixa,Nublado,2025-04-28,17
2025-04-28,17:30:00,116,"35,2",AQUIRAZ,CE,Colisão transversal,Acesso irregular,Céu Claro,2025-04-28,17
2025-04-28,17:30:00,343,28,PARNAIBA,PI,Colisão traseira,Ausência de reação do condutor,Céu Claro,2025-04-28,17
2025-04-28,18:30:00,116,8,FORTALEZA,CE,Colisão lateral mesmo sentido,Manobra de mudança de faixa,Céu Claro,2025-04-28,18
2025-04-28,18:55:00,116,166,JACAREI,SP,Colisão lateral mesmo sentido,Ausência de reação do condutor,Chuva,2025-04-28,18
2025-04-28,18:00:00,407,126,PETROLINA,PE,Colisão traseira,Condutor deixou de manter distância do veículo da frente,Céu Claro,2025-04-28,18
2025-04-28,18:41:00,101,94,NATAL,RN,Colisão traseira,Ausência de reação do condutor,Céu Claro,2025-04-28,18
2025-04-28,18:35:00,40,513,RIBEIRAO DAS NEVES,MG,Saída de leito carroçável,Transitar no Acostamento,Céu Claro,2025-04-28,18
2025-04-28,19:30:00,406,149,CEARA-MIRIM,RN,Colisão transversal,Acessar a via sem observar a presença dos outros veículos,Céu Claro,2025-04-28,19
2025-04-28,19:40:00,470,"120,1",IBIRAMA,SC,Colisão traseira,Reação tardia ou ineficiente do condutor,Céu Claro,2025-04-28,19
2025-04-28,18:15:00,465,2,SEROPEDICA,RJ,Colisão traseira,Reação tardia ou ineficiente do condutor,Chuva,2025-04-28,18
2025-04-28,18:10:00,70,498,CUIABA,MT,Colisão frontal,Ultrapassagem Indevida,Céu Claro,2025-04-28,18
2025-04-28,19:15:00,60,378,RIO VERDE,GO,Colisão traseira,Trafegar com motocicleta (ou similar) entre as faixas,Céu Claro,2025-04-28,19
2025-04-28,17:30:00,277,702,SAO MIGUEL DO IGUACU,PR,Saída de leito carroçável,Condutor Dormindo,Sol,2025-04-28,17
2025-04-28,19:50:00,40,"5,5",VALPARAISO DE GOIAS,GO,Colisão traseira,Velocidade Incompatível,Céu Claro,2025-04-28,19
2025-04-28,18:20:00,116,79,TERESOPOLIS,RJ,Atropelamento de Pedestre,Pedestre andava na pista,Nublado,2025-04-28,18
2025-04-28,18:50:00,116,"84,5",PINDAMONHANGABA,SP,Saída de leito carroçável,Ausência de reação do condutor,Nublado,2025-04-28,18