data_inversa,horario,br,km,municipio,uf,tipo_acidente,causa_acidente,condicao_metereologica,data,hora
2025-04-28,20:30:00,116,604,MANHUACU,MG,Queda de ocupante de veículo,Reação tardia ou ineficiente do condutor,Nublado,2025-04-28,20
2025-04-28,20:40:00,324,513,FEIRA DE SANTANA,BA,Colisão traseira,Condutor deixou de manter distância do veículo da frente,Nublado,2025-04-28,20
2025-04-28,21:50:00,116,208,GUARULHOS,SP,Tombamento,Reação tardia ou ineficiente do condutor,Garoa/Chuvisco,2025-04-28,21
2025-04-28,16:40:00,174,105,CACERES,MT,Colisão frontal,Ultrapassagem Indevida,Céu Claro,2025-04-28,16
2025-04-28,20:40:00,116,52,LORENA,SP,Tombamento,Reação tardia ou ineficiente do condutor,Nublado,2025-04-28,20
2025-04-28,20:20:00,116,282,BARRA MANSA,RJ,Colisão transversal,Ausência de reação do condutor,Chuva,2025-04-28,20
2025-04-28,12:50:00,465,6,SEROPEDICA,RJ,Atropelamento de Pedestre,Pedestre cruzava a pista fora da faixa,Chuva,2025-04-28,12
2025-04-28,21:50:00,324,514,FEIRA DE SANTANA,BA,Colisão frontal,Retorno proibido,Nublado,2025-04-28,21
2025-04-28,18:50:00,381,"225,5",BELO ORIENTE,MG,Colisão traseira,Condutor deixou de manter distância do veículo da frente,Chuva,2025-04-28,18
2025-04-28,20:00:00,423,187,ITAIBA,PE,Colisão traseira,Condutor deixou de manter distância do veículo da frente,Céu Claro,2025-04-28,20
2025-04-28,21:55:00,40,107,DUQUE DE CAXIAS,RJ,Colisão frontal,Chuva,Chuva,2025-04-28,21
2025-04-28,19:35:00,232,"151,1",SAO CAITANO,PE,Colisão frontal,Transitar na contramão,Céu Claro,2025-04-28,19
2025-04-28,16:50:00,116,241,NOVO HAMBURGO,RS,Colisão com objeto,Suicídio (presumido),Céu Claro,2025-04-28,16
2025-04-28,17:00:00,465,21,SEROPEDICA,RJ,Colisão transversal,Retorno proibido,Céu Claro,2025-04-28,17
2025-04-28,15:45:00,116,"633,8",DIVINO,MG,Tombamento,Chuva,Chuva,2025-04-28,15
2025-04-28,20:30:00,316,200,SANTA LUZIA DO PARA,PA,Atropelamento de Animal,Animais na Pista,Garoa/Chuvisco,2025-04-28,20
2025-04-28,23:00:00,101,386,RIO DE JANEIRO,RJ,Colisão traseira,Demais falhas mecânicas ou elétricas,Garoa/Chuvisco,2025-04-28,23
2025-04-28,22:15:00,163,"593,8",SAO GABRIEL DO OESTE,MS,Saída de leito carroçável,Ausência de reação do condutor,Céu Claro,2025-04-28,22
2025-04-29,01:45:00,101,87,JOAO PESSOA,PB,Colisão lateral mesmo sentido,Acessar a via sem observar a presença dos outros veículos,Céu Claro,2025-04-29,1
2025-04-29,02:15:00,116,"64,9",GUARATINGUETA,SP,Queda de ocupante de veículo,Reação tardia ou ineficiente do condutor,Céu Claro,2025-04-29,2
2025-04-29,04:15:00,101,"46,8",IGARASSU,PE,Colisão traseira,Condutor Dormindo,Céu Claro,2025-04-29,4
2025-04-29,05:10:00,40,104,DUQUE DE CAXIAS,RJ,Atropelamento de Pedestre,Acessar a via sem observar a presença dos outros veículos,Céu Claro,2025-04-29,5
2025-04-29,05:43:00,101,50,ABREU E LIMA,PE,Colisão lateral mesmo sentido,Trafegar com motocicleta (ou similar) entre as faixas,Céu Claro,2025-04-29,5
2025-04-29,05:30:00,60,"26,6",BRASILIA,DF,Saída de leito carroçável,Neblina,Nevoeiro/Neblina,2025-04-29,5
2025-04-29,01:20:00,101,385,RIO DE JANEIRO,RJ,Queda de ocupante de veículo,Chuva,Garoa/Chuvisco,2025-04-29,1
2025-04-29,06:30:00,381,484,BETIM,MG,Colisão traseira,Ausência de reação do condutor,Nublado,2025-04-29,6
2025-04-29,06:00:00,101,"278,1",IMBITUBA,SC,Colisão frontal,Transitar na contramão,Céu Claro,2025-04-29,6
2025-04-29,07:00:00,285,"457,1",IJUI,RS,Colisão transversal,Acessar a via sem observar a presença dos outros veículos,Céu Claro,2025-04-29,7
2025-04-29,06:45:00,282,2,FLORIANOPOLIS,SC,Colisão lateral mesmo sentido,Trafegar com motocicleta (ou similar) entre as faixas,Céu Claro,2025-04-29,6
2025-04-29,06:35:00,101,87,JOAO PESSOA,PB,Colisão com objeto,Objeto estático sobre o leito carroçável,Céu Claro,2025-04-29,6
2025-04-29,07:00:00,60,"101,8",ANAPOLIS,GO,Colisão transversal,Ingestão de álcool pelo condutor,Céu Claro,2025-04-29,7
2025-04-29,06:50:00,230,"9,6",CABEDELO,PB,Tombamento,Acumulo de areia ou detritos sobre o pavimento,Sol,2025-04-29,6
2025-04-29,06:30:00,470,"125,4",LONTRAS,SC,Colisão lateral mesmo sentido,Acessar a via sem observar a presença dos outros veículos,Céu Claro,2025-04-29,6
2025-04-29,06:45:00,304,45,ARACATI,CE,Colisão traseira,Condutor deixou de manter distância do veículo da frente,Céu Claro,2025-04-29,6
2025-04-29,07:35:00,101,125,SAO JOSE DE MIPIBU,RN,Colisão transversal,Acessar a via sem observar a presença dos outros veículos,Céu Claro,2025-04-29,7
2025-04-29,07:00:00,153,109,SANTA TEREZA DE GOIAS,GO,Tombamento,Demais falhas mecânicas ou elétricas,Céu Claro,2025-04-29,7
2025-04-29,07:15:00,153,"60,8",SAO JOSE DO RIO PRETO,SP,Colisão lateral mesmo sentido,Manobra de mudança de faixa,Céu Claro,2025-04-29,7
2025-04-29,06:30:00,230,120,MARABA,PA,Colisão frontal,Retorno proibido,Céu Claro,2025-04-29,6
2025-04-29,03:20:00,116,495,PELOTAS,RS,Colisão traseira,Condutor deixou de manter distância do veículo da frente,Céu Claro,2025-04-29,3
2025-04-29,03:40:00,40,102,DUQUE DE CAXIAS,RJ,Colisão com objeto,Condutor Dormindo,Chuva,2025-04-29,3
2025-04-29,07:00:00,101,550,PARATY,RJ,Atropelamento de Pedestre,Pedestre andava na pista,Garoa/Chuvisco,2025-04-29,7
2025-04-29,07:00:00,101,92,CAMPOS DOS GOYTACAZES,RJ,Colisão lateral mesmo sentido,Velocidade Incompatível,Céu Claro,2025-04-29,7
2025-04-29,07:30:00,20,"9,9",BRASILIA,DF,Colisão lateral mesmo sentido,Manobra de mudança de faixa,Céu Claro,2025-04-29,7
2025-04-29,07:00:00,293,22,CAPAO DO LEAO,RS,Colisão transversal,Desrespeitar a preferência no cruzamento,Céu Claro,2025-04-29,7
2025-04-29,08:15:00,116,208,GUARULHOS,SP,Colisão lateral mesmo sentido,Ausência de reação do condutor,Nublado,2025-04-29,8
2025-04-29,08:10:00,386,"412,3",TRIUNFO,RS,Colisão transversal,Acessar a via sem observar a presença dos outros veículos,Sol,2025-04-29,8
2025-04-29,08:20:00,101,107,PARNAMIRIM,RN,Colisão lateral mesmo sentido,Manobra de mudança de faixa,Sol,2025-04-29,8
2025-04-29,07:00:00,40,"523,1",CONTAGEM,MG,Colisão lateral mesmo sentido,Trafegar com motocicleta (ou similar) entre as faixas,Nublado,2025-04-29,7
2025-04-29,03:15:00,116,145,SAO JOSE DOS CAMPOS,SP,Atropelamento de Pedestre,Ausência de reação do condutor,Nublado,2025-04-29,3
2025-04-29,08:45:00,101,"205,2",SAO JOSE,SC,Colisão traseira,Reação tardia ou ineficiente do condutor,Sol,2025-04-29,8
2025-04-29,07:30:00,116,"93,5",PINDAMONHANGABA,SP,Tombamento,Ausência de reação do condutor,Nublado,2025-04-29,7
2025-04-29,08:20:00,343,"3,1",TERESINA,PI,Colisão lateral mesmo sentido,Ausência de reação do condutor,Céu Claro,2025-04-29,8
2025-04-28,20:24:00,153,174,CAMPINORTE,GO,Colisão transversal,Ingestão de álcool pelo condutor,Céu Claro,2025-04-28,20
2025-01-18,12:00:00,40,32,AREAL,RJ,Colisão com objeto,Velocidade Incompatível,Céu Claro,2025-01-18,12
2025-04-29,09:40:00,101,296,CARIACICA,ES,Colisão traseira,Ausência de reação do condutor,Nublado,2025-04-29,9
2025-04-29,09:30:00,116,"2,1",PORTO ALEGRE,RS,Colisão traseira,Condutor deixou de manter distância do veículo da frente,Céu Claro,2025-04-29,9
2025-04-29,09:30:00,290,92,PORTO ALEGRE,RS,Colisão lateral mesmo sentido,Manobra de mudança de faixa,Sol,2025-04-29,9
2025-04-29,07:35:00,101,"136,2",BALNEARIO CAMBORIU,SC,Colisão com objeto,Velocidade Incompatível,Céu Claro,2025-04-29,7
2025-04-29,08:50:00,493,21,MAGE,RJ,Queda de ocupante de veículo,Mal súbito do condutor,Nublado,2025-04-29,8
2025-04-29,10:00:00,324,599,SIMOES FILHO,BA,Saída de leito carroçável,Ingestão de álcool pelo condutor,Céu Claro,2025-04-29,10
2025-04-21,12:15:00,40,503,ESMERALDAS,MG,Colisão traseira,Reação tardia ou ineficiente do condutor,Nublado,2025-04-21,12
2025-04-29,10:24:00,304,"48,9",MOSSORO,RN,Colisão transversal,Acessar a via sem observar a presença dos outros veículos,Céu Claro,2025-04-29,10
2025-04-29,09:23:00,364,435,VARZEA GRANDE,MT,Colisão transversal,Transitar no Acostamento,Nublado,2025-04-29,9
2025-04-29,10:20:00,101,85,BAYEUX,PB,Engavetamento,Ausência de reação do condutor,Sol,2025-04-29,10
2025-04-29,08:50:00,316,62,CASTANHAL,PA,Colisão frontal,Acessar a via sem observar a presença dos outros veículos,Céu Claro,2025-04-29,8
2025-04-29,06:50:00,470,"146,2",RIO DO SUL,SC,Colisão lateral mesmo sentido,Manobra de mudança de faixa,Céu Claro,2025-04-29,6
2025-04-29,10:15:00,116,"524,4",CARATINGA,MG,Colisão frontal,Transitar na contramão,Céu Claro,2025-04-29,10
2025-04-29,10:48:00,381,522,RIO MANSO,MG,Colisão traseira,Condutor deixou de manter distância do veículo da frente,Céu Claro,2025-04-29,10
2025-04-29,11:30:00,230,"10,3",CABEDELO,PB,Tombamento,Acostamento em desnível,Sol,2025-04-29,11
2025-04-29,11:21:00,101,106,PARNAMIRIM,RN,Colisão lateral mesmo sentido,Acessar a via sem observar a presença dos outros veículos,Céu Claro,2025-04-29,11
2025-02-04,18:30:00,392,0,CAPAO DO LEAO,RS,Colisão traseira,Ausência de reação do condutor,Céu Claro,2025-02-04,18
2025-04-29,09:35:00,316,313,PICOS,PI,Colisão traseira,Condutor deixou de manter distância do veículo da frente,Sol,2025-04-29,9
2025-04-29,13:45:00,116,223,GUARULHOS,SP,Colisão lateral mesmo sentido,Ausência de reação do condutor,Nublado,2025-04-29,13
2025-04-29,13:40:00,277,"131,5",CAMPO LARGO,PR,Tombamento,Reação tardia ou ineficiente do condutor,Sol,2025-04-29,13
2025-04-29,05:30:00,364,399,CUIABA,MT,Eventos atípicos,Ausência de reação do condutor,Garoa/Chuvisco,2025-04-29,5
2025-04-29,13:00:00,364,"46,5",CACHOEIRA ALTA,GO,Saída de leito carroçável,Acessar a via sem observar a presença dos outros veículos,Céu Claro,2025-04-29,13
2025-03-21,05:00:00,20,4,BRASILIA,DF,Colisão traseira,Condutor Dormindo,Céu Claro,2025-03-21,5
2025-04-29,14:20:00,262,363,JUATUBA,MG,Colisão lateral mesmo sentido,Manobra de mudança de faixa,Céu Claro,2025-04-29,14
2025-04-29,13:00:00,101,"45,3",JOINVILLE,SC,Saída de leito carroçável,Mal súbito do condutor,Sol,2025-04-29,13
2025-04-28,09:10:00,101,"82,3",NATAL,RN,Colisão transversal,Manobra de mudança de faixa,Garoa/Chuvisco,2025-04-28,9
2025-04-29,08:10:00,282,"581,3",PINHALZINHO,SC,Colisão frontal,Transitar na contramão,Sol,2025-04-29,8
2025-04-29,13:50:00,471,"485,7",RIO GRANDE,RS,Colisão com objeto,Objeto estático sobre o leito carroçável,Céu Claro,2025-04-29,13
2025-04-13,03:50:00,230,224,SAO DOMINGOS DO AZEITAO,MA,Saída de leito carroçável,Condutor Dormindo,Ignorado,2025-04-13,3
2025-04-17,18:00:00,101,"90,4",JOAO PESSOA,PB,Engavetamento,Reação tardia ou ineficiente do condutor,Céu Claro,2025-04-17,18
2025-04-29,13:50:00,393,235,VASSOURAS,RJ,Colisão traseira,Animais na Pista,Nublado,2025-04-29,13
2025-04-29,15:47:00,101,105,PARNAMIRIM,RN,Colisão traseira,Ausência de reação do condutor,Céu Claro,2025-04-29,15
2025-04-29,14:56:00,0,0,BRASILIA,DF,Colisão com objeto,Reação tardia ou ineficiente do condutor,Céu Claro,2025-04-29,14
2025-04-29,15:10:00,40,"50,1",LUZIANIA,GO,Incêndio,Demais falhas mecânicas ou elétricas,Céu Claro,2025-04-29,15
2025-04-29,16:50:00,158,331,SANTA MARIA,RS,Colisão lateral mesmo sentido,Manobra de mudança de faixa,Sol,2025-04-29,16
2025-04-29,15:20:00,280,56,GUARAMIRIM,SC,Colisão traseira,Condutor deixou de manter distância do veículo da frente,Céu Claro,2025-04-29,15
2025-04-29,16:58:00,448,18,CANOAS,RS,Colisão lateral mesmo sentido,Manobra de mudança de faixa,Sol,2025-04-29,16
2025-04-29,17:00:00,116,169,RIO DE JANEIRO,RJ,Colisão lateral mesmo sentido,Acessar a via sem observar a presença dos outros veículos,Garoa/Chuvisco,2025-04-29,17
2025-04-29,17:55:00,40,518,RIBEIRAO DAS NEVES,MG,Colisão traseira,Condutor deixou de manter distância do veículo da frente,Céu Claro,2025-04-29,17
2025-04-29,18:00:00,282,2,FLORIANOPOLIS,SC,Tombamento,Trafegar com motocicleta (ou similar) entre as faixas,Céu Claro,2025-04-29,18
2025-04-29,17:37:00,101,64,CAMPOS DOS GOYTACAZES,RJ,Tombamento,Acumulo de óleo sobre o pavimento,Nublado,2025-04-29,17
2025-04-29,17:10:00,101,"285,1",CARIACICA,ES,Colisão transversal,Acesso irregular,Céu Claro,2025-04-29,17
2025-04-29,17:15:00,262,"444,9",NOVA SERRANA,MG,Atropelamento de Pedestre,Pedestre cruzava a pista fora da faixa,Céu Claro,2025-04-29,17
2025-04-29,18:00:00,116,"219,5",GUARULHOS,SP,Tombamento,Trafegar com motocicleta (ou similar) entre as faixas,Nublado,2025-04-29,18
2025-04-29,17:40:00,116,157,SAO JOSE DOS CAMPOS,SP,Colisão traseira,Ausência de reação do condutor,Céu Claro,2025-04-29,17
2025-04-29,13:15:00,222,123,ITAPAJE,CE,Colisão transversal,Acessar a via sem observar a presença dos outros veículos,Céu Claro,2025-04-29,13
2025-04-29,16:58:00,135,"1,5",SAO LUIS,MA,Colisão transversal,Reação tardia ou ineficiente do condutor,Sol,2025-04-29,16
2025-04-29,17:02:00,158,"154,7",PANAMBI,RS,Colisão frontal,Ultrapassagem Indevida,Céu Claro,2025-04-29,17
2025-04-29,18:44:00,230,115,MARABA,PA,Colisão traseira,Reação tardia ou ineficiente do condutor,Céu Claro,2025-04-29,18
2025-04-29,18:15:00,293,"11,9",CAPAO DO LEAO,RS,Colisão transversal,Acessar a via sem observar a presença dos outros veículos,Céu Claro,2025-04-29,18
2025-04-29,18:50:00,101,"309,8",LAGUNA,SC,Atropelamento de Pedestre,Pedestre - Ingestão de álcool/ substâncias psicoativas,Ignorado,2025-04-29,18
2025-04-29,18:35:00,402,34,BURITI DOS LOPES,PI,Colisão frontal,Desrespeitar a preferência no cruzamento,Chuva,2025-04-29,18
2025-04-29,18:30:00,330,817,JEQUIE,BA,Colisão lateral sentido oposto,Transitar na contramão,Céu Claro,2025-04-29,18
2025-04-29,19:00:00,392,"26,4",RIO GRANDE,RS,Saída de leito carroçável,Demais falhas mecânicas ou elétricas,Céu Claro,2025-04-29,19
2025-04-29,19:30:00,376,603,CURITIBA,PR,Colisão traseira,Condutor deixou de manter distância do veículo da frente,Nublado,2025-04-29,19
2025-04-29,19:20:00,20,11,BRASILIA,DF,Colisão traseira,Condutor deixou de manter distância do veículo da frente,Chuva,2025-04-29,19
2025-04-29,17:50:00,110,200,CIPO,BA,Colisão frontal,Transitar na contramão,Céu Claro,2025-04-29,17
2025-04-29,18:40:00,290,76,GRAVATAI,RS,Colisão traseira,Condutor deixou de manter distância do veículo da frente,Céu Claro,2025-04-29,18
2025-04-29,18:45:00,423,96,GARANHUNS,PE,Colisão transversal,Conversão proibida,Céu Claro,2025-04-29,18
2025-04-29,18:00:00,40,274,TRES MARIAS,MG,Colisão traseira,Condutor deixou de manter distância do veículo da frente,Céu Claro,2025-04-29,18
2025-04-29,18:10:00,230,"471,7",SOUSA,PB,Colisão traseira,Ausência de reação do condutor,Céu Claro,2025-04-29,18
2025-04-29,20:10:00,101,"320,9",PESCARIA BRAVA,SC,Tombamento,Avarias e/ou desgaste excessivo no pneu,Céu Claro,2025-04-29,20
2025-04-29,20:00:00,280,"80,9",CORUPA,SC,Colisão transversal,Acessar a via sem observar a presença dos outros veículos,Céu Claro,2025-04-29,20
2025-03-08,04:16:00,282,"475,9",VARGEAO,SC,Colisão com objeto,Ingestão de álcool pelo condutor,Céu Claro,2025-03-08,4
2025-04-06,16:00:00,101,94,NATAL,RN,Queda de ocupante de veículo,Velocidade Incompatível,Céu Claro,2025-04-06,16
2025-04-29,20:30:00,110,"11,4",PAULO AFONSO,BA,Atropelamento de Animal,Animais na Pista,Céu Claro,2025-04-29,20
2025-04-29,17:20:00,364,424,JARU,RO,Atropelamento de Pedestre,Ausência de reação do condutor,Céu Claro,2025-04-29,17
2025-04-29,21:20:00,406,150,CEARA-MIRIM,RN,Colisão transversal,Ingestão de álcool pelo condutor,Céu Claro,2025-04-29,21
2025-04-29,21:15:00,381,"478,4",CONTAGEM,MG,Colisão traseira,Ausência de reação do condutor,Céu Claro,2025-04-29,21
2025-04-29,21:00:00,110,208,CIPO,BA,Colisão traseira,Reação tardia ou ineficiente do condutor,Céu Claro,2025-04-29,21
2025-04-29,21:00:00,116,136,MAGE,RJ,Colisão traseira,Ausência de reação do condutor,Nublado,2025-04-29,21
2025-04-29,22:15:00,80,25,PADRE BERNARDO,GO,Saída de leito carroçável,Reação tardia ou ineficiente do condutor,Céu Claro,2025-04-29,22
2025-04-29,19:30:00,30,844,UBAITABA,BA,Colisão frontal,Ingestão de álcool pelo condutor,Céu Claro,2025-04-29,19
2025-04-29,22:10:00,101,"718,3",EUNAPOLIS,BA,Colisão transversal,Desrespeitar a preferência no cruzamento,Céu Claro,2025-04-29,22
2025-04-27,19:45:00,101,808,ITAMARAJU,BA,Atropelamento de Pedestre,Acessar a via sem observar a presença dos outros veículos,Céu Claro,2025-04-27,19
2025-04-29,21:30:00,393,168,TRES RIOS,RJ,Colisão transversal,Acesso irregular,Céu Claro,2025-04-29,21
2025-04-29,22:40:00,101,"709,5",EUNAPOLIS,BA,Atropelamento de Pedestre,Pedestre andava na pista,Céu Claro,2025-04-29,22
2025-04-29,17:30:00,293,3,PELOTAS,RS,Colisão traseira,Reação tardia ou ineficiente do condutor,Céu Claro,2025-04-29,17
2025-04-29,20:20:00,277,120,CAMPO LARGO,PR,Colisão com objeto,Ingestão de álcool pelo condutor,Céu Claro,2025-04-29,20
2025-04-29,19:35:00,381,357,JOAO MONLEVADE,MG,Colisão transversal,Conversão proibida,Chuva,2025-04-29,19
2025-04-29,23:30:00,381,496,BETIM,MG,Atropelamento de Animal,Animais na Pista,Céu Claro,2025-04-29,23
2025-04-29,21:30:00,116,271,BARRA MANSA,RJ,Incêndio,Demais falhas mecânicas ou elétricas,Céu Claro,2025-04-29,21
2025-04-29,21:30:00,163,837,SINOP,MT,Colisão com objeto,Reação tardia ou ineficiente do condutor,Céu Claro,2025-04-29,21
2025-04-29,21:30:00,364,"269,5",JACIARA,MT,Colisão com objeto,Reação tardia ou ineficiente do condutor,Céu Claro,2025-04-29,21
2025-04-30,00:25:00,277,63,SAO JOSE DOS PINHAIS,PR,Saída de leito carroçável,Ausência de reação do condutor,Nublado,2025-04-30,0
2025-04-30,00:35:00,280,31,ARAQUARI,SC,Colisão lateral mesmo sentido,Ultrapassagem Indevida,Céu Claro,2025-04-30,0
2025-04-30,00:20:00,116,264,VOLTA REDONDA,RJ,Incêndio,Demais falhas mecânicas ou elétricas,Nublado,2025-04-30,0
2025-04-30,01:15:00,277,78,CURITIBA,PR,Colisão traseira,Reação tardia ou ineficiente do condutor,Nublado,2025-04-30,1
2025-04-30,02:15:00,40,95,PETROPOLIS,RJ,Capotamento,Condutor Dormindo,Garoa/Chuvisco,2025-04-30,2
2025-04-29,23:20:00,101,294,ITABORAI,RJ,Colisão traseira,Ausência de reação do condutor,Céu Claro,2025-04-29,23
2025-04-30,05:40:00,101,61,CAMPOS DOS GOYTACAZES,RJ,Colisão transversal,Condutor desrespeitou a iluminação vermelha do semáforo,Nublado,2025-04-30,5
2025-04-30,04:25:00,386,"58,3",SEBERI,RS,Saída de leito carroçável,Animais na Pista,Céu Claro,2025-04-30,4
2025-04-30,05:00:00,324,570,SAO SEBASTIAO DO PASSE,BA,Capotamento,Reação tardia ou ineficiente do condutor,Nublado,2025-04-30,5
2025-04-30,05:30:00,163,"258,7",DOURADOS,MS,Colisão com objeto,Demais falhas mecânicas ou elétricas,Céu Claro,2025-04-30,5
2025-04-30,05:00:00,364,208,RONDONOPOLIS,MT,Atropelamento de Pedestre,Pedestre andava na pista,Nevoeiro/Neblina,2025-04-30,5
2025-04-30,07:53:00,101,265,RIO BONITO,RJ,Colisão lateral mesmo sentido,Ultrapassagem Indevida,Céu Claro,2025-04-30,7
2025-04-30,07:05:00,470,"66,2",INDAIAL,SC,Colisão frontal,Ausência de reação do condutor,Céu Claro,2025-04-30,7
2025-04-30,07:46:00,60,"0,5",BRASILIA,DF,Colisão traseira,Manobra de mudança de faixa,Céu Claro,2025-04-30,7
2025-04-30,06:30:00,232,4,RECIFE,PE,Colisão traseira,Manobra de mudança de faixa,Céu Claro,2025-04-30,6
2025-04-30,07:00:00,116,198,QUEIMADOS,RJ,Queda de ocupante de veículo,Demais falhas mecânicas ou elétricas,Céu Claro,2025-04-30,7
2025-04-30,07:00:00,116,"10,6",FORTALEZA,CE,Eventos atípicos,Avarias e/ou desgaste excessivo no pneu,Céu Claro,2025-04-30,7
2025-04-13,09:50:00,153,500,GOIANIA,GO,Capotamento,Ingestão de substâncias psicoativas pelo condutor,Nublado,2025-04-13,9
2025-04-30,07:50:00,40,"7,1",BRASILIA,DF,Queda de ocupante de veículo,Trafegar com motocicleta (ou similar) entre as faixas,Céu Claro,2025-04-30,7
2025-04-30,08:20:00,116,285,ITAPECERICA DA SERRA,SP,Colisão lateral mesmo sentido,Trafegar com motocicleta (ou similar) entre as faixas,Nublado,2025-04-30,8
2025-04-30,08:05:00,386,"36,9",FREDERICO WESTPHALEN,RS,Colisão transversal,Retorno proibido,Céu Claro,2025-04-30,8
2025-04-30,07:15:00,70,10,BRASILIA,DF,Colisão traseira,Reação tardia ou ineficiente do condutor,Céu Claro,2025-04-30,7
2025-04-30,08:10:00,80,7,BRASILIA,DF,Colisão traseira,Condutor deixou de manter distância do veículo da frente,Céu Claro,2025-04-30,8
2025-04-30,07:45:00,470,"7,7",NAVEGANTES,SC,Colisão lateral mesmo sentido,Manobra de mudança de faixa,Céu Claro,2025-04-30,7
2025-04-19,19:45:00,262,"91,2",ABRE CAMPO,MG,Saída de leito carroçável,Velocidade Incompatível,Nublado,2025-04-19,19
2025-04-30,06:45:00,470,"123,2",IBIRAMA,SC,Colisão frontal,Transitar na contramão,Nublado,2025-04-30,6
2025-04-30,07:30:00,101,"129,5",CAMBORIU,SC,Colisão traseira,Manobra de mudança de faixa,Céu Claro,2025-04-30,7
2025-04-30,09:00:00,101,"280,8",SERRA,ES,Tombamento,Afundamento ou ondulação no pavimento,Nublado,2025-04-30,9
2025-04-30,08:40:00,116,177,RIO DE JANEIRO,RJ,Colisão traseira,Condutor deixou de manter distância do veículo da frente,Céu Claro,2025-04-30,8
2025-04-30,08:50:00,116,238,NOVO HAMBURGO,RS,Colisão transversal,Acessar a via sem observar a presença dos outros veículos,Céu Claro,2025-04-30,8
2025-04-02,18:50:00,393,282,VOLTA REDONDA,RJ,Colisão transversal,Acessar a via sem observar a presença dos outros veículos,Céu Claro,2025-04-02,18
2025-04-30,07:30:00,40,"516,4",RIBEIRAO DAS NEVES,MG,Colisão traseira,Reação tardia ou ineficiente do condutor,Nublado,2025-04-30,7
2025-04-30,05:40:00,101,331,RIO DE JANEIRO,RJ,Tombamento,Avarias e/ou desgaste excessivo no pneu,Nublado,2025-04-30,5
2025-04-30,07:20:00,373,228,IMBITUVA,PR,Colisão transversal,Acessar a via sem observar a presença dos outros veículos,Céu Claro,2025-04-30,7
2025-04-30,07:45:00,316,"102,8",DOIS RIACHOS,AL,Colisão transversal,Acesso irregular,Céu Claro,2025-04-30,7
2025-04-30,07:50:00,277,74,SAO JOSE DOS PINHAIS,PR,Tombamento,Trafegar com motocicleta (ou similar) entre as faixas,Céu Claro,2025-04-30,7
2025-04-30,06:45:00,277,"184,4",PALMEIRA,PR,Colisão frontal,Transitar na contramão,Nublado,2025-04-30,6
2025-04-30,08:50:00,104,"130,3",CAMPINA GRANDE,PB,Tombamento,Ausência de reação do condutor,Céu Claro,2025-04-30,8
2025-04-18,07:38:00,116,71,APARECIDA,SP,Colisão traseira,Condutor deixou de manter distância do veículo da frente,Céu Claro,2025-04-18,7
2025-04-30,09:35:00,251,"517,8",MONTES CLAROS,MG,Colisão traseira,Ausência de reação do condutor,Sol,2025-04-30,9
2025-04-30,08:30:00,493,17,GUAPIMIRIM,RJ,Colisão traseira,Reação tardia ou ineficiente do condutor,Céu Claro,2025-04-30,8
2025-04-30,10:10:00,153,437,ANAPOLIS,GO,Colisão traseira,Condutor deixou de manter distância do veículo da frente,Céu Claro,2025-04-30,10
2025-04-30,07:10:00,10,249,IMPERATRIZ,MA,Colisão com objeto,Demais falhas na via,Céu Claro,2025-04-30,7
2025-04-30,08:00:00,70,"17,1",BRASILIA,DF,Colisão lateral mesmo sentido,Trafegar com motocicleta (ou similar) entre as faixas,Céu Claro,2025-04-30,8
2025-04-30,10:00:00,324,626,SALVADOR,BA,Queda de ocupante de veículo,Avarias e/ou desgaste excessivo no pneu,Sol,2025-04-30,10
2025-04-30,10:50:00,367,84,EUNAPOLIS,BA,Colisão traseira,Condutor deixou de manter distância do veículo da frente,Garoa/Chuvisco,2025-04-30,10
2025-04-30,09:10:00,101,40,JOINVILLE,SC,Colisão lateral mesmo sentido,Acessar a via sem observar a presença dos outros veículos,Céu Claro,2025-04-30,9
2025-04-30,09:30:00,116,184,NOVA IGUACU,RJ,Colisão lateral mesmo sentido,Trafegar com motocicleta (ou similar) entre as faixas,Céu Claro,2025-04-30,9
2025-04-30,11:10:00,376,"594,9",CURITIBA,PR,Tombamento,Trafegar com motocicleta (ou similar) entre as faixas,Céu Claro,2025-04-30,11
2025-04-30,08:10:00,163,834,SINOP,MT,Colisão transversal,Retorno proibido,Chuva,2025-04-30,8
2025-04-30,11:00:00,272,"367,5",CAMPO MOURAO,PR,Colisão traseira,Reação tardia ou ineficiente do condutor,Céu Claro,2025-04-30,11
2025-04-30,08:00:00,364,424,JARU,RO,Colisão transversal,Desrespeitar a preferência no cruzamento,Céu Claro,2025-04-30,8
2025-03-24,13:35:00,369,149,LONDRINA,PR,Colisão traseira,Ausência de reação do condutor,Céu Claro,2025-03-24,13
2025-04-30,10:30:00,163,707,SORRISO,MT,Colisão transversal,Acessar a via sem observar a presença dos outros veículos,Céu Claro,2025-04-30,10
2025-04-30,11:40:00,101,52,UBATUBA,SP,Colisão traseira,Reação tardia ou ineficiente do condutor,Céu Claro,2025-04-30,11
2025-04-25,03:15:00,116,105,SAO JOSE DOS PINHAIS,PR,Saída de leito carroçável,Ingestão de álcool pelo condutor,Nublado,2025-04-25,3
2025-04-30,11:37:00,376,15,DOURADOS,MS,Colisão lateral sentido oposto,Condutor Dormindo,Céu Claro,2025-04-30,11
2025-04-30,12:30:00,40,"639,1",CONSELHEIRO LAFAIETE,MG,Saída de leito carroçável,Condutor Dormindo,Nublado,2025-04-30,12