data_inversa,horario,br,km,municipio,uf,tipo_acidente,causa_acidente,condicao_metereologica,data,hora
2025-04-30,12:00:00,472,524,URUGUAIANA,RS,Incêndio,Demais falhas mecânicas ou elétricas,Céu Claro,2025-04-30,12
2025-04-30,13:10:00,304,35,MOSSORO,RN,Colisão traseira,Condutor deixou de manter distância do veículo da frente,Céu Claro,2025-04-30,13
2025-04-30,13:20:00,116,"90,2",PIRAQUARA,PR,Saída de leito carroçável,Ausência de reação do condutor,Sol,2025-04-30,13
2025-04-30,11:05:00,232,"414,4",SERRA TALHADA,PE,Capotamento,Avarias e/ou desgaste excessivo no pneu,Céu Claro,2025-04-30,11
2025-04-30,09:30:00,163,67,ITAQUIRAI,MS,Saída de leito carroçável,Reação tardia ou ineficiente do condutor,Céu Claro,2025-04-30,9
2025-04-30,14:50:00,101,"85,6",BAYEUX,PB,Colisão lateral mesmo sentido,Condutor deixou de manter distância do veículo da frente,Céu Claro,2025-04-30,14
2025-04-30,11:30:00,343,248,CAMPO MAIOR,PI,Colisão lateral mesmo sentido,Conversão proibida,Céu Claro,2025-04-30,11
2025-04-30,13:00:00,163,808,SINOP,MT,Eventos atípicos,Desrespeitar a preferência no cruzamento,Céu Claro,2025-04-30,13
2025-04-30,15:30:00,101,71,CAMPOS DOS GOYTACAZES,RJ,Tombamento,Transitar na contramão,Céu Claro,2025-04-30,15
2025-04-30,13:45:00,116,172,SAO JOAO DE MERITI,RJ,Colisão transversal,Acessar a via sem observar a presença dos outros veículos,Nublado,2025-04-30,13
2025-04-30,15:25:00,232,126,CARUARU,PE,Colisão transversal,Acesso irregular,Céu Claro,2025-04-30,15
2025-04-30,16:05:00,101,"87,1",JOAO PESSOA,PB,Queda de ocupante de veículo,Reação tardia ou ineficiente do condutor,Céu Claro,2025-04-30,16
2025-04-30,15:10:00,101,70,RECIFE,PE,Colisão lateral mesmo sentido,Manobra de mudança de faixa,Céu Claro,2025-04-30,15
2025-04-30,15:00:00,319,59,PORTO VELHO,RO,Atropelamento de Pedestre,Pedestre andava na pista,Chuva,2025-04-30,15
2025-04-30,16:15:00,101,280,SERRA,ES,Colisão lateral mesmo sentido,Manobra de mudança de faixa,Nublado,2025-04-30,16
2025-04-30,16:20:00,290,144,ELDORADO DO SUL,RS,Colisão transversal,Acessar a via sem observar a presença dos outros veículos,Céu Claro,2025-04-30,16
2025-04-30,14:20:00,101,77,RECIFE,PE,Colisão traseira,Condutor deixou de manter distância do veículo da frente,Céu Claro,2025-04-30,14
2025-04-30,17:02:00,20,"6,6",BRASILIA,DF,Colisão lateral mesmo sentido,Manobra de mudança de faixa,Céu Claro,2025-04-30,17
2025-04-30,14:49:00,40,117,DUQUE DE CAXIAS,RJ,Tombamento,Trafegar com motocicleta (ou similar) entre as faixas,Céu Claro,2025-04-30,14
2025-04-30,16:15:00,116,"146,8",SAO JOSE DOS CAMPOS,SP,Atropelamento de Pedestre,Entrada inopinada do pedestre,Céu Claro,2025-04-30,16
2025-04-30,17:00:00,101,"295,2",CARIACICA,ES,Colisão lateral mesmo sentido,Manobra de mudança de faixa,Nublado,2025-04-30,17
2025-04-30,12:12:00,163,1038,MATUPA,MT,Colisão transversal,Ultrapassagem Indevida,Céu Claro,2025-04-30,12
2025-04-30,15:23:00,0,0,GOIANIA,GO,Colisão transversal,Velocidade Incompatível,Céu Claro,2025-04-30,15
2025-04-30,17:00:00,381,33,ATIBAIA,SP,Capotamento,Manobra de mudança de faixa,Nublado,2025-04-30,17
2025-04-30,16:00:00,101,"344,1",TUBARAO,SC,Colisão lateral mesmo sentido,Reação tardia ou ineficiente do condutor,Sol,2025-04-30,16
2025-04-30,17:00:00,116,171,RIO DE JANEIRO,RJ,Colisão traseira,Demais falhas mecânicas ou elétricas,Céu Claro,2025-04-30,17
2025-04-30,15:35:00,465,14,SEROPEDICA,RJ,Atropelamento de Pedestre,Pedestre cruzava a pista fora da faixa,Céu Claro,2025-04-30,15
2025-04-30,12:15:00,364,"424,8",JARU,RO,Colisão transversal,Desrespeitar a preferência no cruzamento,Céu Claro,2025-04-30,12
2025-04-30,17:30:00,101,"214,2",PALHOCA,SC,Colisão lateral mesmo sentido,Manobra de mudança de faixa,Céu Claro,2025-04-30,17
2025-04-30,10:30:00,116,177,BELFORD ROXO,RJ,Colisão traseira,Ausência de reação do condutor,Céu Claro,2025-04-30,10
2025-04-30,14:50:00,324,622,SALVADOR,BA,Queda de ocupante de veículo,Demais falhas mecânicas ou elétricas,Céu Claro,2025-04-30,14
2025-04-30,17:45:00,116,126,FAZENDA RIO GRANDE,PR,Colisão traseira,Trafegar com motocicleta (ou similar) entre as faixas,Céu Claro,2025-04-30,17
2025-04-30,17:45:00,230,"12,1",CABEDELO,PB,Colisão transversal,Acesso irregular,Céu Claro,2025-04-30,17
2025-04-30,17:20:00,163,1,MUNDO NOVO,MS,Tombamento,Demais falhas mecânicas ou elétricas,Céu Claro,2025-04-30,17
2025-04-30,16:00:00,405,31,GOVERNADOR DIX-SEPT ROSADO,RN,Saída de leito carroçável,Velocidade Incompatível,Sol,2025-04-30,16
2025-04-30,17:30:00,116,1,FORTALEZA,CE,Colisão lateral mesmo sentido,Manobra de mudança de faixa,Céu Claro,2025-04-30,17
2025-04-30,17:50:00,104,"64,4",CARUARU,PE,Colisão lateral mesmo sentido,Ausência de reação do condutor,Céu Claro,2025-04-30,17
2025-04-30,18:30:00,101,"178,4",TEOTONIO VILELA,AL,Saída de leito carroçável,Reação tardia ou ineficiente do condutor,Céu Claro,2025-04-30,18
2025-04-30,18:25:00,101,104,PARNAMIRIM,RN,Colisão traseira,Ausência de reação do condutor,Céu Claro,2025-04-30,18
2025-04-30,17:48:00,407,127,PETROLINA,PE,Colisão transversal,Transitar no Acostamento,Céu Claro,2025-04-30,17
2025-04-30,18:20:00,101,"103,6",PARNAMIRIM,RN,Colisão traseira,Condutor deixou de manter distância do veículo da frente,Céu Claro,2025-04-30,18
2025-04-30,18:25:00,230,"59,5",CRUZ DO ESPIRITO SANTO,PB,Colisão transversal,Ingestão de álcool pelo condutor,Céu Claro,2025-04-30,18
2025-04-30,18:50:00,376,"3,5",MANDAGUARI,PR,Colisão frontal,Acessar a via sem observar a presença dos outros veículos,Céu Claro,2025-04-30,18
2025-04-30,17:30:00,40,111,DUQUE DE CAXIAS,RJ,Colisão lateral mesmo sentido,Manobra de mudança de faixa,Céu Claro,2025-04-30,17
2025-04-30,17:40:00,285,"402,9",SANTA BARBARA DO SUL,RS,Colisão traseira,Ausência de reação do condutor,Céu Claro,2025-04-30,17
2025-04-30,18:55:00,116,212,GUARULHOS,SP,Colisão traseira,Reação tardia ou ineficiente do condutor,Nublado,2025-04-30,18
2025-04-30,17:38:00,465,19,PARACAMBI,RJ,Colisão traseira,Reação tardia ou ineficiente do condutor,Céu Claro,2025-04-30,17
2025-04-30,17:30:00,381,448,SANTA LUZIA,MG,Colisão traseira,Condutor deixou de manter distância do veículo da frente,Nublado,2025-04-30,17
2025-04-21,21:20:00,324,"471,9",TANQUINHO,BA,Incêndio,Demais falhas mecânicas ou elétricas,Céu Claro,2025-04-21,21
2025-04-30,19:20:00,116,"144,5",SAO JOSE DOS CAMPOS,SP,Colisão traseira,Condutor deixou de manter distância do veículo da frente,Nublado,2025-04-30,19
2025-04-30,18:20:00,163,"486,5",CAMPO GRANDE,MS,Atropelamento de Pedestre,Ausência de reação do condutor,Céu Claro,2025-04-30,18
2025-04-30,18:40:00,472,574,URUGUAIANA,RS,Colisão transversal,Desrespeitar a preferência no cruzamento,Céu Claro,2025-04-30,18
2025-04-30,17:50:00,282,"659,2",SAO MIGUEL DO OESTE,SC,Saída de leito carroçável,Ausência de reação do condutor,Céu Claro,2025-04-30,17
2025-04-30,19:15:00,376,102,PARANAVAI,PR,Atropelamento de Pedestre,Entrada inopinada do pedestre,Céu Claro,2025-04-30,19
2025-04-30,16:00:00,163,"872,7",SINOP,MT,Saída de leito carroçável,Demais falhas mecânicas ou elétricas,Céu Claro,2025-04-30,16
2025-04-30,19:30:00,376,"213,9",MANDAGUARI,PR,Saída de leito carroçável,Ausência de reação do condutor,Céu Claro,2025-04-30,19
2025-04-30,19:00:00,349,931,CORRENTINA,BA,Colisão traseira,Condutor deixou de manter distância do veículo da frente,Chuva,2025-04-30,19
2025-04-30,18:25:00,282,568,NOVA ERECHIM,SC,Colisão frontal,Acessar a via sem observar a presença dos outros veículos,Céu Claro,2025-04-30,18
2025-04-30,19:25:00,153,"60,8",SAO JOSE DO RIO PRETO,SP,Colisão lateral mesmo sentido,Acessar a via sem observar a presença dos outros veículos,Céu Claro,2025-04-30,19
2025-04-30,19:40:00,470,"12,6",NAVEGANTES,SC,Atropelamento de Pedestre,Pedestre andava na pista,Nublado,2025-04-30,19
2025-04-30,19:15:00,101,87,BARRA VELHA,SC,Colisão transversal,Ausência de reação do condutor,Céu Claro,2025-04-30,19
2025-04-30,17:20:00,153,"335,1",IRATI,PR,Colisão frontal,Acesso irregular,Céu Claro,2025-04-30,17
2025-04-30,20:10:00,116,227,SAO PAULO,SP,Tombamento,Reação tardia ou ineficiente do condutor,Ignorado,2025-04-30,20
2025-04-30,19:20:00,101,"210,9",SAO JOSE,SC,Colisão traseira,Condutor deixou de manter distância do veículo da frente,Céu Claro,2025-04-30,19
2025-04-30,20:30:00,386,439,CANOAS,RS,Incêndio,Reação tardia ou ineficiente do condutor,Céu Claro,2025-04-30,20
2025-04-30,20:40:00,101,"261,5",RIO BONITO,RJ,Colisão lateral mesmo sentido,Manobra de mudança de faixa,Céu Claro,2025-04-30,20
2025-04-30,19:52:00,163,"84,4",ITAQUIRAI,MS,Saída de leito carroçável,Reação tardia ou ineficiente do condutor,Céu Claro,2025-04-30,19
2025-04-30,20:55:00,376,598,CURITIBA,PR,Atropelamento de Pedestre,Pedestre cruzava a pista fora da faixa,Céu Claro,2025-04-30,20
2025-04-30,20:15:00,153,68,CONSELHEIRO MAIRINCK,PR,Colisão transversal,Desrespeitar a preferência no cruzamento,Céu Claro,2025-04-30,20
2025-04-30,19:00:00,316,32,DEMERVAL LOBAO,PI,Colisão frontal,Acesso irregular,Céu Claro,2025-04-30,19
2025-04-30,18:25:00,282,194,LAGES,SC,Colisão transversal,Acessar a via sem observar a presença dos outros veículos,Céu Claro,2025-04-30,18
2025-04-30,18:55:00,101,878,TEIXEIRA DE FREITAS,BA,Colisão transversal,Acesso irregular,Nublado,2025-04-30,18
2025-04-30,19:10:00,116,184,NOVA IGUACU,RJ,Colisão traseira,Ausência de reação do condutor,Nublado,2025-04-30,19
2025-04-30,21:20:00,60,102,GOIANAPOLIS,GO,Colisão traseira,Reação tardia ou ineficiente do condutor,Céu Claro,2025-04-30,21
2025-04-30,21:15:00,101,"136,7",BALNEARIO CAMBORIU,SC,Colisão lateral mesmo sentido,Manobra de mudança de faixa,Céu Claro,2025-04-30,21
2025-04-30,20:30:00,163,"70,8",SAO MIGUEL DO OESTE,SC,Colisão transversal,Conversão proibida,Céu Claro,2025-04-30,20
2025-04-30,20:30:00,376,388,IMBAU,PR,Colisão com objeto,Reação tardia ou ineficiente do condutor,Céu Claro,2025-04-30,20
2025-04-30,14:30:00,174,15,VILHENA,RO,Colisão transversal,Ausência de reação do condutor,Céu Claro,2025-04-30,14
2025-04-30,18:45:00,330,"819,8",JITAUNA,BA,Atropelamento de Pedestre,Entrada inopinada do pedestre,Garoa/Chuvisco,2025-04-30,18
2025-04-13,00:50:00,116,779,PLANALTO,BA,Colisão com objeto,Ingestão de álcool pelo condutor,Nublado,2025-04-13,0
2025-04-30,17:50:00,369,"505,3",CASCAVEL,PR,Colisão transversal,Acessar a via sem observar a presença dos outros veículos,Céu Claro,2025-04-30,17
2025-04-30,12:55:00,116,375,ICO,CE,Colisão transversal,Desrespeitar a preferência no cruzamento,Céu Claro,2025-04-30,12
2025-04-30,22:00:00,282,"23,6",SANTO AMARO DA IMPERATRIZ,SC,Colisão lateral mesmo sentido,Ultrapassagem Indevida,Céu Claro,2025-04-30,22
2025-04-30,22:05:00,101,98,NATAL,RN,Colisão traseira,Ausência de reação do condutor,Céu Claro,2025-04-30,22
2025-04-19,10:00:00,50,14,ARAGUARI,MG,Colisão com objeto,Problema com o freio,Céu Claro,2025-04-19,10
2025-04-30,20:10:00,392,326,SAO SEPE,RS,Atropelamento de Pedestre,Entrada inopinada do pedestre,Céu Claro,2025-04-30,20
2025-04-30,23:20:00,40,522,CONTAGEM,MG,Tombamento,Acumulo de areia ou detritos sobre o pavimento,Nublado,2025-04-30,23
2025-04-30,19:00:00,116,171,RIO DE JANEIRO,RJ,Colisão lateral mesmo sentido,Manobra de mudança de faixa,Céu Claro,2025-04-30,19
2025-04-30,21:55:00,101,331,NITEROI,RJ,Queda de ocupante de veículo,Avarias e/ou desgaste excessivo no pneu,Céu Claro,2025-04-30,21
2025-04-30,18:30:00,435,91,COLORADO DO OESTE,RO,Colisão traseira,Velocidade Incompatível,Céu Claro,2025-04-30,18
2025-04-30,23:56:00,242,381,GURUPI,TO,Colisão frontal,Transitar na contramão,Céu Claro,2025-04-30,23
2025-04-30,21:10:00,101,"722,7",EUNAPOLIS,BA,Colisão frontal,Velocidade Incompatível,Chuva,2025-04-30,21
2025-04-30,18:30:00,324,430,RIACHAO DO JACUIPE,BA,Saída de leito carroçável,Ausência de reação do condutor,Céu Claro,2025-04-30,18
2025-04-30,14:20:00,40,117,DUQUE DE CAXIAS,RJ,Colisão lateral mesmo sentido,Reação tardia ou ineficiente do condutor,Céu Claro,2025-04-30,14
2025-04-03,10:25:00,101,"264,9",SERRA,ES,Colisão traseira,Condutor deixou de manter distância do veículo da frente,Céu Claro,2025-04-03,10
2025-03-26,17:50:00,101,264,SANTO ANTONIO DE JESUS,BA,Colisão transversal,Ausência de reação do condutor,Ignorado,2025-03-26,17
2025-04-09,23:20:00,405,"181,6",JOSE DA PENHA,RN,Colisão traseira,Falta de acostamento,Céu Claro,2025-04-09,23
2025-04-19,18:00:00,364,"340,6",JI-PARANA,RO,Colisão lateral mesmo sentido,Acessar a via sem observar a presença dos outros veículos,Céu Claro,2025-04-19,18
2025-04-23,19:00:00,60,503,MARACAJU,MS,Saída de leito carroçável,Velocidade Incompatível,Céu Claro,2025-04-23,19
2025-03-30,13:13:00,116,72,MEDINA,MG,Colisão transversal,Acessar a via sem observar a presença dos outros veículos,Ignorado,2025-03-30,13
2025-04-28,08:00:00,262,146,RIBAS DO RIO PARDO,MS,Colisão traseira,Ausência de reação do condutor,Nublado,2025-04-28,8
2025-04-18,06:50:00,101,35,JOINVILLE,SC,Capotamento,Condutor Dormindo,Céu Claro,2025-04-18,6
2025-04-09,07:40:00,40,111,DUQUE DE CAXIAS,RJ,Colisão traseira,Manobra de mudança de faixa,Céu Claro,2025-04-09,7
2025-01-23,11:18:00,222,319,TIANGUA,CE,Colisão lateral mesmo sentido,Ausência de reação do condutor,Sol,2025-01-23,11
2025-04-17,15:00:00,324,591,CANDEIAS,BA,Colisão traseira,Condutor deixou de manter distância do veículo da frente,Ignorado,2025-04-17,15
2025-04-26,06:39:00,101,"78,9",LARANJEIRAS,SE,Colisão lateral mesmo sentido,Ultrapassagem Indevida,Céu Claro,2025-04-26,6
2025-03-27,19:30:00,376,1,SAO JOSE DOS PINHAIS,PR,Colisão lateral mesmo sentido,Ausência de reação do condutor,Céu Claro,2025-03-27,19
2025-04-29,06:30:00,101,84,CAMPOS DOS GOYTACAZES,RJ,Colisão lateral mesmo sentido,Trafegar com motocicleta (ou similar) entre as faixas,Céu Claro,2025-04-29,6
2025-04-17,18:20:00,101,"66,5",SAO MATEUS,ES,Colisão transversal,Acessar a via sem observar a presença dos outros veículos,Garoa/Chuvisco,2025-04-17,18
2025-04-22,05:20:00,116,2,MAFRA,SC,Colisão transversal,Acessar a via sem observar a presença dos outros veículos,Céu Claro,2025-04-22,5
2025-04-30,23:55:00,101,408,IBIRAPITANGA,BA,Atropelamento de Pedestre,Pedestre andava na pista,Nublado,2025-04-30,23
2025-04-10,18:00:00,70,470,ARAGARCAS,GO,Colisão com objeto,Manobra de mudança de faixa,Céu Claro,2025-04-10,18
2025-01-24,07:50:00,101,101,CABO DE SANTO AGOSTINHO,PE,Colisão traseira,Acessar a via sem observar a presença dos outros veículos,Ignorado,2025-01-24,7
2025-04-10,11:20:00,116,137,MAGE,RJ,Colisão traseira,Ausência de reação do condutor,Céu Claro,2025-04-10,11
2025-03-22,19:10:00,369,249,BOM SUCESSO,PR,Colisão lateral mesmo sentido,Manobra de mudança de faixa,Ignorado,2025-03-22,19
2025-04-09,17:30:00,324,516,FEIRA DE SANTANA,BA,Colisão transversal,Acessar a via sem observar a presença dos outros veículos,Céu Claro,2025-04-09,17
2025-04-17,16:20:00,116,395,CAMAQUA,RS,Incêndio,Demais falhas mecânicas ou elétricas,Céu Claro,2025-04-17,16
2025-04-02,13:00:00,381,85,SAO PAULO,SP,Colisão traseira,Reação tardia ou ineficiente do condutor,Nublado,2025-04-02,13
2025-04-28,18:05:00,0,0,RIO DE JANEIRO,RJ,Colisão transversal,Ausência de reação do condutor,Céu Claro,2025-04-28,18
2025-04-01,08:35:00,116,228,SAO PAULO,SP,Colisão transversal,Manobra de mudança de faixa,Céu Claro,2025-04-01,8
2025-04-19,10:30:00,267,58,GUARARA,MG,Queda de ocupante de veículo,Ausência de reação do condutor,Céu Claro,2025-04-19,10
2025-03-14,15:11:00,262,35,DOMINGOS MARTINS,ES,Atropelamento de Pedestre,Entrada inopinada do pedestre,Ignorado,2025-03-14,15
2025-04-04,19:00:00,277,78,CURITIBA,PR,Colisão traseira,Ausência de reação do condutor,Céu Claro,2025-04-04,19
2025-03-02,05:30:00,364,"68,4",CACHOEIRA ALTA,GO,Saída de leito carroçável,Condutor Dormindo,Céu Claro,2025-03-02,5
2025-04-02,14:50:00,230,860,URUARA,PA,Incêndio,Demais falhas mecânicas ou elétricas,Ignorado,2025-04-02,14
2025-04-25,18:45:00,282,"1,5",FLORIANOPOLIS,SC,Colisão lateral mesmo sentido,Manobra de mudança de faixa,Céu Claro,2025-04-25,18
2025-04-14,09:20:00,163,749,SORRISO,MT,Colisão lateral mesmo sentido,Manobra de mudança de faixa,Céu Claro,2025-04-14,9
2025-04-20,08:40:00,60,"47,7",ABADIANIA,GO,Saída de leito carroçável,Velocidade Incompatível,Céu Claro,2025-04-20,8
2025-03-21,06:30:00,135,7,SAO LUIS,MA,Colisão transversal,Acessar a via sem observar a presença dos outros veículos,Céu Claro,2025-03-21,6
2025-04-26,23:00:00,463,"3,3",DOURADOS,MS,Colisão lateral mesmo sentido,Manobra de mudança de faixa,Chuva,2025-04-26,23
2025-03-22,16:10:00,414,428,ABADIANIA,GO,Colisão frontal,Manobra de mudança de faixa,Céu Claro,2025-03-22,16
2025-04-30,21:30:00,163,"495,6",CAMPO GRANDE,MS,Saída de leito carroçável,Ausência de reação do condutor,Céu Claro,2025-04-30,21
2025-03-15,08:00:00,470,57,BLUMENAU,SC,Colisão transversal,Acessar a via sem observar a presença dos outros veículos,Céu Claro,2025-03-15,8
2025-04-26,23:00:00,40,109,DUQUE DE CAXIAS,RJ,Colisão traseira,Ausência de reação do condutor,Céu Claro,2025-04-26,23
2025-04-20,19:30:00,116,545,BARRA DO TURVO,SP,Colisão com objeto,Reação tardia ou ineficiente do condutor,Garoa/Chuvisco,2025-04-20,19
2025-04-30,11:45:00,493,0,ITABORAI,RJ,Colisão lateral sentido oposto,Acesso irregular,Céu Claro,2025-04-30,11
2025-04-18,12:30:00,277,592,CASCAVEL,PR,Colisão frontal,Velocidade Incompatível,Céu Claro,2025-04-18,12
2025-04-22,10:30:00,324,522,FEIRA DE SANTANA,BA,Colisão traseira,Acumulo de água sobre o pavimento,Chuva,2025-04-22,10
2025-04-04,01:40:00,101,"136,3",BALNEARIO CAMBORIU,SC,Colisão com objeto,Reação tardia ou ineficiente do condutor,Nublado,2025-04-04,1
2025-03-21,23:50:00,381,"72,5",SAO PAULO,SP,Colisão traseira,Ausência de reação do condutor,Céu Claro,2025-03-21,23
2025-02-19,16:46:00,10,"16,5",DOM ELISEU,PA,Colisão lateral mesmo sentido,Acessar a via sem observar a presença dos outros veículos,Céu Claro,2025-02-19,16
2025-04-05,20:20:00,40,120,DUQUE DE CAXIAS,RJ,Colisão traseira,Reação tardia ou ineficiente do condutor,Garoa/Chuvisco,2025-04-05,20
2025-04-28,20:43:00,463,82,PONTA PORA,MS,Atropelamento de Animal,Animais na Pista,Céu Claro,2025-04-28,20
2025-04-19,17:15:00,60,38,GOIANIA,GO,Colisão lateral mesmo sentido,Ausência de reação do condutor,Céu Claro,2025-04-19,17
2025-04-11,10:00:00,364,129,RIO BRANCO,AC,Colisão frontal,Demais falhas mecânicas ou elétricas,Sol,2025-04-11,10
2025-04-06,22:30:00,282,344,CAMPOS NOVOS,SC,Colisão traseira,Ingestão de álcool pelo condutor,Céu Claro,2025-04-06,22
2025-03-02,15:15:00,408,"89,7",SAO LOURENCO DA MATA,PE,Colisão transversal,Acessar a via sem observar a presença dos outros veículos,Nublado,2025-03-02,15
2025-03-11,08:08:00,163,736,SORRISO,MT,Queda de ocupante de veículo,Conversão proibida,Céu Claro,2025-03-11,8
2025-01-23,04:00:00,153,"28,1",CANAPOLIS,MG,Saída de leito carroçável,Demais falhas mecânicas ou elétricas,Céu Claro,2025-01-23,4
2025-04-26,16:15:00,116,146,CAXIAS DO SUL,RS,Atropelamento de Pedestre,Reação tardia ou ineficiente do condutor,Nublado,2025-04-26,16
2025-04-21,17:50:00,101,394,RIO NOVO DO SUL,ES,Engavetamento,Condutor deixou de manter distância do veículo da frente,Céu Claro,2025-04-21,17
2025-03-24,07:30:00,101,"213,3",PALHOCA,SC,Colisão traseira,Reação tardia ou ineficiente do condutor,Céu Claro,2025-03-24,7
2025-04-12,15:50:00,163,353,GUAIRA,PR,Colisão traseira,Condutor deixou de manter distância do veículo da frente,Chuva,2025-04-12,15
2025-04-13,12:00:00,262,403,PARA DE MINAS,MG,Colisão lateral mesmo sentido,Ausência de reação do condutor,Sol,2025-04-13,12
2025-04-04,00:05:00,70,503,CUIABA,MT,Queda de ocupante de veículo,Ausência de reação do condutor,Céu Claro,2025-04-04,0
2025-04-18,23:50:00,381,423,CAETE,MG,Colisão com objeto,Pista esburacada,Céu Claro,2025-04-18,23
2025-04-13,04:00:00,40,"771,8",JUIZ DE FORA,MG,Colisão traseira,Acessar a via sem observar a presença dos outros veículos,Nublado,2025-04-13,4
2025-04-13,20:09:00,424,17,PEDRA,PE,Colisão frontal,Acesso irregular,Céu Claro,2025-04-13,20
2025-04-23,10:50:00,381,1,BETIM,MG,Colisão lateral mesmo sentido,Manobra de mudança de faixa,Céu Claro,2025-04-23,10
2025-04-29,11:38:00,407,127,PETROLINA,PE,Colisão traseira,Condutor deixou de manter distância do veículo da frente,Céu Claro,2025-04-29,11
2025-04-30,09:20:00,316,"256,2",PILAR,AL,Colisão transversal,Acessar a via sem observar a presença dos outros veículos,Céu Claro,2025-04-30,9
2025-04-28,07:30:00,407,"123,2",PETROLINA,PE,Colisão traseira,Condutor deixou de manter distância do veículo da frente,Céu Claro,2025-04-28,7
2025-03-27,07:00:00,50,47,ARAGUARI,MG,Colisão traseira,Ausência de reação do condutor,Céu Claro,2025-03-27,7
2025-04-22,13:20:00,116,169,RIO DE JANEIRO,RJ,Colisão traseira,Reação tardia ou ineficiente do condutor,Nublado,2025-04-22,13
2025-04-02,21:30:00,10,202,RIBAMAR FIQUENE,MA,Colisão frontal,Transitar na contramão,Céu Claro,2025-04-02,21
2025-03-25,19:30:00,304,"298,8",MACAIBA,RN,Colisão traseira,Manobra de mudança de faixa,Céu Claro,2025-03-25,19
2025-04-21,14:00:00,381,504,BETIM,MG,Colisão lateral mesmo sentido,Trafegar com motocicleta (ou similar) entre as faixas,Céu Claro,2025-04-21,14
2025-03-07,00:30:00,101,406,ITAGUAI,RJ,Colisão traseira,Condutor deixou de manter distância do veículo da frente,Céu Claro,2025-03-07,0
2025-03-07,07:08:00,60,"37,4",GOIANIA,GO,Colisão lateral mesmo sentido,Manobra de mudança de faixa,Sol,2025-03-07,7
2025-03-30,17:10:00,101,"160,9",LINHARES,ES,Atropelamento de Animal,Animais na Pista,Céu Claro,2025-03-30,17
2025-04-21,14:30:00,101,135,SAO MIGUEL DOS CAMPOS,AL,Saída de leito carroçável,Ausência de reação do condutor,Céu Claro,2025-04-21,14
2025-01-23,07:15:00,476,"285,4",SAO MATEUS DO SUL,PR,Colisão transversal,Reação tardia ou ineficiente do condutor,Céu Claro,2025-01-23,7
2025-04-12,05:20:00,282,493,FAXINAL DOS GUEDES,SC,Colisão frontal,Ingestão de álcool pelo condutor,Nublado,2025-04-12,5
2025-03-09,05:00:00,282,554,NOVA ITABERABA,SC,Saída de leito carroçável,Ausência de reação do condutor,Céu Claro,2025-03-09,5
2025-03-07,08:50:00,101,"148,6",LINHARES,ES,Colisão transversal,Acessar a via sem observar a presença dos outros veículos,Céu Claro,2025-03-07,8
2025-04-27,16:20:00,101,824,ITAMARAJU,BA,Capotamento,Ausência de reação do condutor,Nublado,2025-04-27,16
2025-02-12,15:10:00,101,390,RIO DE JANEIRO,RJ,Colisão traseira,Curva acentuada,Céu Claro,2025-02-12,15
2025-04-17,05:50:00,365,611,UBERLANDIA,MG,Atropelamento de Pedestre,Pedestre cruzava a pista fora da faixa,Ignorado,2025-04-17,5
2025-02-13,07:10:00,369,150,LONDRINA,PR,Colisão transversal,Condutor desrespeitou a iluminação vermelha do semáforo,Céu Claro,2025-02-13,7
2025-04-30,18:10:00,116,247,LAGES,SC,Colisão transversal,Desrespeitar a preferência no cruzamento,Céu Claro,2025-04-30,18
2025-04-26,03:05:00,381,"490,5",BETIM,MG,Colisão com objeto,Ausência de reação do condutor,Chuva,2025-04-26,3
2025-01-11,15:15:00,277,109,CURITIBA,PR,Saída de leito carroçável,Velocidade Incompatível,Sol,2025-01-11,15
2025-04-29,13:00:00,367,"82,1",EUNAPOLIS,BA,Colisão transversal,Acesso irregular,Nublado,2025-04-29,13
2025-04-29,08:40:00,101,309,SAO GONCALO,RJ,Colisão lateral mesmo sentido,Manobra de mudança de faixa,Sol,2025-04-29,8
2025-04-01,20:25:00,116,19,EUSEBIO,CE,Queda de ocupante de veículo,Acumulo de areia ou detritos sobre o pavimento,Céu Claro,2025-04-01,20
2025-03-28,23:30:00,135,"22,5",SAO LUIS,MA,Colisão traseira,Ausência de reação do condutor,Ignorado,2025-03-28,23
2025-02-22,13:39:00,101,517,BUERAREMA,BA,Queda de ocupante de veículo,Velocidade Incompatível,Céu Claro,2025-02-22,13
2025-04-18,17:40:00,116,288,ITAPECERICA DA SERRA,SP,Colisão frontal,Avarias e/ou desgaste excessivo no pneu,Chuva,2025-04-18,17
2025-04-16,08:10:00,163,838,SINOP,MT,Eventos atípicos,Acumulo de areia ou detritos sobre o pavimento,Céu Claro,2025-04-16,8
2025-04-30,16:55:00,116,117,CURITIBA,PR,Colisão traseira,Reação tardia ou ineficiente do condutor,Céu Claro,2025-04-30,16
2025-04-07,06:55:00,230,469,SOUSA,PB,Colisão transversal,Acessar a via sem observar a presença dos outros veículos,Céu Claro,2025-04-07,6
2025-03-07,12:40:00,116,223,DOIS IRMAOS,RS,Colisão frontal,Transitar na contramão,Céu Claro,2025-03-07,12
2025-04-23,07:50:00,376,"602,5",CURITIBA,PR,Colisão traseira,Condutor deixou de manter distância do veículo da frente,Céu Claro,2025-04-23,7
2025-04-27,05:00:00,251,483,FRANCISCO SA,MG,Saída de leito carroçável,Condutor Dormindo,Céu Claro,2025-04-27,5